timestamp, utilization.gpu [%], memory.used [MiB], power.draw [W], temperature.gpu
2026/08/05 08:29:57.546, 0 %, 2 MiB, 2.88 W, 31
2026/08/05 08:30:57.562, 0 %, 21310 MiB, 40.71 W, 37
2026/08/05 08:31:57.573, 100 %, 22702 MiB, 197.93 W, 66
2026/08/05 08:32:57.581, 80 %, 22702 MiB, 200.00 W, 72
2026/08/05 08:33:57.594, 100 %, 22702 MiB, 199.75 W, 74
2026/08/05 08:34:57.606, 100 %, 22702 MiB, 200.30 W, 75
2026/08/05 08:35:57.614, 98 %, 22702 MiB, 199.97 W, 75
2026/08/05 08:36:57.621, 100 %, 22702 MiB, 199.90 W, 74
2026/08/05 08:37:57.629, 66 %, 22702 MiB, 200.09 W, 75
2026/08/05 08:38:57.636, 97 %, 22702 MiB, 199.41 W, 74
2026/08/05 08:39:57.647, 100 %, 22702 MiB, 199.86 W, 75
2026/08/05 08:40:57.655, 100 %, 22702 MiB, 199.92 W, 75
2026/08/05 08:41:57.667, 100 %, 22702 MiB, 200.10 W, 74
2026/08/05 08:42:57.675, 100 %, 22702 MiB, 200.14 W, 75
2026/08/05 08:43:57.684, 100 %, 22702 MiB, 199.90 W, 76
2026/08/05 08:44:57.705, 100 %, 22702 MiB, 200.03 W, 74
2026/08/05 08:45:57.713, 62 %, 22702 MiB, 199.99 W, 75
2026/08/05 08:46:57.721, 60 %, 22702 MiB, 199.63 W, 75
2026/08/05 08:47:57.729, 100 %, 22702 MiB, 200.13 W, 75
2026/08/05 08:48:57.737, 92 %, 22702 MiB, 199.80 W, 75
2026/08/05 08:49:57.744, 68 %, 22702 MiB, 200.16 W, 74
2026/08/05 08:50:57.753, 76 %, 22702 MiB, 200.01 W, 75
2026/08/05 08:51:57.760, 90 %, 22702 MiB, 200.01 W, 75
2026/08/05 08:52:57.772, 0 %, 22702 MiB, 90.08 W, 71
2026/08/05 08:53:57.784, 100 %, 22702 MiB, 199.56 W, 75
2026/08/05 08:54:57.792, 100 %, 22702 MiB, 199.70 W, 75
2026/08/05 08:55:57.808, 100 %, 22702 MiB, 199.96 W, 74
2026/08/05 08:56:57.816, 100 %, 22702 MiB, 199.54 W, 75
2026/08/05 08:57:57.824, 100 %, 22702 MiB, 199.78 W, 75
2026/08/05 08:58:57.832, 100 %, 22702 MiB, 199.82 W, 75
2026/08/05 08:59:57.840, 69 %, 22702 MiB, 200.14 W, 75
2026/08/05 09:00:57.848, 100 %, 22702 MiB, 199.96 W, 75
2026/08/05 09:01:57.856, 89 %, 22702 MiB, 199.81 W, 75
2026/08/05 09:02:57.864, 82 %, 22702 MiB, 200.20 W, 74
2026/08/05 09:03:57.871, 100 %, 22702 MiB, 195.88 W, 72
2026/08/05 09:04:57.882, 100 %, 22702 MiB, 197.39 W, 72
2026/08/05 09:05:57.891, 100 %, 22702 MiB, 197.43 W, 73
2026/08/05 09:06:57.907, 100 %, 22702 MiB, 199.18 W, 73
2026/08/05 09:07:57.924, 97 %, 22702 MiB, 202.24 W, 75
2026/08/05 09:08:57.932, 97 %, 22702 MiB, 200.47 W, 74
2026/08/05 09:09:57.940, 100 %, 22702 MiB, 199.86 W, 75
2026/08/05 09:10:57.948, 100 %, 22702 MiB, 199.91 W, 75
2026/08/05 09:11:57.957, 98 %, 22702 MiB, 200.04 W, 74
2026/08/05 09:12:57.965, 97 %, 22702 MiB, 200.00 W, 75
2026/08/05 09:13:57.976, 97 %, 22702 MiB, 200.00 W, 74
2026/08/05 09:14:57.985, 100 %, 22702 MiB, 199.65 W, 75
2026/08/05 09:15:58.003, 100 %, 22702 MiB, 200.12 W, 75
2026/08/05 09:16:58.016, 100 %, 22702 MiB, 200.03 W, 75
2026/08/05 09:17:58.023, 100 %, 22702 MiB, 199.77 W, 75
2026/08/05 09:18:58.032, 100 %, 22702 MiB, 199.61 W, 75
2026/08/05 09:19:58.039, 97 %, 22702 MiB, 198.99 W, 74
2026/08/05 09:20:58.048, 100 %, 22702 MiB, 198.40 W, 77
2026/08/05 09:21:58.065, 100 %, 22702 MiB, 196.49 W, 75
2026/08/05 09:22:58.074, 97 %, 22702 MiB, 200.38 W, 75
2026/08/05 09:23:58.082, 97 %, 22702 MiB, 200.50 W, 75
2026/08/05 09:24:58.090, 100 %, 22702 MiB, 202.34 W, 75
2026/08/05 09:25:58.111, 59 %, 22702 MiB, 199.73 W, 75
2026/08/05 09:26:58.118, 99 %, 22702 MiB, 199.65 W, 75
2026/08/05 09:27:58.126, 97 %, 22702 MiB, 200.96 W, 74
2026/08/05 09:28:58.134, 97 %, 22702 MiB, 200.08 W, 74
2026/08/05 09:29:58.151, 81 %, 22702 MiB, 199.95 W, 75
2026/08/05 09:30:58.159, 100 %, 22702 MiB, 199.81 W, 75
2026/08/05 09:31:58.166, 97 %, 22702 MiB, 199.32 W, 75
2026/08/05 09:32:58.174, 97 %, 22702 MiB, 200.94 W, 75
2026/08/05 09:33:58.182, 100 %, 22702 MiB, 203.61 W, 75
2026/08/05 09:34:58.190, 97 %, 22702 MiB, 200.00 W, 74
2026/08/05 09:35:58.207, 100 %, 22702 MiB, 200.03 W, 75
2026/08/05 09:36:58.215, 100 %, 22702 MiB, 199.32 W, 74
2026/08/05 09:37:58.222, 100 %, 22702 MiB, 200.06 W, 75
2026/08/05 09:38:58.230, 100 %, 22702 MiB, 199.99 W, 74
2026/08/05 09:39:58.238, 71 %, 22702 MiB, 200.02 W, 75
2026/08/05 09:40:58.250, 79 %, 22702 MiB, 200.13 W, 75
2026/08/05 09:41:58.259, 100 %, 22702 MiB, 198.32 W, 76
2026/08/05 09:42:58.267, 97 %, 22702 MiB, 202.75 W, 75
2026/08/05 09:43:58.282, 100 %, 22702 MiB, 199.79 W, 75
2026/08/05 09:44:58.290, 97 %, 22702 MiB, 199.99 W, 75
2026/08/05 09:45:58.307, 89 %, 22702 MiB, 199.11 W, 74
2026/08/05 09:46:58.320, 100 %, 22702 MiB, 198.26 W, 72
2026/08/05 09:47:58.328, 100 %, 22702 MiB, 200.58 W, 74
2026/08/05 09:48:58.336, 100 %, 22702 MiB, 199.50 W, 75
2026/08/05 09:49:58.347, 100 %, 22702 MiB, 199.53 W, 74
2026/08/05 09:50:58.355, 100 %, 22702 MiB, 199.64 W, 74
2026/08/05 09:51:58.364, 100 %, 22702 MiB, 196.34 W, 76
2026/08/05 09:52:58.372, 100 %, 22702 MiB, 199.54 W, 74
2026/08/05 09:53:58.379, 100 %, 22702 MiB, 199.76 W, 75
2026/08/05 09:54:58.390, 97 %, 22702 MiB, 199.63 W, 74
2026/08/05 09:55:58.408, 100 %, 22702 MiB, 197.39 W, 73
2026/08/05 09:56:58.418, 100 %, 22702 MiB, 202.63 W, 75
2026/08/05 09:57:58.426, 60 %, 22702 MiB, 199.89 W, 74
2026/08/05 09:58:58.445, 100 %, 22702 MiB, 199.89 W, 74
2026/08/05 09:59:58.459, 97 %, 22702 MiB, 199.51 W, 75
2026/08/05 10:00:58.473, 100 %, 22702 MiB, 199.84 W, 76
2026/08/05 10:01:58.481, 100 %, 22702 MiB, 198.42 W, 76
2026/08/05 10:02:58.490, 97 %, 22702 MiB, 200.78 W, 74
2026/08/05 10:03:58.507, 63 %, 22702 MiB, 199.81 W, 75
2026/08/05 10:04:58.536, 97 %, 22702 MiB, 199.61 W, 74
2026/08/05 10:05:58.549, 100 %, 22702 MiB, 199.28 W, 73
2026/08/05 10:06:58.560, 100 %, 22702 MiB, 199.78 W, 75
2026/08/05 10:07:58.567, 100 %, 22702 MiB, 199.84 W, 75
2026/08/05 10:08:58.574, 84 %, 22702 MiB, 199.07 W, 75
2026/08/05 10:09:58.582, 80 %, 22702 MiB, 199.93 W, 75
2026/08/05 10:10:58.591, 97 %, 22702 MiB, 199.52 W, 75
2026/08/05 10:11:58.606, 100 %, 22702 MiB, 200.06 W, 73
2026/08/05 10:12:58.615, 100 %, 22702 MiB, 202.87 W, 74
2026/08/05 10:13:58.625, 100 %, 22702 MiB, 199.58 W, 73
2026/08/05 10:14:58.637, 100 %, 22702 MiB, 198.74 W, 74
2026/08/05 10:15:58.645, 100 %, 22702 MiB, 198.68 W, 73
2026/08/05 10:16:58.653, 100 %, 22702 MiB, 199.97 W, 74
2026/08/05 10:17:58.661, 62 %, 22702 MiB, 200.02 W, 75
2026/08/05 10:18:58.669, 100 %, 22702 MiB, 199.02 W, 74
2026/08/05 10:19:58.678, 100 %, 22702 MiB, 199.83 W, 74
2026/08/05 10:20:58.686, 100 %, 22702 MiB, 199.32 W, 75
2026/08/05 10:21:58.705, 100 %, 22702 MiB, 199.98 W, 74
2026/08/05 10:22:58.713, 100 %, 22702 MiB, 199.76 W, 75
2026/08/05 10:23:58.721, 100 %, 22702 MiB, 199.57 W, 76
2026/08/05 10:24:58.729, 100 %, 22702 MiB, 202.67 W, 74
2026/08/05 10:25:58.737, 100 %, 22702 MiB, 199.65 W, 75
2026/08/05 10:26:58.752, 100 %, 22702 MiB, 199.92 W, 75
2026/08/05 10:27:58.760, 100 %, 22702 MiB, 199.31 W, 74
2026/08/05 10:28:58.767, 100 %, 22702 MiB, 200.01 W, 75
2026/08/05 10:29:58.775, 97 %, 22702 MiB, 199.86 W, 74
2026/08/05 10:30:58.784, 97 %, 22702 MiB, 202.01 W, 75
2026/08/05 10:31:58.793, 98 %, 22702 MiB, 199.91 W, 75
2026/08/05 10:32:58.808, 100 %, 22702 MiB, 200.00 W, 75
2026/08/05 10:33:58.816, 100 %, 22702 MiB, 199.84 W, 75
2026/08/05 10:34:58.824, 99 %, 22702 MiB, 199.78 W, 75
2026/08/05 10:35:58.839, 98 %, 22702 MiB, 197.38 W, 74
2026/08/05 10:36:58.849, 100 %, 22702 MiB, 200.56 W, 74
2026/08/05 10:37:58.860, 77 %, 22702 MiB, 199.91 W, 74
2026/08/05 10:38:58.871, 100 %, 22702 MiB, 199.55 W, 74
2026/08/05 10:39:58.880, 98 %, 22702 MiB, 199.59 W, 75
2026/08/05 10:40:58.890, 0 %, 22702 MiB, 43.35 W, 62
2026/08/05 10:41:58.917, 100 %, 22702 MiB, 199.82 W, 75
2026/08/05 10:42:58.924, 100 %, 22702 MiB, 199.64 W, 75
2026/08/05 10:43:58.931, 100 %, 22702 MiB, 198.52 W, 75
2026/08/05 10:44:58.938, 97 %, 22702 MiB, 201.66 W, 75
2026/08/05 10:45:58.946, 97 %, 22702 MiB, 200.06 W, 75
2026/08/05 10:46:58.953, 98 %, 22702 MiB, 199.77 W, 75
2026/08/05 10:47:58.961, 100 %, 22702 MiB, 199.71 W, 76
2026/08/05 10:48:58.969, 100 %, 22702 MiB, 200.38 W, 73
2026/08/05 10:49:58.976, 100 %, 22702 MiB, 199.92 W, 75
2026/08/05 10:50:58.984, 100 %, 22702 MiB, 200.32 W, 75
2026/08/05 10:51:58.991, 97 %, 22702 MiB, 199.42 W, 74
2026/08/05 10:52:59.008, 100 %, 22702 MiB, 197.02 W, 75
2026/08/05 10:53:59.016, 99 %, 22702 MiB, 201.03 W, 74
2026/08/05 10:54:59.023, 100 %, 22702 MiB, 200.02 W, 75
2026/08/05 10:55:59.030, 100 %, 22702 MiB, 200.11 W, 75
2026/08/05 10:56:59.037, 100 %, 22702 MiB, 199.93 W, 75
2026/08/05 10:57:59.044, 97 %, 22702 MiB, 200.95 W, 74
2026/08/05 10:58:59.051, 95 %, 22702 MiB, 199.93 W, 75
2026/08/05 10:59:59.058, 96 %, 22702 MiB, 199.13 W, 75
2026/08/05 11:00:59.065, 100 %, 22702 MiB, 196.09 W, 72
2026/08/05 11:01:59.073, 100 %, 22702 MiB, 199.77 W, 75
2026/08/05 11:02:59.083, 97 %, 22702 MiB, 199.86 W, 74
2026/08/05 11:03:59.091, 100 %, 22702 MiB, 198.24 W, 77
2026/08/05 11:04:59.107, 100 %, 22702 MiB, 199.44 W, 75
2026/08/05 11:05:59.115, 96 %, 22702 MiB, 201.57 W, 75
2026/08/05 11:06:59.121, 100 %, 22702 MiB, 199.15 W, 76
2026/08/05 11:07:59.127, 100 %, 22702 MiB, 199.18 W, 73
2026/08/05 11:08:59.135, 78 %, 22702 MiB, 199.87 W, 75
2026/08/05 11:09:59.141, 100 %, 22702 MiB, 199.26 W, 76
2026/08/05 11:10:59.152, 96 %, 22702 MiB, 199.36 W, 75
2026/08/05 11:11:59.159, 100 %, 22702 MiB, 200.18 W, 75
2026/08/05 11:12:59.166, 100 %, 22702 MiB, 198.65 W, 73
2026/08/05 11:13:59.176, 100 %, 22702 MiB, 199.44 W, 75
2026/08/05 11:14:59.183, 96 %, 22702 MiB, 199.22 W, 75
2026/08/05 11:15:59.190, 100 %, 22702 MiB, 200.12 W, 75
2026/08/05 11:16:59.207, 100 %, 22702 MiB, 200.53 W, 75
2026/08/05 11:17:59.220, 77 %, 22702 MiB, 199.76 W, 75
2026/08/05 11:18:59.231, 96 %, 22702 MiB, 201.89 W, 73
2026/08/05 11:19:59.237, 80 %, 22702 MiB, 199.79 W, 75
2026/08/05 11:20:59.244, 100 %, 22702 MiB, 203.63 W, 75
2026/08/05 11:21:59.251, 100 %, 22702 MiB, 199.47 W, 75
2026/08/05 11:22:59.262, 96 %, 22702 MiB, 199.62 W, 75
2026/08/05 11:23:59.268, 96 %, 22702 MiB, 199.55 W, 75
2026/08/05 11:24:59.279, 100 %, 22702 MiB, 199.47 W, 75
2026/08/05 11:25:59.289, 100 %, 22702 MiB, 199.93 W, 75
2026/08/05 11:26:59.305, 100 %, 22702 MiB, 197.96 W, 77
2026/08/05 11:27:59.313, 100 %, 22702 MiB, 202.74 W, 75
2026/08/05 11:28:59.320, 100 %, 22702 MiB, 199.95 W, 74
2026/08/05 11:29:59.327, 96 %, 22702 MiB, 201.20 W, 74
2026/08/05 11:30:59.338, 100 %, 22702 MiB, 199.48 W, 74
2026/08/05 11:31:59.345, 97 %, 22702 MiB, 199.28 W, 75
2026/08/05 11:32:59.352, 100 %, 22702 MiB, 200.78 W, 75
2026/08/05 11:33:59.361, 97 %, 22702 MiB, 200.04 W, 75
2026/08/05 11:34:59.368, 69 %, 22702 MiB, 200.05 W, 75
2026/08/05 11:35:59.377, 100 %, 22702 MiB, 199.49 W, 75
2026/08/05 11:36:59.385, 100 %, 22702 MiB, 199.42 W, 73
2026/08/05 11:37:59.400, 100 %, 22702 MiB, 199.88 W, 74
2026/08/05 11:38:59.408, 100 %, 22702 MiB, 199.94 W, 74
2026/08/05 11:39:59.416, 100 %, 22702 MiB, 199.13 W, 76
2026/08/05 11:40:59.423, 100 %, 22702 MiB, 202.66 W, 74
2026/08/05 11:41:59.430, 100 %, 22702 MiB, 200.03 W, 74
2026/08/05 11:42:59.444, 90 %, 22702 MiB, 199.82 W, 75
2026/08/05 11:43:59.451, 100 %, 22702 MiB, 198.56 W, 75
2026/08/05 11:44:59.458, 100 %, 22702 MiB, 196.19 W, 75
2026/08/05 11:45:59.467, 100 %, 22702 MiB, 199.75 W, 75
2026/08/05 11:46:59.477, 100 %, 22702 MiB, 200.21 W, 75
2026/08/05 11:47:59.486, 88 %, 22702 MiB, 199.97 W, 74
2026/08/05 11:48:59.505, 100 %, 22702 MiB, 197.35 W, 73
2026/08/05 11:49:59.514, 100 %, 22702 MiB, 199.30 W, 75
2026/08/05 11:50:59.522, 100 %, 22702 MiB, 199.46 W, 75
2026/08/05 11:51:59.530, 100 %, 22702 MiB, 199.57 W, 74
2026/08/05 11:52:59.537, 100 %, 22702 MiB, 200.05 W, 75
2026/08/05 11:53:59.544, 100 %, 22702 MiB, 199.98 W, 75
2026/08/05 11:54:59.552, 100 %, 22702 MiB, 198.98 W, 76
2026/08/05 11:55:59.560, 97 %, 22702 MiB, 203.58 W, 75
2026/08/05 11:56:59.567, 97 %, 22702 MiB, 199.98 W, 74
2026/08/05 11:57:59.576, 100 %, 22702 MiB, 200.03 W, 74
2026/08/05 11:58:59.583, 100 %, 22702 MiB, 199.71 W, 75
2026/08/05 11:59:59.590, 100 %, 22702 MiB, 197.86 W, 76
2026/08/05 12:00:59.605, 100 %, 22702 MiB, 199.52 W, 75
2026/08/05 12:01:59.613, 100 %, 22702 MiB, 200.02 W, 75
2026/08/05 12:02:59.621, 100 %, 22702 MiB, 197.55 W, 77
2026/08/05 12:03:59.630, 100 %, 22702 MiB, 200.75 W, 74
2026/08/05 12:04:59.638, 98 %, 22702 MiB, 199.99 W, 75
2026/08/05 12:05:59.645, 100 %, 22702 MiB, 199.80 W, 75
2026/08/05 12:06:59.652, 100 %, 22702 MiB, 200.01 W, 75
2026/08/05 12:07:59.660, 100 %, 22702 MiB, 196.94 W, 76
2026/08/05 12:08:59.668, 100 %, 22702 MiB, 203.45 W, 75
2026/08/05 12:09:59.676, 97 %, 22702 MiB, 199.28 W, 74
2026/08/05 12:10:59.683, 100 %, 22702 MiB, 199.64 W, 75
2026/08/05 12:11:59.691, 89 %, 22702 MiB, 200.02 W, 75
2026/08/05 12:12:59.710, 100 %, 22702 MiB, 199.72 W, 75
2026/08/05 12:13:59.719, 97 %, 22702 MiB, 199.55 W, 74
2026/08/05 12:14:59.727, 97 %, 22702 MiB, 199.98 W, 74
2026/08/05 12:15:59.736, 64 %, 22702 MiB, 200.00 W, 74
2026/08/05 12:16:59.746, 100 %, 22702 MiB, 199.68 W, 74
2026/08/05 12:17:59.754, 100 %, 22702 MiB, 196.41 W, 73
2026/08/05 12:18:59.762, 100 %, 22702 MiB, 199.81 W, 75
2026/08/05 12:19:59.771, 100 %, 22702 MiB, 199.91 W, 75
2026/08/05 12:20:59.778, 100 %, 22702 MiB, 199.85 W, 76
2026/08/05 12:21:59.786, 100 %, 22702 MiB, 198.12 W, 76
2026/08/05 12:22:59.793, 100 %, 22702 MiB, 199.92 W, 74
2026/08/05 12:23:59.808, 100 %, 22702 MiB, 200.03 W, 73
2026/08/05 12:24:59.815, 100 %, 22702 MiB, 199.66 W, 75
2026/08/05 12:25:59.823, 100 %, 22702 MiB, 199.88 W, 75
2026/08/05 12:26:59.830, 100 %, 22702 MiB, 199.58 W, 75
2026/08/05 12:27:59.838, 100 %, 22702 MiB, 200.61 W, 75
2026/08/05 12:28:59.845, 100 %, 22702 MiB, 199.74 W, 74
2026/08/05 12:29:59.853, 100 %, 22702 MiB, 199.96 W, 75
2026/08/05 12:30:59.862, 91 %, 22702 MiB, 200.20 W, 74
2026/08/05 12:31:59.869, 97 %, 22702 MiB, 199.55 W, 75
2026/08/05 12:32:59.876, 97 %, 22702 MiB, 200.70 W, 74
2026/08/05 12:33:59.882, 100 %, 22702 MiB, 200.02 W, 74
2026/08/05 12:34:59.889, 100 %, 22702 MiB, 199.23 W, 74
2026/08/05 12:35:59.907, 100 %, 22702 MiB, 199.97 W, 75
2026/08/05 12:36:59.915, 97 %, 22702 MiB, 199.35 W, 75
2026/08/05 12:37:59.922, 100 %, 22702 MiB, 200.90 W, 75
2026/08/05 12:38:59.930, 100 %, 22702 MiB, 201.03 W, 76
2026/08/05 12:39:59.937, 100 %, 22702 MiB, 200.21 W, 75
2026/08/05 12:40:59.944, 100 %, 22702 MiB, 199.65 W, 74
2026/08/05 12:41:59.953, 100 %, 22702 MiB, 199.67 W, 75
2026/08/05 12:42:59.959, 97 %, 22702 MiB, 200.73 W, 75
2026/08/05 12:43:59.967, 100 %, 22702 MiB, 199.95 W, 75
2026/08/05 12:44:59.974, 100 %, 22702 MiB, 200.04 W, 75
2026/08/05 12:45:59.981, 61 %, 22702 MiB, 199.98 W, 73
2026/08/05 12:46:59.989, 100 %, 22702 MiB, 199.78 W, 75
2026/08/05 12:48:00.012, 100 %, 22702 MiB, 199.20 W, 76
2026/08/05 12:49:00.021, 100 %, 22702 MiB, 203.89 W, 75
2026/08/05 12:50:00.028, 97 %, 22702 MiB, 199.77 W, 75
2026/08/05 12:51:00.035, 100 %, 22702 MiB, 140.36 W, 72
2026/08/05 12:52:00.043, 100 %, 22702 MiB, 199.70 W, 75
2026/08/05 12:53:00.051, 100 %, 22702 MiB, 196.91 W, 75
2026/08/05 12:54:00.061, 100 %, 22702 MiB, 199.18 W, 75
2026/08/05 12:55:00.067, 100 %, 22702 MiB, 199.27 W, 75
2026/08/05 12:56:00.076, 100 %, 22702 MiB, 199.64 W, 75
2026/08/05 12:57:00.085, 100 %, 22702 MiB, 198.58 W, 76
2026/08/05 12:58:00.092, 100 %, 22702 MiB, 202.86 W, 75
2026/08/05 12:59:00.108, 100 %, 22702 MiB, 199.84 W, 75
2026/08/05 13:00:00.116, 85 %, 22702 MiB, 200.10 W, 75
2026/08/05 13:01:00.124, 100 %, 22702 MiB, 199.26 W, 75
2026/08/05 13:02:00.132, 100 %, 22702 MiB, 200.37 W, 74
2026/08/05 13:03:00.140, 100 %, 22702 MiB, 204.53 W, 75
2026/08/05 13:04:00.148, 100 %, 22702 MiB, 199.98 W, 74
2026/08/05 13:05:00.155, 100 %, 22702 MiB, 199.83 W, 74
2026/08/05 13:06:00.162, 100 %, 22702 MiB, 199.96 W, 75
2026/08/05 13:07:00.169, 97 %, 22702 MiB, 199.62 W, 75
2026/08/05 13:08:00.177, 100 %, 22702 MiB, 201.63 W, 74
2026/08/05 13:09:00.185, 98 %, 22702 MiB, 199.99 W, 75
2026/08/05 13:10:00.192, 69 %, 22702 MiB, 199.77 W, 75
2026/08/05 13:11:00.209, 100 %, 22702 MiB, 199.90 W, 76
2026/08/05 13:12:00.216, 100 %, 22702 MiB, 197.70 W, 76
2026/08/05 13:13:00.222, 97 %, 22702 MiB, 199.77 W, 75
2026/08/05 13:14:00.230, 100 %, 22702 MiB, 199.59 W, 75
2026/08/05 13:15:00.237, 100 %, 22702 MiB, 200.24 W, 75
2026/08/05 13:16:00.245, 100 %, 22702 MiB, 199.99 W, 75
2026/08/05 13:17:00.253, 100 %, 22702 MiB, 197.87 W, 73
2026/08/05 13:18:00.260, 99 %, 22702 MiB, 125.56 W, 66
2026/08/05 13:19:00.269, 100 %, 22702 MiB, 199.70 W, 75
2026/08/05 13:20:00.276, 100 %, 22702 MiB, 199.92 W, 75
2026/08/05 13:21:00.285, 97 %, 22702 MiB, 200.29 W, 75
2026/08/05 13:22:00.304, 97 %, 22702 MiB, 199.83 W, 75
2026/08/05 13:23:00.313, 99 %, 22702 MiB, 200.46 W, 75
2026/08/05 13:24:00.322, 68 %, 22702 MiB, 199.82 W, 74
2026/08/05 13:25:00.331, 100 %, 22702 MiB, 199.84 W, 74
2026/08/05 13:26:00.339, 100 %, 22702 MiB, 198.50 W, 75
2026/08/05 13:27:00.347, 98 %, 22702 MiB, 202.42 W, 75
2026/08/05 13:28:00.355, 100 %, 22702 MiB, 204.02 W, 75
2026/08/05 13:29:00.363, 100 %, 22702 MiB, 199.56 W, 75
2026/08/05 13:30:00.371, 100 %, 22702 MiB, 200.11 W, 76
2026/08/05 13:31:00.378, 100 %, 22702 MiB, 198.64 W, 76
2026/08/05 13:32:00.387, 98 %, 22702 MiB, 200.85 W, 75
2026/08/05 13:33:00.404, 97 %, 22702 MiB, 199.93 W, 75
2026/08/05 13:34:00.413, 68 %, 22702 MiB, 200.00 W, 74
2026/08/05 13:35:00.421, 100 %, 22702 MiB, 199.64 W, 75
2026/08/05 13:36:00.430, 100 %, 22702 MiB, 200.41 W, 75
2026/08/05 13:37:00.438, 100 %, 22702 MiB, 199.69 W, 75
2026/08/05 13:38:00.446, 100 %, 22702 MiB, 199.97 W, 74
2026/08/05 13:39:00.455, 90 %, 22702 MiB, 200.02 W, 75
2026/08/05 13:40:00.463, 100 %, 22702 MiB, 199.89 W, 75
2026/08/05 13:41:00.471, 100 %, 22702 MiB, 197.89 W, 74
2026/08/05 13:42:00.480, 100 %, 22702 MiB, 201.70 W, 74
2026/08/05 13:43:00.488, 98 %, 22702 MiB, 200.02 W, 75
2026/08/05 13:44:00.503, 72 %, 22702 MiB, 200.05 W, 75
2026/08/05 13:45:00.510, 100 %, 22702 MiB, 199.86 W, 75
2026/08/05 13:46:00.519, 100 %, 22702 MiB, 199.66 W, 76
2026/08/05 13:47:00.528, 98 %, 22702 MiB, 200.56 W, 74
2026/08/05 13:48:00.535, 100 %, 22702 MiB, 199.57 W, 75
2026/08/05 13:49:00.544, 100 %, 22702 MiB, 200.34 W, 75
2026/08/05 13:50:00.553, 70 %, 22702 MiB, 200.12 W, 74
2026/08/05 13:51:00.560, 100 %, 22702 MiB, 197.80 W, 76
2026/08/05 13:52:00.570, 100 %, 22702 MiB, 203.78 W, 75
2026/08/05 13:53:00.578, 100 %, 22702 MiB, 200.04 W, 74
2026/08/05 13:54:00.586, 100 %, 22702 MiB, 200.06 W, 73
2026/08/05 13:55:00.609, 100 %, 22702 MiB, 199.99 W, 75
2026/08/05 13:56:00.616, 100 %, 22702 MiB, 198.38 W, 73
2026/08/05 13:57:00.624, 100 %, 22702 MiB, 199.91 W, 75
2026/08/05 13:58:00.632, 100 %, 22702 MiB, 199.75 W, 75
2026/08/05 13:59:00.639, 98 %, 22702 MiB, 202.13 W, 75
2026/08/05 14:00:00.647, 100 %, 22702 MiB, 199.05 W, 73
2026/08/05 14:01:00.655, 96 %, 22702 MiB, 201.01 W, 75
2026/08/05 14:02:00.662, 100 %, 22702 MiB, 199.83 W, 74
2026/08/05 14:03:00.671, 100 %, 22702 MiB, 200.13 W, 75
2026/08/05 14:04:00.678, 100 %, 22702 MiB, 199.95 W, 74
2026/08/05 14:05:00.686, 100 %, 22702 MiB, 199.53 W, 76
2026/08/05 14:06:00.693, 97 %, 22702 MiB, 203.62 W, 75
2026/08/05 14:07:00.707, 68 %, 22702 MiB, 200.06 W, 74
2026/08/05 14:08:00.716, 100 %, 22702 MiB, 199.90 W, 75
2026/08/05 14:09:00.723, 98 %, 22702 MiB, 199.58 W, 75
2026/08/05 14:10:00.731, 100 %, 22702 MiB, 198.43 W, 73
2026/08/05 14:11:00.738, 100 %, 22702 MiB, 199.56 W, 75
2026/08/05 14:12:00.745, 100 %, 22702 MiB, 199.59 W, 76
2026/08/05 14:13:00.752, 100 %, 22702 MiB, 199.62 W, 75
2026/08/05 14:14:00.759, 97 %, 22702 MiB, 200.63 W, 75
2026/08/05 14:15:00.767, 97 %, 22702 MiB, 200.01 W, 74
2026/08/05 14:16:00.774, 81 %, 22702 MiB, 200.01 W, 74
2026/08/05 14:17:00.782, 100 %, 22702 MiB, 199.95 W, 75
2026/08/05 14:18:00.788, 100 %, 22702 MiB, 199.95 W, 75
2026/08/05 14:19:00.802, 100 %, 22702 MiB, 199.06 W, 73
2026/08/05 14:20:00.809, 100 %, 22702 MiB, 199.82 W, 75
2026/08/05 14:21:00.818, 100 %, 22702 MiB, 199.76 W, 75
2026/08/05 14:22:00.825, 100 %, 22702 MiB, 199.73 W, 76
2026/08/05 14:23:00.832, 100 %, 22702 MiB, 199.75 W, 74
2026/08/05 14:24:00.838, 100 %, 22702 MiB, 200.00 W, 75
2026/08/05 14:25:00.845, 68 %, 22702 MiB, 200.07 W, 74
2026/08/05 14:26:00.853, 100 %, 22702 MiB, 199.86 W, 75
2026/08/05 14:27:00.861, 100 %, 22702 MiB, 197.10 W, 76
2026/08/05 14:28:00.868, 100 %, 22702 MiB, 200.52 W, 74
2026/08/05 14:29:00.875, 100 %, 22702 MiB, 200.07 W, 75
2026/08/05 14:30:00.882, 100 %, 22702 MiB, 199.86 W, 75
2026/08/05 14:31:00.889, 98 %, 22702 MiB, 199.50 W, 76
2026/08/05 14:32:00.905, 97 %, 22702 MiB, 202.86 W, 75
2026/08/05 14:33:00.911, 98 %, 22702 MiB, 199.93 W, 75
2026/08/05 14:34:00.918, 98 %, 22702 MiB, 199.83 W, 74
2026/08/05 14:35:00.926, 97 %, 22702 MiB, 200.66 W, 75
2026/08/05 14:36:00.934, 97 %, 22702 MiB, 200.01 W, 75
2026/08/05 14:37:00.943, 100 %, 22702 MiB, 200.00 W, 75
2026/08/05 14:38:00.949, 100 %, 22702 MiB, 200.11 W, 76
2026/08/05 14:39:00.957, 100 %, 22702 MiB, 198.67 W, 76
2026/08/05 14:40:00.963, 100 %, 22702 MiB, 200.00 W, 75
2026/08/05 14:41:00.971, 73 %, 22702 MiB, 199.63 W, 75
2026/08/05 14:42:00.978, 96 %, 22702 MiB, 198.97 W, 75
2026/08/05 14:43:00.987, 97 %, 22702 MiB, 203.79 W, 75
2026/08/05 14:44:01.003, 98 %, 22702 MiB, 200.01 W, 75
2026/08/05 14:45:01.010, 88 %, 22702 MiB, 199.96 W, 75
2026/08/05 14:46:01.017, 100 %, 22702 MiB, 199.96 W, 75
2026/08/05 14:47:01.024, 100 %, 22702 MiB, 195.65 W, 75
2026/08/05 14:48:01.032, 97 %, 22702 MiB, 199.94 W, 75
2026/08/05 14:49:01.039, 100 %, 22702 MiB, 200.02 W, 74
2026/08/05 14:50:01.046, 0 %, 22702 MiB, 77.53 W, 71
2026/08/05 14:51:01.054, 100 %, 22702 MiB, 200.34 W, 74
2026/08/05 14:52:01.062, 100 %, 22702 MiB, 199.42 W, 75
2026/08/05 14:53:01.069, 100 %, 22702 MiB, 199.60 W, 74
2026/08/05 14:54:01.076, 100 %, 22702 MiB, 199.89 W, 75
2026/08/05 14:55:01.084, 100 %, 22702 MiB, 197.09 W, 75
2026/08/05 14:56:01.091, 83 %, 22702 MiB, 200.02 W, 74
2026/08/05 14:57:01.105, 100 %, 22702 MiB, 198.34 W, 75
2026/08/05 14:58:01.112, 100 %, 22702 MiB, 200.00 W, 75
2026/08/05 14:59:01.120, 98 %, 22702 MiB, 200.10 W, 75
2026/08/05 15:00:01.127, 67 %, 22702 MiB, 199.95 W, 75
2026/08/05 15:01:01.134, 97 %, 22702 MiB, 200.91 W, 74
2026/08/05 15:02:01.142, 100 %, 22702 MiB, 200.00 W, 75
2026/08/05 15:03:01.149, 100 %, 22702 MiB, 199.91 W, 75
2026/08/05 15:04:01.156, 100 %, 22702 MiB, 199.88 W, 75
2026/08/05 15:05:01.163, 98 %, 22702 MiB, 199.64 W, 76
2026/08/05 15:06:01.170, 98 %, 22702 MiB, 200.47 W, 75
2026/08/05 15:07:01.177, 100 %, 22702 MiB, 200.28 W, 75
2026/08/05 15:08:01.185, 67 %, 22702 MiB, 199.99 W, 74
2026/08/05 15:09:01.193, 100 %, 22702 MiB, 199.87 W, 75
2026/08/05 15:10:01.206, 100 %, 22702 MiB, 198.47 W, 76
2026/08/05 15:11:01.214, 97 %, 22702 MiB, 203.13 W, 75
2026/08/05 15:12:01.220, 100 %, 22702 MiB, 199.91 W, 75
2026/08/05 15:13:01.227, 98 %, 22702 MiB, 199.86 W, 75
2026/08/05 15:14:01.234, 100 %, 22702 MiB, 198.51 W, 76
2026/08/05 15:15:01.242, 98 %, 22702 MiB, 202.06 W, 75
2026/08/05 15:16:01.250, 97 %, 22702 MiB, 200.05 W, 75
2026/08/05 15:17:01.258, 99 %, 22702 MiB, 200.11 W, 75
2026/08/05 15:18:01.265, 100 %, 22702 MiB, 199.16 W, 75
2026/08/05 15:19:01.273, 100 %, 22702 MiB, 200.07 W, 75
2026/08/05 15:20:01.280, 100 %, 22702 MiB, 199.78 W, 75
2026/08/05 15:21:01.287, 97 %, 22702 MiB, 200.48 W, 74
2026/08/05 15:22:01.303, 100 %, 22702 MiB, 199.83 W, 74
2026/08/05 15:23:01.310, 100 %, 22702 MiB, 200.01 W, 75
2026/08/05 15:24:01.317, 100 %, 22702 MiB, 199.38 W, 75
2026/08/05 15:25:01.324, 100 %, 22702 MiB, 202.14 W, 75
2026/08/05 15:26:01.331, 97 %, 22702 MiB, 200.02 W, 75
2026/08/05 15:27:01.338, 75 %, 22702 MiB, 200.03 W, 75
2026/08/05 15:28:01.345, 100 %, 22702 MiB, 200.40 W, 73
2026/08/05 15:29:01.352, 100 %, 22702 MiB, 201.92 W, 75
2026/08/05 15:30:01.359, 94 %, 22702 MiB, 200.00 W, 74
2026/08/05 15:31:01.367, 100 %, 22702 MiB, 199.46 W, 75
2026/08/05 15:32:01.374, 97 %, 22702 MiB, 203.15 W, 75
2026/08/05 15:33:01.381, 97 %, 22702 MiB, 200.01 W, 75
2026/08/05 15:34:01.388, 100 %, 22702 MiB, 199.83 W, 75
2026/08/05 15:35:01.404, 100 %, 22702 MiB, 199.42 W, 76
2026/08/05 15:36:01.411, 97 %, 22702 MiB, 203.45 W, 75
2026/08/05 15:37:01.418, 96 %, 22702 MiB, 200.01 W, 74
2026/08/05 15:38:01.427, 92 %, 22702 MiB, 200.00 W, 75
2026/08/05 15:39:01.435, 98 %, 22702 MiB, 200.01 W, 75
2026/08/05 15:40:01.442, 97 %, 22702 MiB, 199.68 W, 75
2026/08/05 15:41:01.449, 99 %, 22702 MiB, 200.40 W, 75
2026/08/05 15:42:01.457, 100 %, 22702 MiB, 202.25 W, 75
2026/08/05 15:43:01.464, 97 %, 22702 MiB, 199.87 W, 74
2026/08/05 15:44:01.472, 88 %, 22702 MiB, 200.02 W, 75
2026/08/05 15:45:01.480, 97 %, 22702 MiB, 200.31 W, 74
2026/08/05 15:46:01.486, 100 %, 22702 MiB, 199.74 W, 75
2026/08/05 15:47:01.503, 100 %, 22702 MiB, 200.09 W, 75
2026/08/05 15:48:01.511, 70 %, 22702 MiB, 200.04 W, 74
2026/08/05 15:49:01.518, 100 %, 22702 MiB, 200.05 W, 75
2026/08/05 15:50:01.525, 100 %, 22702 MiB, 199.83 W, 74
2026/08/05 15:51:01.533, 100 %, 22702 MiB, 200.25 W, 75
2026/08/05 15:52:01.541, 100 %, 22702 MiB, 200.02 W, 75
2026/08/05 15:53:01.549, 100 %, 22702 MiB, 199.72 W, 75
2026/08/05 15:54:01.556, 100 %, 22702 MiB, 199.82 W, 75
2026/08/05 15:55:01.563, 98 %, 22702 MiB, 200.01 W, 74
2026/08/05 15:56:01.571, 100 %, 22702 MiB, 199.95 W, 74
2026/08/05 15:57:01.577, 100 %, 22702 MiB, 199.99 W, 75
2026/08/05 15:58:01.584, 98 %, 22702 MiB, 199.67 W, 74
2026/08/05 15:59:01.592, 100 %, 22702 MiB, 197.65 W, 73
2026/08/05 16:00:01.606, 100 %, 22702 MiB, 199.80 W, 75
2026/08/05 16:01:01.613, 100 %, 22702 MiB, 196.73 W, 75
2026/08/05 16:02:01.628, 100 %, 22702 MiB, 199.94 W, 75
2026/08/05 16:03:01.637, 99 %, 22702 MiB, 200.06 W, 75
2026/08/05 16:04:01.643, 100 %, 22702 MiB, 199.77 W, 76
2026/08/05 16:05:01.650, 68 %, 22702 MiB, 200.04 W, 75
2026/08/05 16:06:01.658, 100 %, 22702 MiB, 199.62 W, 74
2026/08/05 16:07:01.664, 100 %, 22702 MiB, 199.63 W, 74
2026/08/05 16:08:01.675, 100 %, 22702 MiB, 200.00 W, 75
2026/08/05 16:09:01.681, 98 %, 22702 MiB, 199.85 W, 76
2026/08/05 16:10:01.689, 97 %, 22702 MiB, 200.90 W, 74
2026/08/05 16:11:01.705, 100 %, 22702 MiB, 200.04 W, 74
2026/08/05 16:12:01.712, 60 %, 22702 MiB, 199.72 W, 74
2026/08/05 16:13:01.720, 100 %, 22702 MiB, 199.94 W, 74
2026/08/05 16:14:01.727, 100 %, 22702 MiB, 196.52 W, 75
2026/08/05 16:15:01.734, 100 %, 22702 MiB, 199.73 W, 75
2026/08/05 16:16:01.742, 100 %, 22702 MiB, 200.04 W, 75
2026/08/05 16:17:01.750, 100 %, 22702 MiB, 197.24 W, 75
2026/08/05 16:18:01.756, 100 %, 22702 MiB, 202.32 W, 75
2026/08/05 16:19:01.764, 98 %, 22702 MiB, 200.15 W, 75
2026/08/05 16:20:01.772, 90 %, 22702 MiB, 200.23 W, 75
2026/08/05 16:21:01.780, 100 %, 22702 MiB, 197.61 W, 73
2026/08/05 16:22:01.787, 96 %, 22702 MiB, 166.78 W, 73
2026/08/05 16:23:01.802, 100 %, 22702 MiB, 199.83 W, 75
2026/08/05 16:24:01.809, 100 %, 22702 MiB, 199.70 W, 74
2026/08/05 16:25:01.817, 100 %, 22702 MiB, 199.54 W, 76
2026/08/05 16:26:01.824, 97 %, 22702 MiB, 200.56 W, 74
2026/08/05 16:27:01.831, 100 %, 22702 MiB, 199.79 W, 75
2026/08/05 16:28:01.839, 100 %, 22702 MiB, 199.54 W, 74
2026/08/05 16:29:01.847, 100 %, 22702 MiB, 196.61 W, 74
2026/08/05 16:30:01.861, 100 %, 22702 MiB, 202.16 W, 75
2026/08/05 16:31:01.869, 100 %, 22702 MiB, 200.01 W, 74
2026/08/05 16:32:01.876, 68 %, 22702 MiB, 200.03 W, 75
2026/08/05 16:33:01.883, 100 %, 22702 MiB, 200.02 W, 75
2026/08/05 16:34:01.891, 100 %, 22702 MiB, 197.12 W, 74
2026/08/05 16:35:01.906, 100 %, 22702 MiB, 202.94 W, 75
2026/08/05 16:36:01.915, 100 %, 22702 MiB, 200.18 W, 75
2026/08/05 16:37:01.922, 100 %, 22702 MiB, 199.77 W, 75
2026/08/05 16:38:01.932, 100 %, 22702 MiB, 198.56 W, 76
2026/08/05 16:39:01.939, 100 %, 22702 MiB, 199.74 W, 75
2026/08/05 16:40:01.948, 100 %, 22702 MiB, 199.83 W, 75
2026/08/05 16:41:01.955, 100 %, 22702 MiB, 198.81 W, 76
2026/08/05 16:42:01.963, 100 %, 22702 MiB, 203.27 W, 75
2026/08/05 16:43:01.971, 97 %, 22702 MiB, 200.01 W, 74
2026/08/05 16:44:01.979, 100 %, 22702 MiB, 200.05 W, 74
2026/08/05 16:45:01.986, 98 %, 22702 MiB, 199.70 W, 75
2026/08/05 16:46:02.002, 100 %, 22702 MiB, 199.94 W, 73
2026/08/05 16:47:02.009, 100 %, 22702 MiB, 200.98 W, 75
2026/08/05 16:48:02.016, 100 %, 22702 MiB, 199.84 W, 75
2026/08/05 16:49:02.024, 100 %, 22702 MiB, 199.94 W, 73
2026/08/05 16:50:02.032, 100 %, 22702 MiB, 200.01 W, 74
2026/08/05 16:51:02.039, 98 %, 22702 MiB, 200.02 W, 75
2026/08/05 16:52:02.047, 100 %, 22702 MiB, 199.59 W, 75
2026/08/05 16:53:02.055, 100 %, 22702 MiB, 198.56 W, 76
2026/08/05 16:54:02.062, 98 %, 22702 MiB, 200.49 W, 74
2026/08/05 16:55:02.070, 98 %, 22702 MiB, 200.09 W, 75
2026/08/05 16:56:02.078, 100 %, 22702 MiB, 200.13 W, 75
2026/08/05 16:57:02.085, 92 %, 22702 MiB, 199.83 W, 74
2026/08/05 16:58:02.092, 64 %, 22702 MiB, 199.96 W, 75
2026/08/05 16:59:02.105, 100 %, 22702 MiB, 199.67 W, 74
2026/08/05 17:00:02.112, 100 %, 22702 MiB, 199.93 W, 74
2026/08/05 17:01:02.121, 100 %, 22702 MiB, 200.01 W, 74
2026/08/05 17:02:02.127, 100 %, 22702 MiB, 199.84 W, 75
2026/08/05 17:03:02.136, 100 %, 22702 MiB, 199.86 W, 76
2026/08/05 17:04:02.144, 97 %, 22702 MiB, 199.39 W, 75
2026/08/05 17:05:02.151, 100 %, 22702 MiB, 197.93 W, 76
2026/08/05 17:06:02.159, 100 %, 22702 MiB, 199.71 W, 74
2026/08/05 17:07:02.166, 100 %, 22702 MiB, 200.32 W, 74
2026/08/05 17:08:02.178, 86 %, 22702 MiB, 199.99 W, 74
2026/08/05 17:09:02.186, 100 %, 22702 MiB, 199.97 W, 75
2026/08/05 17:10:02.193, 100 %, 22702 MiB, 199.89 W, 75
2026/08/05 17:11:02.206, 100 %, 22702 MiB, 199.69 W, 74
2026/08/05 17:12:02.213, 100 %, 22702 MiB, 200.23 W, 75
2026/08/05 17:13:02.221, 63 %, 22702 MiB, 200.09 W, 75
2026/08/05 17:14:02.229, 97 %, 22702 MiB, 199.68 W, 75
2026/08/05 17:15:02.237, 100 %, 22702 MiB, 197.51 W, 73
2026/08/05 17:16:02.244, 100 %, 22702 MiB, 199.77 W, 74
2026/08/05 17:17:02.252, 100 %, 22702 MiB, 199.62 W, 74
2026/08/05 17:18:02.259, 97 %, 22702 MiB, 199.93 W, 74
2026/08/05 17:19:02.267, 100 %, 22702 MiB, 199.01 W, 73
2026/08/05 17:20:02.276, 100 %, 22702 MiB, 199.94 W, 75
2026/08/05 17:21:02.282, 97 %, 22702 MiB, 199.61 W, 75
2026/08/05 17:22:02.291, 88 %, 22702 MiB, 200.13 W, 74
2026/08/05 17:23:02.306, 100 %, 22702 MiB, 199.94 W, 75
2026/08/05 17:24:02.313, 99 %, 22702 MiB, 199.91 W, 75
2026/08/05 17:25:02.321, 100 %, 22702 MiB, 199.99 W, 73
2026/08/05 17:26:02.328, 100 %, 22702 MiB, 201.36 W, 74
2026/08/05 17:27:02.335, 100 %, 22702 MiB, 199.50 W, 73
2026/08/05 17:28:02.343, 70 %, 22702 MiB, 200.01 W, 74
2026/08/05 17:29:02.350, 100 %, 22702 MiB, 199.83 W, 75
2026/08/05 17:30:02.357, 98 %, 22702 MiB, 199.67 W, 75
2026/08/05 17:31:02.363, 100 %, 22702 MiB, 195.23 W, 74
2026/08/05 17:32:02.370, 100 %, 22702 MiB, 201.03 W, 74
2026/08/05 17:33:02.378, 94 %, 22702 MiB, 200.00 W, 74
2026/08/05 17:34:02.387, 100 %, 22702 MiB, 199.82 W, 74
2026/08/05 17:35:02.402, 97 %, 22702 MiB, 199.63 W, 74
2026/08/05 17:36:02.442, 100 %, 22702 MiB, 198.28 W, 73
2026/08/05 17:37:02.450, 100 %, 22702 MiB, 199.76 W, 74
2026/08/05 17:38:02.461, 87 %, 22702 MiB, 200.03 W, 74
2026/08/05 17:39:02.470, 100 %, 22702 MiB, 199.75 W, 75
2026/08/05 17:40:02.476, 97 %, 22702 MiB, 199.97 W, 75
2026/08/05 17:41:02.484, 100 %, 22702 MiB, 200.40 W, 74
2026/08/05 17:42:02.490, 100 %, 22702 MiB, 203.08 W, 74
2026/08/05 17:43:02.506, 97 %, 22702 MiB, 200.01 W, 74
2026/08/05 17:44:02.514, 100 %, 22702 MiB, 199.94 W, 73
2026/08/05 17:45:02.521, 92 %, 22702 MiB, 200.02 W, 74
2026/08/05 17:46:02.527, 100 %, 22702 MiB, 200.17 W, 75
2026/08/05 17:47:02.534, 100 %, 22702 MiB, 199.91 W, 74
2026/08/05 17:48:02.542, 100 %, 22702 MiB, 198.85 W, 75
2026/08/05 17:49:02.548, 100 %, 22702 MiB, 200.03 W, 74
2026/08/05 17:50:02.555, 61 %, 22702 MiB, 199.88 W, 75
2026/08/05 17:51:02.563, 100 %, 22702 MiB, 199.80 W, 75
2026/08/05 17:52:02.571, 97 %, 22702 MiB, 199.79 W, 74
2026/08/05 17:53:02.578, 100 %, 22702 MiB, 196.44 W, 75
2026/08/05 17:54:02.586, 100 %, 22702 MiB, 204.70 W, 72
2026/08/05 17:55:02.593, 100 %, 22702 MiB, 199.94 W, 74
2026/08/05 17:56:02.608, 100 %, 22702 MiB, 200.26 W, 74
2026/08/05 17:57:02.615, 75 %, 22702 MiB, 199.77 W, 74
2026/08/05 17:58:02.622, 100 %, 22702 MiB, 199.84 W, 74
2026/08/05 17:59:02.630, 97 %, 22702 MiB, 203.01 W, 75
2026/08/05 18:00:02.637, 88 %, 22702 MiB, 200.05 W, 74
2026/08/05 18:01:02.643, 100 %, 22702 MiB, 196.71 W, 72
2026/08/05 18:02:02.649, 97 %, 22702 MiB, 199.69 W, 75
2026/08/05 18:03:02.656, 100 %, 22702 MiB, 200.01 W, 75
2026/08/05 18:04:02.662, 100 %, 22702 MiB, 198.56 W, 73
2026/08/05 18:05:02.669, 100 %, 22702 MiB, 198.36 W, 76
2026/08/05 18:06:02.676, 100 %, 22702 MiB, 204.17 W, 74
2026/08/05 18:07:02.684, 88 %, 22702 MiB, 199.86 W, 74
2026/08/05 18:08:02.703, 100 %, 22702 MiB, 199.60 W, 75
2026/08/05 18:09:02.711, 98 %, 22702 MiB, 196.16 W, 75
2026/08/05 18:10:02.718, 97 %, 22702 MiB, 201.26 W, 74
2026/08/05 18:11:02.725, 98 %, 22702 MiB, 200.66 W, 74
2026/08/05 18:12:02.732, 100 %, 22702 MiB, 200.23 W, 75
2026/08/05 18:13:02.738, 100 %, 22702 MiB, 199.42 W, 76
2026/08/05 18:14:02.745, 99 %, 22702 MiB, 199.09 W, 76
2026/08/05 18:15:02.752, 97 %, 22702 MiB, 200.97 W, 74
2026/08/05 18:16:02.758, 100 %, 22702 MiB, 199.96 W, 75
2026/08/05 18:17:02.766, 78 %, 22702 MiB, 199.99 W, 74
2026/08/05 18:18:02.774, 100 %, 22702 MiB, 199.59 W, 74
2026/08/05 18:19:02.781, 100 %, 22702 MiB, 199.15 W, 75
2026/08/05 18:20:02.789, 100 %, 22702 MiB, 203.54 W, 74
2026/08/05 18:21:02.804, 0 %, 22702 MiB, 44.92 W, 63
2026/08/05 18:22:02.818, 77 %, 22702 MiB, 199.96 W, 75
2026/08/05 18:23:02.824, 100 %, 22702 MiB, 199.27 W, 76
2026/08/05 18:24:02.832, 97 %, 22702 MiB, 201.63 W, 75
2026/08/05 18:25:02.839, 100 %, 22702 MiB, 199.34 W, 74
2026/08/05 18:26:02.846, 100 %, 22702 MiB, 199.94 W, 75
2026/08/05 18:27:02.853, 100 %, 22702 MiB, 199.77 W, 75
2026/08/05 18:28:02.861, 97 %, 22702 MiB, 199.67 W, 75
2026/08/05 18:29:02.867, 97 %, 22702 MiB, 200.77 W, 75
2026/08/05 18:30:02.874, 100 %, 22702 MiB, 199.49 W, 74
2026/08/05 18:31:02.879, 100 %, 22702 MiB, 199.99 W, 75
2026/08/05 18:32:02.888, 96 %, 22702 MiB, 200.78 W, 75
2026/08/05 18:33:02.905, 97 %, 22702 MiB, 200.04 W, 74
2026/08/05 18:34:02.914, 100 %, 22702 MiB, 200.01 W, 75
2026/08/05 18:35:02.921, 100 %, 22702 MiB, 199.65 W, 74
2026/08/05 18:36:02.929, 100 %, 22702 MiB, 200.25 W, 73
2026/08/05 18:37:02.937, 96 %, 22702 MiB, 200.03 W, 74
2026/08/05 18:38:02.948, 68 %, 22702 MiB, 200.05 W, 74
2026/08/05 18:39:02.955, 100 %, 22702 MiB, 199.33 W, 74
2026/08/05 18:40:02.962, 97 %, 22702 MiB, 199.81 W, 75
2026/08/05 18:41:02.970, 100 %, 22702 MiB, 200.41 W, 75
2026/08/05 18:42:02.976, 100 %, 22702 MiB, 199.73 W, 74
2026/08/05 18:43:02.984, 69 %, 22702 MiB, 200.05 W, 75
2026/08/05 18:44:02.992, 100 %, 22702 MiB, 199.91 W, 75
2026/08/05 18:45:03.008, 97 %, 22702 MiB, 199.57 W, 75
2026/08/05 18:46:03.016, 100 %, 22702 MiB, 196.39 W, 74
2026/08/05 18:47:03.023, 97 %, 22702 MiB, 200.52 W, 75
2026/08/05 18:48:03.032, 99 %, 22702 MiB, 200.10 W, 74
2026/08/05 18:49:03.040, 97 %, 22702 MiB, 200.81 W, 75
2026/08/05 18:50:03.047, 97 %, 22702 MiB, 199.80 W, 74
2026/08/05 18:51:03.055, 100 %, 22702 MiB, 199.92 W, 74
2026/08/05 18:52:03.062, 100 %, 22702 MiB, 199.85 W, 75
2026/08/05 18:53:03.069, 97 %, 22702 MiB, 199.59 W, 75
2026/08/05 18:54:03.077, 100 %, 22702 MiB, 198.48 W, 76
2026/08/05 18:55:03.084, 97 %, 22702 MiB, 200.48 W, 74
2026/08/05 18:56:03.092, 100 %, 22702 MiB, 203.64 W, 73
2026/08/05 18:57:03.106, 100 %, 22702 MiB, 200.32 W, 75
2026/08/05 18:58:03.114, 75 %, 22702 MiB, 199.61 W, 74
2026/08/05 18:59:03.121, 100 %, 22702 MiB, 199.68 W, 75
2026/08/05 19:00:03.129, 97 %, 22702 MiB, 202.21 W, 74
2026/08/05 19:01:03.137, 100 %, 22702 MiB, 199.67 W, 73
2026/08/05 19:02:03.145, 100 %, 22702 MiB, 200.01 W, 75
2026/08/05 19:03:03.152, 85 %, 22702 MiB, 200.04 W, 75
2026/08/05 19:04:03.160, 100 %, 22702 MiB, 200.12 W, 75
2026/08/05 19:05:03.167, 100 %, 22702 MiB, 202.92 W, 75
2026/08/05 19:06:03.175, 97 %, 22702 MiB, 199.88 W, 74
2026/08/05 19:07:03.183, 100 %, 22702 MiB, 199.94 W, 75
2026/08/05 19:08:03.193, 71 %, 22702 MiB, 199.76 W, 74
2026/08/05 19:09:03.206, 79 %, 22702 MiB, 199.71 W, 74
2026/08/05 19:10:03.214, 100 %, 22702 MiB, 199.43 W, 76
2026/08/05 19:11:03.222, 97 %, 22702 MiB, 201.91 W, 75
2026/08/05 19:12:03.229, 100 %, 22702 MiB, 199.70 W, 74
2026/08/05 19:13:03.236, 98 %, 22702 MiB, 199.96 W, 74
2026/08/05 19:14:03.245, 90 %, 22702 MiB, 200.17 W, 75
2026/08/05 19:15:03.252, 100 %, 22702 MiB, 196.29 W, 75
2026/08/05 19:16:03.259, 100 %, 22702 MiB, 199.71 W, 75
2026/08/05 19:17:03.267, 71 %, 22702 MiB, 199.49 W, 75
2026/08/05 19:18:03.274, 100 %, 22702 MiB, 199.91 W, 75
2026/08/05 19:19:03.281, 100 %, 22702 MiB, 198.65 W, 76
2026/08/05 19:20:03.289, 100 %, 22702 MiB, 201.73 W, 74
2026/08/05 19:21:03.303, 98 %, 22702 MiB, 200.77 W, 74
2026/08/05 19:22:03.310, 100 %, 22702 MiB, 203.39 W, 74
2026/08/05 19:23:03.319, 100 %, 22702 MiB, 199.74 W, 74
2026/08/05 19:24:03.325, 97 %, 22702 MiB, 199.40 W, 75
2026/08/05 19:25:03.332, 97 %, 22702 MiB, 200.43 W, 74
2026/08/05 19:26:03.339, 100 %, 22702 MiB, 200.13 W, 73
2026/08/05 19:27:03.348, 100 %, 22702 MiB, 199.59 W, 75
2026/08/05 19:28:03.355, 97 %, 22702 MiB, 200.66 W, 74
2026/08/05 19:29:03.362, 100 %, 22702 MiB, 200.03 W, 74
2026/08/05 19:30:03.369, 100 %, 22702 MiB, 199.56 W, 74
2026/08/05 19:31:03.493, 81 %, 22702 MiB, 200.01 W, 74
2026/08/05 19:32:03.507, 100 %, 22702 MiB, 200.17 W, 74
2026/08/05 19:33:03.514, 100 %, 22702 MiB, 199.82 W, 75
2026/08/05 19:34:03.521, 98 %, 22702 MiB, 199.55 W, 74
2026/08/05 19:35:03.529, 100 %, 22702 MiB, 198.85 W, 76
2026/08/05 19:36:03.537, 100 %, 22702 MiB, 200.47 W, 75
2026/08/05 19:37:03.544, 100 %, 22702 MiB, 200.37 W, 74
2026/08/05 19:38:03.553, 97 %, 22702 MiB, 200.06 W, 73
2026/08/05 19:39:03.560, 100 %, 22702 MiB, 200.05 W, 74
2026/08/05 19:40:03.568, 100 %, 22702 MiB, 199.74 W, 74
2026/08/05 19:41:03.576, 65 %, 22702 MiB, 200.05 W, 74
2026/08/05 19:42:03.583, 100 %, 22702 MiB, 199.93 W, 75
2026/08/05 19:43:03.591, 100 %, 22702 MiB, 201.31 W, 74
2026/08/05 19:44:03.606, 96 %, 22702 MiB, 200.99 W, 74
2026/08/05 19:45:03.616, 100 %, 22702 MiB, 199.91 W, 75
2026/08/05 19:46:03.624, 78 %, 22702 MiB, 200.20 W, 75
2026/08/05 19:47:03.631, 100 %, 22702 MiB, 199.26 W, 75
2026/08/05 19:48:03.638, 100 %, 22702 MiB, 199.99 W, 74
2026/08/05 19:49:03.645, 66 %, 22702 MiB, 200.04 W, 75
2026/08/05 19:50:03.652, 100 %, 22702 MiB, 199.71 W, 74
2026/08/05 19:51:03.661, 100 %, 22702 MiB, 199.12 W, 75
2026/08/05 19:52:03.667, 100 %, 22702 MiB, 202.22 W, 75
2026/08/05 19:53:03.673, 61 %, 22702 MiB, 199.75 W, 73
2026/08/05 19:54:03.681, 100 %, 22702 MiB, 199.56 W, 75
2026/08/05 19:55:03.687, 100 %, 22702 MiB, 199.31 W, 76
2026/08/05 19:56:03.703, 97 %, 22702 MiB, 200.46 W, 74
2026/08/05 19:57:03.711, 100 %, 22702 MiB, 200.13 W, 74
2026/08/05 19:58:03.718, 100 %, 22702 MiB, 200.01 W, 75
2026/08/05 19:59:03.726, 100 %, 22702 MiB, 199.74 W, 73
2026/08/05 20:00:03.734, 100 %, 22702 MiB, 199.53 W, 74
2026/08/05 20:01:03.748, 100 %, 22702 MiB, 199.07 W, 75
2026/08/05 20:02:03.755, 97 %, 22702 MiB, 200.79 W, 75
2026/08/05 20:03:03.762, 97 %, 22702 MiB, 200.05 W, 74
2026/08/05 20:04:03.769, 96 %, 22702 MiB, 199.10 W, 73
2026/08/05 20:05:03.777, 100 %, 22702 MiB, 199.18 W, 72
2026/08/05 20:06:03.785, 100 %, 22702 MiB, 199.76 W, 74
2026/08/05 20:07:03.792, 97 %, 22702 MiB, 199.83 W, 74
2026/08/05 20:08:03.808, 100 %, 22702 MiB, 200.00 W, 74
2026/08/05 20:09:03.815, 100 %, 22702 MiB, 199.38 W, 74
2026/08/05 20:10:03.822, 97 %, 22702 MiB, 200.72 W, 74
2026/08/05 20:11:03.830, 100 %, 22702 MiB, 199.80 W, 75
2026/08/05 20:12:03.838, 97 %, 22702 MiB, 199.11 W, 74
2026/08/05 20:13:03.845, 100 %, 22702 MiB, 200.36 W, 74
2026/08/05 20:14:03.853, 100 %, 22702 MiB, 199.75 W, 75
2026/08/05 20:15:03.860, 100 %, 22702 MiB, 199.79 W, 73
2026/08/05 20:16:03.867, 100 %, 22702 MiB, 199.64 W, 74
2026/08/05 20:17:03.874, 97 %, 22702 MiB, 204.25 W, 74
2026/08/05 20:18:03.881, 100 %, 22702 MiB, 199.78 W, 74
2026/08/05 20:19:03.888, 100 %, 22702 MiB, 198.79 W, 74
2026/08/05 20:20:03.903, 100 %, 22702 MiB, 199.96 W, 73
2026/08/05 20:21:03.915, 100 %, 22702 MiB, 199.91 W, 74
2026/08/05 20:22:03.922, 100 %, 22702 MiB, 199.64 W, 74
2026/08/05 20:23:03.931, 100 %, 22702 MiB, 200.34 W, 75
2026/08/05 20:24:03.943, 100 %, 22702 MiB, 199.79 W, 74
2026/08/05 20:25:03.953, 100 %, 22702 MiB, 198.34 W, 75
2026/08/05 20:26:03.961, 97 %, 22702 MiB, 199.76 W, 74
2026/08/05 20:27:03.973, 90 %, 22702 MiB, 200.02 W, 74
2026/08/05 20:28:03.981, 91 %, 22702 MiB, 200.25 W, 74
2026/08/05 20:29:03.989, 100 %, 22702 MiB, 199.80 W, 75
2026/08/05 20:30:04.006, 100 %, 22702 MiB, 198.76 W, 76
2026/08/05 20:31:04.032, 100 %, 22702 MiB, 199.55 W, 75
2026/08/05 20:32:04.039, 63 %, 22702 MiB, 200.05 W, 75
2026/08/05 20:33:04.047, 100 %, 22702 MiB, 199.93 W, 74
2026/08/05 20:34:04.061, 100 %, 22702 MiB, 199.71 W, 74
2026/08/05 20:35:04.069, 97 %, 22702 MiB, 199.83 W, 75
2026/08/05 20:36:04.076, 100 %, 22702 MiB, 196.16 W, 74
2026/08/05 20:37:04.089, 97 %, 22702 MiB, 200.04 W, 74
2026/08/05 20:38:04.106, 100 %, 22702 MiB, 199.88 W, 74
2026/08/05 20:39:04.116, 76 %, 22702 MiB, 199.84 W, 73
2026/08/05 20:40:04.124, 100 %, 22702 MiB, 200.07 W, 75
2026/08/05 20:41:04.134, 100 %, 22702 MiB, 199.39 W, 74
2026/08/05 20:42:04.144, 100 %, 22702 MiB, 199.98 W, 74
2026/08/05 20:43:04.151, 97 %, 22702 MiB, 200.10 W, 75
2026/08/05 20:44:04.158, 100 %, 22702 MiB, 200.09 W, 73
2026/08/05 20:45:04.166, 62 %, 22702 MiB, 199.96 W, 75
2026/08/05 20:46:04.173, 100 %, 22702 MiB, 200.08 W, 75
2026/08/05 20:47:04.181, 97 %, 22702 MiB, 199.46 W, 73
2026/08/05 20:48:04.188, 100 %, 22702 MiB, 197.76 W, 73
2026/08/05 20:49:04.202, 100 %, 22702 MiB, 202.19 W, 74
2026/08/05 20:50:04.210, 100 %, 22702 MiB, 199.90 W, 74
2026/08/05 20:51:04.218, 98 %, 22702 MiB, 200.00 W, 74
2026/08/05 20:52:04.226, 100 %, 22702 MiB, 199.80 W, 74
2026/08/05 20:53:04.233, 100 %, 22702 MiB, 199.50 W, 75
2026/08/05 20:54:04.241, 97 %, 22702 MiB, 199.51 W, 75
2026/08/05 20:55:04.249, 100 %, 22702 MiB, 198.01 W, 73
2026/08/05 20:56:04.257, 100 %, 22702 MiB, 199.95 W, 74
2026/08/05 20:57:04.264, 100 %, 22702 MiB, 202.59 W, 75
2026/08/05 20:58:04.271, 93 %, 22702 MiB, 200.03 W, 74
2026/08/05 20:59:04.279, 100 %, 22702 MiB, 199.94 W, 75
2026/08/05 21:00:04.286, 96 %, 22963 MiB, 199.21 W, 75
2026/08/05 21:01:04.293, 100 %, 22702 MiB, 196.81 W, 74
2026/08/05 21:02:04.306, 97 %, 22702 MiB, 203.52 W, 74
2026/08/05 21:03:04.314, 100 %, 22702 MiB, 199.77 W, 74
2026/08/05 21:04:04.322, 61 %, 22702 MiB, 199.76 W, 74
2026/08/05 21:05:04.327, 100 %, 22702 MiB, 199.48 W, 74
2026/08/05 21:06:04.333, 100 %, 22702 MiB, 200.74 W, 74
2026/08/05 21:07:04.340, 100 %, 22702 MiB, 199.72 W, 74
2026/08/05 21:08:04.348, 97 %, 22702 MiB, 200.01 W, 74
2026/08/05 21:09:04.356, 100 %, 22702 MiB, 200.07 W, 74
2026/08/05 21:10:04.364, 100 %, 22702 MiB, 200.01 W, 74
2026/08/05 21:11:04.371, 100 %, 22702 MiB, 199.48 W, 75
2026/08/05 21:12:04.378, 70 %, 22702 MiB, 200.03 W, 74
2026/08/05 21:13:04.385, 69 %, 22702 MiB, 199.91 W, 74
2026/08/05 21:14:04.392, 100 %, 22702 MiB, 199.91 W, 73
2026/08/05 21:15:04.406, 97 %, 22702 MiB, 199.61 W, 74
2026/08/05 21:16:04.524, 100 %, 22702 MiB, 198.52 W, 76
2026/08/05 21:17:04.531, 97 %, 22702 MiB, 201.11 W, 74
2026/08/05 21:18:04.538, 100 %, 22702 MiB, 200.62 W, 74
2026/08/05 21:19:04.546, 100 %, 22702 MiB, 199.68 W, 74
2026/08/05 21:20:04.553, 100 %, 22702 MiB, 199.98 W, 75
2026/08/05 21:21:04.561, 71 %, 22702 MiB, 200.05 W, 75
2026/08/05 21:22:04.569, 100 %, 22702 MiB, 199.91 W, 75
2026/08/05 21:23:04.577, 100 %, 22702 MiB, 199.99 W, 74
2026/08/05 21:24:04.584, 100 %, 22702 MiB, 199.57 W, 75
2026/08/05 21:25:04.591, 100 %, 22702 MiB, 200.78 W, 74
2026/08/05 21:26:04.607, 100 %, 22702 MiB, 199.95 W, 75
2026/08/05 21:27:04.615, 100 %, 22702 MiB, 200.04 W, 73
2026/08/05 21:28:04.623, 98 %, 22702 MiB, 200.02 W, 74
2026/08/05 21:29:04.632, 98 %, 22702 MiB, 200.12 W, 74
2026/08/05 21:30:04.640, 100 %, 22702 MiB, 199.92 W, 74
2026/08/05 21:31:04.648, 97 %, 22702 MiB, 199.53 W, 75
2026/08/05 21:32:04.656, 100 %, 22702 MiB, 199.70 W, 75
2026/08/05 21:33:04.664, 100 %, 22702 MiB, 197.43 W, 74
2026/08/05 21:34:04.672, 97 %, 22702 MiB, 201.90 W, 74
2026/08/05 21:35:04.679, 100 %, 22702 MiB, 203.00 W, 73
2026/08/05 21:36:04.687, 100 %, 22702 MiB, 199.74 W, 74
2026/08/05 21:37:04.701, 100 %, 22702 MiB, 199.92 W, 75
2026/08/05 21:38:04.710, 97 %, 22702 MiB, 199.59 W, 74
2026/08/05 21:39:04.716, 100 %, 22702 MiB, 197.23 W, 74
2026/08/05 21:40:04.723, 97 %, 22702 MiB, 200.73 W, 74
2026/08/05 21:41:04.730, 100 %, 22702 MiB, 200.01 W, 73
2026/08/05 21:42:04.736, 100 %, 22702 MiB, 199.58 W, 74
2026/08/05 21:43:04.743, 71 %, 22702 MiB, 200.08 W, 73
2026/08/05 21:44:04.750, 78 %, 22702 MiB, 200.03 W, 75
2026/08/05 21:45:04.758, 100 %, 22702 MiB, 200.11 W, 74
2026/08/05 21:46:04.766, 100 %, 22702 MiB, 199.93 W, 75
2026/08/05 21:47:04.772, 100 %, 22702 MiB, 197.30 W, 75
2026/08/05 21:48:04.780, 100 %, 22702 MiB, 198.60 W, 76
2026/08/05 21:49:04.787, 100 %, 22702 MiB, 196.88 W, 74
2026/08/05 21:50:04.802, 97 %, 22702 MiB, 200.48 W, 74
2026/08/05 21:51:04.808, 100 %, 22702 MiB, 200.53 W, 75
2026/08/05 21:52:04.815, 100 %, 22702 MiB, 199.66 W, 74
2026/08/05 21:53:04.822, 100 %, 22702 MiB, 200.01 W, 74
2026/08/05 21:54:04.830, 98 %, 22702 MiB, 199.99 W, 74
2026/08/05 21:55:04.838, 97 %, 22702 MiB, 200.09 W, 74
2026/08/05 21:56:04.846, 100 %, 22702 MiB, 200.07 W, 75
2026/08/05 21:57:04.854, 100 %, 22702 MiB, 200.16 W, 74
2026/08/05 21:58:04.862, 100 %, 22702 MiB, 200.06 W, 74
2026/08/05 21:59:04.869, 100 %, 22702 MiB, 199.73 W, 75
2026/08/05 22:00:04.877, 67 %, 22702 MiB, 200.07 W, 74
2026/08/05 22:01:04.885, 100 %, 22702 MiB, 199.70 W, 74
2026/08/05 22:02:04.892, 97 %, 22702 MiB, 199.37 W, 75
2026/08/05 22:03:04.905, 100 %, 22702 MiB, 197.89 W, 75
2026/08/05 22:04:04.912, 97 %, 22702 MiB, 201.19 W, 74
2026/08/05 22:05:04.920, 100 %, 22702 MiB, 199.96 W, 75
2026/08/05 22:06:04.929, 100 %, 22702 MiB, 199.55 W, 75
2026/08/05 22:07:04.936, 100 %, 22702 MiB, 199.47 W, 73
2026/08/05 22:08:04.943, 100 %, 22702 MiB, 199.57 W, 73
2026/08/05 22:09:04.949, 100 %, 22702 MiB, 199.60 W, 74
2026/08/05 22:10:04.956, 100 %, 22702 MiB, 199.41 W, 74
2026/08/05 22:11:04.963, 97 %, 22702 MiB, 199.58 W, 74
2026/08/05 22:12:04.970, 100 %, 22702 MiB, 199.56 W, 74
2026/08/05 22:13:04.977, 98 %, 22702 MiB, 199.88 W, 74
2026/08/05 22:14:04.984, 100 %, 22702 MiB, 199.81 W, 74
2026/08/05 22:15:04.992, 97 %, 22702 MiB, 200.07 W, 74
2026/08/05 22:16:05.007, 100 %, 22702 MiB, 200.06 W, 74
2026/08/05 22:17:05.015, 100 %, 22702 MiB, 199.70 W, 74
2026/08/05 22:18:05.022, 65 %, 22702 MiB, 200.09 W, 74
2026/08/05 22:19:05.030, 92 %, 22702 MiB, 200.20 W, 74
2026/08/05 22:20:05.036, 100 %, 22702 MiB, 199.05 W, 75
2026/08/05 22:21:05.043, 98 %, 22702 MiB, 204.29 W, 75
2026/08/05 22:22:05.049, 84 %, 22702 MiB, 199.93 W, 74
2026/08/05 22:23:05.056, 100 %, 22702 MiB, 197.44 W, 76
2026/08/05 22:24:05.063, 100 %, 22702 MiB, 203.57 W, 74
2026/08/05 22:25:05.070, 100 %, 22702 MiB, 199.21 W, 74
2026/08/05 22:26:05.077, 100 %, 22702 MiB, 199.54 W, 74
2026/08/05 22:27:05.083, 100 %, 22702 MiB, 199.52 W, 75
2026/08/05 22:28:05.092, 97 %, 22702 MiB, 200.53 W, 75
2026/08/05 22:29:05.105, 100 %, 22702 MiB, 202.57 W, 75
2026/08/05 22:30:05.112, 99 %, 22702 MiB, 199.95 W, 74
2026/08/05 22:31:05.120, 100 %, 22702 MiB, 199.73 W, 76
2026/08/05 22:32:05.127, 97 %, 22702 MiB, 200.41 W, 75
2026/08/05 22:33:05.136, 96 %, 22702 MiB, 199.41 W, 75
2026/08/05 22:34:05.142, 71 %, 22702 MiB, 200.01 W, 74
2026/08/05 22:35:05.148, 100 %, 22702 MiB, 200.08 W, 72
2026/08/05 22:36:05.156, 100 %, 22702 MiB, 199.68 W, 74
2026/08/05 22:37:05.163, 96 %, 22702 MiB, 199.40 W, 73
2026/08/05 22:38:05.171, 97 %, 22702 MiB, 199.64 W, 74
2026/08/05 22:39:05.178, 98 %, 22702 MiB, 199.73 W, 73
2026/08/05 22:40:05.185, 100 %, 22702 MiB, 199.86 W, 74
2026/08/05 22:41:05.192, 100 %, 22702 MiB, 202.43 W, 74
2026/08/05 22:42:05.207, 97 %, 22702 MiB, 202.76 W, 74
2026/08/05 22:43:05.215, 100 %, 22702 MiB, 200.26 W, 74
2026/08/05 22:44:05.222, 100 %, 22702 MiB, 199.87 W, 74
2026/08/05 22:45:05.229, 86 %, 22702 MiB, 199.93 W, 74
2026/08/05 22:46:05.236, 97 %, 22702 MiB, 199.36 W, 74
2026/08/05 22:47:05.244, 97 %, 22702 MiB, 203.61 W, 74
2026/08/05 22:48:05.251, 97 %, 22702 MiB, 200.04 W, 73
2026/08/05 22:49:05.257, 97 %, 22702 MiB, 199.99 W, 74
2026/08/05 22:50:05.265, 100 %, 22702 MiB, 199.89 W, 74
2026/08/05 22:51:05.272, 71 %, 22702 MiB, 200.07 W, 74
2026/08/05 22:52:05.280, 59 %, 22702 MiB, 199.77 W, 74
2026/08/05 22:53:05.286, 100 %, 22702 MiB, 199.12 W, 75
2026/08/05 22:54:05.301, 100 %, 22702 MiB, 199.21 W, 74
2026/08/05 22:55:05.308, 59 %, 22702 MiB, 199.85 W, 73
2026/08/05 22:56:05.316, 97 %, 22702 MiB, 199.51 W, 74
2026/08/05 22:57:05.322, 100 %, 22702 MiB, 199.66 W, 74
2026/08/05 22:58:05.330, 100 %, 22702 MiB, 199.71 W, 74
2026/08/05 22:59:05.336, 96 %, 22702 MiB, 200.55 W, 74
2026/08/05 23:00:05.344, 99 %, 22702 MiB, 200.24 W, 74
2026/08/05 23:01:05.350, 100 %, 22702 MiB, 199.61 W, 75
2026/08/05 23:02:05.356, 100 %, 22702 MiB, 199.02 W, 72
2026/08/05 23:03:05.362, 100 %, 22702 MiB, 199.72 W, 75
2026/08/05 23:04:05.369, 100 %, 22702 MiB, 198.62 W, 77
2026/08/05 23:05:05.376, 100 %, 22702 MiB, 203.88 W, 75
2026/08/05 23:06:05.383, 55 %, 22702 MiB, 199.15 W, 75
2026/08/05 23:07:05.391, 97 %, 22702 MiB, 199.90 W, 75
2026/08/05 23:08:05.404, 100 %, 22702 MiB, 202.89 W, 75
2026/08/05 23:09:05.412, 100 %, 22702 MiB, 199.71 W, 75
2026/08/05 23:10:05.419, 100 %, 22702 MiB, 199.76 W, 75
2026/08/05 23:11:05.426, 100 %, 22702 MiB, 200.79 W, 75
2026/08/05 23:12:05.433, 100 %, 22702 MiB, 200.07 W, 75
2026/08/05 23:13:05.440, 97 %, 22702 MiB, 199.43 W, 75
2026/08/05 23:14:05.447, 98 %, 22702 MiB, 202.07 W, 75
2026/08/05 23:15:05.454, 100 %, 22702 MiB, 199.77 W, 75
2026/08/05 23:16:05.461, 100 %, 22702 MiB, 199.39 W, 75
2026/08/05 23:17:05.468, 97 %, 22702 MiB, 200.45 W, 75
2026/08/05 23:18:05.475, 98 %, 22702 MiB, 200.05 W, 74
2026/08/05 23:19:05.482, 100 %, 22702 MiB, 199.96 W, 75
2026/08/05 23:20:05.488, 97 %, 22702 MiB, 201.16 W, 75
2026/08/05 23:21:05.502, 100 %, 22702 MiB, 199.50 W, 75
2026/08/05 23:22:05.512, 100 %, 22702 MiB, 198.59 W, 75
2026/08/05 23:23:05.523, 97 %, 22702 MiB, 199.79 W, 74
2026/08/05 23:24:05.530, 100 %, 22702 MiB, 199.52 W, 74
2026/08/05 23:25:05.537, 100 %, 22702 MiB, 199.87 W, 74
2026/08/05 23:26:05.543, 70 %, 22702 MiB, 199.91 W, 73
2026/08/05 23:27:05.550, 100 %, 22702 MiB, 199.65 W, 74
2026/08/05 23:28:05.557, 98 %, 22702 MiB, 200.52 W, 74
2026/08/05 23:29:05.564, 100 %, 22702 MiB, 199.66 W, 74
2026/08/05 23:30:05.570, 97 %, 22702 MiB, 200.05 W, 74
2026/08/05 23:31:05.577, 100 %, 22702 MiB, 199.57 W, 75
2026/08/05 23:32:05.584, 100 %, 22702 MiB, 197.37 W, 73
2026/08/05 23:33:05.599, 97 %, 22702 MiB, 199.99 W, 75
2026/08/05 23:34:05.606, 100 %, 22702 MiB, 199.88 W, 75
2026/08/05 23:35:05.613, 100 %, 22702 MiB, 200.67 W, 75
2026/08/05 23:36:05.621, 100 %, 22702 MiB, 199.88 W, 75
2026/08/05 23:37:05.627, 100 %, 22702 MiB, 200.06 W, 75
2026/08/05 23:38:05.635, 100 %, 22702 MiB, 197.26 W, 75
2026/08/05 23:39:05.641, 97 %, 22702 MiB, 199.99 W, 75
2026/08/05 23:40:05.647, 100 %, 22702 MiB, 199.50 W, 75
2026/08/05 23:41:05.657, 100 %, 22702 MiB, 203.84 W, 75
2026/08/05 23:42:05.665, 75 %, 22702 MiB, 199.65 W, 75
2026/08/05 23:43:05.672, 100 %, 22702 MiB, 200.46 W, 74
2026/08/05 23:44:05.680, 100 %, 22702 MiB, 200.10 W, 75
2026/08/05 23:45:05.688, 100 %, 22702 MiB, 199.73 W, 74
2026/08/05 23:46:05.704, 100 %, 22702 MiB, 198.51 W, 77
2026/08/05 23:47:05.712, 100 %, 22702 MiB, 201.51 W, 74
2026/08/05 23:48:05.719, 100 %, 22702 MiB, 199.99 W, 75
2026/08/05 23:49:05.726, 100 %, 22702 MiB, 199.96 W, 74
2026/08/05 23:50:05.734, 97 %, 22702 MiB, 200.64 W, 75
2026/08/05 23:51:05.744, 74 %, 22702 MiB, 200.02 W, 74
2026/08/05 23:52:05.752, 100 %, 22702 MiB, 199.94 W, 75
2026/08/05 23:53:05.760, 100 %, 22702 MiB, 200.35 W, 73
2026/08/05 23:54:05.769, 100 %, 22702 MiB, 199.82 W, 74
2026/08/05 23:55:05.777, 69 %, 22702 MiB, 200.01 W, 74
2026/08/05 23:56:05.787, 100 %, 22702 MiB, 199.77 W, 74
2026/08/05 23:57:05.805, 100 %, 22702 MiB, 200.28 W, 75
2026/08/05 23:58:05.814, 100 %, 22702 MiB, 200.27 W, 75
2026/08/05 23:59:05.822, 68 %, 22702 MiB, 200.01 W, 75
2026/08/06 00:00:05.830, 100 %, 22702 MiB, 199.84 W, 75
2026/08/06 00:01:05.840, 100 %, 22702 MiB, 197.75 W, 75
2026/08/06 00:02:05.849, 98 %, 22702 MiB, 200.62 W, 74
2026/08/06 00:03:05.858, 100 %, 22702 MiB, 199.60 W, 73
2026/08/06 00:04:05.868, 100 %, 22702 MiB, 199.99 W, 75
2026/08/06 00:05:05.880, 100 %, 22702 MiB, 200.04 W, 75
2026/08/06 00:06:05.889, 97 %, 22702 MiB, 199.50 W, 75
2026/08/06 00:07:05.909, 100 %, 22702 MiB, 137.57 W, 71
2026/08/06 00:08:05.920, 100 %, 22702 MiB, 199.74 W, 74
2026/08/06 00:09:05.929, 71 %, 22702 MiB, 199.86 W, 74
2026/08/06 00:10:05.939, 100 %, 22702 MiB, 199.70 W, 75
2026/08/06 00:11:05.947, 98 %, 22702 MiB, 199.67 W, 75
2026/08/06 00:12:05.956, 100 %, 22702 MiB, 197.45 W, 73
2026/08/06 00:13:05.965, 100 %, 22702 MiB, 199.95 W, 74
2026/08/06 00:14:05.975, 63 %, 22702 MiB, 200.05 W, 73
2026/08/06 00:15:05.984, 100 %, 22702 MiB, 199.76 W, 74
2026/08/06 00:16:06.003, 97 %, 22702 MiB, 199.60 W, 75
2026/08/06 00:17:06.011, 100 %, 22702 MiB, 199.60 W, 73
2026/08/06 00:18:06.020, 100 %, 22702 MiB, 199.70 W, 73
2026/08/06 00:19:06.029, 100 %, 22702 MiB, 199.80 W, 75
2026/08/06 00:20:06.038, 83 %, 22702 MiB, 200.05 W, 74
2026/08/06 00:21:06.046, 100 %, 22702 MiB, 199.87 W, 75
2026/08/06 00:22:06.056, 97 %, 22702 MiB, 199.78 W, 74
2026/08/06 00:23:06.064, 100 %, 22702 MiB, 199.75 W, 75
2026/08/06 00:24:06.074, 100 %, 22702 MiB, 199.68 W, 74
2026/08/06 00:25:06.083, 100 %, 22702 MiB, 199.52 W, 75
2026/08/06 00:26:06.101, 100 %, 22702 MiB, 198.93 W, 75
2026/08/06 00:27:06.109, 97 %, 22702 MiB, 203.62 W, 75
2026/08/06 00:28:06.118, 100 %, 22702 MiB, 199.78 W, 74
2026/08/06 00:29:06.126, 97 %, 22702 MiB, 199.26 W, 75
2026/08/06 00:30:06.135, 97 %, 22702 MiB, 200.79 W, 75
2026/08/06 00:31:06.144, 80 %, 22702 MiB, 199.76 W, 74
2026/08/06 00:32:06.154, 100 %, 22702 MiB, 199.29 W, 76
2026/08/06 00:33:06.164, 100 %, 22702 MiB, 201.26 W, 75
2026/08/06 00:34:06.172, 99 %, 22702 MiB, 191.22 W, 69
2026/08/06 00:35:06.181, 100 %, 22702 MiB, 198.99 W, 73
2026/08/06 00:36:06.190, 100 %, 22702 MiB, 199.65 W, 75
2026/08/06 00:37:06.208, 86 %, 22702 MiB, 199.76 W, 74
2026/08/06 00:38:06.219, 100 %, 22702 MiB, 199.89 W, 75
2026/08/06 00:39:06.230, 100 %, 22702 MiB, 199.58 W, 73
2026/08/06 00:40:06.239, 81 %, 22702 MiB, 199.70 W, 74
2026/08/06 00:41:06.249, 84 %, 22702 MiB, 200.21 W, 74
2026/08/06 00:42:06.259, 97 %, 22702 MiB, 199.47 W, 75
2026/08/06 00:43:06.269, 100 %, 22702 MiB, 201.68 W, 74
2026/08/06 00:44:06.277, 97 %, 22702 MiB, 200.03 W, 75
2026/08/06 00:45:06.286, 100 %, 22702 MiB, 199.19 W, 74
2026/08/06 00:46:06.304, 98 %, 22702 MiB, 202.88 W, 74
2026/08/06 00:47:06.314, 98 %, 22702 MiB, 200.02 W, 74
2026/08/06 00:48:06.323, 81 %, 22702 MiB, 199.03 W, 75
2026/08/06 00:49:06.334, 100 %, 22702 MiB, 199.06 W, 75
2026/08/06 00:50:06.344, 100 %, 22702 MiB, 202.80 W, 75
2026/08/06 00:51:06.353, 73 %, 22702 MiB, 199.99 W, 74
2026/08/06 00:52:06.363, 97 %, 22702 MiB, 199.43 W, 75
2026/08/06 00:53:06.374, 100 %, 22702 MiB, 198.82 W, 74
2026/08/06 00:54:06.384, 100 %, 22702 MiB, 199.81 W, 75
2026/08/06 00:55:06.402, 100 %, 22702 MiB, 198.90 W, 74
2026/08/06 00:56:06.411, 100 %, 22702 MiB, 200.85 W, 72
2026/08/06 00:57:06.420, 100 %, 22702 MiB, 203.40 W, 75
2026/08/06 00:58:06.430, 100 %, 22702 MiB, 199.84 W, 74
2026/08/06 00:59:06.440, 100 %, 22702 MiB, 199.62 W, 75
2026/08/06 01:00:06.450, 100 %, 22702 MiB, 197.03 W, 75
2026/08/06 01:01:06.460, 100 %, 22702 MiB, 202.18 W, 74
2026/08/06 01:02:06.470, 100 %, 22702 MiB, 199.98 W, 74
2026/08/06 01:03:06.481, 90 %, 22702 MiB, 199.98 W, 74
2026/08/06 01:04:06.489, 98 %, 22702 MiB, 199.69 W, 75
2026/08/06 01:05:06.506, 96 %, 22702 MiB, 200.71 W, 75
2026/08/06 01:06:06.515, 100 %, 22702 MiB, 196.33 W, 72
2026/08/06 01:07:06.525, 100 %, 22702 MiB, 199.84 W, 75
2026/08/06 01:08:06.538, 59 %, 22702 MiB, 199.69 W, 74
2026/08/06 01:09:06.547, 100 %, 22702 MiB, 199.92 W, 75
2026/08/06 01:10:06.558, 100 %, 22702 MiB, 199.06 W, 76
2026/08/06 01:11:06.567, 97 %, 22702 MiB, 200.59 W, 75
2026/08/06 01:12:06.576, 100 %, 22702 MiB, 200.02 W, 73
2026/08/06 01:13:06.585, 67 %, 22702 MiB, 200.02 W, 74
2026/08/06 01:14:06.603, 100 %, 22702 MiB, 199.48 W, 76
2026/08/06 01:15:06.611, 100 %, 22702 MiB, 202.91 W, 74
2026/08/06 01:16:06.623, 90 %, 22702 MiB, 199.51 W, 74
2026/08/06 01:17:06.633, 96 %, 22702 MiB, 203.81 W, 75
2026/08/06 01:18:06.651, 100 %, 22702 MiB, 199.81 W, 73
2026/08/06 01:19:06.660, 96 %, 22702 MiB, 198.73 W, 75
2026/08/06 01:20:06.670, 100 %, 22702 MiB, 199.43 W, 75
2026/08/06 01:21:06.680, 81 %, 22702 MiB, 199.74 W, 74
2026/08/06 01:22:06.690, 100 %, 22702 MiB, 199.60 W, 75
2026/08/06 01:23:06.707, 100 %, 22702 MiB, 199.95 W, 74
2026/08/06 01:24:06.716, 97 %, 22702 MiB, 200.07 W, 75
2026/08/06 01:25:06.726, 100 %, 22702 MiB, 200.05 W, 75
2026/08/06 01:26:06.736, 100 %, 22702 MiB, 200.09 W, 75
2026/08/06 01:27:06.745, 100 %, 22702 MiB, 199.78 W, 75
2026/08/06 01:28:06.755, 100 %, 22702 MiB, 200.46 W, 74
2026/08/06 01:29:06.765, 98 %, 22702 MiB, 199.78 W, 74
2026/08/06 01:30:06.773, 100 %, 22702 MiB, 199.86 W, 75
2026/08/06 01:31:06.780, 100 %, 22702 MiB, 199.97 W, 74
2026/08/06 01:32:06.789, 97 %, 22702 MiB, 199.60 W, 74
2026/08/06 01:33:06.805, 100 %, 22702 MiB, 203.54 W, 74
2026/08/06 01:34:06.816, 100 %, 22702 MiB, 200.11 W, 74
2026/08/06 01:35:06.824, 100 %, 22702 MiB, 199.62 W, 75
2026/08/06 01:36:06.835, 100 %, 22702 MiB, 202.04 W, 75
2026/08/06 01:37:06.845, 100 %, 22702 MiB, 200.00 W, 75
2026/08/06 01:38:06.855, 87 %, 22702 MiB, 200.22 W, 75
2026/08/06 01:39:06.864, 97 %, 22702 MiB, 199.55 W, 74
2026/08/06 01:40:06.875, 98 %, 22702 MiB, 200.00 W, 74
2026/08/06 01:41:06.884, 72 %, 22702 MiB, 200.00 W, 74
2026/08/06 01:42:06.900, 100 %, 22702 MiB, 199.92 W, 74
2026/08/06 01:43:06.909, 100 %, 22702 MiB, 197.83 W, 72
2026/08/06 01:44:06.918, 97 %, 22702 MiB, 200.01 W, 75
2026/08/06 01:45:06.930, 97 %, 22702 MiB, 199.37 W, 74
2026/08/06 01:46:06.940, 100 %, 22702 MiB, 197.20 W, 73
2026/08/06 01:47:06.949, 97 %, 22702 MiB, 200.88 W, 74
2026/08/06 01:48:06.959, 100 %, 22702 MiB, 199.57 W, 74
2026/08/06 01:49:06.968, 100 %, 22702 MiB, 200.00 W, 74
2026/08/06 01:50:06.978, 100 %, 22702 MiB, 199.41 W, 73
2026/08/06 01:51:06.988, 100 %, 22702 MiB, 199.94 W, 74
2026/08/06 01:52:07.009, 100 %, 22702 MiB, 200.05 W, 73
2026/08/06 01:53:07.019, 97 %, 22702 MiB, 200.15 W, 74
2026/08/06 01:54:07.030, 100 %, 22702 MiB, 199.99 W, 73
2026/08/06 01:55:07.038, 100 %, 22702 MiB, 199.98 W, 74
2026/08/06 01:56:07.048, 74 %, 22702 MiB, 197.37 W, 72
2026/08/06 01:57:07.060, 69 %, 22702 MiB, 197.02 W, 74
2026/08/06 01:58:07.070, 69 %, 22702 MiB, 197.23 W, 74
2026/08/06 01:59:07.080, 85 %, 22702 MiB, 198.76 W, 72
2026/08/06 02:00:07.088, 76 %, 22702 MiB, 198.21 W, 72
2026/08/06 02:01:07.107, 100 %, 22702 MiB, 200.15 W, 73
2026/08/06 02:02:07.117, 100 %, 22702 MiB, 200.03 W, 73
2026/08/06 02:03:07.127, 100 %, 22702 MiB, 200.02 W, 73
2026/08/06 02:04:07.137, 100 %, 22702 MiB, 199.86 W, 73
2026/08/06 02:05:07.146, 97 %, 22702 MiB, 199.44 W, 73
2026/08/06 02:06:07.157, 97 %, 22702 MiB, 199.87 W, 74
2026/08/06 02:07:07.166, 100 %, 22702 MiB, 200.22 W, 73
2026/08/06 02:08:07.178, 100 %, 22702 MiB, 200.02 W, 73
2026/08/06 02:09:07.187, 100 %, 22702 MiB, 199.98 W, 73
2026/08/06 02:10:07.204, 100 %, 22702 MiB, 200.03 W, 74
2026/08/06 02:11:07.215, 100 %, 22702 MiB, 200.04 W, 74
2026/08/06 02:12:07.224, 100 %, 22702 MiB, 199.61 W, 74
2026/08/06 02:13:07.233, 100 %, 22702 MiB, 199.57 W, 74
2026/08/06 02:14:07.243, 100 %, 22702 MiB, 199.69 W, 74
2026/08/06 02:15:07.252, 61 %, 22702 MiB, 196.63 W, 74
2026/08/06 02:16:07.261, 90 %, 22702 MiB, 199.42 W, 72
2026/08/06 02:17:07.271, 100 %, 22702 MiB, 199.42 W, 73
2026/08/06 02:18:07.279, 100 %, 22702 MiB, 199.75 W, 73
2026/08/06 02:19:07.288, 100 %, 22702 MiB, 199.68 W, 74
2026/08/06 02:20:07.306, 60 %, 22702 MiB, 195.31 W, 74
2026/08/06 02:21:07.316, 100 %, 22702 MiB, 199.76 W, 75
2026/08/06 02:22:07.325, 100 %, 22702 MiB, 199.64 W, 75
2026/08/06 02:23:07.334, 100 %, 22702 MiB, 201.46 W, 74
2026/08/06 02:24:07.344, 100 %, 22702 MiB, 199.72 W, 75
2026/08/06 02:25:07.352, 73 %, 22702 MiB, 197.96 W, 72
2026/08/06 02:26:07.361, 100 %, 22702 MiB, 199.85 W, 75
2026/08/06 02:27:07.369, 100 %, 22702 MiB, 199.85 W, 74
2026/08/06 02:28:07.379, 68 %, 22702 MiB, 197.42 W, 72
2026/08/06 02:29:07.387, 100 %, 22702 MiB, 199.51 W, 74
2026/08/06 02:30:07.404, 100 %, 22702 MiB, 199.96 W, 74
2026/08/06 02:31:07.414, 100 %, 22702 MiB, 203.55 W, 74
2026/08/06 02:32:07.424, 97 %, 22702 MiB, 199.48 W, 74
2026/08/06 02:33:07.434, 90 %, 22702 MiB, 197.92 W, 76
2026/08/06 02:34:07.444, 100 %, 22702 MiB, 199.58 W, 75
2026/08/06 02:35:07.453, 67 %, 22702 MiB, 197.34 W, 73
2026/08/06 02:36:07.461, 100 %, 22702 MiB, 199.92 W, 75
2026/08/06 02:37:07.469, 100 %, 22702 MiB, 199.71 W, 75
2026/08/06 02:38:07.479, 100 %, 22702 MiB, 200.00 W, 75
2026/08/06 02:39:07.488, 100 %, 22702 MiB, 199.49 W, 75
2026/08/06 02:40:07.505, 97 %, 22702 MiB, 204.09 W, 73
2026/08/06 02:41:07.560, 100 %, 22702 MiB, 199.79 W, 74
2026/08/06 02:42:07.569, 72 %, 22702 MiB, 197.30 W, 72
2026/08/06 02:43:07.578, 100 %, 22702 MiB, 199.93 W, 75
2026/08/06 02:44:07.587, 99 %, 22702 MiB, 200.09 W, 74
2026/08/06 02:45:07.603, 100 %, 22702 MiB, 199.58 W, 75
2026/08/06 02:46:07.614, 100 %, 22702 MiB, 202.12 W, 75
2026/08/06 02:47:07.625, 97 %, 22702 MiB, 199.78 W, 74
2026/08/06 02:48:07.635, 97 %, 22702 MiB, 199.87 W, 75
2026/08/06 02:49:07.644, 100 %, 22702 MiB, 199.93 W, 74
2026/08/06 02:50:07.656, 100 %, 22702 MiB, 200.75 W, 74
2026/08/06 02:51:07.665, 98 %, 22702 MiB, 202.53 W, 75
2026/08/06 02:52:07.674, 100 %, 22702 MiB, 200.09 W, 74
2026/08/06 02:53:07.683, 100 %, 22702 MiB, 199.52 W, 74
2026/08/06 02:54:07.700, 100 %, 22702 MiB, 200.20 W, 75
2026/08/06 02:55:07.710, 69 %, 22702 MiB, 197.37 W, 75
2026/08/06 02:56:07.721, 0 %, 2 MiB, 4.99 W, 50
2026/08/06 02:57:07.730, 0 %, 2 MiB, 4.04 W, 40
2026/08/06 02:58:07.739, 0 %, 2 MiB, 3.98 W, 36
2026/08/06 02:59:07.748, 0 %, 2 MiB, 4.08 W, 34
2026/08/06 03:00:07.757, 0 %, 2 MiB, 5.87 W, 34
2026/08/06 03:01:07.766, 0 %, 2 MiB, 3.85 W, 33
2026/08/06 03:02:07.774, 0 %, 690 MiB, 3.79 W, 33
2026/08/06 03:03:07.784, 0 %, 19490 MiB, 22.98 W, 38
2026/08/06 03:04:07.800, 98 %, 19878 MiB, 200.27 W, 70
2026/08/06 03:05:07.810, 100 %, 19878 MiB, 200.15 W, 73
2026/08/06 03:06:07.821, 100 %, 19878 MiB, 199.97 W, 74
2026/08/06 03:07:07.830, 97 %, 19878 MiB, 199.68 W, 74
2026/08/06 03:08:07.841, 100 %, 19878 MiB, 200.26 W, 76
2026/08/06 03:09:07.850, 100 %, 19878 MiB, 199.39 W, 76
2026/08/06 03:10:07.859, 100 %, 19878 MiB, 199.74 W, 75
2026/08/06 03:11:07.869, 100 %, 19878 MiB, 201.83 W, 76
2026/08/06 03:12:07.878, 100 %, 19878 MiB, 200.13 W, 76
2026/08/06 03:13:07.888, 99 %, 19878 MiB, 200.51 W, 75
2026/08/06 03:14:07.905, 100 %, 19878 MiB, 200.20 W, 75
2026/08/06 03:15:07.915, 97 %, 19878 MiB, 199.84 W, 75
2026/08/06 03:16:07.925, 100 %, 19878 MiB, 200.00 W, 75
2026/08/06 03:17:07.935, 100 %, 19878 MiB, 199.97 W, 75
2026/08/06 03:18:07.944, 100 %, 19878 MiB, 199.99 W, 75
2026/08/06 03:19:07.953, 100 %, 19878 MiB, 200.21 W, 75
2026/08/06 03:20:07.963, 100 %, 19878 MiB, 200.00 W, 75
2026/08/06 03:21:07.974, 100 %, 19878 MiB, 200.01 W, 75
2026/08/06 03:22:07.983, 100 %, 19878 MiB, 200.20 W, 75
2026/08/06 03:23:08.003, 0 %, 19878 MiB, 29.48 W, 60
2026/08/06 03:24:08.013, 100 %, 19878 MiB, 200.15 W, 75
2026/08/06 03:25:08.024, 98 %, 19878 MiB, 199.83 W, 75
2026/08/06 03:26:08.033, 100 %, 19878 MiB, 200.01 W, 75
2026/08/06 03:27:08.043, 100 %, 19878 MiB, 199.96 W, 75
2026/08/06 03:28:08.050, 98 %, 19878 MiB, 199.91 W, 75
2026/08/06 03:29:08.059, 98 %, 19878 MiB, 199.64 W, 75
2026/08/06 03:30:08.067, 100 %, 19878 MiB, 199.98 W, 76
2026/08/06 03:31:08.076, 100 %, 19878 MiB, 200.22 W, 75
2026/08/06 03:32:08.086, 98 %, 19878 MiB, 199.90 W, 75
2026/08/06 03:33:08.103, 100 %, 19878 MiB, 200.01 W, 73
2026/08/06 03:34:08.114, 98 %, 19878 MiB, 199.91 W, 75
2026/08/06 03:35:08.123, 100 %, 19878 MiB, 199.98 W, 75
2026/08/06 03:36:08.135, 98 %, 19878 MiB, 199.90 W, 75
2026/08/06 03:37:08.144, 100 %, 19878 MiB, 199.93 W, 75
2026/08/06 03:38:08.156, 100 %, 19878 MiB, 200.01 W, 75
2026/08/06 03:39:08.165, 100 %, 19878 MiB, 200.00 W, 75
2026/08/06 03:40:08.174, 97 %, 19878 MiB, 199.76 W, 76
2026/08/06 03:41:08.183, 98 %, 19878 MiB, 199.95 W, 75
2026/08/06 03:42:08.191, 100 %, 19878 MiB, 200.23 W, 75
2026/08/06 03:43:08.207, 100 %, 19878 MiB, 199.81 W, 75
2026/08/06 03:44:08.217, 100 %, 19878 MiB, 200.05 W, 75
2026/08/06 03:45:08.230, 100 %, 19878 MiB, 200.02 W, 76
2026/08/06 03:46:08.239, 100 %, 19878 MiB, 200.31 W, 75
2026/08/06 03:47:08.250, 100 %, 19878 MiB, 199.76 W, 75
2026/08/06 03:48:08.258, 98 %, 19878 MiB, 199.83 W, 75
2026/08/06 03:49:08.269, 98 %, 19878 MiB, 199.72 W, 76
2026/08/06 03:50:08.279, 100 %, 19878 MiB, 199.98 W, 75
2026/08/06 03:51:08.290, 100 %, 19878 MiB, 200.09 W, 75
2026/08/06 03:52:08.304, 100 %, 19878 MiB, 200.07 W, 75
2026/08/06 03:53:08.314, 100 %, 19878 MiB, 202.08 W, 74
2026/08/06 03:54:08.324, 100 %, 19878 MiB, 200.12 W, 75
2026/08/06 03:55:08.333, 100 %, 19878 MiB, 202.16 W, 76
2026/08/06 03:56:08.350, 96 %, 19878 MiB, 199.70 W, 74
2026/08/06 03:57:08.362, 97 %, 19878 MiB, 200.94 W, 75
2026/08/06 03:58:08.373, 76 %, 19878 MiB, 198.05 W, 74
2026/08/06 03:59:08.382, 96 %, 19878 MiB, 201.49 W, 75
2026/08/06 04:00:08.391, 60 %, 19878 MiB, 196.51 W, 74
2026/08/06 04:01:08.406, 98 %, 19878 MiB, 200.21 W, 76
2026/08/06 04:02:08.417, 77 %, 19878 MiB, 198.60 W, 77
2026/08/06 04:03:08.427, 98 %, 19878 MiB, 199.80 W, 75
2026/08/06 04:04:08.436, 100 %, 19878 MiB, 199.98 W, 75
2026/08/06 04:05:08.446, 100 %, 19878 MiB, 200.19 W, 75
2026/08/06 04:06:08.454, 100 %, 19878 MiB, 202.25 W, 76
2026/08/06 04:07:08.464, 76 %, 19878 MiB, 197.98 W, 77
2026/08/06 04:08:08.478, 100 %, 19878 MiB, 200.27 W, 75
2026/08/06 04:09:08.488, 100 %, 19878 MiB, 199.94 W, 75
2026/08/06 04:10:08.506, 100 %, 19878 MiB, 200.31 W, 75
2026/08/06 04:11:08.518, 100 %, 19878 MiB, 199.95 W, 75
2026/08/06 04:12:08.528, 97 %, 19878 MiB, 199.94 W, 75
2026/08/06 04:13:08.538, 100 %, 19878 MiB, 199.98 W, 74
2026/08/06 04:14:08.548, 100 %, 19878 MiB, 200.30 W, 75
2026/08/06 04:15:08.556, 100 %, 19878 MiB, 200.09 W, 75
2026/08/06 04:16:08.566, 100 %, 19878 MiB, 200.02 W, 75
2026/08/06 04:17:08.576, 100 %, 19878 MiB, 200.00 W, 75
2026/08/06 04:18:08.585, 100 %, 19878 MiB, 199.96 W, 75
2026/08/06 04:19:08.601, 84 %, 19878 MiB, 198.86 W, 74
2026/08/06 04:20:08.610, 100 %, 19878 MiB, 200.27 W, 75
2026/08/06 04:21:08.618, 100 %, 19878 MiB, 199.90 W, 75
2026/08/06 04:22:08.626, 100 %, 19878 MiB, 200.29 W, 75
2026/08/06 04:23:08.635, 100 %, 19878 MiB, 200.03 W, 75
2026/08/06 04:24:08.643, 98 %, 19878 MiB, 199.94 W, 76
2026/08/06 04:25:08.653, 100 %, 19878 MiB, 199.99 W, 75
2026/08/06 04:26:08.662, 63 %, 19878 MiB, 197.20 W, 76
2026/08/06 04:27:08.670, 100 %, 19878 MiB, 201.19 W, 75
2026/08/06 04:28:08.679, 100 %, 19878 MiB, 200.02 W, 76
2026/08/06 04:29:08.687, 100 %, 19878 MiB, 201.74 W, 76
2026/08/06 04:30:08.703, 100 %, 19878 MiB, 199.99 W, 75
2026/08/06 04:31:08.712, 100 %, 19878 MiB, 199.96 W, 75
2026/08/06 04:32:08.720, 100 %, 19878 MiB, 199.96 W, 76
2026/08/06 04:33:08.727, 100 %, 19878 MiB, 199.98 W, 75
2026/08/06 04:34:08.736, 100 %, 19878 MiB, 200.26 W, 76
2026/08/06 04:35:08.744, 100 %, 19878 MiB, 199.95 W, 76
2026/08/06 04:36:08.753, 100 %, 19878 MiB, 200.18 W, 75
2026/08/06 04:37:08.760, 100 %, 19878 MiB, 200.07 W, 75
2026/08/06 04:38:08.770, 98 %, 19878 MiB, 199.82 W, 75
2026/08/06 04:39:08.778, 100 %, 19878 MiB, 200.02 W, 74
2026/08/06 04:40:08.786, 100 %, 19878 MiB, 200.00 W, 75
2026/08/06 04:41:08.801, 100 %, 19878 MiB, 200.10 W, 75
2026/08/06 04:42:08.809, 100 %, 19878 MiB, 199.97 W, 75
2026/08/06 04:43:08.817, 100 %, 19878 MiB, 199.99 W, 75
2026/08/06 04:44:08.825, 98 %, 19878 MiB, 199.91 W, 76
2026/08/06 04:45:08.831, 100 %, 19878 MiB, 200.00 W, 75
2026/08/06 04:46:08.838, 100 %, 19878 MiB, 200.28 W, 76
2026/08/06 04:47:08.845, 100 %, 19878 MiB, 199.97 W, 75
2026/08/06 04:48:08.853, 100 %, 19878 MiB, 199.98 W, 75
2026/08/06 04:49:08.860, 100 %, 19878 MiB, 200.01 W, 75
2026/08/06 04:50:08.868, 100 %, 19878 MiB, 200.24 W, 75
2026/08/06 04:51:08.876, 100 %, 19878 MiB, 199.79 W, 76
2026/08/06 04:52:08.883, 99 %, 19878 MiB, 200.38 W, 75
2026/08/06 04:53:08.890, 100 %, 19878 MiB, 199.99 W, 75
2026/08/06 04:54:08.904, 100 %, 19878 MiB, 200.29 W, 75
2026/08/06 04:55:08.911, 100 %, 19878 MiB, 199.98 W, 75
2026/08/06 04:56:08.919, 100 %, 19878 MiB, 199.97 W, 76
2026/08/06 04:57:08.928, 100 %, 19878 MiB, 200.39 W, 75
2026/08/06 04:58:08.935, 100 %, 19878 MiB, 199.94 W, 75
2026/08/06 04:59:08.942, 100 %, 19878 MiB, 200.29 W, 75
2026/08/06 05:00:08.950, 98 %, 19878 MiB, 199.94 W, 76
2026/08/06 05:01:08.958, 98 %, 19878 MiB, 199.91 W, 75
2026/08/06 05:02:08.966, 100 %, 19878 MiB, 104.15 W, 70
2026/08/06 05:03:08.974, 100 %, 19878 MiB, 200.00 W, 75
2026/08/06 05:04:08.981, 100 %, 19878 MiB, 199.43 W, 75
2026/08/06 05:05:08.989, 100 %, 19878 MiB, 200.21 W, 75
2026/08/06 05:06:09.007, 66 %, 19878 MiB, 197.22 W, 74
2026/08/06 05:07:09.014, 100 %, 19878 MiB, 202.55 W, 76
2026/08/06 05:08:09.022, 97 %, 19878 MiB, 199.89 W, 74
2026/08/06 05:09:09.030, 100 %, 19878 MiB, 200.08 W, 75
2026/08/06 05:10:09.038, 97 %, 19878 MiB, 199.91 W, 75
2026/08/06 05:11:09.046, 100 %, 19878 MiB, 199.82 W, 75
2026/08/06 05:12:09.054, 100 %, 19878 MiB, 199.85 W, 75
2026/08/06 05:13:09.062, 100 %, 19878 MiB, 200.12 W, 75
2026/08/06 05:14:09.070, 73 %, 19878 MiB, 198.39 W, 77
2026/08/06 05:15:09.078, 100 %, 19878 MiB, 202.69 W, 75
2026/08/06 05:16:09.085, 100 %, 19878 MiB, 171.90 W, 75
2026/08/06 05:17:09.101, 98 %, 19878 MiB, 199.86 W, 75
2026/08/06 05:18:09.109, 100 %, 19878 MiB, 199.99 W, 75
2026/08/06 05:19:09.118, 98 %, 19878 MiB, 199.83 W, 76
2026/08/06 05:20:09.124, 100 %, 19878 MiB, 200.04 W, 75
2026/08/06 05:21:09.131, 100 %, 19878 MiB, 199.65 W, 75
2026/08/06 05:22:09.140, 100 %, 19878 MiB, 199.73 W, 74
2026/08/06 05:23:09.148, 100 %, 19878 MiB, 200.15 W, 75
2026/08/06 05:24:09.156, 57 %, 19878 MiB, 199.75 W, 77
2026/08/06 05:25:09.163, 98 %, 19878 MiB, 200.17 W, 75
2026/08/06 05:26:09.172, 100 %, 19878 MiB, 200.03 W, 76
2026/08/06 05:27:09.179, 100 %, 19878 MiB, 200.01 W, 75
2026/08/06 05:28:09.188, 98 %, 19878 MiB, 199.92 W, 76
2026/08/06 05:29:09.205, 100 %, 19878 MiB, 200.21 W, 75
2026/08/06 05:30:09.213, 100 %, 19878 MiB, 199.98 W, 76
2026/08/06 05:31:09.222, 100 %, 19878 MiB, 199.77 W, 75
2026/08/06 05:32:09.230, 83 %, 19878 MiB, 198.86 W, 73
2026/08/06 05:33:09.238, 100 %, 19878 MiB, 200.22 W, 75
2026/08/06 05:34:09.245, 100 %, 19878 MiB, 200.20 W, 76
2026/08/06 05:35:09.252, 100 %, 19878 MiB, 199.56 W, 76
2026/08/06 05:36:09.259, 100 %, 19878 MiB, 200.34 W, 75
2026/08/06 05:37:09.267, 100 %, 19878 MiB, 200.01 W, 75
2026/08/06 05:38:09.276, 98 %, 19878 MiB, 200.36 W, 75
2026/08/06 05:39:09.284, 98 %, 19878 MiB, 199.71 W, 75
2026/08/06 05:40:09.292, 97 %, 19878 MiB, 199.85 W, 75
2026/08/06 05:41:09.304, 98 %, 19878 MiB, 199.91 W, 75
2026/08/06 05:42:09.311, 98 %, 19878 MiB, 200.09 W, 74
2026/08/06 05:43:09.319, 100 %, 19878 MiB, 199.98 W, 76
2026/08/06 05:44:09.326, 97 %, 19878 MiB, 199.85 W, 76
2026/08/06 05:45:09.333, 100 %, 19878 MiB, 199.98 W, 75
2026/08/06 05:46:09.340, 98 %, 19878 MiB, 199.87 W, 76
2026/08/06 05:47:09.348, 100 %, 19878 MiB, 200.11 W, 76
2026/08/06 05:48:09.355, 78 %, 19878 MiB, 198.30 W, 74
2026/08/06 05:49:09.363, 100 %, 19878 MiB, 200.00 W, 75
2026/08/06 05:50:09.370, 98 %, 19878 MiB, 200.01 W, 76
2026/08/06 05:51:09.378, 100 %, 19878 MiB, 199.73 W, 75
2026/08/06 05:52:09.386, 100 %, 19878 MiB, 200.03 W, 75
2026/08/06 05:53:09.400, 100 %, 19878 MiB, 200.04 W, 76
2026/08/06 05:54:09.408, 100 %, 19878 MiB, 200.22 W, 76
2026/08/06 05:55:09.416, 98 %, 19878 MiB, 199.94 W, 76
2026/08/06 05:56:09.423, 100 %, 19878 MiB, 199.98 W, 75
2026/08/06 05:57:09.432, 100 %, 19878 MiB, 200.01 W, 75
2026/08/06 05:58:09.440, 100 %, 19878 MiB, 200.11 W, 75
2026/08/06 05:59:09.447, 100 %, 19878 MiB, 199.99 W, 76
2026/08/06 06:00:09.454, 97 %, 19878 MiB, 199.98 W, 75
2026/08/06 06:01:09.464, 98 %, 19878 MiB, 199.88 W, 75
2026/08/06 06:02:09.473, 100 %, 19878 MiB, 201.87 W, 74
2026/08/06 06:03:09.481, 100 %, 19878 MiB, 199.99 W, 75
2026/08/06 06:04:09.489, 100 %, 19878 MiB, 200.05 W, 75
2026/08/06 06:05:09.505, 100 %, 19878 MiB, 200.01 W, 74
2026/08/06 06:06:09.513, 100 %, 19878 MiB, 200.20 W, 75
2026/08/06 06:07:09.520, 100 %, 19878 MiB, 199.99 W, 75
2026/08/06 06:08:09.529, 98 %, 19878 MiB, 199.91 W, 75
2026/08/06 06:09:09.536, 100 %, 19878 MiB, 200.27 W, 75
2026/08/06 06:10:09.545, 100 %, 19878 MiB, 200.01 W, 76
2026/08/06 06:11:09.552, 100 %, 19878 MiB, 200.22 W, 75
2026/08/06 06:12:09.560, 100 %, 19878 MiB, 200.13 W, 75
2026/08/06 06:13:09.568, 100 %, 19878 MiB, 200.00 W, 75
2026/08/06 06:14:09.575, 100 %, 19878 MiB, 199.96 W, 75
2026/08/06 06:15:09.583, 97 %, 19878 MiB, 199.55 W, 75
2026/08/06 06:16:09.591, 99 %, 19878 MiB, 200.21 W, 74
2026/08/06 06:17:09.606, 100 %, 19878 MiB, 199.54 W, 75
2026/08/06 06:18:09.613, 100 %, 19878 MiB, 200.32 W, 75
2026/08/06 06:19:09.621, 98 %, 19878 MiB, 199.61 W, 76
2026/08/06 06:20:09.629, 100 %, 19878 MiB, 200.01 W, 75
2026/08/06 06:21:09.636, 81 %, 19878 MiB, 199.15 W, 76
2026/08/06 06:22:09.644, 100 %, 19878 MiB, 199.99 W, 74
2026/08/06 06:23:09.652, 100 %, 19878 MiB, 200.05 W, 74
2026/08/06 06:24:09.659, 100 %, 19878 MiB, 199.97 W, 75
2026/08/06 06:25:09.667, 77 %, 19878 MiB, 198.43 W, 76
2026/08/06 06:26:09.675, 100 %, 19878 MiB, 199.97 W, 75
2026/08/06 06:27:09.682, 98 %, 19878 MiB, 200.02 W, 75
2026/08/06 06:28:09.690, 100 %, 19878 MiB, 199.93 W, 74
2026/08/06 06:29:09.708, 100 %, 19878 MiB, 200.02 W, 75
2026/08/06 06:30:09.715, 100 %, 19878 MiB, 200.02 W, 75
2026/08/06 06:31:09.724, 100 %, 19878 MiB, 200.12 W, 75
2026/08/06 06:32:09.731, 100 %, 19878 MiB, 200.69 W, 75
2026/08/06 06:33:09.739, 100 %, 19878 MiB, 199.97 W, 75
2026/08/06 06:34:09.747, 100 %, 19878 MiB, 201.24 W, 76
2026/08/06 06:35:09.756, 98 %, 19878 MiB, 199.86 W, 75
2026/08/06 06:36:09.765, 100 %, 19878 MiB, 200.23 W, 75
2026/08/06 06:37:09.773, 98 %, 19878 MiB, 199.75 W, 75
2026/08/06 06:38:09.781, 100 %, 19878 MiB, 200.18 W, 76
2026/08/06 06:39:09.789, 100 %, 19878 MiB, 200.10 W, 76
2026/08/06 06:40:09.805, 100 %, 19878 MiB, 199.93 W, 74
2026/08/06 06:41:09.814, 98 %, 19878 MiB, 200.21 W, 75
2026/08/06 06:42:09.822, 100 %, 19878 MiB, 200.01 W, 74
2026/08/06 06:43:09.830, 100 %, 19878 MiB, 199.96 W, 75
2026/08/06 06:44:09.838, 100 %, 19878 MiB, 200.29 W, 76
2026/08/06 06:45:09.845, 99 %, 19878 MiB, 200.17 W, 74
2026/08/06 06:46:09.854, 100 %, 19878 MiB, 200.01 W, 75
2026/08/06 06:47:09.862, 100 %, 19878 MiB, 200.25 W, 76
2026/08/06 06:48:09.870, 97 %, 19878 MiB, 199.83 W, 76
2026/08/06 06:49:09.879, 100 %, 19878 MiB, 200.02 W, 76
2026/08/06 06:50:09.885, 98 %, 19878 MiB, 199.80 W, 76
2026/08/06 06:51:09.901, 100 %, 19878 MiB, 199.82 W, 76
2026/08/06 06:52:09.909, 100 %, 19878 MiB, 200.21 W, 75
2026/08/06 06:53:09.919, 100 %, 19878 MiB, 200.20 W, 76
2026/08/06 06:54:09.927, 100 %, 19878 MiB, 200.01 W, 75
2026/08/06 06:55:09.934, 100 %, 19878 MiB, 200.03 W, 75
2026/08/06 06:56:09.942, 100 %, 19878 MiB, 199.95 W, 75
2026/08/06 06:57:09.949, 98 %, 19878 MiB, 200.54 W, 75
2026/08/06 06:58:09.957, 100 %, 19878 MiB, 199.96 W, 75
2026/08/06 06:59:09.964, 100 %, 19878 MiB, 200.00 W, 75
2026/08/06 07:00:09.972, 100 %, 19878 MiB, 200.27 W, 74
2026/08/06 07:01:09.979, 98 %, 19878 MiB, 199.82 W, 75
2026/08/06 07:02:09.987, 100 %, 19878 MiB, 200.01 W, 75
2026/08/06 07:03:10.005, 100 %, 19878 MiB, 202.47 W, 75
2026/08/06 07:04:10.014, 98 %, 19878 MiB, 200.20 W, 74
2026/08/06 07:05:10.023, 98 %, 19878 MiB, 199.74 W, 75
2026/08/06 07:06:10.030, 100 %, 19878 MiB, 199.99 W, 75
2026/08/06 07:07:10.038, 98 %, 19878 MiB, 199.73 W, 75
2026/08/06 07:08:10.044, 100 %, 19878 MiB, 199.97 W, 76
2026/08/06 07:09:10.051, 100 %, 19878 MiB, 199.95 W, 75
2026/08/06 07:10:10.059, 100 %, 19878 MiB, 200.16 W, 75
2026/08/06 07:11:10.067, 70 %, 19878 MiB, 197.78 W, 75
2026/08/06 07:12:10.075, 97 %, 19878 MiB, 199.70 W, 75
2026/08/06 07:13:10.082, 100 %, 19878 MiB, 200.30 W, 75
2026/08/06 07:14:10.090, 97 %, 19878 MiB, 199.86 W, 76
2026/08/06 07:15:10.106, 100 %, 19878 MiB, 199.74 W, 76
2026/08/06 07:16:10.113, 100 %, 19878 MiB, 200.15 W, 75
2026/08/06 07:17:10.120, 81 %, 19878 MiB, 199.62 W, 77
2026/08/06 07:18:10.128, 98 %, 19878 MiB, 200.20 W, 76
2026/08/06 07:19:10.135, 95 %, 19878 MiB, 199.61 W, 74
2026/08/06 07:20:10.145, 100 %, 19878 MiB, 200.04 W, 76
2026/08/06 07:21:10.152, 0 %, 19878 MiB, 34.70 W, 61
2026/08/06 07:22:10.161, 100 %, 19878 MiB, 199.99 W, 75
2026/08/06 07:23:10.167, 100 %, 19878 MiB, 200.03 W, 76
2026/08/06 07:24:10.174, 98 %, 19878 MiB, 199.80 W, 75
2026/08/06 07:25:10.182, 100 %, 19878 MiB, 199.85 W, 75
2026/08/06 07:26:10.190, 98 %, 19878 MiB, 200.62 W, 75
2026/08/06 07:27:10.206, 100 %, 19878 MiB, 200.29 W, 75
2026/08/06 07:28:10.214, 97 %, 19878 MiB, 199.82 W, 75
2026/08/06 07:29:10.221, 100 %, 19878 MiB, 199.98 W, 76
2026/08/06 07:30:10.229, 98 %, 19878 MiB, 199.84 W, 75
2026/08/06 07:31:10.236, 87 %, 19878 MiB, 198.97 W, 71
2026/08/06 07:32:10.244, 100 %, 19878 MiB, 200.29 W, 74
2026/08/06 07:33:10.251, 100 %, 19878 MiB, 200.06 W, 74
2026/08/06 07:34:10.259, 100 %, 19878 MiB, 203.10 W, 75
2026/08/06 07:35:10.267, 98 %, 19878 MiB, 199.93 W, 75
2026/08/06 07:36:10.275, 100 %, 19878 MiB, 199.96 W, 75
2026/08/06 07:37:10.282, 100 %, 19878 MiB, 200.02 W, 75
2026/08/06 07:38:10.290, 97 %, 19878 MiB, 199.70 W, 75
2026/08/06 07:39:10.307, 98 %, 19878 MiB, 199.90 W, 75
2026/08/06 07:40:10.314, 100 %, 19878 MiB, 200.02 W, 75
2026/08/06 07:41:10.323, 100 %, 19878 MiB, 200.00 W, 73
2026/08/06 07:42:10.330, 98 %, 19878 MiB, 199.76 W, 74
2026/08/06 07:43:10.337, 100 %, 19878 MiB, 199.54 W, 75
2026/08/06 07:44:10.345, 98 %, 19878 MiB, 200.09 W, 75
2026/08/06 07:45:10.352, 100 %, 19878 MiB, 200.28 W, 75
2026/08/06 07:46:10.360, 100 %, 19878 MiB, 200.02 W, 75
2026/08/06 07:47:10.368, 100 %, 19878 MiB, 200.26 W, 75
2026/08/06 07:48:10.376, 100 %, 19878 MiB, 200.12 W, 74
2026/08/06 07:49:10.384, 98 %, 19878 MiB, 199.93 W, 75
2026/08/06 07:50:10.392, 98 %, 19878 MiB, 199.87 W, 75
2026/08/06 07:51:10.407, 100 %, 19878 MiB, 199.99 W, 74
2026/08/06 07:52:10.414, 97 %, 19878 MiB, 199.80 W, 74
2026/08/06 07:53:10.421, 100 %, 19878 MiB, 199.81 W, 76
2026/08/06 07:54:10.430, 100 %, 19878 MiB, 200.05 W, 75
2026/08/06 07:55:10.438, 100 %, 19878 MiB, 199.79 W, 76
2026/08/06 07:56:10.448, 100 %, 19878 MiB, 200.01 W, 75
2026/08/06 07:57:10.455, 86 %, 19878 MiB, 198.99 W, 74
2026/08/06 07:58:10.463, 100 %, 19878 MiB, 201.06 W, 75
2026/08/06 07:59:10.472, 100 %, 19878 MiB, 199.99 W, 75
2026/08/06 08:00:10.480, 98 %, 19878 MiB, 199.63 W, 74
2026/08/06 08:01:10.490, 76 %, 19878 MiB, 198.42 W, 76
2026/08/06 08:02:10.507, 100 %, 19878 MiB, 199.96 W, 74
2026/08/06 08:03:10.515, 100 %, 19878 MiB, 199.99 W, 75
2026/08/06 08:04:10.524, 100 %, 19878 MiB, 199.87 W, 75
2026/08/06 08:05:10.532, 97 %, 19878 MiB, 200.52 W, 75
2026/08/06 08:06:10.539, 100 %, 19878 MiB, 199.98 W, 75
2026/08/06 08:07:10.547, 98 %, 19878 MiB, 199.97 W, 75
2026/08/06 08:08:10.556, 100 %, 19878 MiB, 199.99 W, 76
2026/08/06 08:09:10.565, 100 %, 19878 MiB, 200.01 W, 76
2026/08/06 08:10:10.574, 100 %, 19878 MiB, 199.99 W, 75
2026/08/06 08:11:10.583, 100 %, 19878 MiB, 201.37 W, 75
2026/08/06 08:12:10.591, 97 %, 19878 MiB, 199.74 W, 76
2026/08/06 08:13:10.608, 100 %, 19878 MiB, 200.01 W, 75
2026/08/06 08:14:10.617, 100 %, 19878 MiB, 199.97 W, 75
2026/08/06 08:15:10.625, 99 %, 19878 MiB, 199.94 W, 75
2026/08/06 08:16:10.634, 98 %, 19878 MiB, 200.32 W, 76
2026/08/06 08:17:10.642, 100 %, 19878 MiB, 199.97 W, 75
2026/08/06 08:18:10.650, 98 %, 19878 MiB, 199.77 W, 75
2026/08/06 08:19:10.657, 100 %, 19878 MiB, 200.00 W, 75
2026/08/06 08:20:10.665, 98 %, 19878 MiB, 199.99 W, 76
2026/08/06 08:21:10.674, 100 %, 19878 MiB, 199.84 W, 75
2026/08/06 08:22:10.682, 100 %, 19878 MiB, 200.02 W, 75
2026/08/06 08:23:10.690, 87 %, 19878 MiB, 199.03 W, 76
2026/08/06 08:24:10.706, 97 %, 19878 MiB, 201.84 W, 75
2026/08/06 08:25:10.715, 100 %, 19878 MiB, 200.06 W, 75
2026/08/06 08:26:10.724, 100 %, 19878 MiB, 203.21 W, 75
2026/08/06 08:27:10.732, 100 %, 19878 MiB, 199.99 W, 75
2026/08/06 08:28:10.740, 97 %, 19878 MiB, 199.63 W, 75
2026/08/06 08:29:10.749, 100 %, 19878 MiB, 200.30 W, 75
2026/08/06 08:30:10.757, 100 %, 19878 MiB, 199.99 W, 75
2026/08/06 08:31:10.765, 100 %, 19878 MiB, 199.89 W, 75
2026/08/06 08:32:10.773, 100 %, 19878 MiB, 200.03 W, 75
2026/08/06 08:33:10.780, 98 %, 19878 MiB, 199.52 W, 77
2026/08/06 08:34:10.788, 100 %, 19878 MiB, 200.07 W, 75
2026/08/06 08:35:10.804, 66 %, 19878 MiB, 197.56 W, 74
2026/08/06 08:36:10.812, 100 %, 19878 MiB, 199.96 W, 75
2026/08/06 08:37:10.820, 100 %, 19878 MiB, 199.95 W, 76
2026/08/06 08:38:10.827, 98 %, 19878 MiB, 199.88 W, 75
2026/08/06 08:39:10.836, 98 %, 19878 MiB, 199.90 W, 75
2026/08/06 08:40:10.844, 98 %, 19878 MiB, 199.69 W, 75
2026/08/06 08:41:10.852, 100 %, 19878 MiB, 200.23 W, 74
2026/08/06 08:42:10.860, 98 %, 19878 MiB, 199.91 W, 75
2026/08/06 08:43:10.870, 100 %, 19878 MiB, 199.91 W, 75
2026/08/06 08:44:10.878, 100 %, 19878 MiB, 200.09 W, 75
2026/08/06 08:45:10.887, 100 %, 19878 MiB, 199.55 W, 76
2026/08/06 08:46:10.903, 100 %, 19878 MiB, 199.89 W, 75
2026/08/06 08:47:10.910, 100 %, 19878 MiB, 199.92 W, 75
2026/08/06 08:48:10.918, 100 %, 19878 MiB, 200.24 W, 75
2026/08/06 08:49:10.926, 66 %, 19878 MiB, 197.59 W, 77
2026/08/06 08:50:10.933, 100 %, 19878 MiB, 202.39 W, 75
2026/08/06 08:51:10.941, 100 %, 19878 MiB, 199.71 W, 75
2026/08/06 08:52:10.950, 100 %, 19878 MiB, 200.20 W, 75
2026/08/06 08:53:10.958, 75 %, 19878 MiB, 197.87 W, 74
2026/08/06 08:54:10.965, 100 %, 19878 MiB, 200.37 W, 73
2026/08/06 08:55:10.973, 100 %, 19878 MiB, 199.98 W, 76
2026/08/06 08:56:10.981, 100 %, 19878 MiB, 199.99 W, 75
2026/08/06 08:57:10.988, 100 %, 19878 MiB, 199.99 W, 76
2026/08/06 08:58:11.006, 97 %, 19878 MiB, 199.92 W, 75
2026/08/06 08:59:11.014, 100 %, 19878 MiB, 199.95 W, 75
2026/08/06 09:00:11.022, 100 %, 19878 MiB, 200.01 W, 75
2026/08/06 09:01:11.030, 100 %, 19878 MiB, 199.68 W, 76
2026/08/06 09:02:11.041, 100 %, 19878 MiB, 200.26 W, 75
2026/08/06 09:03:11.050, 67 %, 19878 MiB, 197.42 W, 75
2026/08/06 09:04:11.057, 100 %, 19878 MiB, 200.25 W, 75
2026/08/06 09:05:11.065, 100 %, 19878 MiB, 200.27 W, 75
2026/08/06 09:06:11.074, 98 %, 19878 MiB, 199.71 W, 74
2026/08/06 09:07:11.083, 100 %, 19878 MiB, 199.99 W, 75
2026/08/06 09:08:11.092, 100 %, 19878 MiB, 200.08 W, 75
2026/08/06 09:09:11.107, 100 %, 19878 MiB, 200.00 W, 75
2026/08/06 09:10:11.117, 100 %, 19878 MiB, 199.98 W, 76
2026/08/06 09:11:11.126, 100 %, 19878 MiB, 199.94 W, 76
2026/08/06 09:12:11.133, 100 %, 19878 MiB, 200.04 W, 75
2026/08/06 09:13:11.142, 100 %, 19878 MiB, 199.98 W, 75
2026/08/06 09:14:11.150, 100 %, 19878 MiB, 200.19 W, 76
2026/08/06 09:15:11.158, 68 %, 19878 MiB, 197.32 W, 75
2026/08/06 09:16:11.167, 100 %, 19878 MiB, 200.23 W, 75
2026/08/06 09:17:11.175, 100 %, 19878 MiB, 200.20 W, 76
2026/08/06 09:18:11.184, 98 %, 19878 MiB, 199.93 W, 76
2026/08/06 09:19:11.192, 100 %, 19878 MiB, 200.01 W, 75
2026/08/06 09:20:11.232, 100 %, 19878 MiB, 200.24 W, 75
2026/08/06 09:21:11.242, 98 %, 19878 MiB, 200.22 W, 76
2026/08/06 09:22:11.250, 97 %, 19878 MiB, 199.91 W, 76
2026/08/06 09:23:11.258, 100 %, 19878 MiB, 199.77 W, 75
2026/08/06 09:24:11.266, 100 %, 19878 MiB, 200.35 W, 75
2026/08/06 09:25:11.274, 65 %, 19878 MiB, 197.26 W, 76
2026/08/06 09:26:11.283, 100 %, 19878 MiB, 199.99 W, 76
2026/08/06 09:27:11.291, 97 %, 19878 MiB, 199.97 W, 75
2026/08/06 09:28:11.306, 100 %, 19878 MiB, 200.02 W, 74
2026/08/06 09:29:11.315, 100 %, 19878 MiB, 200.28 W, 75
2026/08/06 09:30:11.323, 2 %, 19878 MiB, 45.78 W, 63
2026/08/06 09:31:11.332, 100 %, 19878 MiB, 200.05 W, 74
2026/08/06 09:32:11.339, 100 %, 19878 MiB, 199.99 W, 75
2026/08/06 09:33:11.346, 98 %, 19878 MiB, 199.82 W, 75
2026/08/06 09:34:11.356, 100 %, 19878 MiB, 199.98 W, 75
2026/08/06 09:35:11.363, 97 %, 19878 MiB, 199.64 W, 76
2026/08/06 09:36:11.373, 100 %, 19878 MiB, 199.95 W, 75
2026/08/06 09:37:11.381, 98 %, 19878 MiB, 199.84 W, 75
2026/08/06 09:38:11.390, 100 %, 19878 MiB, 199.98 W, 75
2026/08/06 09:39:11.408, 100 %, 19878 MiB, 200.07 W, 75
2026/08/06 09:40:11.418, 98 %, 19878 MiB, 107.92 W, 71
2026/08/06 09:41:11.427, 100 %, 19878 MiB, 200.01 W, 75
2026/08/06 09:42:11.436, 99 %, 19878 MiB, 199.97 W, 76
2026/08/06 09:43:11.445, 98 %, 19878 MiB, 199.91 W, 75
2026/08/06 09:44:11.453, 94 %, 19878 MiB, 199.28 W, 77
2026/08/06 09:45:11.462, 98 %, 19878 MiB, 199.88 W, 75
2026/08/06 09:46:11.469, 98 %, 19878 MiB, 199.96 W, 76
2026/08/06 09:47:11.476, 100 %, 19878 MiB, 200.01 W, 76
2026/08/06 09:48:11.485, 98 %, 19878 MiB, 199.95 W, 76
2026/08/06 09:49:11.493, 100 %, 19878 MiB, 199.74 W, 76
2026/08/06 09:50:11.506, 98 %, 19878 MiB, 199.79 W, 73
2026/08/06 09:51:11.515, 100 %, 19878 MiB, 200.09 W, 75
2026/08/06 09:52:11.524, 100 %, 19878 MiB, 199.98 W, 75
2026/08/06 09:53:11.533, 98 %, 19878 MiB, 199.77 W, 76
2026/08/06 09:54:11.542, 100 %, 19878 MiB, 200.11 W, 76
2026/08/06 09:55:11.549, 81 %, 19878 MiB, 198.81 W, 77
2026/08/06 09:56:11.558, 100 %, 19878 MiB, 200.86 W, 75
2026/08/06 09:57:11.566, 98 %, 19878 MiB, 199.88 W, 76
2026/08/06 09:58:11.574, 100 %, 19878 MiB, 200.08 W, 75
2026/08/06 09:59:11.583, 98 %, 19878 MiB, 199.93 W, 76
2026/08/06 10:00:11.591, 100 %, 19878 MiB, 200.39 W, 74
2026/08/06 10:01:11.605, 75 %, 19878 MiB, 198.15 W, 74
2026/08/06 10:02:11.613, 100 %, 19878 MiB, 200.01 W, 75
2026/08/06 10:03:11.621, 100 %, 19878 MiB, 200.00 W, 76
2026/08/06 10:04:11.630, 100 %, 19878 MiB, 199.87 W, 75
2026/08/06 10:05:11.638, 100 %, 19878 MiB, 199.70 W, 76
2026/08/06 10:06:11.647, 100 %, 19878 MiB, 197.75 W, 75
2026/08/06 10:07:11.655, 100 %, 19878 MiB, 203.55 W, 75
2026/08/06 10:08:11.664, 98 %, 19878 MiB, 199.87 W, 76
2026/08/06 10:09:11.671, 100 %, 19878 MiB, 200.07 W, 75
2026/08/06 10:10:11.679, 100 %, 19878 MiB, 199.99 W, 74
2026/08/06 10:11:11.687, 100 %, 19878 MiB, 200.01 W, 75
2026/08/06 10:12:11.703, 98 %, 19878 MiB, 199.82 W, 76
2026/08/06 10:13:11.710, 97 %, 19878 MiB, 199.77 W, 75
2026/08/06 10:14:11.719, 100 %, 19878 MiB, 199.78 W, 75
2026/08/06 10:15:11.728, 98 %, 19878 MiB, 200.09 W, 76
2026/08/06 10:16:11.736, 98 %, 19878 MiB, 199.82 W, 75
2026/08/06 10:17:11.745, 100 %, 19878 MiB, 199.99 W, 75
2026/08/06 10:18:11.754, 100 %, 19878 MiB, 199.96 W, 75
2026/08/06 10:19:11.763, 97 %, 19878 MiB, 200.39 W, 74
2026/08/06 10:20:11.771, 100 %, 19878 MiB, 200.00 W, 74
2026/08/06 10:21:11.779, 100 %, 19878 MiB, 200.02 W, 75
2026/08/06 10:22:11.788, 100 %, 19878 MiB, 200.26 W, 75
2026/08/06 10:23:11.804, 100 %, 19878 MiB, 200.01 W, 74
2026/08/06 10:24:11.814, 98 %, 19878 MiB, 199.64 W, 75
2026/08/06 10:25:11.823, 97 %, 19878 MiB, 200.30 W, 75
2026/08/06 10:26:11.830, 100 %, 19878 MiB, 200.01 W, 74
2026/08/06 10:27:11.839, 98 %, 19878 MiB, 199.72 W, 74
2026/08/06 10:28:11.848, 100 %, 19878 MiB, 200.29 W, 74
2026/08/06 10:29:12.469, 98 %, 19878 MiB, 199.88 W, 75
2026/08/06 10:30:12.478, 100 %, 19878 MiB, 200.25 W, 73
2026/08/06 10:31:12.485, 100 %, 19878 MiB, 200.00 W, 75
2026/08/06 10:32:12.502, 98 %, 19878 MiB, 200.00 W, 74
2026/08/06 10:33:12.510, 100 %, 19878 MiB, 200.18 W, 75
2026/08/06 10:34:12.518, 100 %, 19878 MiB, 200.08 W, 74
2026/08/06 10:35:12.529, 100 %, 19878 MiB, 200.11 W, 74
2026/08/06 10:36:12.537, 98 %, 19878 MiB, 199.66 W, 74
2026/08/06 10:37:12.544, 98 %, 19878 MiB, 199.73 W, 74
2026/08/06 10:38:12.552, 98 %, 19878 MiB, 199.81 W, 74
2026/08/06 10:39:12.560, 97 %, 19878 MiB, 199.68 W, 75
2026/08/06 10:40:12.568, 100 %, 19878 MiB, 200.05 W, 74
2026/08/06 10:41:12.576, 100 %, 19878 MiB, 199.96 W, 74
2026/08/06 10:42:12.584, 100 %, 19878 MiB, 200.12 W, 74
2026/08/06 10:43:12.592, 98 %, 19878 MiB, 199.88 W, 74
2026/08/06 10:44:12.606, 98 %, 19878 MiB, 200.28 W, 75
2026/08/06 10:45:12.614, 100 %, 19878 MiB, 200.35 W, 74
2026/08/06 10:46:12.623, 100 %, 19878 MiB, 199.98 W, 75
2026/08/06 10:47:12.636, 100 %, 19878 MiB, 200.24 W, 75
2026/08/06 10:48:12.649, 100 %, 19878 MiB, 200.01 W, 74
2026/08/06 10:49:12.659, 98 %, 19878 MiB, 199.90 W, 75
2026/08/06 10:50:12.671, 100 %, 19878 MiB, 200.00 W, 74
2026/08/06 10:51:12.685, 98 %, 19878 MiB, 199.88 W, 75
2026/08/06 10:52:12.704, 98 %, 19878 MiB, 199.87 W, 75
2026/08/06 10:53:12.714, 100 %, 19878 MiB, 199.67 W, 75
2026/08/06 10:54:12.727, 100 %, 19878 MiB, 200.24 W, 75
2026/08/06 10:55:12.734, 97 %, 19878 MiB, 199.71 W, 76
2026/08/06 10:56:12.743, 100 %, 19878 MiB, 200.04 W, 75
2026/08/06 10:57:12.751, 68 %, 19878 MiB, 197.64 W, 74
2026/08/06 10:58:12.766, 100 %, 19878 MiB, 200.27 W, 75
2026/08/06 10:59:12.773, 100 %, 19878 MiB, 200.01 W, 75
2026/08/06 11:00:12.781, 100 %, 19878 MiB, 200.19 W, 75
2026/08/06 11:01:12.789, 98 %, 19878 MiB, 199.88 W, 75
2026/08/06 11:02:12.805, 98 %, 19878 MiB, 199.93 W, 75
2026/08/06 11:03:12.813, 100 %, 19878 MiB, 199.90 W, 76
2026/08/06 11:04:12.821, 98 %, 19878 MiB, 200.13 W, 75
2026/08/06 11:05:12.829, 83 %, 19878 MiB, 198.54 W, 74
2026/08/06 11:06:12.838, 100 %, 19878 MiB, 184.71 W, 75
2026/08/06 11:07:12.846, 98 %, 19878 MiB, 199.87 W, 75
2026/08/06 11:08:12.854, 100 %, 19878 MiB, 200.15 W, 75
2026/08/06 11:09:12.861, 98 %, 19878 MiB, 199.83 W, 76
2026/08/06 11:10:12.872, 100 %, 19878 MiB, 200.25 W, 75
2026/08/06 11:11:12.880, 100 %, 19878 MiB, 200.04 W, 75
2026/08/06 11:12:12.888, 97 %, 19878 MiB, 199.85 W, 76
2026/08/06 11:13:12.904, 100 %, 19878 MiB, 200.05 W, 75
2026/08/06 11:14:12.912, 100 %, 19878 MiB, 199.91 W, 75
2026/08/06 11:15:12.919, 98 %, 19878 MiB, 200.03 W, 76
2026/08/06 11:16:12.927, 100 %, 19878 MiB, 200.04 W, 75
2026/08/06 11:17:12.935, 100 %, 19878 MiB, 200.02 W, 76
2026/08/06 11:18:12.943, 100 %, 19878 MiB, 200.27 W, 75
2026/08/06 11:19:12.951, 98 %, 19878 MiB, 199.89 W, 75
2026/08/06 11:20:12.960, 100 %, 19878 MiB, 199.88 W, 75
2026/08/06 11:21:12.966, 100 %, 19878 MiB, 200.17 W, 76
2026/08/06 11:22:12.975, 86 %, 19878 MiB, 199.14 W, 77
2026/08/06 11:23:12.984, 98 %, 19878 MiB, 199.93 W, 76
2026/08/06 11:24:12.992, 98 %, 19878 MiB, 199.92 W, 75
2026/08/06 11:25:13.007, 100 %, 19878 MiB, 200.03 W, 75
2026/08/06 11:26:13.015, 100 %, 19878 MiB, 200.01 W, 75
2026/08/06 11:27:13.023, 100 %, 19878 MiB, 200.13 W, 75
2026/08/06 11:28:13.032, 98 %, 19878 MiB, 199.95 W, 75
2026/08/06 11:29:13.039, 100 %, 19878 MiB, 200.17 W, 75
2026/08/06 11:30:13.047, 100 %, 19878 MiB, 200.01 W, 75
2026/08/06 11:31:13.055, 100 %, 19878 MiB, 199.98 W, 75
2026/08/06 11:32:13.062, 100 %, 19878 MiB, 200.23 W, 75
2026/08/06 11:33:13.070, 98 %, 19878 MiB, 199.81 W, 75
2026/08/06 11:34:13.077, 100 %, 19878 MiB, 200.29 W, 75
2026/08/06 11:35:13.085, 98 %, 19878 MiB, 199.92 W, 76
2026/08/06 11:36:13.092, 100 %, 19878 MiB, 199.90 W, 75
2026/08/06 11:37:13.106, 98 %, 19878 MiB, 199.90 W, 75
2026/08/06 11:38:13.115, 100 %, 19878 MiB, 199.93 W, 75
2026/08/06 11:39:13.123, 1 %, 19878 MiB, 44.81 W, 63
2026/08/06 11:40:13.130, 98 %, 19878 MiB, 199.84 W, 75
2026/08/06 11:41:13.140, 100 %, 19878 MiB, 200.25 W, 75
2026/08/06 11:42:13.148, 100 %, 19878 MiB, 200.03 W, 75
2026/08/06 11:43:13.155, 100 %, 19878 MiB, 200.32 W, 75
2026/08/06 11:44:13.163, 100 %, 19878 MiB, 200.10 W, 75
2026/08/06 11:45:13.170, 100 %, 19878 MiB, 200.01 W, 75
2026/08/06 11:46:13.178, 98 %, 19878 MiB, 199.93 W, 76
2026/08/06 11:47:13.186, 98 %, 19878 MiB, 199.97 W, 75
2026/08/06 11:48:13.201, 98 %, 19878 MiB, 199.90 W, 75
2026/08/06 11:49:13.211, 70 %, 19878 MiB, 197.79 W, 72
2026/08/06 11:50:13.219, 100 %, 19878 MiB, 200.10 W, 75
2026/08/06 11:51:13.227, 100 %, 19878 MiB, 200.00 W, 75
2026/08/06 11:52:13.236, 100 %, 19878 MiB, 200.12 W, 75
2026/08/06 11:53:13.244, 100 %, 19878 MiB, 200.00 W, 75
2026/08/06 11:54:13.252, 98 %, 19878 MiB, 199.83 W, 76
2026/08/06 11:55:13.259, 100 %, 19878 MiB, 199.97 W, 75
2026/08/06 11:56:13.266, 98 %, 19878 MiB, 199.76 W, 76
2026/08/06 11:57:13.273, 98 %, 19878 MiB, 200.26 W, 75
2026/08/06 11:58:13.281, 100 %, 19878 MiB, 200.16 W, 76
2026/08/06 11:59:13.287, 100 %, 19878 MiB, 199.98 W, 73
2026/08/06 12:00:13.302, 98 %, 19878 MiB, 199.72 W, 75
2026/08/06 12:01:13.308, 100 %, 19878 MiB, 200.24 W, 75
2026/08/06 12:02:13.316, 76 %, 19878 MiB, 198.56 W, 77
2026/08/06 12:03:13.323, 100 %, 19878 MiB, 200.10 W, 75
2026/08/06 12:04:13.331, 100 %, 19878 MiB, 199.99 W, 76
2026/08/06 12:05:13.339, 97 %, 19878 MiB, 199.70 W, 75
2026/08/06 12:06:13.347, 100 %, 19878 MiB, 200.26 W, 75
2026/08/06 12:07:13.354, 98 %, 19878 MiB, 200.04 W, 75
2026/08/06 12:08:13.361, 100 %, 19878 MiB, 200.00 W, 76
2026/08/06 12:09:13.389, 100 %, 19878 MiB, 200.25 W, 74
2026/08/06 12:10:13.405, 88 %, 19878 MiB, 199.02 W, 74
2026/08/06 12:11:13.414, 100 %, 19878 MiB, 199.97 W, 76
2026/08/06 12:12:13.420, 100 %, 19878 MiB, 199.96 W, 76
2026/08/06 12:13:13.580, 97 %, 19878 MiB, 199.72 W, 76
2026/08/06 12:14:13.587, 100 %, 19878 MiB, 200.29 W, 75
2026/08/06 12:15:13.602, 100 %, 19878 MiB, 200.03 W, 75
2026/08/06 12:16:13.610, 100 %, 19878 MiB, 199.92 W, 75
2026/08/06 12:17:13.617, 100 %, 19878 MiB, 199.99 W, 75
2026/08/06 12:18:13.624, 100 %, 19878 MiB, 200.02 W, 75
2026/08/06 12:19:13.632, 61 %, 19878 MiB, 196.78 W, 75
2026/08/06 12:20:13.639, 100 %, 19878 MiB, 200.57 W, 75
2026/08/06 12:21:13.648, 100 %, 19878 MiB, 199.98 W, 75
2026/08/06 12:22:13.655, 100 %, 19878 MiB, 200.09 W, 76
2026/08/06 12:23:13.662, 100 %, 19878 MiB, 199.96 W, 75
2026/08/06 12:24:13.669, 100 %, 19878 MiB, 200.05 W, 74
2026/08/06 12:25:13.677, 100 %, 19878 MiB, 200.12 W, 75
2026/08/06 12:26:13.685, 98 %, 19878 MiB, 199.76 W, 76
2026/08/06 12:27:13.693, 100 %, 19878 MiB, 200.14 W, 75
2026/08/06 12:28:13.706, 76 %, 19878 MiB, 198.47 W, 77
2026/08/06 12:29:13.713, 100 %, 19878 MiB, 200.29 W, 75
2026/08/06 12:30:13.720, 100 %, 19878 MiB, 200.19 W, 76
2026/08/06 12:31:13.727, 92 %, 19878 MiB, 199.90 W, 77
2026/08/06 12:32:13.734, 98 %, 19878 MiB, 200.10 W, 75
2026/08/06 12:33:13.742, 61 %, 19878 MiB, 196.55 W, 73
2026/08/06 12:34:13.749, 98 %, 19878 MiB, 200.06 W, 75
2026/08/06 12:35:13.756, 89 %, 19878 MiB, 199.23 W, 74
2026/08/06 12:36:13.763, 97 %, 19878 MiB, 199.82 W, 75
2026/08/06 12:37:13.770, 100 %, 19878 MiB, 199.96 W, 75
2026/08/06 12:38:13.778, 97 %, 19878 MiB, 199.68 W, 75
2026/08/06 12:39:13.786, 63 %, 19878 MiB, 196.86 W, 75
2026/08/06 12:40:13.792, 100 %, 19878 MiB, 201.87 W, 74
2026/08/06 12:41:13.805, 100 %, 19878 MiB, 200.21 W, 74
2026/08/06 12:42:13.813, 98 %, 19878 MiB, 203.75 W, 75
2026/08/06 12:43:13.820, 98 %, 19878 MiB, 199.91 W, 74
2026/08/06 12:44:13.827, 94 %, 19878 MiB, 199.34 W, 75
2026/08/06 12:45:13.835, 100 %, 19878 MiB, 200.51 W, 74
2026/08/06 12:46:13.842, 100 %, 19878 MiB, 200.12 W, 75
2026/08/06 12:47:13.849, 85 %, 19878 MiB, 198.87 W, 73
2026/08/06 12:48:13.856, 95 %, 19878 MiB, 199.50 W, 75
2026/08/06 12:49:13.863, 100 %, 19878 MiB, 202.51 W, 74
2026/08/06 12:50:13.870, 97 %, 19878 MiB, 199.91 W, 74
2026/08/06 12:51:13.876, 100 %, 19878 MiB, 198.55 W, 76
2026/08/06 12:52:13.882, 100 %, 19878 MiB, 200.02 W, 74
2026/08/06 12:53:13.889, 96 %, 19878 MiB, 199.92 W, 75
2026/08/06 12:54:13.904, 100 %, 19878 MiB, 200.00 W, 74
2026/08/06 12:55:13.912, 97 %, 19878 MiB, 200.00 W, 75
2026/08/06 12:56:13.919, 100 %, 19878 MiB, 200.28 W, 75
2026/08/06 12:57:13.926, 84 %, 19878 MiB, 199.15 W, 76
2026/08/06 12:58:13.934, 97 %, 19878 MiB, 199.90 W, 74
2026/08/06 12:59:13.940, 57 %, 19878 MiB, 195.79 W, 75
2026/08/06 13:00:13.948, 100 %, 19878 MiB, 202.87 W, 75
2026/08/06 13:01:13.955, 100 %, 19878 MiB, 83.40 W, 72
2026/08/06 13:02:13.962, 98 %, 19878 MiB, 200.03 W, 75
2026/08/06 13:03:13.969, 100 %, 19878 MiB, 200.10 W, 75
2026/08/06 13:04:13.977, 100 %, 19878 MiB, 200.12 W, 75
2026/08/06 13:05:13.985, 100 %, 19878 MiB, 200.23 W, 76
2026/08/06 13:06:14.003, 100 %, 19878 MiB, 200.10 W, 75
2026/08/06 13:07:14.010, 100 %, 19878 MiB, 200.10 W, 75
2026/08/06 13:08:14.018, 100 %, 19878 MiB, 200.21 W, 74
2026/08/06 13:09:14.026, 95 %, 19878 MiB, 197.86 W, 73
2026/08/06 13:10:14.035, 98 %, 19878 MiB, 200.15 W, 75
2026/08/06 13:11:14.042, 70 %, 19878 MiB, 197.84 W, 73
2026/08/06 13:12:14.050, 100 %, 19878 MiB, 199.98 W, 74
2026/08/06 13:13:14.057, 97 %, 19878 MiB, 199.87 W, 75
2026/08/06 13:14:14.064, 100 %, 19878 MiB, 199.99 W, 75
2026/08/06 13:15:14.072, 94 %, 19878 MiB, 199.72 W, 75
2026/08/06 13:16:14.080, 100 %, 19878 MiB, 199.99 W, 74
2026/08/06 13:17:14.088, 95 %, 19878 MiB, 199.89 W, 75
2026/08/06 13:18:14.104, 100 %, 19878 MiB, 199.70 W, 75
2026/08/06 13:19:14.111, 98 %, 19878 MiB, 199.95 W, 74
2026/08/06 13:20:14.119, 100 %, 19878 MiB, 200.13 W, 75
2026/08/06 13:21:14.127, 100 %, 19878 MiB, 200.23 W, 75
2026/08/06 13:22:14.136, 100 %, 19878 MiB, 200.29 W, 75
2026/08/06 13:23:14.143, 100 %, 19878 MiB, 200.32 W, 75
2026/08/06 13:24:14.152, 97 %, 19878 MiB, 199.09 W, 75
2026/08/06 13:25:14.158, 100 %, 19878 MiB, 199.98 W, 74
2026/08/06 13:26:14.165, 98 %, 19878 MiB, 199.71 W, 75
2026/08/06 13:27:14.172, 97 %, 19878 MiB, 200.58 W, 74
2026/08/06 13:28:14.179, 100 %, 19878 MiB, 199.98 W, 74
2026/08/06 13:29:14.187, 98 %, 19878 MiB, 199.66 W, 73
2026/08/06 13:30:14.201, 100 %, 19878 MiB, 199.99 W, 75
2026/08/06 13:31:14.209, 100 %, 19878 MiB, 199.99 W, 74
2026/08/06 13:32:14.217, 100 %, 19878 MiB, 200.02 W, 75
2026/08/06 13:33:14.226, 100 %, 19878 MiB, 199.97 W, 74
2026/08/06 13:34:14.237, 100 %, 19878 MiB, 199.83 W, 75
2026/08/06 13:35:14.244, 98 %, 19878 MiB, 200.27 W, 75
2026/08/06 13:36:14.276, 100 %, 19878 MiB, 199.99 W, 76
2026/08/06 13:37:14.284, 100 %, 19878 MiB, 199.99 W, 74
2026/08/06 13:38:14.298, 100 %, 19878 MiB, 199.96 W, 75
2026/08/06 13:39:14.305, 100 %, 19878 MiB, 200.21 W, 74
2026/08/06 13:40:14.313, 98 %, 19878 MiB, 199.90 W, 75
2026/08/06 13:41:14.322, 100 %, 19878 MiB, 200.01 W, 75
2026/08/06 13:42:14.329, 57 %, 19878 MiB, 196.46 W, 74
2026/08/06 13:43:14.335, 100 %, 19878 MiB, 199.99 W, 76
2026/08/06 13:44:14.342, 98 %, 19878 MiB, 200.00 W, 74
2026/08/06 13:45:14.350, 100 %, 19878 MiB, 200.03 W, 76
2026/08/06 13:46:14.358, 98 %, 19878 MiB, 199.93 W, 77
2026/08/06 13:47:14.365, 100 %, 19878 MiB, 199.99 W, 76
2026/08/06 13:48:14.372, 98 %, 19878 MiB, 200.18 W, 76
2026/08/06 13:49:14.380, 98 %, 19878 MiB, 199.92 W, 75
2026/08/06 13:50:14.387, 98 %, 19878 MiB, 199.95 W, 76
2026/08/06 13:51:14.403, 100 %, 19878 MiB, 199.95 W, 75
2026/08/06 13:52:14.456, 100 %, 19878 MiB, 200.13 W, 75
2026/08/06 13:53:14.464, 100 %, 19878 MiB, 200.37 W, 75
2026/08/06 13:54:14.472, 98 %, 19878 MiB, 199.79 W, 75
2026/08/06 13:55:14.480, 98 %, 19878 MiB, 201.25 W, 75
2026/08/06 13:56:14.489, 100 %, 19878 MiB, 200.23 W, 75
2026/08/06 13:57:14.519, 97 %, 19878 MiB, 200.65 W, 76
2026/08/06 13:58:14.526, 100 %, 19878 MiB, 200.02 W, 75
2026/08/06 13:59:14.532, 100 %, 19878 MiB, 199.98 W, 74
2026/08/06 14:00:14.541, 100 %, 19878 MiB, 200.00 W, 75
2026/08/06 14:01:14.548, 100 %, 19878 MiB, 199.73 W, 76
2026/08/06 14:02:14.556, 100 %, 19878 MiB, 200.28 W, 75
2026/08/06 14:03:14.563, 98 %, 19878 MiB, 199.85 W, 76
2026/08/06 14:04:14.570, 98 %, 19878 MiB, 199.76 W, 75
2026/08/06 14:05:14.579, 100 %, 19878 MiB, 200.21 W, 75
2026/08/06 14:06:14.587, 100 %, 19878 MiB, 200.00 W, 76
2026/08/06 14:07:14.603, 98 %, 19878 MiB, 199.84 W, 76
2026/08/06 14:08:14.611, 99 %, 19878 MiB, 200.04 W, 76
2026/08/06 14:09:14.618, 100 %, 19878 MiB, 203.04 W, 75
2026/08/06 14:10:14.625, 100 %, 19878 MiB, 199.99 W, 75
2026/08/06 14:11:14.633, 98 %, 19878 MiB, 197.70 W, 75
2026/08/06 14:12:14.640, 95 %, 19878 MiB, 199.55 W, 76
2026/08/06 14:13:14.649, 98 %, 19878 MiB, 199.88 W, 76
2026/08/06 14:14:14.656, 98 %, 19878 MiB, 200.39 W, 76
2026/08/06 14:15:14.663, 62 %, 19878 MiB, 196.80 W, 75
2026/08/06 14:16:14.672, 100 %, 19878 MiB, 200.21 W, 76
2026/08/06 14:17:14.681, 100 %, 19878 MiB, 199.44 W, 75
2026/08/06 14:18:14.689, 0 %, 19878 MiB, 27.18 W, 60
2026/08/06 14:19:14.703, 98 %, 19878 MiB, 199.88 W, 75
2026/08/06 14:20:14.711, 100 %, 19878 MiB, 200.24 W, 75
2026/08/06 14:21:14.718, 100 %, 19878 MiB, 200.08 W, 74
2026/08/06 14:22:14.725, 100 %, 19878 MiB, 200.01 W, 75
2026/08/06 14:23:14.732, 98 %, 19878 MiB, 199.96 W, 75
2026/08/06 14:24:14.740, 100 %, 19878 MiB, 199.98 W, 75
2026/08/06 14:25:14.747, 100 %, 19878 MiB, 200.02 W, 75
2026/08/06 14:26:14.755, 98 %, 19878 MiB, 199.65 W, 74
2026/08/06 14:27:14.762, 100 %, 19878 MiB, 200.25 W, 74
2026/08/06 14:28:14.769, 100 %, 19878 MiB, 199.84 W, 72
2026/08/06 14:29:14.776, 98 %, 19878 MiB, 199.91 W, 74
2026/08/06 14:30:14.783, 100 %, 19878 MiB, 200.36 W, 74
2026/08/06 14:31:14.791, 100 %, 19878 MiB, 200.26 W, 74
2026/08/06 14:32:14.807, 98 %, 19878 MiB, 199.79 W, 74
2026/08/06 14:33:14.815, 98 %, 19878 MiB, 199.92 W, 75
2026/08/06 14:34:14.823, 98 %, 19878 MiB, 199.78 W, 75
2026/08/06 14:35:14.830, 98 %, 19878 MiB, 200.09 W, 75
2026/08/06 14:36:14.839, 100 %, 19878 MiB, 199.99 W, 75
2026/08/06 14:37:14.847, 100 %, 19878 MiB, 200.23 W, 75
2026/08/06 14:38:14.855, 100 %, 19878 MiB, 200.03 W, 73
2026/08/06 14:39:14.863, 100 %, 19878 MiB, 199.92 W, 75
2026/08/06 14:40:14.872, 100 %, 19878 MiB, 200.04 W, 74
2026/08/06 14:41:14.886, 100 %, 19878 MiB, 200.20 W, 74
2026/08/06 14:42:14.894, 100 %, 19878 MiB, 200.26 W, 74
2026/08/06 14:43:14.908, 100 %, 19878 MiB, 200.01 W, 75
2026/08/06 14:44:14.917, 100 %, 19878 MiB, 200.11 W, 75
2026/08/06 14:45:14.924, 98 %, 19878 MiB, 199.77 W, 75
2026/08/06 14:46:14.932, 100 %, 19878 MiB, 200.26 W, 75
2026/08/06 14:47:14.940, 85 %, 19878 MiB, 197.50 W, 77
2026/08/06 14:48:14.947, 100 %, 19878 MiB, 200.04 W, 74
2026/08/06 14:49:14.955, 100 %, 19878 MiB, 199.98 W, 75
2026/08/06 14:50:14.962, 97 %, 19878 MiB, 199.85 W, 76
2026/08/06 14:51:14.970, 100 %, 19878 MiB, 199.99 W, 75
2026/08/06 14:52:14.978, 97 %, 19878 MiB, 199.96 W, 75
2026/08/06 14:53:14.986, 100 %, 19878 MiB, 199.90 W, 76
2026/08/06 14:54:14.993, 97 %, 19878 MiB, 200.46 W, 75
2026/08/06 14:55:15.008, 100 %, 19878 MiB, 200.01 W, 75
2026/08/06 14:56:15.015, 97 %, 19878 MiB, 199.74 W, 76
2026/08/06 14:57:15.023, 100 %, 19878 MiB, 200.06 W, 75
2026/08/06 14:58:15.031, 100 %, 19878 MiB, 200.14 W, 74
2026/08/06 14:59:15.039, 98 %, 19878 MiB, 199.86 W, 76
2026/08/06 15:00:15.046, 98 %, 19878 MiB, 200.15 W, 76
2026/08/06 15:01:15.055, 81 %, 19878 MiB, 198.46 W, 74
2026/08/06 15:02:15.063, 100 %, 19878 MiB, 199.97 W, 75
2026/08/06 15:03:15.070, 97 %, 19878 MiB, 199.81 W, 75
2026/08/06 15:04:15.076, 100 %, 19878 MiB, 199.17 W, 76
2026/08/06 15:05:15.085, 100 %, 19878 MiB, 199.61 W, 75
2026/08/06 15:06:15.093, 100 %, 19878 MiB, 199.86 W, 76
2026/08/06 15:07:15.106, 100 %, 19878 MiB, 200.29 W, 76
2026/08/06 15:08:15.115, 100 %, 19878 MiB, 199.43 W, 75
2026/08/06 15:09:15.124, 100 %, 19878 MiB, 200.35 W, 75
2026/08/06 15:10:15.132, 61 %, 19878 MiB, 197.13 W, 74
2026/08/06 15:11:15.139, 100 %, 19878 MiB, 202.55 W, 75
2026/08/06 15:12:15.147, 98 %, 19878 MiB, 199.90 W, 75
2026/08/06 15:13:15.154, 100 %, 19878 MiB, 200.00 W, 75
2026/08/06 15:14:15.162, 100 %, 19878 MiB, 200.06 W, 76
2026/08/06 15:15:15.169, 98 %, 19878 MiB, 199.74 W, 76
2026/08/06 15:16:15.177, 100 %, 19878 MiB, 200.01 W, 75
2026/08/06 15:17:15.185, 98 %, 19878 MiB, 199.71 W, 76
2026/08/06 15:18:15.192, 100 %, 19878 MiB, 200.00 W, 74
2026/08/06 15:19:15.206, 100 %, 19878 MiB, 203.03 W, 75
2026/08/06 15:20:15.215, 100 %, 19878 MiB, 200.03 W, 75
2026/08/06 15:21:15.226, 100 %, 19878 MiB, 201.98 W, 75
2026/08/06 15:22:15.232, 100 %, 19878 MiB, 199.99 W, 75
2026/08/06 15:23:15.240, 100 %, 19878 MiB, 200.28 W, 75
2026/08/06 15:24:15.248, 67 %, 19878 MiB, 197.15 W, 76
2026/08/06 15:25:15.256, 100 %, 19878 MiB, 200.18 W, 75
2026/08/06 15:26:15.263, 100 %, 19878 MiB, 199.59 W, 75
2026/08/06 15:27:15.274, 100 %, 19878 MiB, 200.08 W, 75
2026/08/06 15:28:15.280, 100 %, 19878 MiB, 199.99 W, 75
2026/08/06 15:29:15.287, 100 %, 19878 MiB, 199.99 W, 75
2026/08/06 15:30:15.303, 100 %, 19878 MiB, 200.53 W, 75
2026/08/06 15:31:15.310, 95 %, 19878 MiB, 199.68 W, 75
2026/08/06 15:32:15.317, 100 %, 19878 MiB, 200.12 W, 76
2026/08/06 15:33:15.324, 100 %, 19878 MiB, 200.03 W, 76
2026/08/06 15:34:15.330, 100 %, 19878 MiB, 199.64 W, 76
2026/08/06 15:35:15.338, 100 %, 19878 MiB, 200.34 W, 75
2026/08/06 15:36:15.345, 67 %, 19878 MiB, 197.22 W, 75
2026/08/06 15:37:15.352, 100 %, 19878 MiB, 203.62 W, 75
2026/08/06 15:38:15.359, 100 %, 19878 MiB, 199.98 W, 75
2026/08/06 15:39:15.366, 98 %, 19878 MiB, 199.77 W, 75
2026/08/06 15:40:15.373, 98 %, 19878 MiB, 199.84 W, 76
2026/08/06 15:41:15.381, 98 %, 19878 MiB, 199.99 W, 73
2026/08/06 15:42:15.389, 100 %, 19878 MiB, 199.57 W, 75
2026/08/06 15:43:15.405, 97 %, 19878 MiB, 199.94 W, 75
2026/08/06 15:44:15.414, 98 %, 19878 MiB, 199.92 W, 75
2026/08/06 15:45:15.421, 100 %, 19878 MiB, 200.18 W, 74
2026/08/06 15:46:15.428, 98 %, 19878 MiB, 199.71 W, 75
2026/08/06 15:47:15.435, 98 %, 19878 MiB, 199.90 W, 75
2026/08/06 15:48:15.443, 98 %, 19878 MiB, 201.10 W, 75
2026/08/06 15:49:15.450, 100 %, 19878 MiB, 200.15 W, 75
2026/08/06 15:50:15.457, 100 %, 19878 MiB, 202.55 W, 74
2026/08/06 15:51:15.465, 90 %, 19878 MiB, 199.46 W, 74
2026/08/06 15:52:15.472, 98 %, 19878 MiB, 200.10 W, 75
2026/08/06 15:53:15.479, 60 %, 19878 MiB, 196.75 W, 76
2026/08/06 15:54:15.488, 100 %, 19878 MiB, 202.09 W, 75
2026/08/06 15:55:15.503, 78 %, 19878 MiB, 198.50 W, 74
2026/08/06 15:56:15.509, 98 %, 19878 MiB, 200.13 W, 75
2026/08/06 15:57:15.516, 71 %, 19878 MiB, 197.77 W, 74
2026/08/06 15:58:15.524, 100 %, 19878 MiB, 199.90 W, 74
2026/08/06 15:59:15.531, 98 %, 19878 MiB, 199.83 W, 74
2026/08/06 16:00:15.540, 100 %, 19878 MiB, 199.99 W, 75
2026/08/06 16:01:15.548, 99 %, 19878 MiB, 200.28 W, 74
2026/08/06 16:02:15.556, 100 %, 19878 MiB, 199.94 W, 76
2026/08/06 16:03:15.564, 100 %, 19878 MiB, 200.08 W, 75
2026/08/06 16:04:15.571, 100 %, 19878 MiB, 199.90 W, 75
2026/08/06 16:05:15.580, 98 %, 19878 MiB, 200.09 W, 75
2026/08/06 16:06:15.589, 54 %, 19878 MiB, 196.29 W, 76
2026/08/06 16:07:15.603, 99 %, 19878 MiB, 200.49 W, 75
2026/08/06 16:08:15.611, 97 %, 19878 MiB, 199.78 W, 75
2026/08/06 16:09:15.618, 97 %, 19878 MiB, 199.87 W, 73
2026/08/06 16:10:15.624, 100 %, 19878 MiB, 200.24 W, 75
2026/08/06 16:11:15.632, 100 %, 19878 MiB, 200.35 W, 75
2026/08/06 16:12:15.640, 100 %, 19878 MiB, 199.98 W, 76
2026/08/06 16:13:15.647, 100 %, 19878 MiB, 200.02 W, 75
2026/08/06 16:14:15.654, 100 %, 19878 MiB, 199.99 W, 75
2026/08/06 16:15:15.663, 97 %, 19878 MiB, 199.84 W, 75
2026/08/06 16:16:15.669, 100 %, 19878 MiB, 199.84 W, 75
2026/08/06 16:17:15.677, 0 %, 19878 MiB, 28.53 W, 60
2026/08/06 16:18:15.683, 98 %, 19878 MiB, 199.85 W, 75
2026/08/06 16:19:15.691, 98 %, 19878 MiB, 199.91 W, 76
2026/08/06 16:20:15.707, 99 %, 19878 MiB, 199.96 W, 76
2026/08/06 16:21:15.714, 98 %, 19878 MiB, 199.92 W, 76
2026/08/06 16:22:15.722, 100 %, 19878 MiB, 199.99 W, 76
2026/08/06 16:23:15.731, 100 %, 19878 MiB, 200.01 W, 75
2026/08/06 16:24:15.737, 100 %, 19878 MiB, 199.99 W, 75
2026/08/06 16:25:15.745, 100 %, 19878 MiB, 200.09 W, 75
2026/08/06 16:26:15.753, 100 %, 19878 MiB, 199.99 W, 75
2026/08/06 16:27:15.761, 100 %, 19878 MiB, 200.02 W, 74
2026/08/06 16:28:15.769, 100 %, 19878 MiB, 200.34 W, 74
2026/08/06 16:29:15.776, 96 %, 19878 MiB, 199.97 W, 76
2026/08/06 16:30:15.784, 98 %, 19878 MiB, 200.07 W, 75
2026/08/06 16:31:15.792, 100 %, 19878 MiB, 200.00 W, 75
2026/08/06 16:32:15.806, 100 %, 19878 MiB, 200.39 W, 75
2026/08/06 16:33:15.814, 100 %, 19878 MiB, 200.01 W, 75
2026/08/06 16:34:15.822, 98 %, 19878 MiB, 199.87 W, 75
2026/08/06 16:35:15.831, 100 %, 19878 MiB, 199.99 W, 75
2026/08/06 16:36:15.839, 98 %, 19878 MiB, 199.90 W, 75
2026/08/06 16:37:15.847, 98 %, 19878 MiB, 200.31 W, 74
2026/08/06 16:38:15.854, 98 %, 19878 MiB, 199.81 W, 74
2026/08/06 16:39:15.861, 100 %, 19878 MiB, 199.98 W, 75
2026/08/06 16:40:15.868, 98 %, 19878 MiB, 199.80 W, 75
2026/08/06 16:41:15.876, 98 %, 19878 MiB, 199.80 W, 75
2026/08/06 16:42:15.883, 98 %, 19878 MiB, 199.88 W, 75
2026/08/06 16:43:15.891, 98 %, 19878 MiB, 200.00 W, 74
2026/08/06 16:44:15.906, 98 %, 19878 MiB, 199.87 W, 76
2026/08/06 16:45:15.915, 100 %, 19878 MiB, 200.04 W, 75
2026/08/06 16:46:15.922, 100 %, 19878 MiB, 200.06 W, 76
2026/08/06 16:47:15.931, 97 %, 19878 MiB, 199.80 W, 74
2026/08/06 16:48:15.939, 100 %, 19878 MiB, 199.94 W, 74
2026/08/06 16:49:15.949, 98 %, 19878 MiB, 199.97 W, 75
2026/08/06 16:50:15.957, 98 %, 19878 MiB, 199.89 W, 74
2026/08/06 16:51:15.965, 100 %, 19878 MiB, 200.27 W, 75
2026/08/06 16:52:15.972, 100 %, 19878 MiB, 199.89 W, 75
2026/08/06 16:53:15.979, 98 %, 19878 MiB, 199.95 W, 75
2026/08/06 16:54:15.986, 100 %, 19878 MiB, 199.72 W, 75
2026/08/06 16:55:15.994, 100 %, 19878 MiB, 200.18 W, 75
2026/08/06 16:56:16.011, 100 %, 19878 MiB, 200.15 W, 74
2026/08/06 16:57:16.018, 98 %, 19878 MiB, 199.83 W, 75
2026/08/06 16:58:16.025, 100 %, 19878 MiB, 199.98 W, 74
2026/08/06 16:59:16.032, 100 %, 19878 MiB, 200.01 W, 75
2026/08/06 17:00:16.039, 100 %, 19878 MiB, 200.15 W, 75
2026/08/06 17:01:16.047, 100 %, 19878 MiB, 200.01 W, 75
2026/08/06 17:02:16.055, 98 %, 19878 MiB, 200.01 W, 75
2026/08/06 17:03:16.061, 100 %, 19878 MiB, 200.01 W, 76
2026/08/06 17:04:16.069, 100 %, 19878 MiB, 199.94 W, 75
2026/08/06 17:05:16.076, 100 %, 19878 MiB, 200.08 W, 75
2026/08/06 17:06:16.082, 100 %, 19878 MiB, 199.46 W, 75
2026/08/06 17:07:16.089, 98 %, 19878 MiB, 200.23 W, 75
2026/08/06 17:08:16.107, 100 %, 19878 MiB, 200.25 W, 75
2026/08/06 17:09:16.114, 100 %, 19878 MiB, 202.01 W, 75
2026/08/06 17:10:16.122, 100 %, 19878 MiB, 199.98 W, 75
2026/08/06 17:11:16.129, 98 %, 19878 MiB, 199.66 W, 75
2026/08/06 17:12:16.137, 97 %, 19878 MiB, 199.84 W, 75
2026/08/06 17:13:16.144, 100 %, 19878 MiB, 200.07 W, 75
2026/08/06 17:14:16.153, 100 %, 19878 MiB, 200.00 W, 75
2026/08/06 17:15:16.160, 98 %, 19878 MiB, 199.88 W, 75
2026/08/06 17:16:16.169, 98 %, 19878 MiB, 200.01 W, 75
2026/08/06 17:17:16.177, 100 %, 19878 MiB, 200.24 W, 75
2026/08/06 17:18:16.185, 100 %, 19878 MiB, 200.12 W, 75
2026/08/06 17:19:16.192, 100 %, 19878 MiB, 199.96 W, 75
2026/08/06 17:20:16.208, 98 %, 19878 MiB, 199.96 W, 76
2026/08/06 17:21:16.216, 100 %, 19878 MiB, 199.99 W, 75
2026/08/06 17:22:16.224, 100 %, 19878 MiB, 200.00 W, 74
2026/08/06 17:23:16.233, 100 %, 19878 MiB, 199.68 W, 75
2026/08/06 17:24:16.239, 100 %, 19878 MiB, 200.63 W, 75
2026/08/06 17:25:16.246, 98 %, 19878 MiB, 199.91 W, 75
2026/08/06 17:26:16.253, 100 %, 19878 MiB, 200.18 W, 75
2026/08/06 17:27:16.261, 100 %, 19878 MiB, 200.08 W, 73
2026/08/06 17:28:16.268, 100 %, 19878 MiB, 199.98 W, 75
2026/08/06 17:29:16.276, 100 %, 19878 MiB, 199.95 W, 76
2026/08/06 17:30:16.283, 100 %, 19878 MiB, 200.25 W, 76
2026/08/06 17:31:16.290, 100 %, 19878 MiB, 199.95 W, 75
2026/08/06 17:32:16.306, 100 %, 19878 MiB, 200.40 W, 76
2026/08/06 17:33:16.313, 97 %, 19878 MiB, 199.85 W, 76
2026/08/06 17:34:16.320, 98 %, 19878 MiB, 199.77 W, 76
2026/08/06 17:35:16.327, 100 %, 19878 MiB, 200.02 W, 76
2026/08/06 17:36:16.335, 100 %, 19878 MiB, 199.97 W, 76
2026/08/06 17:37:16.343, 100 %, 19878 MiB, 200.00 W, 74
2026/08/06 17:38:16.351, 100 %, 19878 MiB, 200.12 W, 75
2026/08/06 17:39:16.358, 67 %, 19878 MiB, 197.66 W, 76
2026/08/06 17:40:16.365, 100 %, 19878 MiB, 202.81 W, 75
2026/08/06 17:41:16.373, 100 %, 19878 MiB, 200.01 W, 75
2026/08/06 17:42:16.380, 100 %, 19878 MiB, 199.88 W, 75
2026/08/06 17:43:16.387, 100 %, 19878 MiB, 200.32 W, 75
2026/08/06 17:44:16.394, 99 %, 19878 MiB, 200.03 W, 75
2026/08/06 17:45:16.407, 97 %, 19878 MiB, 199.81 W, 76
2026/08/06 17:46:16.413, 100 %, 19878 MiB, 200.01 W, 76
2026/08/06 17:47:16.421, 100 %, 19878 MiB, 200.12 W, 76
2026/08/06 17:48:16.428, 100 %, 19878 MiB, 200.27 W, 76
2026/08/06 17:49:16.434, 98 %, 19878 MiB, 199.90 W, 76
2026/08/06 17:50:16.442, 98 %, 19878 MiB, 199.79 W, 76
2026/08/06 17:51:16.449, 98 %, 19878 MiB, 199.91 W, 76
2026/08/06 17:52:16.456, 100 %, 19878 MiB, 200.01 W, 74
2026/08/06 17:53:16.462, 98 %, 19878 MiB, 200.16 W, 74
2026/08/06 17:54:16.470, 100 %, 19878 MiB, 199.71 W, 75
2026/08/06 17:55:16.476, 100 %, 19878 MiB, 199.69 W, 74
2026/08/06 17:56:16.484, 100 %, 19878 MiB, 199.48 W, 74
2026/08/06 17:57:16.493, 100 %, 19878 MiB, 199.97 W, 75
2026/08/06 17:58:16.506, 100 %, 19878 MiB, 200.01 W, 74
2026/08/06 17:59:16.514, 100 %, 19878 MiB, 199.99 W, 74
2026/08/06 18:00:16.522, 99 %, 19878 MiB, 199.94 W, 74
2026/08/06 18:01:16.530, 100 %, 19878 MiB, 199.96 W, 75
2026/08/06 18:02:16.537, 100 %, 19878 MiB, 200.00 W, 74
2026/08/06 18:03:16.544, 100 %, 19878 MiB, 200.03 W, 74
2026/08/06 18:04:16.552, 97 %, 19878 MiB, 199.90 W, 75
2026/08/06 18:05:16.560, 98 %, 19878 MiB, 199.62 W, 73
2026/08/06 18:06:16.567, 98 %, 19878 MiB, 200.21 W, 74
2026/08/06 18:07:16.574, 100 %, 19878 MiB, 200.25 W, 74
2026/08/06 18:08:16.582, 100 %, 19878 MiB, 199.84 W, 75
2026/08/06 18:09:16.590, 100 %, 19878 MiB, 200.29 W, 74
2026/08/06 18:10:16.606, 100 %, 19878 MiB, 199.56 W, 75
2026/08/06 18:11:16.613, 100 %, 19878 MiB, 200.19 W, 75
2026/08/06 18:12:16.620, 100 %, 19878 MiB, 199.76 W, 75
2026/08/06 18:13:16.630, 100 %, 19878 MiB, 200.06 W, 74
2026/08/06 18:14:16.636, 82 %, 19878 MiB, 198.91 W, 76
2026/08/06 18:15:16.644, 97 %, 19878 MiB, 200.01 W, 71
2026/08/06 18:16:16.652, 99 %, 19878 MiB, 199.93 W, 75
2026/08/06 18:17:16.659, 98 %, 19878 MiB, 199.83 W, 74
2026/08/06 18:18:16.667, 100 %, 19878 MiB, 200.10 W, 74
2026/08/06 18:19:16.675, 100 %, 19878 MiB, 199.95 W, 75
2026/08/06 18:20:16.682, 100 %, 19878 MiB, 200.00 W, 74
2026/08/06 18:21:16.690, 98 %, 19878 MiB, 200.24 W, 74
2026/08/06 18:22:16.706, 98 %, 19878 MiB, 199.72 W, 74
2026/08/06 18:23:16.714, 98 %, 19878 MiB, 200.02 W, 74
2026/08/06 18:24:16.722, 98 %, 19878 MiB, 199.87 W, 74
2026/08/06 18:25:16.730, 98 %, 19878 MiB, 200.04 W, 74
2026/08/06 18:26:16.736, 100 %, 19878 MiB, 146.73 W, 71
2026/08/06 18:27:16.744, 100 %, 19878 MiB, 199.98 W, 74
2026/08/06 18:28:16.752, 100 %, 19878 MiB, 200.12 W, 74
2026/08/06 18:29:16.760, 100 %, 19878 MiB, 200.11 W, 74
2026/08/06 18:30:16.767, 100 %, 19878 MiB, 200.01 W, 74
2026/08/06 18:31:16.775, 98 %, 19878 MiB, 199.66 W, 73
2026/08/06 18:32:16.782, 100 %, 19878 MiB, 200.05 W, 74
2026/08/06 18:33:16.789, 98 %, 19878 MiB, 199.87 W, 75
2026/08/06 18:34:16.805, 98 %, 19878 MiB, 200.31 W, 75
2026/08/06 18:35:16.813, 100 %, 19878 MiB, 200.01 W, 74
2026/08/06 18:36:16.820, 100 %, 19878 MiB, 199.96 W, 72
2026/08/06 18:37:16.828, 100 %, 19878 MiB, 199.97 W, 74
2026/08/06 18:38:16.836, 100 %, 19878 MiB, 200.07 W, 74
2026/08/06 18:39:16.844, 100 %, 19878 MiB, 200.00 W, 74
2026/08/06 18:40:16.852, 100 %, 19878 MiB, 200.25 W, 74
2026/08/06 18:41:16.860, 100 %, 19878 MiB, 200.18 W, 74
2026/08/06 18:42:16.870, 100 %, 19878 MiB, 200.01 W, 75
2026/08/06 18:43:16.877, 100 %, 19878 MiB, 200.02 W, 74
2026/08/06 18:44:16.884, 98 %, 19878 MiB, 199.93 W, 74
2026/08/06 18:45:16.892, 98 %, 19878 MiB, 199.83 W, 75
2026/08/06 18:46:16.906, 98 %, 19878 MiB, 199.81 W, 74
2026/08/06 18:47:16.913, 100 %, 19878 MiB, 200.03 W, 74
2026/08/06 18:48:16.920, 100 %, 19878 MiB, 199.85 W, 74
2026/08/06 18:49:16.928, 100 %, 19878 MiB, 199.99 W, 74
2026/08/06 18:50:16.936, 98 %, 19878 MiB, 200.16 W, 74
2026/08/06 18:51:16.943, 100 %, 19878 MiB, 199.99 W, 74
2026/08/06 18:52:16.951, 100 %, 19878 MiB, 200.03 W, 74
2026/08/06 18:53:16.959, 97 %, 19878 MiB, 199.88 W, 75
2026/08/06 18:54:16.966, 100 %, 19878 MiB, 200.15 W, 74
2026/08/06 18:55:16.972, 100 %, 19878 MiB, 200.18 W, 74
2026/08/06 18:56:16.979, 98 %, 19878 MiB, 200.23 W, 74
2026/08/06 18:57:16.987, 76 %, 19878 MiB, 198.12 W, 74
2026/08/06 18:58:17.003, 100 %, 19878 MiB, 200.44 W, 75
2026/08/06 18:59:17.011, 63 %, 19878 MiB, 196.97 W, 73
2026/08/06 19:00:17.019, 100 %, 19878 MiB, 200.11 W, 74
2026/08/06 19:01:17.027, 85 %, 19878 MiB, 199.11 W, 73
2026/08/06 19:02:17.035, 100 %, 19878 MiB, 200.46 W, 74
2026/08/06 19:03:17.042, 100 %, 19878 MiB, 199.97 W, 75
2026/08/06 19:04:17.051, 97 %, 19878 MiB, 199.90 W, 75
2026/08/06 19:05:17.058, 98 %, 19878 MiB, 199.80 W, 74
2026/08/06 19:06:17.066, 65 %, 19878 MiB, 197.33 W, 73
2026/08/06 19:07:17.074, 98 %, 19878 MiB, 200.21 W, 74
2026/08/06 19:08:17.085, 66 %, 19878 MiB, 197.23 W, 73
2026/08/06 19:09:17.104, 100 %, 19878 MiB, 199.98 W, 74
2026/08/06 19:10:17.114, 100 %, 19878 MiB, 199.99 W, 74
2026/08/06 19:11:17.123, 100 %, 19878 MiB, 200.13 W, 75
2026/08/06 19:12:17.131, 100 %, 19878 MiB, 199.96 W, 75
2026/08/06 19:13:17.138, 100 %, 19878 MiB, 200.33 W, 74
2026/08/06 19:14:17.145, 100 %, 19878 MiB, 199.12 W, 74
2026/08/06 19:15:17.154, 100 %, 19878 MiB, 200.28 W, 74
2026/08/06 19:16:17.163, 98 %, 19878 MiB, 200.22 W, 74
2026/08/06 19:17:17.170, 68 %, 19878 MiB, 197.62 W, 76
2026/08/06 19:18:17.177, 98 %, 19878 MiB, 200.12 W, 75
2026/08/06 19:19:17.185, 99 %, 19878 MiB, 199.56 W, 76
2026/08/06 19:20:17.201, 100 %, 19878 MiB, 200.18 W, 75
2026/08/06 19:21:17.209, 100 %, 19878 MiB, 199.64 W, 75
2026/08/06 19:22:17.217, 100 %, 19878 MiB, 200.21 W, 74
2026/08/06 19:23:17.225, 100 %, 19878 MiB, 200.17 W, 74
2026/08/06 19:24:17.233, 100 %, 19878 MiB, 200.10 W, 74
2026/08/06 19:25:17.241, 100 %, 19878 MiB, 200.01 W, 74
2026/08/06 19:26:17.249, 100 %, 19878 MiB, 199.96 W, 74
2026/08/06 19:27:17.257, 100 %, 19878 MiB, 202.20 W, 74
2026/08/06 19:28:17.266, 73 %, 19878 MiB, 198.21 W, 73
2026/08/06 19:29:17.274, 100 %, 19878 MiB, 200.19 W, 74
2026/08/06 19:30:17.281, 100 %, 19878 MiB, 199.88 W, 74
2026/08/06 19:31:17.290, 100 %, 19878 MiB, 200.03 W, 74
2026/08/06 19:32:17.306, 100 %, 19878 MiB, 199.90 W, 75
2026/08/06 19:33:17.315, 98 %, 19878 MiB, 199.93 W, 75
2026/08/06 19:34:17.324, 98 %, 19878 MiB, 199.80 W, 74
2026/08/06 19:35:17.332, 100 %, 19878 MiB, 200.02 W, 74
2026/08/06 19:36:17.341, 100 %, 19878 MiB, 200.42 W, 75
2026/08/06 19:37:17.349, 100 %, 19878 MiB, 199.66 W, 74
2026/08/06 19:38:17.357, 98 %, 19878 MiB, 199.94 W, 75
2026/08/06 19:39:17.364, 100 %, 19878 MiB, 200.01 W, 74
2026/08/06 19:40:17.373, 98 %, 19878 MiB, 199.87 W, 75
2026/08/06 19:41:17.381, 97 %, 19878 MiB, 200.12 W, 74
2026/08/06 19:42:17.388, 100 %, 19878 MiB, 200.09 W, 75
2026/08/06 19:43:17.403, 100 %, 19878 MiB, 200.04 W, 75
2026/08/06 19:44:17.412, 98 %, 19878 MiB, 199.88 W, 75
2026/08/06 19:45:17.419, 100 %, 19878 MiB, 200.04 W, 74
2026/08/06 19:46:17.428, 100 %, 19878 MiB, 199.91 W, 74
2026/08/06 19:47:17.437, 100 %, 19878 MiB, 199.96 W, 75
2026/08/06 19:48:17.445, 100 %, 19878 MiB, 200.23 W, 75
2026/08/06 19:49:17.453, 98 %, 19878 MiB, 199.78 W, 74
2026/08/06 19:50:17.461, 98 %, 19878 MiB, 199.96 W, 75
2026/08/06 19:51:17.469, 100 %, 19878 MiB, 200.12 W, 75
2026/08/06 19:52:17.477, 100 %, 19878 MiB, 200.05 W, 74
2026/08/06 19:53:17.485, 100 %, 19878 MiB, 200.25 W, 74
2026/08/06 19:54:17.503, 98 %, 19878 MiB, 200.07 W, 74
2026/08/06 19:55:17.512, 97 %, 19878 MiB, 199.80 W, 75
2026/08/06 19:56:17.521, 98 %, 19878 MiB, 199.97 W, 72
2026/08/06 19:57:17.529, 97 %, 19878 MiB, 200.10 W, 74
2026/08/06 19:58:17.539, 100 %, 19878 MiB, 196.93 W, 73
2026/08/06 19:59:17.547, 100 %, 19878 MiB, 199.76 W, 75
2026/08/06 20:00:17.556, 100 %, 19878 MiB, 199.96 W, 75
2026/08/06 20:01:17.565, 100 %, 19878 MiB, 199.97 W, 74
2026/08/06 20:02:17.573, 100 %, 19878 MiB, 199.99 W, 74
2026/08/06 20:03:17.581, 100 %, 19878 MiB, 200.29 W, 74
2026/08/06 20:04:17.589, 98 %, 19878 MiB, 200.05 W, 74
2026/08/06 20:05:17.607, 99 %, 19878 MiB, 200.77 W, 75
2026/08/06 20:06:17.618, 100 %, 19878 MiB, 199.85 W, 74
2026/08/06 20:07:17.627, 100 %, 19878 MiB, 199.96 W, 74
2026/08/06 20:08:17.636, 100 %, 19878 MiB, 199.78 W, 75
2026/08/06 20:09:17.644, 100 %, 19878 MiB, 199.97 W, 74
2026/08/06 20:10:17.652, 100 %, 19878 MiB, 199.81 W, 74
2026/08/06 20:11:17.660, 98 %, 19878 MiB, 200.03 W, 74
2026/08/06 20:12:17.670, 100 %, 19878 MiB, 199.79 W, 74
2026/08/06 20:13:17.678, 100 %, 19878 MiB, 200.00 W, 74
2026/08/06 20:14:17.686, 100 %, 19878 MiB, 200.18 W, 74
2026/08/06 20:15:17.703, 100 %, 19878 MiB, 199.96 W, 72
2026/08/06 20:16:17.710, 98 %, 19878 MiB, 200.02 W, 74
2026/08/06 20:17:17.719, 100 %, 19878 MiB, 199.99 W, 74
2026/08/06 20:18:17.727, 100 %, 19878 MiB, 203.82 W, 74
2026/08/06 20:19:17.737, 100 %, 19878 MiB, 199.91 W, 74
2026/08/06 20:20:17.744, 100 %, 19878 MiB, 199.75 W, 74
2026/08/06 20:21:17.753, 100 %, 19878 MiB, 200.00 W, 74
2026/08/06 20:22:17.763, 100 %, 19878 MiB, 199.93 W, 74
2026/08/06 20:23:17.773, 100 %, 19878 MiB, 200.15 W, 74
2026/08/06 20:24:17.781, 100 %, 19878 MiB, 199.98 W, 74
2026/08/06 20:25:17.789, 100 %, 19878 MiB, 199.72 W, 73
2026/08/06 20:26:17.805, 100 %, 19878 MiB, 200.00 W, 74
2026/08/06 20:27:17.814, 100 %, 19878 MiB, 203.12 W, 74
2026/08/06 20:28:17.821, 97 %, 19878 MiB, 199.97 W, 74
2026/08/06 20:29:17.828, 100 %, 19878 MiB, 200.00 W, 75
2026/08/06 20:30:17.836, 100 %, 19878 MiB, 199.78 W, 75
2026/08/06 20:31:17.844, 100 %, 19878 MiB, 199.97 W, 75
2026/08/06 20:32:17.854, 100 %, 19878 MiB, 199.98 W, 75
2026/08/06 20:33:17.861, 100 %, 19878 MiB, 199.77 W, 75
2026/08/06 20:34:17.869, 98 %, 19878 MiB, 200.03 W, 75
2026/08/06 20:35:17.877, 98 %, 19878 MiB, 200.02 W, 73
2026/08/06 20:36:17.885, 100 %, 19878 MiB, 199.84 W, 74
2026/08/06 20:37:17.900, 100 %, 19878 MiB, 199.83 W, 74
2026/08/06 20:38:17.910, 98 %, 19878 MiB, 199.74 W, 74
2026/08/06 20:39:17.918, 100 %, 19878 MiB, 199.98 W, 74
2026/08/06 20:40:17.926, 100 %, 19878 MiB, 199.95 W, 73
2026/08/06 20:41:17.934, 100 %, 19878 MiB, 199.95 W, 74
2026/08/06 20:42:17.942, 100 %, 19878 MiB, 199.79 W, 74
2026/08/06 20:43:17.949, 100 %, 19878 MiB, 200.16 W, 74
2026/08/06 20:44:17.957, 98 %, 19878 MiB, 199.99 W, 73
2026/08/06 20:45:17.965, 98 %, 19878 MiB, 200.09 W, 72
2026/08/06 20:46:17.972, 98 %, 19878 MiB, 200.88 W, 74
2026/08/06 20:47:17.980, 100 %, 19878 MiB, 199.60 W, 75
2026/08/06 20:48:17.988, 100 %, 19878 MiB, 200.20 W, 74
2026/08/06 20:49:18.007, 98 %, 19878 MiB, 200.41 W, 74
2026/08/06 20:50:18.016, 98 %, 19878 MiB, 200.41 W, 74
2026/08/06 20:51:18.024, 100 %, 19878 MiB, 199.97 W, 74
2026/08/06 20:52:18.032, 100 %, 19878 MiB, 202.21 W, 74
2026/08/06 20:53:18.041, 100 %, 19878 MiB, 199.99 W, 75
2026/08/06 20:54:18.047, 98 %, 19878 MiB, 200.07 W, 75
2026/08/06 20:55:18.055, 100 %, 19878 MiB, 200.01 W, 74
2026/08/06 20:56:18.064, 98 %, 19878 MiB, 200.01 W, 74
2026/08/06 20:57:18.072, 100 %, 19878 MiB, 199.93 W, 74
2026/08/06 20:58:18.081, 100 %, 19878 MiB, 199.85 W, 75
2026/08/06 20:59:18.089, 100 %, 19878 MiB, 199.85 W, 75
2026/08/06 21:00:18.106, 100 %, 19878 MiB, 200.31 W, 75
2026/08/06 21:01:18.114, 100 %, 19878 MiB, 199.85 W, 74
2026/08/06 21:02:18.121, 100 %, 19878 MiB, 199.90 W, 74
2026/08/06 21:03:18.130, 100 %, 19878 MiB, 199.82 W, 75
2026/08/06 21:04:18.137, 100 %, 19878 MiB, 200.00 W, 74
2026/08/06 21:05:18.144, 100 %, 19878 MiB, 200.39 W, 73
2026/08/06 21:06:18.152, 100 %, 19878 MiB, 200.18 W, 74
2026/08/06 21:07:18.158, 100 %, 19878 MiB, 199.97 W, 73
2026/08/06 21:08:18.167, 98 %, 19878 MiB, 200.05 W, 74
2026/08/06 21:09:18.175, 98 %, 19878 MiB, 201.88 W, 73
2026/08/06 21:10:18.183, 100 %, 19878 MiB, 200.22 W, 74
2026/08/06 21:11:18.191, 100 %, 19878 MiB, 202.30 W, 73
2026/08/06 21:12:18.207, 100 %, 19878 MiB, 199.92 W, 74
2026/08/06 21:13:18.215, 98 %, 19878 MiB, 199.99 W, 72
2026/08/06 21:14:18.223, 100 %, 19878 MiB, 199.88 W, 73
2026/08/06 21:15:18.231, 100 %, 19878 MiB, 200.49 W, 73
2026/08/06 21:16:18.239, 100 %, 19878 MiB, 199.89 W, 74
2026/08/06 21:17:18.246, 98 %, 19878 MiB, 199.80 W, 74
2026/08/06 21:18:18.253, 97 %, 19878 MiB, 199.53 W, 74
2026/08/06 21:19:18.261, 100 %, 19878 MiB, 200.10 W, 73
2026/08/06 21:20:18.268, 100 %, 19878 MiB, 197.62 W, 73
2026/08/06 21:21:18.275, 98 %, 19878 MiB, 200.32 W, 74
2026/08/06 21:22:18.282, 98 %, 19878 MiB, 199.22 W, 73
2026/08/06 21:23:18.290, 100 %, 19878 MiB, 199.96 W, 74
2026/08/06 21:24:18.307, 100 %, 19878 MiB, 199.99 W, 74
2026/08/06 21:25:18.316, 100 %, 19878 MiB, 199.98 W, 74
2026/08/06 21:26:18.324, 100 %, 19878 MiB, 199.98 W, 74
2026/08/06 21:27:18.332, 100 %, 19878 MiB, 199.98 W, 73
2026/08/06 21:28:18.339, 98 %, 19878 MiB, 199.99 W, 74
2026/08/06 21:29:18.346, 100 %, 19878 MiB, 199.98 W, 74
2026/08/06 21:30:18.353, 100 %, 19878 MiB, 199.98 W, 74
2026/08/06 21:31:18.360, 100 %, 19878 MiB, 197.37 W, 72
2026/08/06 21:32:18.367, 100 %, 19878 MiB, 200.29 W, 74
2026/08/06 21:33:18.376, 100 %, 19878 MiB, 199.98 W, 74
2026/08/06 21:34:18.383, 100 %, 19878 MiB, 200.01 W, 75
2026/08/06 21:35:18.391, 97 %, 19878 MiB, 199.91 W, 73
2026/08/06 21:36:18.406, 100 %, 19878 MiB, 199.84 W, 74
2026/08/06 21:37:18.414, 100 %, 19878 MiB, 200.00 W, 74
2026/08/06 21:38:18.421, 67 %, 19878 MiB, 200.10 W, 75
2026/08/06 21:39:18.430, 100 %, 19878 MiB, 200.00 W, 73
2026/08/06 21:40:18.438, 78 %, 19878 MiB, 200.27 W, 74
2026/08/06 21:41:18.446, 98 %, 19878 MiB, 199.97 W, 74
2026/08/06 21:42:18.454, 98 %, 19878 MiB, 199.72 W, 74
2026/08/06 21:43:18.462, 100 %, 19878 MiB, 199.96 W, 74
2026/08/06 21:44:18.470, 97 %, 19878 MiB, 200.90 W, 74
2026/08/06 21:45:18.476, 100 %, 19878 MiB, 200.27 W, 74
2026/08/06 21:46:18.484, 100 %, 19878 MiB, 199.76 W, 74
2026/08/06 21:47:18.491, 100 %, 19878 MiB, 201.34 W, 74
2026/08/06 21:48:18.506, 98 %, 19878 MiB, 200.10 W, 73
2026/08/06 21:49:18.515, 100 %, 19878 MiB, 201.59 W, 74
2026/08/06 21:50:18.522, 95 %, 19878 MiB, 200.01 W, 75
2026/08/06 21:51:18.529, 97 %, 19878 MiB, 200.03 W, 74
2026/08/06 21:52:18.537, 100 %, 19878 MiB, 199.41 W, 74
2026/08/06 21:53:18.545, 98 %, 19878 MiB, 200.05 W, 73
2026/08/06 21:54:18.553, 0 %, 19878 MiB, 29.94 W, 60
2026/08/06 21:55:18.561, 100 %, 19878 MiB, 199.55 W, 75
2026/08/06 21:56:18.568, 98 %, 19878 MiB, 200.43 W, 74
2026/08/06 21:57:18.577, 100 %, 19878 MiB, 196.90 W, 71
2026/08/06 21:58:18.586, 100 %, 19878 MiB, 200.35 W, 73
2026/08/06 21:59:18.602, 98 %, 19878 MiB, 199.86 W, 74
2026/08/06 22:00:18.610, 100 %, 19878 MiB, 199.98 W, 74
2026/08/06 22:01:18.617, 87 %, 19878 MiB, 199.73 W, 74
2026/08/06 22:02:18.625, 100 %, 19878 MiB, 199.99 W, 74
2026/08/06 22:03:18.633, 100 %, 19878 MiB, 200.02 W, 73
2026/08/06 22:04:18.641, 100 %, 19878 MiB, 200.24 W, 73
2026/08/06 22:05:18.650, 97 %, 19878 MiB, 200.02 W, 74
2026/08/06 22:06:18.658, 100 %, 19878 MiB, 199.82 W, 74
2026/08/06 22:07:18.666, 98 %, 19878 MiB, 198.34 W, 74
2026/08/06 22:08:18.675, 100 %, 19878 MiB, 200.06 W, 74
2026/08/06 22:09:18.684, 98 %, 19878 MiB, 199.50 W, 74
2026/08/06 22:10:18.691, 98 %, 19878 MiB, 200.12 W, 72
2026/08/06 22:11:18.707, 100 %, 19878 MiB, 199.69 W, 74
2026/08/06 22:12:18.715, 100 %, 19878 MiB, 200.03 W, 74
2026/08/06 22:13:18.723, 100 %, 19878 MiB, 199.73 W, 74
2026/08/06 22:14:18.732, 97 %, 19878 MiB, 199.97 W, 73
2026/08/06 22:15:18.741, 100 %, 19878 MiB, 200.20 W, 74
2026/08/06 22:16:18.749, 98 %, 19878 MiB, 199.99 W, 74
2026/08/06 22:17:18.758, 100 %, 19878 MiB, 200.01 W, 73
2026/08/06 22:18:18.765, 75 %, 19878 MiB, 200.01 W, 73
2026/08/06 22:19:18.773, 98 %, 19878 MiB, 200.03 W, 73
2026/08/06 22:20:18.781, 100 %, 19878 MiB, 199.88 W, 74
2026/08/06 22:21:18.789, 100 %, 19878 MiB, 199.97 W, 74
2026/08/06 22:22:18.806, 100 %, 19878 MiB, 200.10 W, 74
2026/08/06 22:23:18.814, 98 %, 19878 MiB, 199.71 W, 74
2026/08/06 22:24:18.823, 76 %, 19878 MiB, 200.00 W, 73
2026/08/06 22:25:18.830, 98 %, 19878 MiB, 199.74 W, 74
2026/08/06 22:26:18.838, 100 %, 19878 MiB, 202.90 W, 74
2026/08/06 22:27:18.846, 100 %, 19878 MiB, 197.83 W, 75
2026/08/06 22:28:18.854, 98 %, 19878 MiB, 199.77 W, 74
2026/08/06 22:29:18.862, 100 %, 19878 MiB, 200.02 W, 73
2026/08/06 22:30:18.870, 100 %, 19878 MiB, 200.00 W, 74
2026/08/06 22:31:18.878, 67 %, 19878 MiB, 200.26 W, 73
2026/08/06 22:32:18.886, 100 %, 19878 MiB, 199.84 W, 74
2026/08/06 22:33:18.911, 100 %, 19878 MiB, 199.98 W, 74
2026/08/06 22:34:18.919, 98 %, 19878 MiB, 199.85 W, 73
2026/08/06 22:35:18.929, 98 %, 19878 MiB, 199.92 W, 74
2026/08/06 22:36:18.937, 100 %, 19878 MiB, 199.98 W, 74
2026/08/06 22:37:18.946, 100 %, 19878 MiB, 199.99 W, 74
2026/08/06 22:38:18.954, 100 %, 19878 MiB, 200.35 W, 74
2026/08/06 22:39:18.961, 98 %, 19878 MiB, 199.68 W, 74
2026/08/06 22:40:18.969, 98 %, 19878 MiB, 200.08 W, 72
2026/08/06 22:41:18.976, 100 %, 19878 MiB, 199.70 W, 73
2026/08/06 22:42:18.985, 97 %, 19878 MiB, 200.06 W, 73
2026/08/06 22:43:18.993, 62 %, 19878 MiB, 200.23 W, 73
2026/08/06 22:44:19.008, 100 %, 19878 MiB, 199.99 W, 74
2026/08/06 22:45:19.015, 98 %, 19878 MiB, 199.90 W, 74
2026/08/06 22:46:19.024, 86 %, 19878 MiB, 199.97 W, 73
2026/08/06 22:47:19.032, 100 %, 19878 MiB, 199.82 W, 74
2026/08/06 22:48:19.041, 100 %, 19878 MiB, 200.13 W, 73
2026/08/06 22:49:19.049, 98 %, 19878 MiB, 199.87 W, 73
2026/08/06 22:50:19.058, 100 %, 19878 MiB, 202.31 W, 74
2026/08/06 22:51:19.065, 100 %, 19878 MiB, 198.29 W, 73
2026/08/06 22:52:19.074, 100 %, 19878 MiB, 200.21 W, 73
2026/08/06 22:53:19.082, 100 %, 19878 MiB, 199.80 W, 74
2026/08/06 22:54:19.091, 100 %, 19878 MiB, 197.19 W, 73
2026/08/06 22:55:19.107, 100 %, 19878 MiB, 200.28 W, 74
2026/08/06 22:56:19.114, 100 %, 19878 MiB, 199.92 W, 74
2026/08/06 22:57:19.121, 100 %, 19878 MiB, 200.01 W, 73
2026/08/06 22:58:19.129, 68 %, 19878 MiB, 199.98 W, 73
2026/08/06 22:59:19.138, 100 %, 19878 MiB, 200.00 W, 74
2026/08/06 23:00:19.146, 100 %, 19878 MiB, 200.20 W, 73
2026/08/06 23:01:19.155, 98 %, 19878 MiB, 199.95 W, 73
2026/08/06 23:02:19.162, 100 %, 19878 MiB, 173.91 W, 73
2026/08/06 23:03:19.171, 100 %, 19878 MiB, 200.11 W, 73
2026/08/06 23:04:19.179, 100 %, 19878 MiB, 200.13 W, 73
2026/08/06 23:05:19.186, 100 %, 19878 MiB, 200.22 W, 74
2026/08/06 23:06:19.203, 98 %, 19878 MiB, 199.62 W, 73
2026/08/06 23:07:19.211, 100 %, 19878 MiB, 199.80 W, 74
2026/08/06 23:08:19.219, 100 %, 19878 MiB, 199.99 W, 73
2026/08/06 23:09:19.228, 97 %, 19878 MiB, 199.71 W, 73
2026/08/06 23:10:19.235, 100 %, 19878 MiB, 199.97 W, 73
2026/08/06 23:11:19.243, 98 %, 19878 MiB, 199.99 W, 73
2026/08/06 23:12:19.251, 100 %, 19878 MiB, 201.59 W, 74
2026/08/06 23:13:19.260, 100 %, 19878 MiB, 198.84 W, 72
2026/08/06 23:14:19.267, 100 %, 19878 MiB, 199.99 W, 73
2026/08/06 23:15:19.276, 100 %, 19878 MiB, 200.25 W, 74
2026/08/06 23:16:19.283, 94 %, 19878 MiB, 200.08 W, 73
2026/08/06 23:17:19.290, 98 %, 19878 MiB, 199.98 W, 74
2026/08/06 23:18:19.305, 98 %, 19878 MiB, 201.62 W, 74
2026/08/06 23:19:19.313, 100 %, 19878 MiB, 198.10 W, 74
2026/08/06 23:20:19.321, 100 %, 19878 MiB, 200.00 W, 74
2026/08/06 23:21:19.330, 100 %, 19878 MiB, 200.01 W, 74
2026/08/06 23:22:19.339, 100 %, 19878 MiB, 199.99 W, 73
2026/08/06 23:23:19.347, 98 %, 19878 MiB, 200.15 W, 69
2026/08/06 23:24:19.356, 97 %, 19878 MiB, 199.78 W, 74
2026/08/06 23:25:19.363, 98 %, 19878 MiB, 200.26 W, 73
2026/08/06 23:26:19.371, 100 %, 19878 MiB, 199.99 W, 73
2026/08/06 23:27:19.378, 100 %, 19878 MiB, 199.16 W, 75
2026/08/06 23:28:19.386, 100 %, 19878 MiB, 200.01 W, 74
2026/08/06 23:29:19.394, 100 %, 19878 MiB, 199.88 W, 74
2026/08/06 23:30:19.407, 100 %, 19878 MiB, 199.99 W, 74
2026/08/06 23:31:19.417, 100 %, 19878 MiB, 200.32 W, 73
2026/08/06 23:32:19.425, 89 %, 19878 MiB, 200.04 W, 73
2026/08/06 23:33:19.433, 100 %, 19878 MiB, 196.49 W, 73
2026/08/06 23:34:19.441, 100 %, 19878 MiB, 199.97 W, 73
2026/08/06 23:35:19.449, 100 %, 19878 MiB, 199.96 W, 73
2026/08/06 23:36:19.457, 100 %, 19878 MiB, 199.90 W, 73
2026/08/06 23:37:19.465, 98 %, 19878 MiB, 200.09 W, 73
2026/08/06 23:38:19.473, 100 %, 19878 MiB, 199.85 W, 74
2026/08/06 23:39:19.481, 98 %, 19878 MiB, 199.96 W, 73
2026/08/06 23:40:19.489, 100 %, 19878 MiB, 200.15 W, 73
2026/08/06 23:41:19.506, 100 %, 19878 MiB, 199.88 W, 73
2026/08/06 23:42:19.515, 100 %, 19878 MiB, 200.31 W, 74
2026/08/06 23:43:19.525, 100 %, 19878 MiB, 199.79 W, 73
2026/08/06 23:44:19.533, 100 %, 19878 MiB, 199.85 W, 74
2026/08/06 23:45:19.541, 98 %, 19878 MiB, 203.31 W, 73
2026/08/06 23:46:19.550, 98 %, 19878 MiB, 199.65 W, 74
2026/08/06 23:47:19.559, 100 %, 19878 MiB, 200.01 W, 74
2026/08/06 23:48:19.568, 100 %, 19878 MiB, 200.16 W, 74
2026/08/06 23:49:19.579, 99 %, 19878 MiB, 199.98 W, 73
2026/08/06 23:50:19.587, 100 %, 19878 MiB, 200.14 W, 73
2026/08/06 23:51:19.603, 67 %, 19878 MiB, 199.96 W, 73
2026/08/06 23:52:19.613, 98 %, 19878 MiB, 199.68 W, 73
2026/08/06 23:53:19.623, 100 %, 19878 MiB, 201.86 W, 73
2026/08/06 23:54:19.633, 100 %, 19878 MiB, 199.60 W, 74
2026/08/06 23:55:19.643, 100 %, 19878 MiB, 200.18 W, 73
2026/08/06 23:56:19.653, 100 %, 19878 MiB, 200.24 W, 74
2026/08/06 23:57:19.663, 100 %, 19878 MiB, 200.18 W, 73
2026/08/06 23:58:19.674, 100 %, 19878 MiB, 200.27 W, 73
2026/08/06 23:59:19.684, 100 %, 19878 MiB, 199.79 W, 74
2026/08/07 00:00:19.692, 98 %, 19878 MiB, 200.23 W, 74
2026/08/07 00:01:19.711, 100 %, 19878 MiB, 200.27 W, 74
2026/08/07 00:02:19.722, 100 %, 19878 MiB, 199.98 W, 73
2026/08/07 00:03:19.732, 100 %, 19878 MiB, 199.99 W, 72
2026/08/07 00:04:19.742, 100 %, 19878 MiB, 199.96 W, 74
2026/08/07 00:05:19.753, 100 %, 19878 MiB, 197.97 W, 75
2026/08/07 00:06:19.763, 98 %, 19878 MiB, 199.64 W, 73
2026/08/07 00:07:19.774, 72 %, 19878 MiB, 200.12 W, 73
2026/08/07 00:08:19.784, 100 %, 19878 MiB, 199.88 W, 74
2026/08/07 00:09:19.794, 98 %, 19878 MiB, 202.72 W, 73
2026/08/07 00:10:19.809, 100 %, 19878 MiB, 200.01 W, 74
2026/08/07 00:11:19.820, 100 %, 19878 MiB, 199.91 W, 73
2026/08/07 00:12:19.829, 100 %, 19878 MiB, 199.95 W, 74
2026/08/07 00:13:19.837, 97 %, 19878 MiB, 199.75 W, 72
2026/08/07 00:14:19.846, 100 %, 19878 MiB, 200.35 W, 73
2026/08/07 00:15:19.856, 100 %, 19878 MiB, 200.27 W, 73
2026/08/07 00:16:19.868, 100 %, 19878 MiB, 199.87 W, 74
2026/08/07 00:17:19.881, 98 %, 19878 MiB, 201.16 W, 73
2026/08/07 00:18:19.889, 98 %, 19878 MiB, 199.68 W, 74
2026/08/07 00:19:19.906, 98 %, 19878 MiB, 200.12 W, 73
2026/08/07 00:20:19.916, 100 %, 19878 MiB, 199.98 W, 73
2026/08/07 00:21:19.926, 98 %, 19878 MiB, 200.03 W, 73
2026/08/07 00:22:19.937, 98 %, 19878 MiB, 199.98 W, 73
2026/08/07 00:23:19.947, 98 %, 19878 MiB, 200.24 W, 73
2026/08/07 00:24:19.957, 80 %, 19878 MiB, 200.29 W, 73
2026/08/07 00:25:19.967, 100 %, 19878 MiB, 200.34 W, 73
2026/08/07 00:26:19.977, 100 %, 19878 MiB, 199.97 W, 74
2026/08/07 00:27:19.985, 98 %, 19878 MiB, 199.96 W, 73
2026/08/07 00:28:19.994, 98 %, 19878 MiB, 200.05 W, 73
2026/08/07 00:29:20.016, 73 %, 19878 MiB, 200.00 W, 73
2026/08/07 00:30:20.028, 100 %, 19878 MiB, 199.97 W, 73
2026/08/07 00:31:20.039, 100 %, 19878 MiB, 199.96 W, 73
2026/08/07 00:32:20.051, 2 %, 19878 MiB, 98.86 W, 63
2026/08/07 00:33:20.061, 100 %, 19878 MiB, 199.94 W, 73
2026/08/07 00:34:20.069, 100 %, 19878 MiB, 199.77 W, 73
2026/08/07 00:35:20.077, 100 %, 19878 MiB, 198.04 W, 72
2026/08/07 00:36:20.087, 98 %, 19878 MiB, 200.02 W, 71
2026/08/07 00:37:20.104, 100 %, 19878 MiB, 199.75 W, 73
2026/08/07 00:38:20.114, 100 %, 19878 MiB, 199.88 W, 73
2026/08/07 00:39:20.123, 100 %, 19878 MiB, 200.41 W, 73
2026/08/07 00:40:20.134, 100 %, 19878 MiB, 199.87 W, 73
2026/08/07 00:41:20.144, 100 %, 19878 MiB, 200.24 W, 73
2026/08/07 00:42:20.155, 100 %, 19878 MiB, 200.34 W, 71
2026/08/07 00:43:20.164, 97 %, 19878 MiB, 200.03 W, 73
2026/08/07 00:44:20.175, 98 %, 19878 MiB, 199.96 W, 72
2026/08/07 00:45:20.185, 100 %, 19878 MiB, 200.12 W, 73
2026/08/07 00:46:20.193, 98 %, 19878 MiB, 200.09 W, 73
2026/08/07 00:47:20.208, 100 %, 19878 MiB, 199.80 W, 73
2026/08/07 00:48:20.218, 100 %, 19878 MiB, 199.95 W, 72
2026/08/07 00:49:20.229, 100 %, 19878 MiB, 200.17 W, 72
2026/08/07 00:50:20.240, 98 %, 19878 MiB, 199.94 W, 72
2026/08/07 00:51:20.249, 100 %, 19878 MiB, 199.98 W, 73
2026/08/07 00:52:20.258, 100 %, 19878 MiB, 200.03 W, 70
2026/08/07 00:53:20.265, 100 %, 19878 MiB, 199.99 W, 73
2026/08/07 00:54:20.273, 100 %, 19878 MiB, 202.48 W, 72
2026/08/07 00:55:20.281, 98 %, 19878 MiB, 199.63 W, 74
2026/08/07 00:56:20.290, 100 %, 19878 MiB, 200.00 W, 73
2026/08/07 00:57:20.310, 100 %, 19878 MiB, 199.97 W, 73
2026/08/07 00:58:20.320, 100 %, 19878 MiB, 199.97 W, 73
2026/08/07 00:59:20.329, 100 %, 19878 MiB, 202.02 W, 73
2026/08/07 01:00:20.337, 100 %, 19878 MiB, 199.79 W, 74
2026/08/07 01:01:20.346, 100 %, 19878 MiB, 200.02 W, 73
2026/08/07 01:02:20.357, 98 %, 19878 MiB, 200.35 W, 72
2026/08/07 01:03:20.366, 100 %, 19878 MiB, 199.93 W, 73
2026/08/07 01:04:20.375, 100 %, 19878 MiB, 199.92 W, 73
2026/08/07 01:05:20.384, 98 %, 19878 MiB, 200.03 W, 73
2026/08/07 01:06:20.391, 98 %, 19878 MiB, 199.71 W, 73
2026/08/07 01:07:20.407, 98 %, 19878 MiB, 200.34 W, 73
2026/08/07 01:08:20.417, 98 %, 19878 MiB, 199.73 W, 73
2026/08/07 01:09:20.427, 98 %, 19878 MiB, 200.05 W, 73
2026/08/07 01:10:20.435, 100 %, 19878 MiB, 200.29 W, 73
2026/08/07 01:11:20.445, 100 %, 19878 MiB, 199.99 W, 73
2026/08/07 01:12:20.455, 100 %, 19878 MiB, 200.02 W, 73
2026/08/07 01:13:20.463, 100 %, 19878 MiB, 200.16 W, 73
2026/08/07 01:14:20.471, 100 %, 19878 MiB, 199.96 W, 73
2026/08/07 01:15:20.479, 100 %, 19878 MiB, 200.26 W, 73
2026/08/07 01:16:20.488, 98 %, 19878 MiB, 199.79 W, 73
2026/08/07 01:17:20.505, 98 %, 19878 MiB, 199.92 W, 73
2026/08/07 01:18:20.516, 98 %, 19878 MiB, 199.69 W, 74
2026/08/07 01:19:20.526, 98 %, 19878 MiB, 200.02 W, 72
2026/08/07 01:20:20.535, 98 %, 19878 MiB, 200.04 W, 74
2026/08/07 01:21:20.545, 85 %, 19878 MiB, 199.99 W, 74
2026/08/07 01:22:20.556, 100 %, 19878 MiB, 198.07 W, 75
2026/08/07 01:23:20.572, 100 %, 19878 MiB, 199.99 W, 73
2026/08/07 01:24:20.583, 100 %, 19878 MiB, 200.01 W, 74
2026/08/07 01:25:20.592, 100 %, 19878 MiB, 199.99 W, 74
2026/08/07 01:26:20.609, 100 %, 19878 MiB, 200.34 W, 73
2026/08/07 01:27:20.619, 100 %, 19878 MiB, 199.95 W, 74
2026/08/07 01:28:20.628, 100 %, 19878 MiB, 199.98 W, 74
2026/08/07 01:29:20.637, 100 %, 19878 MiB, 201.47 W, 74
2026/08/07 01:30:20.645, 100 %, 19878 MiB, 199.68 W, 75
2026/08/07 01:31:20.655, 100 %, 19878 MiB, 199.96 W, 74
2026/08/07 01:32:20.664, 98 %, 19878 MiB, 200.01 W, 73
2026/08/07 01:33:20.673, 98 %, 19878 MiB, 199.98 W, 73
2026/08/07 01:34:20.681, 100 %, 19878 MiB, 200.08 W, 74
2026/08/07 01:35:20.689, 100 %, 19878 MiB, 199.83 W, 74
2026/08/07 01:36:20.706, 98 %, 19878 MiB, 199.90 W, 74
2026/08/07 01:37:20.714, 100 %, 19878 MiB, 199.96 W, 75
2026/08/07 01:38:20.723, 100 %, 19878 MiB, 199.85 W, 74
2026/08/07 01:39:20.731, 98 %, 19878 MiB, 200.29 W, 74
2026/08/07 01:40:20.738, 98 %, 19878 MiB, 199.65 W, 75
2026/08/07 01:41:20.747, 100 %, 19878 MiB, 199.95 W, 74
2026/08/07 01:42:20.755, 100 %, 19878 MiB, 200.13 W, 74
2026/08/07 01:43:20.763, 100 %, 19878 MiB, 200.01 W, 75
2026/08/07 01:44:20.771, 100 %, 19878 MiB, 200.23 W, 74
2026/08/07 01:45:20.778, 100 %, 19878 MiB, 199.95 W, 75
2026/08/07 01:46:20.786, 100 %, 19878 MiB, 199.18 W, 75
2026/08/07 01:47:20.801, 100 %, 19878 MiB, 199.98 W, 74
2026/08/07 01:48:20.809, 89 %, 19878 MiB, 199.67 W, 74
2026/08/07 01:49:20.817, 98 %, 19878 MiB, 199.87 W, 74
2026/08/07 01:50:20.824, 100 %, 19878 MiB, 200.28 W, 74
2026/08/07 01:51:20.833, 0 %, 19878 MiB, 31.59 W, 60
2026/08/07 01:52:20.841, 100 %, 19878 MiB, 199.88 W, 74
2026/08/07 01:53:20.849, 62 %, 19878 MiB, 200.25 W, 74
2026/08/07 01:54:20.857, 100 %, 19878 MiB, 199.99 W, 74
2026/08/07 01:55:20.865, 100 %, 19878 MiB, 199.79 W, 74
2026/08/07 01:56:20.874, 97 %, 19878 MiB, 197.01 W, 74
2026/08/07 01:57:20.881, 98 %, 19878 MiB, 200.26 W, 74
2026/08/07 01:58:20.889, 100 %, 19878 MiB, 200.20 W, 74
2026/08/07 01:59:20.909, 100 %, 19878 MiB, 199.83 W, 74
2026/08/07 02:00:20.921, 100 %, 19878 MiB, 199.99 W, 74
2026/08/07 02:01:20.929, 98 %, 19878 MiB, 199.66 W, 72
2026/08/07 02:02:20.938, 100 %, 19878 MiB, 200.20 W, 74
2026/08/07 02:03:20.946, 100 %, 19878 MiB, 200.18 W, 75
2026/08/07 02:04:20.954, 100 %, 19878 MiB, 199.92 W, 75
2026/08/07 02:05:20.964, 100 %, 19878 MiB, 199.93 W, 74
2026/08/07 02:06:20.975, 100 %, 19878 MiB, 198.74 W, 73
2026/08/07 02:07:20.984, 98 %, 19878 MiB, 200.10 W, 74
2026/08/07 02:08:20.992, 100 %, 19878 MiB, 200.23 W, 74
2026/08/07 02:09:21.010, 87 %, 19878 MiB, 198.99 W, 73
2026/08/07 02:10:21.019, 98 %, 19878 MiB, 200.01 W, 74
2026/08/07 02:11:21.027, 98 %, 19878 MiB, 199.99 W, 72
2026/08/07 02:12:21.035, 92 %, 19878 MiB, 199.32 W, 73
2026/08/07 02:13:21.044, 100 %, 19878 MiB, 200.13 W, 75
2026/08/07 02:14:21.053, 100 %, 19878 MiB, 200.00 W, 75
2026/08/07 02:15:21.064, 98 %, 19878 MiB, 199.91 W, 74
2026/08/07 02:16:21.072, 100 %, 19878 MiB, 200.01 W, 74
2026/08/07 02:17:21.080, 100 %, 19878 MiB, 199.99 W, 74
2026/08/07 02:18:21.087, 98 %, 19878 MiB, 200.28 W, 73
2026/08/07 02:19:21.103, 100 %, 19878 MiB, 199.70 W, 74
2026/08/07 02:20:21.112, 100 %, 19878 MiB, 199.98 W, 74
2026/08/07 02:21:21.121, 100 %, 19878 MiB, 200.66 W, 73
2026/08/07 02:22:21.130, 70 %, 19878 MiB, 198.22 W, 76
2026/08/07 02:23:21.140, 98 %, 19878 MiB, 200.35 W, 75
2026/08/07 02:24:21.150, 98 %, 19878 MiB, 199.76 W, 75
2026/08/07 02:25:21.162, 100 %, 19878 MiB, 200.29 W, 74
2026/08/07 02:26:21.171, 100 %, 19878 MiB, 200.00 W, 74
2026/08/07 02:27:21.180, 69 %, 19878 MiB, 198.09 W, 76
2026/08/07 02:28:21.189, 98 %, 19878 MiB, 199.84 W, 74
2026/08/07 02:29:21.206, 100 %, 19878 MiB, 200.01 W, 74
2026/08/07 02:30:21.216, 100 %, 19878 MiB, 200.18 W, 74
2026/08/07 02:31:21.224, 100 %, 19878 MiB, 200.20 W, 73
2026/08/07 02:32:21.234, 100 %, 19878 MiB, 200.18 W, 74
2026/08/07 02:33:21.243, 98 %, 19878 MiB, 199.90 W, 74
2026/08/07 02:34:21.251, 100 %, 19878 MiB, 199.98 W, 74
2026/08/07 02:35:21.261, 100 %, 19878 MiB, 199.98 W, 74
2026/08/07 02:36:21.270, 98 %, 19878 MiB, 200.10 W, 74
2026/08/07 02:37:21.280, 98 %, 19878 MiB, 199.74 W, 74
2026/08/07 02:38:21.289, 98 %, 19878 MiB, 199.79 W, 74
2026/08/07 02:39:21.306, 100 %, 19878 MiB, 200.00 W, 75
2026/08/07 02:40:21.316, 100 %, 19878 MiB, 200.07 W, 73
2026/08/07 02:41:21.326, 100 %, 19878 MiB, 199.99 W, 73
2026/08/07 02:42:21.335, 100 %, 19878 MiB, 200.25 W, 75
2026/08/07 02:43:21.345, 98 %, 19878 MiB, 199.88 W, 74
2026/08/07 02:44:21.355, 100 %, 19878 MiB, 202.12 W, 74
2026/08/07 02:45:21.364, 97 %, 19878 MiB, 199.71 W, 75
2026/08/07 02:46:21.374, 98 %, 19878 MiB, 199.90 W, 74
2026/08/07 02:47:21.385, 100 %, 19878 MiB, 200.17 W, 74
2026/08/07 02:48:21.393, 100 %, 19878 MiB, 200.20 W, 74
2026/08/07 02:49:21.407, 100 %, 19878 MiB, 200.01 W, 74
2026/08/07 02:50:21.416, 72 %, 19878 MiB, 198.41 W, 75
2026/08/07 02:51:21.427, 100 %, 19878 MiB, 200.25 W, 74
2026/08/07 02:52:21.435, 100 %, 19878 MiB, 202.80 W, 74
2026/08/07 02:53:21.445, 100 %, 19878 MiB, 199.80 W, 76
2026/08/07 02:54:21.456, 98 %, 19878 MiB, 199.97 W, 73
2026/08/07 02:55:21.464, 98 %, 19878 MiB, 199.76 W, 74
2026/08/07 02:56:21.472, 98 %, 19878 MiB, 199.74 W, 74
2026/08/07 02:57:21.481, 100 %, 19878 MiB, 200.03 W, 75
2026/08/07 02:58:21.491, 100 %, 19878 MiB, 199.98 W, 74
2026/08/07 02:59:21.508, 98 %, 19878 MiB, 201.14 W, 73
2026/08/07 03:00:21.517, 100 %, 19878 MiB, 199.65 W, 74
2026/08/07 03:01:21.527, 100 %, 19878 MiB, 199.96 W, 74
2026/08/07 03:02:21.534, 98 %, 19878 MiB, 199.98 W, 74
2026/08/07 03:03:21.542, 100 %, 19878 MiB, 199.99 W, 74
2026/08/07 03:04:21.550, 98 %, 19878 MiB, 200.20 W, 74
2026/08/07 03:05:21.560, 100 %, 19878 MiB, 200.05 W, 74
2026/08/07 03:06:21.570, 100 %, 19878 MiB, 200.13 W, 74
2026/08/07 03:07:21.578, 100 %, 19878 MiB, 200.22 W, 74
2026/08/07 03:08:21.588, 100 %, 19878 MiB, 200.05 W, 73
2026/08/07 03:09:21.604, 100 %, 19878 MiB, 200.09 W, 74
2026/08/07 03:10:21.613, 2 %, 19878 MiB, 50.92 W, 63
2026/08/07 03:11:21.621, 100 %, 19878 MiB, 199.98 W, 74
2026/08/07 03:12:21.631, 100 %, 19878 MiB, 200.26 W, 74
2026/08/07 03:13:21.639, 98 %, 19878 MiB, 199.87 W, 74
2026/08/07 03:14:21.648, 65 %, 19878 MiB, 196.85 W, 74
2026/08/07 03:15:21.657, 100 %, 19878 MiB, 200.08 W, 74
2026/08/07 03:16:21.666, 100 %, 19878 MiB, 199.98 W, 75
2026/08/07 03:17:21.674, 100 %, 19878 MiB, 199.98 W, 74
2026/08/07 03:18:21.682, 98 %, 19878 MiB, 199.70 W, 74
2026/08/07 03:19:21.690, 100 %, 19878 MiB, 200.24 W, 74
2026/08/07 03:20:21.708, 100 %, 19878 MiB, 199.99 W, 72
2026/08/07 03:21:21.716, 100 %, 19878 MiB, 200.02 W, 74
2026/08/07 03:22:21.725, 100 %, 19878 MiB, 200.01 W, 74
2026/08/07 03:23:21.733, 98 %, 19878 MiB, 200.05 W, 74
2026/08/07 03:24:21.741, 100 %, 19878 MiB, 199.87 W, 74
2026/08/07 03:25:21.749, 99 %, 19878 MiB, 199.94 W, 74
2026/08/07 03:26:21.758, 98 %, 19878 MiB, 199.74 W, 74
2026/08/07 03:27:21.766, 98 %, 19878 MiB, 199.91 W, 73
2026/08/07 03:28:21.775, 100 %, 19878 MiB, 200.25 W, 74
2026/08/07 03:29:21.783, 100 %, 19878 MiB, 200.00 W, 74
2026/08/07 03:30:21.814, 100 %, 19878 MiB, 199.98 W, 73
2026/08/07 03:31:21.822, 100 %, 19878 MiB, 200.06 W, 74
2026/08/07 03:32:21.831, 100 %, 19878 MiB, 200.00 W, 74
2026/08/07 03:33:21.840, 100 %, 19878 MiB, 202.03 W, 74
2026/08/07 03:34:21.849, 100 %, 19878 MiB, 200.02 W, 74
2026/08/07 03:35:21.858, 100 %, 19878 MiB, 200.20 W, 75
2026/08/07 03:36:21.866, 100 %, 19878 MiB, 200.26 W, 75
2026/08/07 03:37:21.875, 100 %, 19878 MiB, 200.02 W, 75
2026/08/07 03:38:21.885, 98 %, 19878 MiB, 200.12 W, 74
2026/08/07 03:39:21.893, 98 %, 19878 MiB, 199.78 W, 74
2026/08/07 03:40:21.934, 100 %, 19878 MiB, 199.64 W, 73
2026/08/07 03:41:21.942, 100 %, 19878 MiB, 199.97 W, 74
2026/08/07 03:42:21.951, 100 %, 19878 MiB, 200.02 W, 74
2026/08/07 03:43:21.959, 100 %, 19878 MiB, 200.13 W, 74
2026/08/07 03:44:21.966, 100 %, 19878 MiB, 199.97 W, 74
2026/08/07 03:45:21.974, 100 %, 19878 MiB, 200.02 W, 74
2026/08/07 03:46:21.982, 100 %, 19878 MiB, 202.10 W, 75
2026/08/07 03:47:21.991, 100 %, 19878 MiB, 199.66 W, 74
2026/08/07 03:48:22.009, 100 %, 19878 MiB, 200.09 W, 74
2026/08/07 03:49:22.017, 98 %, 19878 MiB, 199.85 W, 74
2026/08/07 03:50:22.025, 100 %, 19878 MiB, 199.97 W, 73
2026/08/07 03:51:22.033, 100 %, 19878 MiB, 200.01 W, 74
2026/08/07 03:52:22.040, 100 %, 19878 MiB, 200.02 W, 72
2026/08/07 03:53:22.049, 100 %, 19878 MiB, 200.12 W, 74
2026/08/07 03:54:22.056, 98 %, 19878 MiB, 200.12 W, 74
2026/08/07 03:55:22.065, 100 %, 19878 MiB, 199.98 W, 74
2026/08/07 03:56:22.073, 100 %, 19878 MiB, 200.37 W, 74
2026/08/07 03:57:22.080, 98 %, 19878 MiB, 199.67 W, 74
2026/08/07 03:58:22.088, 100 %, 19878 MiB, 200.11 W, 74
2026/08/07 03:59:22.103, 98 %, 19878 MiB, 199.90 W, 74
2026/08/07 04:00:22.112, 98 %, 19878 MiB, 200.82 W, 73
2026/08/07 04:01:22.120, 100 %, 19878 MiB, 199.86 W, 74
2026/08/07 04:02:22.128, 100 %, 19878 MiB, 199.98 W, 74
2026/08/07 04:03:22.136, 65 %, 19878 MiB, 197.32 W, 74
2026/08/07 04:04:22.144, 100 %, 19878 MiB, 200.12 W, 74
2026/08/07 04:05:22.151, 98 %, 19878 MiB, 199.84 W, 74
2026/08/07 04:06:22.159, 100 %, 19878 MiB, 200.02 W, 74
2026/08/07 04:07:22.167, 98 %, 19878 MiB, 199.85 W, 74
2026/08/07 04:08:22.176, 100 %, 19878 MiB, 200.02 W, 74
2026/08/07 04:09:22.184, 100 %, 19878 MiB, 199.96 W, 74
2026/08/07 04:10:22.192, 100 %, 19878 MiB, 199.99 W, 73
2026/08/07 04:11:22.207, 100 %, 19878 MiB, 199.99 W, 74
2026/08/07 04:12:22.215, 100 %, 19878 MiB, 200.17 W, 74
2026/08/07 04:13:22.224, 100 %, 19878 MiB, 200.24 W, 74
2026/08/07 04:14:22.232, 98 %, 19878 MiB, 199.97 W, 73
2026/08/07 04:15:22.240, 89 %, 19878 MiB, 199.80 W, 76
2026/08/07 04:16:22.247, 100 %, 19878 MiB, 200.01 W, 73
2026/08/07 04:17:22.255, 98 %, 19878 MiB, 199.81 W, 74
2026/08/07 04:18:22.265, 100 %, 19878 MiB, 199.97 W, 75
2026/08/07 04:19:22.273, 100 %, 19878 MiB, 200.20 W, 74
2026/08/07 04:20:22.281, 98 %, 19878 MiB, 199.80 W, 74
2026/08/07 04:21:22.289, 100 %, 19878 MiB, 199.99 W, 74
2026/08/07 04:22:22.305, 100 %, 19878 MiB, 199.96 W, 74
2026/08/07 04:23:22.312, 98 %, 19878 MiB, 199.89 W, 74
2026/08/07 04:24:22.319, 100 %, 19878 MiB, 200.29 W, 74
2026/08/07 04:25:22.327, 100 %, 19878 MiB, 199.96 W, 75
2026/08/07 04:26:22.335, 98 %, 19878 MiB, 199.89 W, 74
2026/08/07 04:27:22.343, 100 %, 19878 MiB, 200.09 W, 74
2026/08/07 04:28:22.351, 100 %, 19878 MiB, 200.01 W, 75
2026/08/07 04:29:22.359, 99 %, 19878 MiB, 199.92 W, 74
2026/08/07 04:30:22.366, 100 %, 19878 MiB, 199.96 W, 74
2026/08/07 04:31:22.374, 100 %, 19878 MiB, 200.00 W, 74
2026/08/07 04:32:22.381, 100 %, 19878 MiB, 199.99 W, 74
2026/08/07 04:33:22.388, 95 %, 19878 MiB, 199.57 W, 74
2026/08/07 04:34:22.404, 100 %, 19878 MiB, 200.14 W, 74
2026/08/07 04:35:22.412, 100 %, 19878 MiB, 200.12 W, 74
2026/08/07 04:36:22.419, 98 %, 19878 MiB, 199.92 W, 74
2026/08/07 04:37:22.427, 100 %, 19878 MiB, 200.00 W, 75
2026/08/07 04:38:22.434, 100 %, 19878 MiB, 200.19 W, 75
2026/08/07 04:39:22.441, 100 %, 19878 MiB, 200.08 W, 72
2026/08/07 04:40:22.449, 100 %, 19878 MiB, 201.67 W, 73
2026/08/07 04:41:22.458, 100 %, 19878 MiB, 200.02 W, 74
2026/08/07 04:42:22.465, 98 %, 19878 MiB, 199.94 W, 74
2026/08/07 04:43:22.472, 98 %, 19878 MiB, 199.80 W, 74
2026/08/07 04:44:22.481, 100 %, 19878 MiB, 199.99 W, 74
2026/08/07 04:45:22.489, 100 %, 19878 MiB, 201.88 W, 74
2026/08/07 04:46:22.504, 100 %, 19878 MiB, 200.04 W, 74
2026/08/07 04:47:22.512, 98 %, 19878 MiB, 199.91 W, 74
2026/08/07 04:48:22.520, 98 %, 19878 MiB, 199.96 W, 74
2026/08/07 04:49:22.527, 100 %, 19878 MiB, 199.97 W, 73
2026/08/07 04:50:22.534, 100 %, 19878 MiB, 200.12 W, 73
2026/08/07 04:51:22.542, 100 %, 19878 MiB, 200.17 W, 74
2026/08/07 04:52:22.549, 98 %, 19878 MiB, 199.87 W, 74
2026/08/07 04:53:22.556, 100 %, 19878 MiB, 200.05 W, 74
2026/08/07 04:54:22.564, 79 %, 19878 MiB, 198.41 W, 73
2026/08/07 04:55:22.572, 98 %, 19878 MiB, 199.92 W, 74
2026/08/07 04:56:22.579, 98 %, 19878 MiB, 200.01 W, 74
2026/08/07 04:57:22.587, 98 %, 19878 MiB, 199.74 W, 74
2026/08/07 04:58:22.602, 100 %, 19878 MiB, 200.45 W, 74
2026/08/07 04:59:22.609, 100 %, 19878 MiB, 200.02 W, 73
2026/08/07 05:00:22.617, 100 %, 19878 MiB, 200.20 W, 74
2026/08/07 05:01:22.625, 100 %, 19878 MiB, 202.02 W, 74
2026/08/07 05:02:22.633, 100 %, 19878 MiB, 199.87 W, 75
2026/08/07 05:03:22.641, 100 %, 19878 MiB, 200.01 W, 74
2026/08/07 05:04:22.648, 100 %, 19878 MiB, 200.02 W, 74
2026/08/07 05:05:22.655, 100 %, 19878 MiB, 200.00 W, 74
2026/08/07 05:06:22.663, 100 %, 19878 MiB, 200.83 W, 75
2026/08/07 05:07:22.671, 100 %, 19878 MiB, 199.97 W, 74
2026/08/07 05:08:22.679, 100 %, 19878 MiB, 200.22 W, 74
2026/08/07 05:09:22.688, 100 %, 19878 MiB, 199.84 W, 73
2026/08/07 05:10:22.703, 98 %, 19878 MiB, 199.85 W, 74
2026/08/07 05:11:22.712, 98 %, 19878 MiB, 199.67 W, 74
2026/08/07 05:12:22.721, 100 %, 19878 MiB, 200.54 W, 74
2026/08/07 05:13:22.728, 88 %, 19878 MiB, 199.29 W, 75
2026/08/07 05:14:22.736, 98 %, 19878 MiB, 199.66 W, 74
2026/08/07 05:15:22.744, 99 %, 19878 MiB, 199.92 W, 74
2026/08/07 05:16:22.752, 98 %, 19878 MiB, 199.86 W, 74
2026/08/07 05:17:22.759, 100 %, 19878 MiB, 200.26 W, 74
2026/08/07 05:18:22.766, 100 %, 19878 MiB, 200.01 W, 74
2026/08/07 05:19:22.773, 98 %, 19878 MiB, 199.91 W, 74
2026/08/07 05:20:22.782, 98 %, 19878 MiB, 199.90 W, 74
2026/08/07 05:21:22.790, 98 %, 19878 MiB, 199.84 W, 74
2026/08/07 05:22:22.806, 100 %, 19878 MiB, 202.73 W, 74
2026/08/07 05:23:22.814, 85 %, 19878 MiB, 199.01 W, 73
2026/08/07 05:24:22.823, 98 %, 19878 MiB, 199.90 W, 74
2026/08/07 05:25:22.831, 100 %, 19878 MiB, 199.98 W, 74
2026/08/07 05:26:22.838, 98 %, 19878 MiB, 199.82 W, 74
2026/08/07 05:27:22.846, 100 %, 19878 MiB, 200.28 W, 74
2026/08/07 05:28:22.854, 97 %, 19878 MiB, 199.90 W, 75
2026/08/07 05:29:22.862, 98 %, 19878 MiB, 199.87 W, 73
2026/08/07 05:30:22.870, 100 %, 19878 MiB, 199.98 W, 74
2026/08/07 05:31:22.876, 98 %, 19878 MiB, 199.88 W, 75
2026/08/07 05:32:22.884, 100 %, 19878 MiB, 200.57 W, 74
2026/08/07 05:33:22.892, 89 %, 19878 MiB, 199.49 W, 75
2026/08/07 05:34:22.904, 98 %, 19878 MiB, 199.88 W, 74
2026/08/07 05:35:22.913, 100 %, 19878 MiB, 200.03 W, 74
2026/08/07 05:36:22.920, 98 %, 19878 MiB, 199.92 W, 75
2026/08/07 05:37:22.926, 100 %, 19878 MiB, 199.89 W, 74
2026/08/07 05:38:22.934, 100 %, 19878 MiB, 200.25 W, 74
2026/08/07 05:39:22.941, 100 %, 19878 MiB, 200.04 W, 74
2026/08/07 05:40:22.949, 98 %, 19878 MiB, 199.93 W, 75
2026/08/07 05:41:22.971, 98 %, 19878 MiB, 199.63 W, 74
2026/08/07 05:42:22.978, 100 %, 19878 MiB, 200.03 W, 75
2026/08/07 05:43:22.986, 100 %, 19878 MiB, 199.97 W, 74
2026/08/07 05:44:23.004, 100 %, 19878 MiB, 202.69 W, 74
2026/08/07 05:45:23.012, 90 %, 19878 MiB, 199.49 W, 76
2026/08/07 05:46:23.019, 98 %, 19878 MiB, 199.74 W, 74
2026/08/07 05:47:23.026, 100 %, 19878 MiB, 200.27 W, 74
2026/08/07 05:48:23.034, 100 %, 19878 MiB, 199.98 W, 74
2026/08/07 05:49:23.042, 98 %, 19878 MiB, 200.14 W, 74
2026/08/07 05:50:23.049, 100 %, 19878 MiB, 199.77 W, 75
2026/08/07 05:51:23.057, 100 %, 19878 MiB, 200.00 W, 74
2026/08/07 05:52:23.064, 100 %, 19878 MiB, 199.97 W, 75
2026/08/07 05:53:23.072, 100 %, 19878 MiB, 200.00 W, 74
2026/08/07 05:54:23.079, 98 %, 19878 MiB, 200.36 W, 75
2026/08/07 05:55:23.088, 98 %, 19878 MiB, 199.78 W, 74
2026/08/07 05:56:23.104, 98 %, 19878 MiB, 199.91 W, 74
2026/08/07 05:57:23.112, 100 %, 19878 MiB, 200.01 W, 74
2026/08/07 05:58:23.118, 100 %, 19878 MiB, 60.46 W, 68
2026/08/07 05:59:23.126, 100 %, 19878 MiB, 200.00 W, 74
2026/08/07 06:00:23.133, 100 %, 19878 MiB, 200.29 W, 75
2026/08/07 06:01:23.140, 98 %, 19878 MiB, 199.86 W, 74
2026/08/07 06:02:23.147, 100 %, 19878 MiB, 201.33 W, 74
2026/08/07 06:03:23.154, 88 %, 19878 MiB, 199.38 W, 76
2026/08/07 06:04:23.162, 98 %, 19878 MiB, 199.98 W, 74
2026/08/07 06:05:23.171, 98 %, 19878 MiB, 199.74 W, 74
2026/08/07 06:06:23.178, 100 %, 19878 MiB, 200.30 W, 75
2026/08/07 06:07:23.186, 100 %, 19878 MiB, 202.42 W, 74
2026/08/07 06:08:23.193, 100 %, 19878 MiB, 200.03 W, 73
2026/08/07 06:09:23.206, 100 %, 19878 MiB, 199.97 W, 74
2026/08/07 06:10:23.213, 100 %, 19878 MiB, 199.98 W, 74
2026/08/07 06:11:23.220, 98 %, 19878 MiB, 199.70 W, 75
2026/08/07 06:12:23.227, 100 %, 19878 MiB, 200.03 W, 74
2026/08/07 06:13:23.235, 100 %, 19878 MiB, 200.62 W, 75
2026/08/07 06:14:23.243, 100 %, 19878 MiB, 199.69 W, 75
2026/08/07 06:15:23.250, 98 %, 19878 MiB, 199.87 W, 75
2026/08/07 06:16:23.259, 98 %, 19878 MiB, 200.00 W, 72
2026/08/07 06:17:23.266, 98 %, 19878 MiB, 200.01 W, 75
2026/08/07 06:18:23.274, 100 %, 19878 MiB, 200.08 W, 73
2026/08/07 06:19:23.282, 100 %, 19878 MiB, 200.18 W, 74
2026/08/07 06:20:23.290, 100 %, 19878 MiB, 199.99 W, 74
2026/08/07 06:21:23.306, 100 %, 19878 MiB, 200.28 W, 74
2026/08/07 06:22:23.314, 100 %, 19878 MiB, 199.89 W, 74
2026/08/07 06:23:23.322, 100 %, 19878 MiB, 199.99 W, 75
2026/08/07 06:24:23.330, 98 %, 19878 MiB, 200.01 W, 74
2026/08/07 06:25:23.337, 100 %, 19878 MiB, 200.26 W, 75
2026/08/07 06:26:23.345, 98 %, 19878 MiB, 199.83 W, 75
2026/08/07 06:27:23.352, 80 %, 19878 MiB, 198.36 W, 74
2026/08/07 06:28:23.360, 100 %, 19878 MiB, 200.12 W, 73
2026/08/07 06:29:23.368, 100 %, 19878 MiB, 200.16 W, 75
2026/08/07 06:30:23.377, 100 %, 19878 MiB, 199.69 W, 74
2026/08/07 06:31:23.385, 100 %, 19878 MiB, 200.00 W, 74
2026/08/07 06:32:23.401, 98 %, 19878 MiB, 199.73 W, 74
2026/08/07 06:33:23.409, 98 %, 19878 MiB, 199.82 W, 74
2026/08/07 06:34:23.417, 100 %, 19878 MiB, 202.61 W, 74
2026/08/07 06:35:23.424, 100 %, 19878 MiB, 200.01 W, 75
2026/08/07 06:36:23.432, 98 %, 19878 MiB, 199.70 W, 72
2026/08/07 06:37:23.442, 100 %, 19878 MiB, 200.12 W, 74
2026/08/07 06:38:23.449, 100 %, 19878 MiB, 199.88 W, 73
2026/08/07 06:39:23.456, 98 %, 19878 MiB, 199.94 W, 74
2026/08/07 06:40:23.465, 100 %, 19878 MiB, 200.13 W, 74
2026/08/07 06:41:23.473, 100 %, 19878 MiB, 199.98 W, 74
2026/08/07 06:42:23.482, 98 %, 19878 MiB, 199.71 W, 74
2026/08/07 06:43:23.490, 100 %, 19878 MiB, 200.04 W, 74
2026/08/07 06:44:23.506, 100 %, 19878 MiB, 200.17 W, 74
2026/08/07 06:45:23.514, 100 %, 19878 MiB, 199.98 W, 74
2026/08/07 06:46:23.522, 100 %, 19878 MiB, 199.96 W, 74
2026/08/07 06:47:23.530, 98 %, 19878 MiB, 199.77 W, 74
2026/08/07 06:48:23.539, 100 %, 19878 MiB, 199.99 W, 75
2026/08/07 06:49:23.547, 98 %, 19878 MiB, 199.94 W, 75
2026/08/07 06:50:23.555, 100 %, 19878 MiB, 199.99 W, 74
2026/08/07 06:51:23.562, 100 %, 19878 MiB, 200.00 W, 75
2026/08/07 06:52:23.570, 100 %, 19878 MiB, 202.55 W, 75
2026/08/07 06:53:23.578, 86 %, 19878 MiB, 199.26 W, 76
2026/08/07 06:54:23.586, 98 %, 19878 MiB, 199.90 W, 74
2026/08/07 06:55:23.602, 100 %, 19878 MiB, 200.00 W, 73
2026/08/07 06:56:23.609, 100 %, 19878 MiB, 200.08 W, 74
2026/08/07 06:57:23.617, 100 %, 19878 MiB, 201.98 W, 74
2026/08/07 06:58:23.624, 98 %, 19878 MiB, 199.78 W, 74
2026/08/07 06:59:23.631, 100 %, 19878 MiB, 200.01 W, 74
2026/08/07 07:00:23.640, 98 %, 19878 MiB, 199.85 W, 74
2026/08/07 07:01:23.647, 100 %, 19878 MiB, 200.05 W, 74
2026/08/07 07:02:23.654, 100 %, 19878 MiB, 200.32 W, 74
2026/08/07 07:03:23.663, 100 %, 19878 MiB, 199.91 W, 75
2026/08/07 07:04:23.670, 98 %, 19878 MiB, 199.68 W, 74
2026/08/07 07:05:23.678, 100 %, 19878 MiB, 199.99 W, 74
2026/08/07 07:06:23.686, 100 %, 19878 MiB, 200.26 W, 74
2026/08/07 07:07:23.702, 100 %, 19878 MiB, 200.10 W, 74
2026/08/07 07:08:23.710, 100 %, 19878 MiB, 199.69 W, 75
2026/08/07 07:09:23.718, 98 %, 19878 MiB, 199.83 W, 75
2026/08/07 07:10:23.726, 100 %, 19878 MiB, 200.00 W, 75
2026/08/07 07:11:23.734, 98 %, 19878 MiB, 199.91 W, 74
2026/08/07 07:12:23.743, 100 %, 19878 MiB, 200.40 W, 74
2026/08/07 07:13:23.751, 100 %, 19878 MiB, 200.04 W, 75
2026/08/07 07:14:23.758, 98 %, 19878 MiB, 199.92 W, 75
2026/08/07 07:15:23.766, 100 %, 19878 MiB, 200.02 W, 74
2026/08/07 07:16:23.774, 100 %, 19878 MiB, 200.20 W, 74
2026/08/07 07:17:23.783, 0 %, 19878 MiB, 27.50 W, 59
2026/08/07 07:18:23.791, 100 %, 19878 MiB, 201.02 W, 74
2026/08/07 07:19:23.801, 100 %, 19878 MiB, 199.89 W, 75
2026/08/07 07:20:23.812, 100 %, 19878 MiB, 200.11 W, 74
2026/08/07 07:21:23.820, 98 %, 19878 MiB, 199.82 W, 75
2026/08/07 07:22:23.829, 100 %, 19878 MiB, 200.02 W, 74
2026/08/07 07:23:23.836, 98 %, 19878 MiB, 199.86 W, 75
2026/08/07 07:24:23.845, 100 %, 19878 MiB, 199.76 W, 74
2026/08/07 07:25:23.852, 100 %, 19878 MiB, 199.99 W, 75
2026/08/07 07:26:23.860, 83 %, 19878 MiB, 198.82 W, 73
2026/08/07 07:27:23.868, 100 %, 19878 MiB, 200.26 W, 72
2026/08/07 07:28:23.876, 100 %, 19878 MiB, 200.18 W, 74
2026/08/07 07:29:23.884, 98 %, 19878 MiB, 199.84 W, 75
2026/08/07 07:30:23.893, 100 %, 19878 MiB, 202.63 W, 74
2026/08/07 07:31:23.902, 92 %, 19878 MiB, 199.49 W, 72
2026/08/07 07:32:23.909, 100 %, 19878 MiB, 200.08 W, 74
2026/08/07 07:33:23.918, 100 %, 19878 MiB, 200.02 W, 74
2026/08/07 07:34:23.927, 100 %, 19878 MiB, 200.00 W, 74
2026/08/07 07:35:23.937, 98 %, 19878 MiB, 199.78 W, 74
2026/08/07 07:36:23.947, 100 %, 19878 MiB, 199.99 W, 74
2026/08/07 07:37:23.956, 100 %, 19878 MiB, 199.94 W, 73
2026/08/07 07:38:23.963, 100 %, 19878 MiB, 199.98 W, 74
2026/08/07 07:39:23.971, 98 %, 19878 MiB, 199.93 W, 75
2026/08/07 07:40:23.979, 100 %, 19878 MiB, 200.67 W, 74
2026/08/07 07:41:23.987, 65 %, 19878 MiB, 197.62 W, 76
2026/08/07 07:42:24.006, 100 %, 19878 MiB, 200.15 W, 74
2026/08/07 07:43:24.013, 98 %, 19878 MiB, 199.97 W, 74
2026/08/07 07:44:24.020, 100 %, 19878 MiB, 199.99 W, 75
2026/08/07 07:45:24.029, 98 %, 19878 MiB, 199.87 W, 74
2026/08/07 07:46:24.038, 98 %, 19878 MiB, 199.86 W, 74
2026/08/07 07:47:24.045, 98 %, 19878 MiB, 199.90 W, 74
2026/08/07 07:48:24.054, 98 %, 19878 MiB, 199.75 W, 74
2026/08/07 07:49:24.063, 98 %, 19878 MiB, 200.02 W, 73
2026/08/07 07:50:24.070, 100 %, 19878 MiB, 199.96 W, 74
2026/08/07 07:51:24.078, 69 %, 19878 MiB, 199.87 W, 75
2026/08/07 07:52:24.085, 98 %, 19878 MiB, 199.83 W, 74
2026/08/07 07:53:24.092, 98 %, 19878 MiB, 199.74 W, 74
2026/08/07 07:54:24.105, 100 %, 19878 MiB, 199.98 W, 74
2026/08/07 07:55:24.112, 98 %, 19878 MiB, 199.88 W, 75
2026/08/07 07:56:24.120, 100 %, 19878 MiB, 200.01 W, 72
2026/08/07 07:57:24.128, 100 %, 19878 MiB, 200.13 W, 74
2026/08/07 07:58:24.134, 97 %, 19878 MiB, 200.24 W, 74
2026/08/07 07:59:24.143, 98 %, 19878 MiB, 199.90 W, 74
2026/08/07 08:00:24.151, 100 %, 19878 MiB, 199.99 W, 75
2026/08/07 08:01:24.158, 68 %, 19878 MiB, 197.60 W, 74
2026/08/07 08:02:24.165, 100 %, 19878 MiB, 200.32 W, 74
2026/08/07 08:03:24.173, 100 %, 19878 MiB, 200.03 W, 75
2026/08/07 08:04:24.181, 100 %, 19878 MiB, 199.98 W, 74
2026/08/07 08:05:24.190, 97 %, 19878 MiB, 199.96 W, 74
2026/08/07 08:06:24.207, 98 %, 19878 MiB, 199.88 W, 74
2026/08/07 08:07:24.215, 99 %, 19878 MiB, 199.99 W, 74
2026/08/07 08:08:24.224, 98 %, 19878 MiB, 199.96 W, 75
2026/08/07 08:09:24.231, 100 %, 19878 MiB, 199.99 W, 74
2026/08/07 08:10:24.239, 100 %, 19878 MiB, 200.01 W, 74
2026/08/07 08:11:24.247, 100 %, 19878 MiB, 200.25 W, 74
2026/08/07 08:12:24.256, 98 %, 19878 MiB, 200.12 W, 75
2026/08/07 08:13:24.263, 98 %, 19878 MiB, 199.82 W, 74
2026/08/07 08:14:24.271, 100 %, 19878 MiB, 200.00 W, 74
2026/08/07 08:15:24.279, 100 %, 19878 MiB, 199.99 W, 74
2026/08/07 08:16:24.287, 98 %, 19878 MiB, 199.91 W, 75
2026/08/07 08:17:24.303, 98 %, 19878 MiB, 199.91 W, 74
2026/08/07 08:18:24.310, 100 %, 19878 MiB, 200.01 W, 73
2026/08/07 08:19:24.319, 100 %, 19878 MiB, 199.85 W, 74
2026/08/07 08:20:24.327, 100 %, 19878 MiB, 202.34 W, 74
2026/08/07 08:21:24.336, 100 %, 19878 MiB, 199.91 W, 74
2026/08/07 08:22:24.343, 98 %, 19878 MiB, 199.70 W, 74
2026/08/07 08:23:24.351, 100 %, 19878 MiB, 199.97 W, 74
2026/08/07 08:24:24.359, 98 %, 19878 MiB, 199.88 W, 74
2026/08/07 08:25:24.366, 100 %, 19878 MiB, 199.98 W, 74
2026/08/07 08:26:24.374, 98 %, 19878 MiB, 199.75 W, 74
2026/08/07 08:27:24.383, 98 %, 19878 MiB, 199.93 W, 74
2026/08/07 08:28:24.389, 100 %, 19878 MiB, 202.04 W, 73
2026/08/07 08:29:24.404, 100 %, 19878 MiB, 199.82 W, 74
2026/08/07 08:30:24.413, 100 %, 19878 MiB, 199.99 W, 75
2026/08/07 08:31:24.421, 100 %, 19878 MiB, 200.11 W, 75
2026/08/07 08:32:24.429, 100 %, 19878 MiB, 200.32 W, 74
2026/08/07 08:33:24.437, 98 %, 19878 MiB, 199.95 W, 74
2026/08/07 08:34:24.444, 95 %, 19878 MiB, 199.69 W, 73
2026/08/07 08:35:24.452, 100 %, 19878 MiB, 200.31 W, 74
2026/08/07 08:36:24.461, 1 %, 19878 MiB, 68.97 W, 63
2026/08/07 08:37:24.468, 100 %, 19878 MiB, 200.00 W, 74
2026/08/07 08:38:24.476, 98 %, 19878 MiB, 199.71 W, 73
2026/08/07 08:39:24.483, 100 %, 19878 MiB, 200.15 W, 74
2026/08/07 08:40:24.492, 98 %, 19878 MiB, 200.07 W, 74
2026/08/07 08:41:24.508, 100 %, 19878 MiB, 199.78 W, 74
2026/08/07 08:42:24.515, 98 %, 19878 MiB, 199.81 W, 74
2026/08/07 08:43:24.524, 98 %, 19878 MiB, 199.79 W, 75
2026/08/07 08:44:24.533, 100 %, 19878 MiB, 200.29 W, 74
2026/08/07 08:45:24.541, 97 %, 19878 MiB, 199.84 W, 74
2026/08/07 08:46:24.549, 100 %, 19878 MiB, 200.05 W, 72
2026/08/07 08:47:24.557, 100 %, 19878 MiB, 200.05 W, 74
2026/08/07 08:48:24.564, 98 %, 19878 MiB, 199.85 W, 75
2026/08/07 08:49:24.571, 100 %, 19878 MiB, 199.98 W, 75
2026/08/07 08:50:24.579, 100 %, 19878 MiB, 200.01 W, 74
2026/08/07 08:51:24.587, 84 %, 19878 MiB, 198.71 W, 73
2026/08/07 08:52:24.603, 100 %, 19878 MiB, 200.23 W, 74
2026/08/07 08:53:24.611, 98 %, 19878 MiB, 199.72 W, 74
2026/08/07 08:54:24.619, 98 %, 19878 MiB, 200.13 W, 74
2026/08/07 08:55:24.628, 100 %, 19878 MiB, 200.14 W, 74
2026/08/07 08:56:24.636, 100 %, 19878 MiB, 200.08 W, 72
2026/08/07 08:57:24.644, 98 %, 19878 MiB, 199.90 W, 74
2026/08/07 08:58:24.651, 100 %, 19878 MiB, 200.58 W, 74
2026/08/07 08:59:24.659, 69 %, 19878 MiB, 197.96 W, 75
2026/08/07 09:00:24.667, 100 %, 19878 MiB, 200.30 W, 74
2026/08/07 09:01:24.675, 100 %, 19878 MiB, 199.88 W, 74
2026/08/07 09:02:24.684, 100 %, 19878 MiB, 199.99 W, 74
2026/08/07 09:03:24.700, 100 %, 19878 MiB, 199.99 W, 74
2026/08/07 09:04:24.708, 100 %, 19878 MiB, 199.97 W, 74
2026/08/07 09:05:24.715, 98 %, 19878 MiB, 199.71 W, 74
2026/08/07 09:06:24.723, 100 %, 19878 MiB, 200.24 W, 73
2026/08/07 09:07:24.731, 100 %, 19878 MiB, 200.26 W, 74
2026/08/07 09:08:24.739, 98 %, 19878 MiB, 200.16 W, 74
2026/08/07 09:09:24.747, 100 %, 19878 MiB, 199.84 W, 74
2026/08/07 09:10:24.755, 100 %, 19878 MiB, 199.97 W, 74
2026/08/07 09:11:24.763, 100 %, 19878 MiB, 200.12 W, 74
2026/08/07 09:12:24.772, 100 %, 19878 MiB, 200.13 W, 74
2026/08/07 09:13:24.779, 98 %, 19878 MiB, 199.93 W, 73
2026/08/07 09:14:24.788, 100 %, 19878 MiB, 197.60 W, 75
2026/08/07 09:15:24.805, 100 %, 19878 MiB, 200.06 W, 74
2026/08/07 09:16:24.811, 98 %, 19878 MiB, 199.97 W, 74
2026/08/07 09:17:24.821, 100 %, 19878 MiB, 199.98 W, 75
2026/08/07 09:18:24.828, 100 %, 19878 MiB, 200.05 W, 74
2026/08/07 09:19:24.837, 98 %, 19878 MiB, 199.90 W, 75
2026/08/07 09:20:24.844, 98 %, 19878 MiB, 199.96 W, 74
2026/08/07 09:21:24.852, 100 %, 19878 MiB, 200.08 W, 73
2026/08/07 09:22:24.860, 100 %, 19878 MiB, 200.13 W, 75
2026/08/07 09:23:24.868, 98 %, 19878 MiB, 199.95 W, 73
2026/08/07 09:24:24.875, 68 %, 19878 MiB, 197.87 W, 76
2026/08/07 09:25:24.883, 100 %, 19878 MiB, 200.04 W, 75
2026/08/07 09:26:24.891, 100 %, 19878 MiB, 200.19 W, 73
2026/08/07 09:27:24.904, 98 %, 19878 MiB, 200.11 W, 74
2026/08/07 09:28:24.912, 98 %, 19878 MiB, 199.81 W, 74
2026/08/07 09:29:24.920, 98 %, 19878 MiB, 199.74 W, 73
2026/08/07 09:30:24.928, 100 %, 19878 MiB, 200.02 W, 74
2026/08/07 09:31:24.935, 100 %, 19878 MiB, 200.30 W, 74
2026/08/07 09:32:24.943, 98 %, 19878 MiB, 199.70 W, 74
2026/08/07 09:33:24.950, 98 %, 19878 MiB, 199.90 W, 74
2026/08/07 09:34:24.960, 100 %, 19878 MiB, 199.95 W, 75
2026/08/07 09:35:24.967, 98 %, 19878 MiB, 199.81 W, 74
2026/08/07 09:36:24.976, 100 %, 19878 MiB, 200.09 W, 75
2026/08/07 09:37:24.983, 100 %, 19878 MiB, 199.92 W, 74
2026/08/07 09:38:24.990, 100 %, 19878 MiB, 200.00 W, 74
2026/08/07 09:39:25.009, 98 %, 19878 MiB, 199.73 W, 74
2026/08/07 09:40:25.016, 100 %, 19878 MiB, 199.88 W, 75
2026/08/07 09:41:25.025, 100 %, 19878 MiB, 202.35 W, 75
2026/08/07 09:42:25.033, 65 %, 19878 MiB, 197.49 W, 74
2026/08/07 09:43:25.040, 100 %, 19878 MiB, 200.09 W, 74
2026/08/07 09:44:25.048, 98 %, 19878 MiB, 199.88 W, 74
2026/08/07 09:45:25.056, 100 %, 19878 MiB, 200.29 W, 74
2026/08/07 09:46:25.063, 98 %, 19878 MiB, 200.16 W, 74
2026/08/07 09:47:25.070, 98 %, 19878 MiB, 199.79 W, 74
2026/08/07 09:48:25.079, 100 %, 19878 MiB, 199.99 W, 75
2026/08/07 09:49:25.086, 100 %, 19878 MiB, 200.12 W, 74
2026/08/07 09:50:25.101, 98 %, 19878 MiB, 199.87 W, 74
2026/08/07 09:51:25.109, 100 %, 19878 MiB, 199.99 W, 74
2026/08/07 09:52:25.117, 100 %, 19878 MiB, 200.01 W, 74
2026/08/07 09:53:25.125, 98 %, 19878 MiB, 200.27 W, 74
2026/08/07 09:54:25.132, 100 %, 19878 MiB, 199.90 W, 74
2026/08/07 09:55:25.140, 100 %, 19878 MiB, 200.05 W, 74
2026/08/07 09:56:25.148, 100 %, 19878 MiB, 200.07 W, 74
2026/08/07 09:57:25.154, 100 %, 19878 MiB, 200.22 W, 74
2026/08/07 09:58:25.162, 98 %, 19878 MiB, 199.85 W, 74
2026/08/07 09:59:25.171, 100 %, 19878 MiB, 200.53 W, 73
2026/08/07 10:00:25.179, 85 %, 19878 MiB, 199.28 W, 75
2026/08/07 10:01:25.187, 98 %, 19878 MiB, 199.88 W, 74
2026/08/07 10:02:25.204, 100 %, 19878 MiB, 199.99 W, 74
2026/08/07 10:03:25.212, 98 %, 19878 MiB, 199.85 W, 75
2026/08/07 10:04:25.221, 100 %, 19878 MiB, 199.99 W, 74
2026/08/07 10:05:25.229, 2 %, 19878 MiB, 144.19 W, 65
2026/08/07 10:06:25.236, 98 %, 19878 MiB, 199.88 W, 74
2026/08/07 10:07:25.243, 100 %, 19878 MiB, 200.22 W, 74
2026/08/07 10:08:25.252, 100 %, 19878 MiB, 200.02 W, 74
2026/08/07 10:09:25.260, 100 %, 19878 MiB, 200.00 W, 75
2026/08/07 10:10:25.268, 94 %, 19878 MiB, 199.81 W, 73
2026/08/07 10:11:25.276, 100 %, 19878 MiB, 200.28 W, 74
2026/08/07 10:12:25.284, 98 %, 19878 MiB, 199.80 W, 74
2026/08/07 10:13:25.301, 100 %, 19878 MiB, 199.97 W, 75
2026/08/07 10:14:25.308, 98 %, 19878 MiB, 199.95 W, 75
2026/08/07 10:15:25.317, 98 %, 19878 MiB, 199.73 W, 72
2026/08/07 10:16:25.324, 97 %, 19878 MiB, 199.84 W, 74
2026/08/07 10:17:25.331, 100 %, 19878 MiB, 199.96 W, 74
2026/08/07 10:18:25.340, 98 %, 19878 MiB, 199.81 W, 75
2026/08/07 10:19:25.347, 100 %, 19878 MiB, 201.32 W, 74
2026/08/07 10:20:25.356, 67 %, 19878 MiB, 199.89 W, 76
2026/08/07 10:21:25.363, 98 %, 19878 MiB, 199.91 W, 74
2026/08/07 10:22:25.372, 100 %, 19878 MiB, 200.31 W, 74
2026/08/07 10:23:25.378, 100 %, 19878 MiB, 200.28 W, 74
2026/08/07 10:24:25.386, 98 %, 19878 MiB, 199.70 W, 74
2026/08/07 10:25:25.403, 85 %, 19878 MiB, 198.72 W, 72
2026/08/07 10:26:25.411, 100 %, 19878 MiB, 200.26 W, 74
2026/08/07 10:27:25.418, 100 %, 19878 MiB, 200.23 W, 75
2026/08/07 10:28:25.426, 98 %, 19878 MiB, 199.78 W, 74
2026/08/07 10:29:25.434, 100 %, 19878 MiB, 199.99 W, 74
2026/08/07 10:30:25.441, 98 %, 19878 MiB, 199.87 W, 74
2026/08/07 10:31:25.449, 100 %, 19878 MiB, 201.71 W, 75
2026/08/07 10:32:25.456, 72 %, 19878 MiB, 198.27 W, 76
2026/08/07 10:33:25.464, 100 %, 19878 MiB, 200.06 W, 74
2026/08/07 10:34:25.472, 100 %, 19878 MiB, 199.98 W, 74
2026/08/07 10:35:25.480, 98 %, 19878 MiB, 199.87 W, 73
2026/08/07 10:36:25.488, 100 %, 19878 MiB, 200.24 W, 74
2026/08/07 10:37:25.505, 100 %, 19878 MiB, 200.00 W, 74
2026/08/07 10:38:25.513, 100 %, 19878 MiB, 200.23 W, 74
2026/08/07 10:39:25.521, 98 %, 19878 MiB, 199.80 W, 74
2026/08/07 10:40:25.529, 98 %, 19878 MiB, 199.78 W, 74
2026/08/07 10:41:25.537, 100 %, 19878 MiB, 202.27 W, 74
2026/08/07 10:42:25.544, 65 %, 19878 MiB, 197.67 W, 75
2026/08/07 10:43:25.551, 100 %, 19878 MiB, 200.01 W, 74
2026/08/07 10:44:25.558, 98 %, 19878 MiB, 199.86 W, 75
2026/08/07 10:45:25.566, 99 %, 19878 MiB, 199.93 W, 74
2026/08/07 10:46:25.574, 98 %, 19878 MiB, 200.55 W, 74
2026/08/07 10:47:25.581, 100 %, 19878 MiB, 199.80 W, 74
2026/08/07 10:48:25.589, 100 %, 19878 MiB, 199.99 W, 74
2026/08/07 10:49:25.605, 98 %, 19878 MiB, 199.80 W, 75
2026/08/07 10:50:25.614, 100 %, 19878 MiB, 200.00 W, 75
2026/08/07 10:51:25.621, 100 %, 19878 MiB, 199.99 W, 74
2026/08/07 10:52:25.630, 66 %, 19878 MiB, 199.99 W, 75
2026/08/07 10:53:25.638, 100 %, 19878 MiB, 199.98 W, 75
2026/08/07 10:54:25.646, 100 %, 19878 MiB, 199.99 W, 74
2026/08/07 10:55:25.653, 86 %, 19878 MiB, 200.07 W, 74
2026/08/07 10:56:25.661, 100 %, 19878 MiB, 200.23 W, 74
2026/08/07 10:57:25.669, 100 %, 19878 MiB, 199.82 W, 74
2026/08/07 10:58:25.677, 98 %, 19878 MiB, 200.23 W, 74
2026/08/07 10:59:25.685, 100 %, 19878 MiB, 199.98 W, 74
2026/08/07 11:00:25.692, 98 %, 19878 MiB, 200.12 W, 74
2026/08/07 11:01:25.704, 100 %, 19878 MiB, 200.07 W, 74
2026/08/07 11:02:25.713, 98 %, 19878 MiB, 199.63 W, 75
2026/08/07 11:03:25.721, 100 %, 19878 MiB, 200.24 W, 75
2026/08/07 11:04:25.729, 86 %, 19878 MiB, 199.66 W, 74
2026/08/07 11:05:25.736, 100 %, 19878 MiB, 197.76 W, 73
2026/08/07 11:06:25.744, 100 %, 19878 MiB, 199.88 W, 74
2026/08/07 11:07:25.751, 85 %, 19878 MiB, 200.05 W, 74
2026/08/07 11:08:25.759, 100 %, 19878 MiB, 200.19 W, 75
2026/08/07 11:09:25.766, 100 %, 19878 MiB, 199.81 W, 74
2026/08/07 11:10:25.772, 98 %, 19878 MiB, 200.30 W, 74
2026/08/07 11:11:25.778, 100 %, 19878 MiB, 200.02 W, 74
2026/08/07 11:12:25.786, 100 %, 19878 MiB, 199.89 W, 75
2026/08/07 11:13:25.801, 100 %, 19878 MiB, 199.95 W, 74
2026/08/07 11:14:25.810, 68 %, 19878 MiB, 199.95 W, 74
2026/08/07 11:15:25.818, 100 %, 19878 MiB, 199.80 W, 74
2026/08/07 11:16:25.826, 98 %, 19878 MiB, 200.31 W, 74
2026/08/07 11:17:25.833, 100 %, 19878 MiB, 199.99 W, 74
2026/08/07 11:18:25.840, 100 %, 19878 MiB, 199.84 W, 74
2026/08/07 11:19:25.845, 100 %, 19878 MiB, 199.79 W, 75
2026/08/07 11:20:25.853, 100 %, 19878 MiB, 200.03 W, 74
2026/08/07 11:21:25.862, 98 %, 19878 MiB, 200.12 W, 75
2026/08/07 11:22:25.869, 99 %, 19878 MiB, 199.96 W, 75
2026/08/07 11:23:25.877, 100 %, 19878 MiB, 200.08 W, 75
2026/08/07 11:24:25.886, 100 %, 19878 MiB, 199.81 W, 74
2026/08/07 11:25:25.901, 100 %, 19878 MiB, 197.05 W, 73
2026/08/07 11:26:25.908, 100 %, 19878 MiB, 200.12 W, 74
2026/08/07 11:27:25.916, 98 %, 19878 MiB, 200.00 W, 74
2026/08/07 11:28:25.922, 100 %, 19878 MiB, 199.91 W, 74
2026/08/07 11:29:25.928, 98 %, 19878 MiB, 199.90 W, 75
2026/08/07 11:30:25.935, 100 %, 19878 MiB, 199.90 W, 74
2026/08/07 11:31:25.943, 100 %, 19878 MiB, 199.96 W, 75
2026/08/07 11:32:25.950, 100 %, 19878 MiB, 200.00 W, 74
2026/08/07 11:33:25.958, 98 %, 19878 MiB, 200.17 W, 74
2026/08/07 11:34:25.966, 0 %, 19878 MiB, 29.83 W, 60
2026/08/07 11:35:25.974, 98 %, 19878 MiB, 199.99 W, 74
2026/08/07 11:36:25.982, 100 %, 19878 MiB, 199.93 W, 75
2026/08/07 11:37:25.990, 98 %, 19878 MiB, 199.69 W, 74
2026/08/07 11:38:26.007, 100 %, 19878 MiB, 202.38 W, 75
2026/08/07 11:39:26.015, 100 %, 19878 MiB, 198.04 W, 73
2026/08/07 11:40:26.023, 100 %, 19878 MiB, 200.23 W, 74
2026/08/07 11:41:26.032, 100 %, 19878 MiB, 199.98 W, 74
2026/08/07 11:42:26.039, 100 %, 19878 MiB, 200.02 W, 74
2026/08/07 11:43:26.047, 100 %, 19878 MiB, 199.95 W, 74
2026/08/07 11:44:26.055, 100 %, 19878 MiB, 199.70 W, 72
2026/08/07 11:45:26.063, 98 %, 19878 MiB, 199.87 W, 74
2026/08/07 11:46:26.071, 91 %, 19878 MiB, 199.67 W, 74
2026/08/07 11:47:26.078, 98 %, 19878 MiB, 200.01 W, 74
2026/08/07 11:48:26.086, 100 %, 19878 MiB, 201.24 W, 75
2026/08/07 11:49:26.101, 100 %, 19878 MiB, 200.02 W, 75
2026/08/07 11:50:26.108, 100 %, 19878 MiB, 199.72 W, 74
2026/08/07 11:51:26.116, 84 %, 19878 MiB, 200.04 W, 74
2026/08/07 11:52:26.123, 100 %, 19878 MiB, 199.94 W, 75
2026/08/07 11:53:26.131, 98 %, 19878 MiB, 199.99 W, 74
2026/08/07 11:54:26.139, 100 %, 19878 MiB, 199.98 W, 73
2026/08/07 11:55:26.146, 100 %, 19878 MiB, 199.87 W, 74
2026/08/07 11:56:26.154, 98 %, 19878 MiB, 199.99 W, 74
2026/08/07 11:57:26.160, 97 %, 19878 MiB, 200.24 W, 74
2026/08/07 11:58:26.168, 100 %, 19878 MiB, 200.16 W, 74
2026/08/07 11:59:26.176, 100 %, 19878 MiB, 200.07 W, 75
2026/08/07 12:00:26.183, 100 %, 19878 MiB, 199.93 W, 74
2026/08/07 12:01:26.190, 100 %, 19878 MiB, 199.98 W, 74
2026/08/07 12:02:26.205, 62 %, 19878 MiB, 200.00 W, 75
2026/08/07 12:03:26.213, 100 %, 19878 MiB, 199.99 W, 75
2026/08/07 12:04:26.221, 100 %, 19878 MiB, 200.28 W, 73
2026/08/07 12:05:26.229, 100 %, 19878 MiB, 199.57 W, 76
2026/08/07 12:06:26.235, 100 %, 19878 MiB, 200.06 W, 76
2026/08/07 12:07:26.243, 100 %, 19878 MiB, 198.60 W, 77
2026/08/07 12:08:26.251, 100 %, 19878 MiB, 200.19 W, 75
2026/08/07 12:09:26.258, 100 %, 19878 MiB, 197.58 W, 74
2026/08/07 12:10:26.265, 97 %, 19878 MiB, 202.99 W, 76
2026/08/07 12:11:26.272, 98 %, 19878 MiB, 200.35 W, 75
2026/08/07 12:12:26.279, 100 %, 19878 MiB, 200.00 W, 75
2026/08/07 12:13:26.287, 100 %, 19878 MiB, 200.01 W, 75
2026/08/07 12:14:26.300, 100 %, 19878 MiB, 196.28 W, 75
2026/08/07 12:15:26.308, 98 %, 19878 MiB, 200.26 W, 75
2026/08/07 12:16:26.316, 100 %, 19878 MiB, 197.01 W, 76
2026/08/07 12:17:26.325, 100 %, 19878 MiB, 200.15 W, 75
2026/08/07 12:18:26.332, 98 %, 19878 MiB, 199.05 W, 74
2026/08/07 12:19:26.339, 100 %, 19878 MiB, 199.87 W, 76
2026/08/07 12:20:26.346, 100 %, 19878 MiB, 199.98 W, 75
2026/08/07 12:21:26.354, 75 %, 19878 MiB, 199.99 W, 76
2026/08/07 12:22:26.360, 98 %, 19878 MiB, 200.06 W, 76
2026/08/07 12:23:26.369, 97 %, 19878 MiB, 200.16 W, 76
2026/08/07 12:24:26.377, 59 %, 19878 MiB, 199.89 W, 74
2026/08/07 12:25:26.384, 100 %, 19878 MiB, 200.30 W, 75
2026/08/07 12:26:26.390, 100 %, 19878 MiB, 199.90 W, 75
2026/08/07 12:27:26.403, 100 %, 19878 MiB, 200.10 W, 75
2026/08/07 12:28:26.410, 97 %, 19878 MiB, 199.48 W, 77
2026/08/07 12:29:26.416, 100 %, 19878 MiB, 200.27 W, 75
2026/08/07 12:30:26.424, 98 %, 19878 MiB, 200.05 W, 75
2026/08/07 12:31:26.431, 100 %, 19878 MiB, 199.99 W, 76
2026/08/07 12:32:26.438, 98 %, 19878 MiB, 200.10 W, 75
2026/08/07 12:33:26.446, 100 %, 19878 MiB, 199.99 W, 75
2026/08/07 12:34:26.453, 100 %, 19878 MiB, 199.95 W, 75
2026/08/07 12:35:26.460, 96 %, 19878 MiB, 200.00 W, 75
2026/08/07 12:36:26.467, 100 %, 19878 MiB, 198.08 W, 74
2026/08/07 12:37:26.475, 100 %, 19878 MiB, 200.54 W, 76
2026/08/07 12:38:26.483, 100 %, 19878 MiB, 199.94 W, 75
2026/08/07 12:39:26.491, 98 %, 19878 MiB, 199.67 W, 75
2026/08/07 12:40:26.502, 98 %, 19878 MiB, 199.99 W, 75
2026/08/07 12:41:26.510, 100 %, 19878 MiB, 200.01 W, 75
2026/08/07 12:42:26.518, 98 %, 19878 MiB, 200.31 W, 76
2026/08/07 12:43:26.525, 100 %, 19878 MiB, 200.00 W, 75
2026/08/07 12:44:26.533, 100 %, 19878 MiB, 198.69 W, 76
2026/08/07 12:45:26.541, 0 %, 19878 MiB, 27.77 W, 57
2026/08/07 12:46:26.548, 0 %, 2 MiB, 4.11 W, 42
2026/08/07 12:47:26.555, 0 %, 2 MiB, 3.88 W, 37
2026/08/07 12:48:26.562, 0 %, 2 MiB, 3.73 W, 35
2026/08/07 12:49:26.570, 0 %, 2 MiB, 3.83 W, 34
2026/08/07 12:50:26.578, 0 %, 2 MiB, 3.69 W, 33
2026/08/07 12:51:26.584, 0 %, 2 MiB, 3.82 W, 32
2026/08/07 12:52:26.591, 0 %, 2 MiB, 4.02 W, 32
2026/08/07 12:53:26.603, 0 %, 2 MiB, 3.72 W, 32
2026/08/07 12:54:26.611, 0 %, 2 MiB, 3.80 W, 32
2026/08/07 12:55:26.618, 0 %, 2 MiB, 3.50 W, 32
2026/08/07 12:56:26.627, 0 %, 2 MiB, 3.45 W, 32
2026/08/07 12:57:26.638, 0 %, 2 MiB, 3.57 W, 32
2026/08/07 12:58:26.646, 0 %, 2 MiB, 3.58 W, 32
2026/08/07 12:59:26.652, 0 %, 2 MiB, 3.60 W, 32
2026/08/07 13:00:26.660, 0 %, 2 MiB, 3.26 W, 32
2026/08/07 13:01:26.667, 0 %, 2 MiB, 3.55 W, 32
2026/08/07 13:02:26.674, 0 %, 1606 MiB, 3.66 W, 33
2026/08/07 13:03:26.681, 0 %, 21452 MiB, 22.25 W, 36
2026/08/07 13:04:26.688, 100 %, 24424 MiB, 200.16 W, 62
2026/08/07 13:05:26.704, 100 %, 24424 MiB, 199.96 W, 73
2026/08/07 13:06:26.711, 94 %, 24424 MiB, 199.96 W, 76
2026/08/07 13:07:26.719, 100 %, 24424 MiB, 199.98 W, 75
2026/08/07 13:08:26.726, 100 %, 24424 MiB, 200.15 W, 75
2026/08/07 13:09:26.733, 96 %, 24424 MiB, 200.01 W, 75
2026/08/07 13:10:26.741, 100 %, 24424 MiB, 200.03 W, 75
2026/08/07 13:11:26.746, 100 %, 24424 MiB, 199.97 W, 75
2026/08/07 13:12:26.754, 100 %, 24424 MiB, 200.28 W, 75
2026/08/07 13:13:26.762, 100 %, 24424 MiB, 200.33 W, 75
2026/08/07 13:14:26.769, 97 %, 24424 MiB, 199.84 W, 76
2026/08/07 13:15:26.778, 100 %, 24424 MiB, 199.94 W, 76
2026/08/07 13:16:26.785, 100 %, 24424 MiB, 200.23 W, 75
2026/08/07 13:17:26.792, 100 %, 24424 MiB, 199.99 W, 76
2026/08/07 13:18:26.804, 100 %, 24424 MiB, 200.24 W, 75
2026/08/07 13:19:26.811, 100 %, 24424 MiB, 200.23 W, 76
2026/08/07 13:20:26.819, 100 %, 24424 MiB, 200.44 W, 75
2026/08/07 13:21:26.826, 98 %, 24424 MiB, 199.71 W, 75
2026/08/07 13:22:26.832, 100 %, 24424 MiB, 199.99 W, 73
2026/08/07 13:23:26.839, 97 %, 24424 MiB, 199.76 W, 76
2026/08/07 13:24:26.847, 100 %, 24424 MiB, 199.96 W, 75
2026/08/07 13:25:26.854, 97 %, 24424 MiB, 199.92 W, 76
2026/08/07 13:26:26.861, 100 %, 24424 MiB, 199.98 W, 75
2026/08/07 13:27:26.868, 100 %, 24424 MiB, 200.26 W, 76
2026/08/07 13:28:26.875, 100 %, 24424 MiB, 199.98 W, 76
2026/08/07 13:29:26.883, 100 %, 24424 MiB, 200.38 W, 75
2026/08/07 13:30:26.889, 97 %, 24424 MiB, 199.66 W, 76
2026/08/07 13:31:26.904, 100 %, 24424 MiB, 200.32 W, 71
2026/08/07 13:32:26.912, 98 %, 24424 MiB, 199.87 W, 75
2026/08/07 13:33:26.919, 100 %, 24424 MiB, 200.35 W, 75
2026/08/07 13:34:26.927, 100 %, 24424 MiB, 199.99 W, 75
2026/08/07 13:35:26.934, 100 %, 24424 MiB, 200.22 W, 75
2026/08/07 13:36:26.941, 98 %, 24424 MiB, 199.97 W, 75
2026/08/07 13:37:26.947, 100 %, 24424 MiB, 200.05 W, 76
2026/08/07 13:38:26.954, 97 %, 24424 MiB, 199.65 W, 75
2026/08/07 13:39:26.963, 98 %, 24424 MiB, 199.96 W, 76
2026/08/07 13:40:26.970, 95 %, 24424 MiB, 199.87 W, 76
2026/08/07 13:41:26.976, 100 %, 24424 MiB, 200.00 W, 76
2026/08/07 13:42:26.983, 100 %, 24424 MiB, 199.94 W, 76
2026/08/07 13:43:26.991, 100 %, 24424 MiB, 200.12 W, 76
2026/08/07 13:44:27.008, 100 %, 24424 MiB, 200.00 W, 76
2026/08/07 13:45:27.015, 100 %, 24424 MiB, 199.95 W, 76
2026/08/07 13:46:27.023, 100 %, 24424 MiB, 200.19 W, 75
2026/08/07 13:47:27.031, 100 %, 24424 MiB, 200.13 W, 75
2026/08/07 13:48:27.038, 98 %, 24424 MiB, 199.84 W, 76
2026/08/07 13:49:27.045, 100 %, 24424 MiB, 199.95 W, 76
2026/08/07 13:50:27.052, 97 %, 24424 MiB, 199.88 W, 76
2026/08/07 13:51:27.059, 100 %, 24424 MiB, 200.01 W, 76
2026/08/07 13:52:27.067, 100 %, 24424 MiB, 200.00 W, 75
2026/08/07 13:53:27.074, 100 %, 24424 MiB, 200.11 W, 75
2026/08/07 13:54:27.080, 100 %, 24424 MiB, 200.36 W, 75
2026/08/07 13:55:27.085, 98 %, 24424 MiB, 199.79 W, 76
2026/08/07 13:56:27.092, 100 %, 24424 MiB, 200.01 W, 74
2026/08/07 13:57:27.106, 98 %, 24424 MiB, 199.76 W, 76
2026/08/07 13:58:27.113, 100 %, 24424 MiB, 204.76 W, 68
2026/08/07 13:59:27.119, 100 %, 24424 MiB, 200.02 W, 75
2026/08/07 14:00:27.126, 100 %, 24424 MiB, 200.36 W, 75
2026/08/07 14:01:27.134, 100 %, 24424 MiB, 200.39 W, 76
2026/08/07 14:02:27.141, 100 %, 24424 MiB, 199.98 W, 75
2026/08/07 14:03:27.150, 100 %, 24424 MiB, 200.15 W, 75
2026/08/07 14:04:27.158, 100 %, 24424 MiB, 200.01 W, 75
2026/08/07 14:05:27.165, 100 %, 24424 MiB, 199.97 W, 76
2026/08/07 14:06:27.172, 100 %, 24424 MiB, 199.99 W, 75
2026/08/07 14:07:27.180, 100 %, 24424 MiB, 200.00 W, 76
2026/08/07 14:08:27.188, 100 %, 24424 MiB, 199.99 W, 75
2026/08/07 14:09:27.204, 100 %, 24424 MiB, 200.39 W, 75
2026/08/07 14:10:27.211, 100 %, 24424 MiB, 200.22 W, 75
2026/08/07 14:11:27.218, 98 %, 24424 MiB, 199.63 W, 75
2026/08/07 14:12:27.224, 100 %, 24424 MiB, 199.98 W, 75
2026/08/07 14:13:27.231, 100 %, 24424 MiB, 199.98 W, 75
2026/08/07 14:14:27.239, 100 %, 24424 MiB, 199.95 W, 75
2026/08/07 14:15:27.247, 100 %, 24424 MiB, 199.98 W, 75
2026/08/07 14:16:27.255, 100 %, 24424 MiB, 200.01 W, 75
2026/08/07 14:17:27.263, 100 %, 24424 MiB, 199.69 W, 76
2026/08/07 14:18:27.271, 98 %, 24424 MiB, 199.90 W, 73
2026/08/07 14:19:27.278, 100 %, 24424 MiB, 199.97 W, 75
2026/08/07 14:20:27.286, 97 %, 24424 MiB, 199.77 W, 76
2026/08/07 14:21:27.302, 100 %, 24424 MiB, 199.99 W, 75
2026/08/07 14:22:27.311, 100 %, 24424 MiB, 199.97 W, 76
2026/08/07 14:23:27.319, 100 %, 24424 MiB, 199.99 W, 75
2026/08/07 14:24:27.326, 100 %, 24424 MiB, 199.99 W, 75
2026/08/07 14:25:27.333, 0 %, 24424 MiB, 27.27 W, 57
2026/08/07 14:26:27.339, 100 %, 24424 MiB, 200.03 W, 73
2026/08/07 14:27:27.348, 100 %, 24424 MiB, 199.97 W, 76
2026/08/07 14:28:27.354, 100 %, 24424 MiB, 200.04 W, 75
2026/08/07 14:29:27.361, 100 %, 24424 MiB, 200.25 W, 76
2026/08/07 14:30:27.369, 98 %, 24424 MiB, 199.67 W, 74
2026/08/07 14:31:27.376, 94 %, 24424 MiB, 199.89 W, 76
2026/08/07 14:32:27.383, 97 %, 24424 MiB, 199.73 W, 75
2026/08/07 14:33:27.391, 98 %, 24424 MiB, 199.89 W, 75
2026/08/07 14:34:27.404, 100 %, 24424 MiB, 200.32 W, 76
2026/08/07 14:35:27.412, 100 %, 24424 MiB, 200.01 W, 75
2026/08/07 14:36:27.419, 100 %, 24424 MiB, 200.00 W, 75
2026/08/07 14:37:27.426, 100 %, 24424 MiB, 200.10 W, 76
2026/08/07 14:38:27.433, 100 %, 24424 MiB, 199.97 W, 75
2026/08/07 14:39:27.441, 100 %, 24424 MiB, 200.21 W, 75
2026/08/07 14:40:27.450, 100 %, 24424 MiB, 200.18 W, 75
2026/08/07 14:41:27.457, 100 %, 24424 MiB, 200.02 W, 76
2026/08/07 14:42:27.465, 100 %, 24424 MiB, 200.36 W, 76
2026/08/07 14:43:27.474, 97 %, 24424 MiB, 199.75 W, 74
2026/08/07 14:44:27.481, 100 %, 24424 MiB, 200.06 W, 75
2026/08/07 14:45:27.489, 100 %, 24424 MiB, 200.02 W, 75
2026/08/07 14:46:27.506, 98 %, 24424 MiB, 199.86 W, 75
2026/08/07 14:47:27.514, 95 %, 24424 MiB, 199.65 W, 76
2026/08/07 14:48:27.521, 100 %, 24424 MiB, 200.23 W, 76
2026/08/07 14:49:27.528, 100 %, 24424 MiB, 200.00 W, 76
2026/08/07 14:50:27.537, 100 %, 24424 MiB, 199.66 W, 76
2026/08/07 14:51:27.545, 100 %, 24424 MiB, 199.66 W, 76
2026/08/07 14:52:27.555, 2 %, 24424 MiB, 45.88 W, 63
2026/08/07 14:53:27.561, 100 %, 24424 MiB, 200.13 W, 74
2026/08/07 14:54:27.568, 100 %, 24424 MiB, 200.01 W, 76
2026/08/07 14:55:27.577, 100 %, 24424 MiB, 199.65 W, 75
2026/08/07 14:56:27.585, 100 %, 24424 MiB, 200.01 W, 75
2026/08/07 14:57:27.601, 100 %, 24424 MiB, 200.16 W, 75
2026/08/07 14:58:27.609, 100 %, 24424 MiB, 199.69 W, 75
2026/08/07 14:59:27.616, 100 %, 24424 MiB, 199.98 W, 75
2026/08/07 15:00:27.623, 100 %, 24424 MiB, 199.65 W, 75
2026/08/07 15:01:27.631, 100 %, 24424 MiB, 199.80 W, 76
2026/08/07 15:02:27.637, 97 %, 24424 MiB, 200.04 W, 75
2026/08/07 15:03:27.644, 100 %, 24424 MiB, 199.70 W, 75
2026/08/07 15:04:27.651, 100 %, 24424 MiB, 199.96 W, 76
2026/08/07 15:05:27.658, 100 %, 24424 MiB, 200.39 W, 75
2026/08/07 15:06:27.665, 100 %, 24424 MiB, 199.98 W, 75
2026/08/07 15:07:27.674, 100 %, 24424 MiB, 199.69 W, 75
2026/08/07 15:08:27.681, 100 %, 24424 MiB, 199.94 W, 75
2026/08/07 15:09:27.688, 100 %, 24424 MiB, 199.78 W, 76
2026/08/07 15:10:27.704, 100 %, 24424 MiB, 199.98 W, 75
2026/08/07 15:11:27.711, 100 %, 24424 MiB, 200.17 W, 75
2026/08/07 15:12:27.719, 100 %, 24424 MiB, 199.61 W, 75
2026/08/07 15:13:27.726, 98 %, 24424 MiB, 199.99 W, 75
2026/08/07 15:14:27.733, 100 %, 24424 MiB, 200.33 W, 75
2026/08/07 15:15:27.741, 100 %, 24424 MiB, 199.96 W, 76
2026/08/07 15:16:27.748, 100 %, 24424 MiB, 200.04 W, 75
2026/08/07 15:17:27.753, 100 %, 24424 MiB, 199.80 W, 75
2026/08/07 15:18:27.760, 100 %, 24424 MiB, 199.57 W, 75
2026/08/07 15:19:27.767, 98 %, 24424 MiB, 200.01 W, 75
2026/08/07 15:20:27.773, 100 %, 24424 MiB, 200.00 W, 74
2026/08/07 15:21:27.781, 100 %, 24424 MiB, 199.99 W, 75
2026/08/07 15:22:27.788, 100 %, 24424 MiB, 200.01 W, 72
2026/08/07 15:23:27.803, 100 %, 24424 MiB, 199.83 W, 76
2026/08/07 15:24:27.809, 98 %, 24424 MiB, 200.29 W, 75
2026/08/07 15:25:27.816, 100 %, 24424 MiB, 199.76 W, 75
2026/08/07 15:26:27.823, 98 %, 24424 MiB, 199.82 W, 76
2026/08/07 15:27:27.830, 97 %, 24424 MiB, 199.97 W, 75
2026/08/07 15:28:27.838, 100 %, 24424 MiB, 200.28 W, 75
2026/08/07 15:29:27.845, 98 %, 24424 MiB, 199.25 W, 75
2026/08/07 15:30:27.852, 100 %, 24424 MiB, 200.04 W, 74
2026/08/07 15:31:27.859, 100 %, 24424 MiB, 199.84 W, 75
2026/08/07 15:32:27.866, 100 %, 24424 MiB, 199.94 W, 75
2026/08/07 15:33:27.874, 97 %, 24424 MiB, 199.95 W, 75
2026/08/07 15:34:27.881, 100 %, 24424 MiB, 199.97 W, 75
2026/08/07 15:35:27.888, 100 %, 24424 MiB, 200.05 W, 75
2026/08/07 15:36:27.903, 100 %, 24424 MiB, 199.69 W, 75
2026/08/07 15:37:27.909, 98 %, 24424 MiB, 199.97 W, 75
2026/08/07 15:38:27.917, 100 %, 24424 MiB, 200.46 W, 75
2026/08/07 15:39:27.924, 100 %, 24424 MiB, 200.09 W, 75
2026/08/07 15:40:27.931, 100 %, 24424 MiB, 199.82 W, 75
2026/08/07 15:41:27.939, 100 %, 24424 MiB, 200.03 W, 75
2026/08/07 15:42:27.946, 100 %, 24424 MiB, 200.04 W, 75
2026/08/07 15:43:27.954, 100 %, 24424 MiB, 199.66 W, 75
2026/08/07 15:44:27.961, 97 %, 24424 MiB, 199.97 W, 75
2026/08/07 15:45:27.969, 98 %, 24424 MiB, 199.98 W, 75
2026/08/07 15:46:27.978, 100 %, 24424 MiB, 200.15 W, 75
2026/08/07 15:47:27.986, 97 %, 24424 MiB, 199.99 W, 73
2026/08/07 15:48:27.993, 100 %, 24424 MiB, 199.76 W, 75
2026/08/07 15:49:28.007, 100 %, 24424 MiB, 199.98 W, 75
2026/08/07 15:50:28.015, 100 %, 24424 MiB, 200.16 W, 75
2026/08/07 15:51:28.022, 100 %, 24424 MiB, 199.79 W, 75
2026/08/07 15:52:28.031, 100 %, 24424 MiB, 199.94 W, 75
2026/08/07 15:53:28.038, 100 %, 24424 MiB, 200.23 W, 75
2026/08/07 15:54:28.044, 100 %, 24424 MiB, 200.26 W, 75
2026/08/07 15:55:28.052, 100 %, 24424 MiB, 199.93 W, 75
2026/08/07 15:56:28.061, 100 %, 24424 MiB, 199.95 W, 75
2026/08/07 15:57:28.067, 100 %, 24424 MiB, 200.00 W, 75
2026/08/07 15:58:28.074, 100 %, 24424 MiB, 200.18 W, 75
2026/08/07 15:59:28.080, 100 %, 24424 MiB, 199.57 W, 76
2026/08/07 16:00:28.087, 100 %, 24424 MiB, 200.37 W, 75
2026/08/07 16:01:28.101, 100 %, 24424 MiB, 199.58 W, 73
2026/08/07 16:02:28.108, 100 %, 24424 MiB, 199.83 W, 75
2026/08/07 16:03:28.114, 100 %, 24424 MiB, 200.10 W, 75
2026/08/07 16:04:28.121, 100 %, 24424 MiB, 199.35 W, 73
2026/08/07 16:05:28.128, 100 %, 24424 MiB, 199.64 W, 75
2026/08/07 16:06:28.135, 100 %, 24424 MiB, 200.20 W, 75
2026/08/07 16:07:28.142, 100 %, 24424 MiB, 200.01 W, 75
2026/08/07 16:08:28.148, 100 %, 24424 MiB, 200.01 W, 75
2026/08/07 16:09:28.155, 100 %, 24424 MiB, 200.14 W, 75
2026/08/07 16:10:28.162, 100 %, 24424 MiB, 200.01 W, 75
2026/08/07 16:11:28.170, 100 %, 24424 MiB, 199.76 W, 72
2026/08/07 16:12:28.177, 100 %, 24424 MiB, 199.83 W, 75
2026/08/07 16:13:28.184, 100 %, 24424 MiB, 199.96 W, 75
2026/08/07 16:14:28.190, 100 %, 24424 MiB, 199.99 W, 73
2026/08/07 16:15:28.205, 100 %, 24424 MiB, 199.81 W, 75
2026/08/07 16:16:28.212, 97 %, 24424 MiB, 199.94 W, 74
2026/08/07 16:17:28.218, 98 %, 24424 MiB, 200.01 W, 75
2026/08/07 16:18:28.224, 100 %, 24424 MiB, 199.96 W, 75
2026/08/07 16:19:28.230, 100 %, 24424 MiB, 200.46 W, 75
2026/08/07 16:20:28.237, 100 %, 24424 MiB, 200.13 W, 75
2026/08/07 16:21:28.245, 100 %, 24424 MiB, 199.72 W, 75
2026/08/07 16:22:28.251, 100 %, 24424 MiB, 199.82 W, 75
2026/08/07 16:23:28.257, 94 %, 24424 MiB, 200.23 W, 75
2026/08/07 16:24:28.263, 100 %, 24424 MiB, 199.98 W, 75
2026/08/07 16:25:28.270, 100 %, 24424 MiB, 200.03 W, 75
2026/08/07 16:26:28.276, 100 %, 24424 MiB, 200.01 W, 75
2026/08/07 16:27:28.284, 100 %, 24424 MiB, 200.03 W, 75
2026/08/07 16:28:28.291, 100 %, 24424 MiB, 200.18 W, 75
2026/08/07 16:29:28.304, 100 %, 24424 MiB, 199.52 W, 74
2026/08/07 16:30:28.310, 100 %, 24424 MiB, 200.00 W, 75
2026/08/07 16:31:28.317, 100 %, 24424 MiB, 199.68 W, 75
2026/08/07 16:32:28.324, 100 %, 24424 MiB, 199.65 W, 75
2026/08/07 16:33:28.330, 100 %, 24424 MiB, 199.98 W, 75
2026/08/07 16:34:28.337, 100 %, 24424 MiB, 200.29 W, 75
2026/08/07 16:35:28.342, 100 %, 24424 MiB, 199.99 W, 75
2026/08/07 16:36:28.349, 98 %, 24424 MiB, 200.02 W, 75
2026/08/07 16:37:28.356, 100 %, 24424 MiB, 199.93 W, 75
2026/08/07 16:38:28.363, 100 %, 24424 MiB, 199.96 W, 76
2026/08/07 16:39:28.369, 96 %, 24424 MiB, 200.15 W, 76
2026/08/07 16:40:28.376, 100 %, 24424 MiB, 199.97 W, 75
2026/08/07 16:41:28.383, 100 %, 24424 MiB, 200.03 W, 72
2026/08/07 16:42:28.390, 100 %, 24424 MiB, 199.92 W, 75
2026/08/07 16:43:28.403, 98 %, 24424 MiB, 199.99 W, 75
2026/08/07 16:44:28.408, 100 %, 24424 MiB, 200.41 W, 75
2026/08/07 16:45:28.415, 100 %, 24424 MiB, 199.78 W, 75
2026/08/07 16:46:28.430, 100 %, 24424 MiB, 199.65 W, 75
2026/08/07 16:47:28.438, 100 %, 24424 MiB, 200.00 W, 75
2026/08/07 16:48:28.445, 100 %, 24424 MiB, 200.41 W, 75
2026/08/07 16:49:28.451, 100 %, 24424 MiB, 200.43 W, 75
2026/08/07 16:50:28.458, 100 %, 24424 MiB, 200.00 W, 75
2026/08/07 16:51:28.464, 100 %, 24424 MiB, 200.01 W, 75
2026/08/07 16:52:28.472, 100 %, 24424 MiB, 199.93 W, 75
2026/08/07 16:53:28.479, 100 %, 24424 MiB, 200.44 W, 75
2026/08/07 16:54:28.485, 100 %, 24424 MiB, 199.75 W, 75
2026/08/07 16:55:28.491, 98 %, 24424 MiB, 199.98 W, 75
2026/08/07 16:56:28.504, 98 %, 24424 MiB, 199.95 W, 75
2026/08/07 16:57:28.510, 94 %, 24424 MiB, 200.36 W, 75
2026/08/07 16:58:28.518, 98 %, 24424 MiB, 200.01 W, 76
2026/08/07 16:59:28.525, 98 %, 24424 MiB, 200.00 W, 75
2026/08/07 17:00:28.532, 99 %, 24424 MiB, 199.90 W, 76
2026/08/07 17:01:28.540, 100 %, 24424 MiB, 199.61 W, 74
2026/08/07 17:02:28.548, 100 %, 24424 MiB, 199.59 W, 75
2026/08/07 17:03:28.555, 100 %, 24424 MiB, 199.65 W, 75
2026/08/07 17:04:28.561, 100 %, 24424 MiB, 200.02 W, 75
2026/08/07 17:05:28.568, 100 %, 24424 MiB, 199.65 W, 75
2026/08/07 17:06:28.575, 100 %, 24424 MiB, 199.65 W, 74
2026/08/07 17:07:28.581, 100 %, 24424 MiB, 200.11 W, 75
2026/08/07 17:08:28.588, 100 %, 24424 MiB, 199.51 W, 71
2026/08/07 17:09:28.602, 100 %, 24424 MiB, 199.53 W, 74
2026/08/07 17:10:28.609, 100 %, 24424 MiB, 199.68 W, 75
2026/08/07 17:11:28.616, 100 %, 24424 MiB, 199.88 W, 75
2026/08/07 17:12:28.624, 100 %, 24424 MiB, 200.05 W, 75
2026/08/07 17:13:28.629, 100 %, 24424 MiB, 200.04 W, 75
2026/08/07 17:14:28.635, 100 %, 24424 MiB, 200.00 W, 75
2026/08/07 17:15:28.642, 100 %, 24424 MiB, 200.29 W, 75
2026/08/07 17:16:28.649, 100 %, 24424 MiB, 199.98 W, 75
2026/08/07 17:17:28.655, 100 %, 24424 MiB, 199.78 W, 75
2026/08/07 17:18:28.661, 99 %, 24424 MiB, 199.91 W, 76
2026/08/07 17:19:28.667, 100 %, 24424 MiB, 199.98 W, 75
2026/08/07 17:20:28.673, 100 %, 24424 MiB, 199.62 W, 74
2026/08/07 17:21:28.680, 100 %, 24424 MiB, 199.72 W, 74
2026/08/07 17:22:28.686, 100 %, 24424 MiB, 199.62 W, 75
2026/08/07 17:23:28.691, 100 %, 24424 MiB, 199.92 W, 75
2026/08/07 17:24:28.704, 97 %, 24424 MiB, 200.01 W, 75
2026/08/07 17:25:28.710, 100 %, 24424 MiB, 199.88 W, 75
2026/08/07 17:26:28.717, 97 %, 24424 MiB, 199.98 W, 75
2026/08/07 17:27:28.723, 100 %, 24424 MiB, 199.99 W, 75
2026/08/07 17:28:28.730, 100 %, 24424 MiB, 200.12 W, 75
2026/08/07 17:29:28.738, 100 %, 24424 MiB, 199.98 W, 75
2026/08/07 17:30:28.744, 100 %, 24424 MiB, 200.28 W, 74
2026/08/07 17:31:28.751, 100 %, 24424 MiB, 200.03 W, 74
2026/08/07 17:32:28.757, 100 %, 24424 MiB, 200.00 W, 75
2026/08/07 17:33:28.763, 100 %, 24424 MiB, 200.17 W, 74
2026/08/07 17:34:28.769, 100 %, 24424 MiB, 200.01 W, 74
2026/08/07 17:35:28.775, 100 %, 24424 MiB, 199.95 W, 68
2026/08/07 17:36:28.781, 100 %, 24424 MiB, 199.92 W, 74
2026/08/07 17:37:28.787, 100 %, 24424 MiB, 199.97 W, 74
2026/08/07 17:38:28.800, 100 %, 24424 MiB, 199.96 W, 74
2026/08/07 17:39:28.806, 100 %, 24424 MiB, 200.45 W, 74
2026/08/07 17:40:28.813, 100 %, 24424 MiB, 200.26 W, 74
2026/08/07 17:41:28.820, 100 %, 24424 MiB, 199.98 W, 74
2026/08/07 17:42:28.826, 100 %, 24424 MiB, 200.24 W, 75
2026/08/07 17:43:28.832, 94 %, 24424 MiB, 199.94 W, 75
2026/08/07 17:44:28.838, 97 %, 24424 MiB, 199.96 W, 75
2026/08/07 17:45:28.845, 100 %, 24424 MiB, 199.98 W, 74
2026/08/07 17:46:28.852, 100 %, 24424 MiB, 200.19 W, 75
2026/08/07 17:47:28.859, 100 %, 24424 MiB, 200.36 W, 75
2026/08/07 17:48:28.866, 100 %, 24424 MiB, 199.71 W, 75
2026/08/07 17:49:28.870, 98 %, 24424 MiB, 199.86 W, 75
2026/08/07 17:50:28.876, 100 %, 24424 MiB, 200.35 W, 74
2026/08/07 17:51:28.884, 100 %, 24424 MiB, 199.72 W, 74
2026/08/07 17:52:28.890, 98 %, 24424 MiB, 199.86 W, 74
2026/08/07 17:53:28.905, 97 %, 24424 MiB, 200.20 W, 74
2026/08/07 17:54:28.911, 100 %, 24424 MiB, 199.54 W, 74
2026/08/07 17:55:28.917, 97 %, 24424 MiB, 199.82 W, 75
2026/08/07 17:56:28.924, 97 %, 24424 MiB, 199.99 W, 74
2026/08/07 17:57:28.930, 100 %, 24424 MiB, 199.95 W, 74
2026/08/07 17:58:28.936, 100 %, 24424 MiB, 200.00 W, 73
2026/08/07 17:59:28.943, 100 %, 24424 MiB, 200.38 W, 74
2026/08/07 18:00:28.950, 100 %, 24424 MiB, 199.82 W, 74
2026/08/07 18:01:28.956, 97 %, 24424 MiB, 199.96 W, 74
2026/08/07 18:02:28.962, 0 %, 24424 MiB, 26.16 W, 54
2026/08/07 18:03:28.968, 100 %, 24424 MiB, 199.87 W, 74
2026/08/07 18:04:28.974, 98 %, 24424 MiB, 199.97 W, 74
2026/08/07 18:05:28.980, 100 %, 24424 MiB, 200.14 W, 74
2026/08/07 18:06:28.986, 98 %, 24424 MiB, 199.96 W, 74
2026/08/07 18:07:28.992, 97 %, 24424 MiB, 199.96 W, 74
2026/08/07 18:08:29.007, 100 %, 24424 MiB, 200.53 W, 74
2026/08/07 18:09:29.014, 100 %, 24424 MiB, 199.68 W, 74
2026/08/07 18:10:29.021, 97 %, 24424 MiB, 199.97 W, 74
2026/08/07 18:11:29.032, 100 %, 24424 MiB, 199.76 W, 74
2026/08/07 18:12:29.040, 100 %, 24424 MiB, 199.90 W, 75
2026/08/07 18:13:29.052, 96 %, 24424 MiB, 199.98 W, 75
2026/08/07 18:14:29.058, 100 %, 24424 MiB, 199.50 W, 73
2026/08/07 18:15:29.064, 100 %, 24424 MiB, 200.13 W, 72
2026/08/07 18:16:29.075, 100 %, 24424 MiB, 199.63 W, 75
2026/08/07 18:17:29.084, 100 %, 24424 MiB, 200.04 W, 74
2026/08/07 18:18:29.100, 100 %, 24424 MiB, 200.01 W, 74
2026/08/07 18:19:29.108, 100 %, 24424 MiB, 199.99 W, 74
2026/08/07 18:20:29.329, 97 %, 24424 MiB, 199.99 W, 74
2026/08/07 18:21:29.339, 100 %, 24424 MiB, 199.92 W, 75
2026/08/07 18:22:29.351, 100 %, 24424 MiB, 199.79 W, 75
2026/08/07 18:23:29.357, 100 %, 24424 MiB, 200.01 W, 74
2026/08/07 18:24:29.364, 100 %, 24424 MiB, 199.55 W, 74
2026/08/07 18:25:29.370, 100 %, 24424 MiB, 200.18 W, 74
2026/08/07 18:26:29.376, 100 %, 24424 MiB, 200.15 W, 74
2026/08/07 18:27:29.382, 100 %, 24424 MiB, 199.56 W, 75
2026/08/07 18:28:29.389, 100 %, 24424 MiB, 199.50 W, 74
2026/08/07 18:29:29.403, 2 %, 24424 MiB, 29.60 W, 59
2026/08/07 18:30:29.409, 97 %, 24424 MiB, 199.96 W, 74
2026/08/07 18:31:29.415, 97 %, 24424 MiB, 199.96 W, 75
2026/08/07 18:32:29.421, 100 %, 24424 MiB, 200.04 W, 74
2026/08/07 18:33:29.427, 100 %, 24424 MiB, 200.01 W, 75
2026/08/07 18:34:29.433, 100 %, 24424 MiB, 200.12 W, 75
2026/08/07 18:35:29.440, 100 %, 24424 MiB, 200.13 W, 74
2026/08/07 18:36:29.446, 100 %, 24424 MiB, 199.95 W, 74
2026/08/07 18:37:29.452, 100 %, 24424 MiB, 200.13 W, 74
2026/08/07 18:38:29.459, 100 %, 24424 MiB, 200.01 W, 75
2026/08/07 18:39:29.465, 97 %, 24424 MiB, 199.97 W, 75
2026/08/07 18:40:29.472, 100 %, 24424 MiB, 199.95 W, 74
2026/08/07 18:41:29.478, 97 %, 24424 MiB, 200.17 W, 74
2026/08/07 18:42:29.485, 100 %, 24424 MiB, 200.29 W, 75
2026/08/07 18:43:29.490, 100 %, 24424 MiB, 200.09 W, 74
2026/08/07 18:44:29.506, 100 %, 24424 MiB, 200.01 W, 74
2026/08/07 18:45:29.512, 98 %, 24424 MiB, 200.40 W, 74
2026/08/07 18:46:29.519, 97 %, 24424 MiB, 199.94 W, 75
2026/08/07 18:47:29.526, 100 %, 24424 MiB, 199.97 W, 74
2026/08/07 18:48:29.533, 100 %, 24424 MiB, 200.31 W, 75
2026/08/07 18:49:29.539, 100 %, 24424 MiB, 199.78 W, 75
2026/08/07 18:50:29.546, 98 %, 24424 MiB, 200.02 W, 75
2026/08/07 18:51:29.552, 98 %, 24424 MiB, 199.97 W, 74
2026/08/07 18:52:29.558, 100 %, 24424 MiB, 199.82 W, 75
2026/08/07 18:53:29.565, 100 %, 24424 MiB, 199.87 W, 75
2026/08/07 18:54:29.571, 100 %, 24424 MiB, 199.72 W, 75
2026/08/07 18:55:29.578, 100 %, 24424 MiB, 200.47 W, 75
2026/08/07 18:56:29.585, 98 %, 24424 MiB, 199.98 W, 75
2026/08/07 18:57:29.591, 100 %, 24424 MiB, 199.97 W, 74
2026/08/07 18:58:29.605, 100 %, 24424 MiB, 200.53 W, 75
2026/08/07 18:59:29.611, 100 %, 24424 MiB, 199.98 W, 74
2026/08/07 19:00:29.617, 100 %, 24424 MiB, 200.12 W, 74
2026/08/07 19:01:29.624, 100 %, 24424 MiB, 199.97 W, 74
2026/08/07 19:02:29.631, 100 %, 24424 MiB, 199.99 W, 74
2026/08/07 19:03:29.638, 100 %, 24424 MiB, 200.35 W, 74
2026/08/07 19:04:29.644, 100 %, 24424 MiB, 200.47 W, 74
2026/08/07 19:05:29.651, 100 %, 24424 MiB, 200.33 W, 75
2026/08/07 19:06:29.656, 100 %, 24424 MiB, 199.97 W, 74
2026/08/07 19:07:29.662, 94 %, 24424 MiB, 199.91 W, 74
2026/08/07 19:08:29.668, 100 %, 24424 MiB, 199.88 W, 75
2026/08/07 19:09:29.675, 98 %, 24424 MiB, 199.95 W, 74
2026/08/07 19:10:29.681, 97 %, 24424 MiB, 199.83 W, 75
2026/08/07 19:11:29.687, 100 %, 24424 MiB, 199.60 W, 75
2026/08/07 19:12:29.702, 100 %, 24424 MiB, 199.85 W, 74
2026/08/07 19:13:29.707, 100 %, 24424 MiB, 199.67 W, 74
2026/08/07 19:14:29.714, 100 %, 24424 MiB, 200.12 W, 75
2026/08/07 19:15:29.721, 100 %, 24424 MiB, 200.28 W, 74
2026/08/07 19:16:29.727, 100 %, 24424 MiB, 199.97 W, 74
2026/08/07 19:17:29.734, 100 %, 24424 MiB, 199.55 W, 74
2026/08/07 19:18:29.741, 100 %, 24424 MiB, 199.51 W, 74
2026/08/07 19:19:29.748, 100 %, 24424 MiB, 199.59 W, 74
2026/08/07 19:20:29.754, 100 %, 24424 MiB, 200.09 W, 75
2026/08/07 19:21:29.762, 100 %, 24424 MiB, 200.09 W, 74
2026/08/07 19:22:29.769, 100 %, 24424 MiB, 200.21 W, 74
2026/08/07 19:23:29.776, 100 %, 24424 MiB, 200.02 W, 74
2026/08/07 19:24:29.789, 100 %, 24424 MiB, 200.38 W, 73
2026/08/07 19:25:29.803, 100 %, 24424 MiB, 200.01 W, 74
2026/08/07 19:26:29.810, 100 %, 24424 MiB, 200.19 W, 74
2026/08/07 19:27:29.818, 100 %, 24424 MiB, 199.99 W, 75
2026/08/07 19:28:29.824, 100 %, 24424 MiB, 200.26 W, 74
2026/08/07 19:29:29.831, 100 %, 24424 MiB, 200.16 W, 75
2026/08/07 19:30:29.838, 100 %, 24424 MiB, 200.02 W, 74
2026/08/07 19:31:29.845, 100 %, 24424 MiB, 200.28 W, 74
2026/08/07 19:32:29.851, 100 %, 24424 MiB, 200.24 W, 74
2026/08/07 19:33:29.858, 100 %, 24424 MiB, 200.12 W, 75
2026/08/07 19:34:29.864, 100 %, 24424 MiB, 200.02 W, 74
2026/08/07 19:35:29.871, 100 %, 24424 MiB, 199.99 W, 74
2026/08/07 19:36:29.877, 100 %, 24424 MiB, 200.31 W, 74
2026/08/07 19:37:29.884, 100 %, 24424 MiB, 200.20 W, 74
2026/08/07 19:38:29.890, 100 %, 24424 MiB, 200.01 W, 74
2026/08/07 19:39:29.909, 100 %, 24424 MiB, 200.13 W, 74
2026/08/07 19:40:29.916, 100 %, 24424 MiB, 200.15 W, 74
2026/08/07 19:41:29.922, 100 %, 24424 MiB, 200.09 W, 74
2026/08/07 19:42:29.928, 96 %, 24424 MiB, 199.95 W, 74
2026/08/07 19:43:29.934, 98 %, 24424 MiB, 199.99 W, 74
2026/08/07 19:44:29.940, 100 %, 24424 MiB, 199.99 W, 74
2026/08/07 19:45:29.946, 97 %, 24424 MiB, 199.96 W, 75
2026/08/07 19:46:29.955, 97 %, 24424 MiB, 200.01 W, 74
2026/08/07 19:47:29.960, 97 %, 24424 MiB, 199.98 W, 74
2026/08/07 19:48:29.967, 97 %, 24424 MiB, 200.03 W, 74
2026/08/07 19:49:29.973, 100 %, 24424 MiB, 199.63 W, 74
2026/08/07 19:50:29.980, 100 %, 24424 MiB, 199.63 W, 74
2026/08/07 19:51:29.987, 100 %, 24424 MiB, 199.96 W, 71
2026/08/07 19:52:29.993, 100 %, 24424 MiB, 200.25 W, 74
2026/08/07 19:53:30.005, 100 %, 24424 MiB, 200.03 W, 72
2026/08/07 19:54:30.012, 100 %, 24424 MiB, 200.30 W, 74
2026/08/07 19:55:30.019, 100 %, 24424 MiB, 199.96 W, 74
2026/08/07 19:56:30.026, 100 %, 24424 MiB, 200.09 W, 74
2026/08/07 19:57:30.033, 100 %, 24424 MiB, 200.07 W, 74
2026/08/07 19:58:30.040, 100 %, 24424 MiB, 199.99 W, 74
2026/08/07 19:59:30.047, 100 %, 24424 MiB, 200.02 W, 73
2026/08/07 20:00:30.054, 100 %, 24424 MiB, 199.58 W, 75
2026/08/07 20:01:30.061, 100 %, 24424 MiB, 199.66 W, 74
2026/08/07 20:02:30.067, 100 %, 24424 MiB, 199.90 W, 75
2026/08/07 20:03:30.073, 100 %, 24424 MiB, 200.02 W, 74
2026/08/07 20:04:30.079, 100 %, 24424 MiB, 200.49 W, 74
2026/08/07 20:05:30.087, 100 %, 24424 MiB, 200.46 W, 74
2026/08/07 20:06:30.093, 100 %, 24424 MiB, 199.51 W, 71
2026/08/07 20:07:30.106, 100 %, 24424 MiB, 200.30 W, 74
2026/08/07 20:08:30.111, 100 %, 24424 MiB, 199.98 W, 74
2026/08/07 20:09:30.117, 100 %, 24424 MiB, 200.12 W, 74
2026/08/07 20:10:30.122, 97 %, 24424 MiB, 199.98 W, 74
2026/08/07 20:11:30.129, 98 %, 24424 MiB, 199.97 W, 74
2026/08/07 20:12:30.135, 100 %, 24424 MiB, 199.99 W, 75
2026/08/07 20:13:30.142, 98 %, 24424 MiB, 200.03 W, 74
2026/08/07 20:14:30.147, 100 %, 24424 MiB, 199.65 W, 74
2026/08/07 20:15:30.153, 98 %, 24424 MiB, 199.98 W, 74
2026/08/07 20:16:30.164, 100 %, 24424 MiB, 199.58 W, 73
2026/08/07 20:17:30.170, 100 %, 24424 MiB, 199.64 W, 74
2026/08/07 20:18:30.176, 100 %, 24424 MiB, 200.00 W, 70
2026/08/07 20:19:30.183, 100 %, 24424 MiB, 200.02 W, 74
2026/08/07 20:20:30.190, 100 %, 24424 MiB, 199.97 W, 73
2026/08/07 20:21:30.205, 100 %, 24424 MiB, 199.75 W, 74
2026/08/07 20:22:30.212, 100 %, 24424 MiB, 200.11 W, 74
2026/08/07 20:23:30.218, 97 %, 24424 MiB, 199.96 W, 74
2026/08/07 20:24:30.227, 97 %, 24424 MiB, 199.94 W, 74
2026/08/07 20:25:30.234, 92 %, 24424 MiB, 199.85 W, 74
2026/08/07 20:26:30.241, 98 %, 24424 MiB, 199.98 W, 73
2026/08/07 20:27:30.249, 97 %, 24424 MiB, 199.93 W, 74
2026/08/07 20:28:30.255, 100 %, 24424 MiB, 199.98 W, 74
2026/08/07 20:29:30.263, 100 %, 24424 MiB, 200.23 W, 73
2026/08/07 20:30:30.271, 100 %, 24424 MiB, 199.59 W, 74
2026/08/07 20:31:30.278, 100 %, 24424 MiB, 199.73 W, 74
2026/08/07 20:32:30.286, 100 %, 24424 MiB, 200.20 W, 74
2026/08/07 20:33:30.295, 100 %, 24424 MiB, 199.63 W, 74
2026/08/07 20:34:30.307, 98 %, 24424 MiB, 199.98 W, 74
2026/08/07 20:35:30.316, 100 %, 24424 MiB, 199.90 W, 74
2026/08/07 20:36:30.324, 97 %, 24424 MiB, 199.98 W, 74
2026/08/07 20:37:30.331, 100 %, 24424 MiB, 200.41 W, 74
2026/08/07 20:38:30.339, 97 %, 24424 MiB, 199.97 W, 74
2026/08/07 20:39:30.348, 97 %, 24424 MiB, 199.95 W, 74
2026/08/07 20:40:30.356, 100 %, 24424 MiB, 200.45 W, 74
2026/08/07 20:41:30.364, 98 %, 24424 MiB, 199.98 W, 74
2026/08/07 20:42:30.371, 97 %, 24424 MiB, 199.96 W, 74
2026/08/07 20:43:30.378, 97 %, 24424 MiB, 199.97 W, 75
2026/08/07 20:44:30.386, 94 %, 24424 MiB, 199.89 W, 75
2026/08/07 20:45:30.394, 100 %, 24424 MiB, 200.47 W, 68
2026/08/07 20:46:30.410, 100 %, 24424 MiB, 199.96 W, 74
2026/08/07 20:47:30.418, 100 %, 24424 MiB, 199.69 W, 75
2026/08/07 20:48:30.427, 100 %, 24424 MiB, 199.66 W, 75
2026/08/07 20:49:30.437, 100 %, 24424 MiB, 199.63 W, 74
2026/08/07 20:50:30.446, 95 %, 24424 MiB, 199.82 W, 75
2026/08/07 20:51:30.455, 100 %, 24424 MiB, 199.59 W, 75
2026/08/07 20:52:30.463, 100 %, 24424 MiB, 199.66 W, 75
2026/08/07 20:53:30.472, 100 %, 24424 MiB, 199.53 W, 74
2026/08/07 20:54:30.480, 100 %, 24424 MiB, 199.98 W, 75
2026/08/07 20:55:30.489, 100 %, 24424 MiB, 199.98 W, 74
2026/08/07 20:56:30.506, 100 %, 24424 MiB, 200.42 W, 74
2026/08/07 20:57:30.515, 100 %, 24424 MiB, 199.75 W, 75
2026/08/07 20:58:30.525, 100 %, 24424 MiB, 200.00 W, 75
2026/08/07 20:59:30.534, 100 %, 24424 MiB, 200.01 W, 75
2026/08/07 21:00:30.543, 100 %, 24424 MiB, 200.02 W, 75
2026/08/07 21:01:30.553, 100 %, 24424 MiB, 199.98 W, 75
2026/08/07 21:02:30.562, 100 %, 24424 MiB, 200.03 W, 75
2026/08/07 21:03:30.572, 98 %, 24424 MiB, 200.01 W, 75
2026/08/07 21:04:30.581, 100 %, 24424 MiB, 200.01 W, 75
2026/08/07 21:05:30.591, 97 %, 24424 MiB, 199.93 W, 75
2026/08/07 21:06:30.609, 96 %, 24424 MiB, 199.53 W, 75
2026/08/07 21:07:30.618, 100 %, 24424 MiB, 200.03 W, 75
2026/08/07 21:08:30.627, 100 %, 24424 MiB, 200.14 W, 75
2026/08/07 21:09:30.637, 100 %, 24424 MiB, 200.01 W, 75
2026/08/07 21:10:30.645, 100 %, 24424 MiB, 199.97 W, 75
2026/08/07 21:11:30.652, 100 %, 24424 MiB, 200.34 W, 74
2026/08/07 21:12:30.661, 0 %, 24424 MiB, 26.21 W, 56
2026/08/07 21:13:30.670, 100 %, 24424 MiB, 200.01 W, 73
2026/08/07 21:14:30.678, 98 %, 24424 MiB, 199.70 W, 74
2026/08/07 21:15:30.686, 98 %, 24424 MiB, 199.66 W, 75
2026/08/07 21:16:30.703, 97 %, 24424 MiB, 199.80 W, 75
2026/08/07 21:17:30.712, 100 %, 24424 MiB, 200.00 W, 75
2026/08/07 21:18:30.721, 100 %, 24424 MiB, 199.99 W, 75
2026/08/07 21:19:30.729, 100 %, 24424 MiB, 199.99 W, 74
2026/08/07 21:20:30.738, 100 %, 24424 MiB, 199.97 W, 75
2026/08/07 21:21:30.747, 100 %, 24424 MiB, 199.96 W, 74
2026/08/07 21:22:30.755, 97 %, 24424 MiB, 199.87 W, 75
2026/08/07 21:23:30.763, 98 %, 24424 MiB, 199.88 W, 75
2026/08/07 21:24:30.771, 100 %, 24424 MiB, 199.98 W, 75
2026/08/07 21:25:30.779, 100 %, 24424 MiB, 199.99 W, 75
2026/08/07 21:26:30.787, 97 %, 24424 MiB, 199.59 W, 75
2026/08/07 21:27:30.805, 100 %, 24424 MiB, 200.01 W, 75
2026/08/07 21:28:30.813, 100 %, 24424 MiB, 199.97 W, 74
2026/08/07 21:29:30.824, 100 %, 24424 MiB, 199.98 W, 74
2026/08/07 21:30:30.832, 100 %, 24424 MiB, 199.96 W, 74
2026/08/07 21:31:30.841, 100 %, 24424 MiB, 200.23 W, 74
2026/08/07 21:32:30.849, 100 %, 24424 MiB, 199.95 W, 74
2026/08/07 21:33:30.859, 100 %, 24424 MiB, 199.96 W, 74
2026/08/07 21:34:30.867, 100 %, 24424 MiB, 200.08 W, 74
2026/08/07 21:35:30.877, 100 %, 24424 MiB, 200.31 W, 75
2026/08/07 21:36:30.886, 100 %, 24424 MiB, 199.99 W, 74
2026/08/07 21:37:30.902, 98 %, 24424 MiB, 199.68 W, 74
2026/08/07 21:38:30.911, 100 %, 24424 MiB, 200.01 W, 75
2026/08/07 21:39:30.921, 99 %, 24424 MiB, 199.98 W, 75
2026/08/07 21:40:30.929, 100 %, 24424 MiB, 200.01 W, 73
2026/08/07 21:41:30.936, 98 %, 24424 MiB, 199.92 W, 75
2026/08/07 21:42:30.945, 100 %, 24424 MiB, 199.96 W, 74
2026/08/07 21:43:30.954, 100 %, 24424 MiB, 200.38 W, 74
2026/08/07 21:44:30.964, 97 %, 24424 MiB, 199.43 W, 74
2026/08/07 21:45:30.975, 100 %, 24424 MiB, 200.01 W, 74
2026/08/07 21:46:30.983, 97 %, 24424 MiB, 199.58 W, 74
2026/08/07 21:47:30.992, 97 %, 24424 MiB, 199.84 W, 75
2026/08/07 21:48:31.010, 97 %, 24424 MiB, 199.73 W, 74
2026/08/07 21:49:31.020, 100 %, 24424 MiB, 199.94 W, 75
2026/08/07 21:50:31.030, 100 %, 24424 MiB, 199.98 W, 75
2026/08/07 21:51:31.040, 100 %, 24424 MiB, 199.98 W, 75
2026/08/07 21:52:31.050, 100 %, 24424 MiB, 199.95 W, 74
2026/08/07 21:53:31.059, 100 %, 24424 MiB, 199.96 W, 74
2026/08/07 21:54:31.069, 100 %, 24424 MiB, 199.94 W, 75
2026/08/07 21:55:31.077, 100 %, 24424 MiB, 199.96 W, 74
2026/08/07 21:56:31.088, 100 %, 24424 MiB, 200.15 W, 75
2026/08/07 21:57:31.103, 100 %, 24424 MiB, 199.98 W, 74
2026/08/07 21:58:31.112, 100 %, 24424 MiB, 199.96 W, 74
2026/08/07 21:59:31.121, 100 %, 24424 MiB, 200.12 W, 74
2026/08/07 22:00:31.130, 100 %, 24424 MiB, 199.99 W, 75
2026/08/07 22:01:31.139, 100 %, 24424 MiB, 200.37 W, 74
2026/08/07 22:02:31.150, 100 %, 24424 MiB, 200.15 W, 74
2026/08/07 22:03:31.159, 100 %, 24424 MiB, 200.00 W, 74
2026/08/07 22:04:31.168, 100 %, 24424 MiB, 200.21 W, 74
2026/08/07 22:05:31.177, 100 %, 24424 MiB, 199.60 W, 74
2026/08/07 22:06:31.185, 100 %, 24424 MiB, 199.74 W, 75
2026/08/07 22:07:31.194, 97 %, 24424 MiB, 199.84 W, 73
2026/08/07 22:08:31.207, 100 %, 24424 MiB, 199.98 W, 74
2026/08/07 22:09:31.217, 100 %, 24424 MiB, 199.95 W, 75
2026/08/07 22:10:31.226, 98 %, 24424 MiB, 199.64 W, 73
2026/08/07 22:11:31.235, 100 %, 24424 MiB, 199.98 W, 74
2026/08/07 22:12:31.244, 100 %, 24424 MiB, 200.19 W, 74
2026/08/07 22:13:31.254, 100 %, 24424 MiB, 199.96 W, 74
2026/08/07 22:14:31.262, 100 %, 24424 MiB, 199.96 W, 74
2026/08/07 22:15:31.271, 100 %, 24424 MiB, 200.00 W, 74
2026/08/07 22:16:31.280, 100 %, 24424 MiB, 200.10 W, 74
2026/08/07 22:17:31.290, 100 %, 24424 MiB, 200.01 W, 74
2026/08/07 22:18:31.307, 97 %, 24424 MiB, 199.55 W, 74
2026/08/07 22:19:31.316, 100 %, 24424 MiB, 200.01 W, 74
2026/08/07 22:20:31.325, 97 %, 24424 MiB, 199.59 W, 74
2026/08/07 22:21:31.334, 97 %, 24424 MiB, 199.97 W, 75
2026/08/07 22:22:31.343, 100 %, 24424 MiB, 200.52 W, 74
2026/08/07 22:23:31.352, 100 %, 24424 MiB, 199.95 W, 75
2026/08/07 22:24:31.361, 100 %, 24424 MiB, 199.96 W, 74
2026/08/07 22:25:31.370, 100 %, 24424 MiB, 200.08 W, 74
2026/08/07 22:26:31.380, 100 %, 24424 MiB, 199.95 W, 74
2026/08/07 22:27:31.389, 100 %, 24424 MiB, 200.12 W, 75
2026/08/07 22:28:31.405, 100 %, 24424 MiB, 200.00 W, 75
2026/08/07 22:29:31.413, 100 %, 24424 MiB, 200.12 W, 74
2026/08/07 22:30:31.422, 100 %, 24424 MiB, 200.00 W, 75
2026/08/07 22:31:31.430, 96 %, 24424 MiB, 199.88 W, 75
2026/08/07 22:32:31.438, 100 %, 24424 MiB, 200.03 W, 75
2026/08/07 22:33:31.447, 100 %, 24424 MiB, 200.00 W, 74
2026/08/07 22:34:31.456, 100 %, 24424 MiB, 200.01 W, 72
2026/08/07 22:35:31.464, 100 %, 24424 MiB, 200.02 W, 75
2026/08/07 22:36:31.474, 100 %, 24424 MiB, 199.96 W, 74
2026/08/07 22:37:31.483, 100 %, 24424 MiB, 199.98 W, 75
2026/08/07 22:38:31.493, 100 %, 24424 MiB, 200.18 W, 74
2026/08/07 22:39:31.510, 100 %, 24424 MiB, 200.02 W, 74
2026/08/07 22:40:31.520, 95 %, 24424 MiB, 199.57 W, 75
2026/08/07 22:41:31.529, 100 %, 24424 MiB, 200.29 W, 74
2026/08/07 22:42:31.538, 97 %, 24424 MiB, 199.73 W, 75
2026/08/07 22:43:31.546, 100 %, 24424 MiB, 199.98 W, 74
2026/08/07 22:44:31.555, 100 %, 24424 MiB, 199.96 W, 75
2026/08/07 22:45:31.564, 100 %, 24424 MiB, 199.98 W, 74
2026/08/07 22:46:31.574, 100 %, 24424 MiB, 199.97 W, 75
2026/08/07 22:47:31.584, 100 %, 24424 MiB, 199.96 W, 74
2026/08/07 22:48:31.602, 100 %, 24424 MiB, 199.99 W, 74
2026/08/07 22:49:31.611, 100 %, 24424 MiB, 200.05 W, 75
2026/08/07 22:50:31.620, 100 %, 24424 MiB, 200.08 W, 74
2026/08/07 22:51:31.629, 97 %, 24424 MiB, 199.55 W, 74
2026/08/07 22:52:31.639, 100 %, 24424 MiB, 199.91 W, 75
2026/08/07 22:53:31.649, 97 %, 24424 MiB, 200.25 W, 75
2026/08/07 22:54:31.658, 100 %, 24424 MiB, 199.98 W, 75
2026/08/07 22:55:31.667, 100 %, 24424 MiB, 200.02 W, 75
2026/08/07 22:56:31.676, 100 %, 24424 MiB, 200.00 W, 74
2026/08/07 22:57:31.685, 100 %, 24424 MiB, 200.02 W, 75
2026/08/07 22:58:31.703, 97 %, 24424 MiB, 199.74 W, 74
2026/08/07 22:59:31.711, 100 %, 24424 MiB, 200.01 W, 75
2026/08/07 23:00:31.722, 98 %, 24424 MiB, 199.89 W, 74
2026/08/07 23:01:31.732, 100 %, 24424 MiB, 199.93 W, 71
2026/08/07 23:02:31.741, 100 %, 24424 MiB, 199.97 W, 74
2026/08/07 23:03:31.751, 100 %, 24424 MiB, 200.03 W, 74
2026/08/07 23:04:31.761, 100 %, 24424 MiB, 199.96 W, 74
2026/08/07 23:05:31.771, 100 %, 24424 MiB, 199.98 W, 74
2026/08/07 23:06:31.779, 100 %, 24424 MiB, 199.99 W, 75
2026/08/07 23:07:31.788, 100 %, 24424 MiB, 200.18 W, 74
2026/08/07 23:08:31.807, 100 %, 24424 MiB, 199.97 W, 74
2026/08/07 23:09:31.817, 100 %, 24424 MiB, 199.98 W, 74
2026/08/07 23:10:31.827, 100 %, 24424 MiB, 199.99 W, 74
2026/08/07 23:11:31.836, 100 %, 24424 MiB, 200.37 W, 74
2026/08/07 23:12:31.846, 100 %, 24424 MiB, 199.97 W, 74
2026/08/07 23:13:31.854, 100 %, 24424 MiB, 199.98 W, 75
2026/08/07 23:14:31.864, 100 %, 24424 MiB, 200.33 W, 75
2026/08/07 23:15:31.873, 100 %, 24424 MiB, 199.95 W, 74
2026/08/07 23:16:31.882, 100 %, 24424 MiB, 200.00 W, 75
2026/08/07 23:17:31.891, 100 %, 24424 MiB, 200.00 W, 75
2026/08/07 23:18:31.907, 100 %, 24424 MiB, 200.01 W, 74
2026/08/07 23:19:31.916, 97 %, 24424 MiB, 199.56 W, 74
2026/08/07 23:20:31.926, 97 %, 24424 MiB, 199.88 W, 74
2026/08/07 23:21:31.934, 98 %, 24424 MiB, 199.64 W, 74
2026/08/07 23:22:31.943, 100 %, 24424 MiB, 199.96 W, 74
2026/08/07 23:23:31.952, 100 %, 24424 MiB, 199.98 W, 74
2026/08/07 23:24:31.962, 100 %, 24424 MiB, 199.57 W, 74
2026/08/07 23:25:31.971, 97 %, 24424 MiB, 199.52 W, 74
2026/08/07 23:26:31.985, 97 %, 24424 MiB, 199.82 W, 75
2026/08/07 23:27:32.004, 100 %, 24424 MiB, 200.12 W, 74
2026/08/07 23:28:32.014, 100 %, 24424 MiB, 200.14 W, 70
2026/08/07 23:29:32.023, 93 %, 24424 MiB, 199.71 W, 75
2026/08/07 23:30:32.033, 100 %, 24424 MiB, 199.97 W, 74
2026/08/07 23:31:32.042, 100 %, 24424 MiB, 199.96 W, 75
2026/08/07 23:32:32.050, 100 %, 24424 MiB, 199.94 W, 74
2026/08/07 23:33:32.060, 100 %, 24424 MiB, 199.95 W, 75
2026/08/07 23:34:32.068, 100 %, 24424 MiB, 199.96 W, 75
2026/08/07 23:35:32.080, 100 %, 24424 MiB, 199.99 W, 74
2026/08/07 23:36:32.089, 100 %, 24424 MiB, 200.22 W, 74
2026/08/07 23:37:32.106, 100 %, 24424 MiB, 200.01 W, 74
2026/08/07 23:38:32.113, 98 %, 24424 MiB, 199.96 W, 72
2026/08/07 23:39:32.123, 100 %, 24424 MiB, 200.01 W, 74
2026/08/07 23:40:32.132, 98 %, 24424 MiB, 199.66 W, 74
2026/08/07 23:41:32.142, 100 %, 24424 MiB, 200.02 W, 74
2026/08/07 23:42:32.151, 100 %, 24424 MiB, 200.02 W, 74
2026/08/07 23:43:32.160, 100 %, 24424 MiB, 199.96 W, 75
2026/08/07 23:44:32.169, 100 %, 24424 MiB, 199.97 W, 74
2026/08/07 23:45:32.178, 100 %, 24424 MiB, 200.23 W, 75
2026/08/07 23:46:32.187, 100 %, 24424 MiB, 200.04 W, 74
2026/08/07 23:47:32.205, 98 %, 24424 MiB, 200.00 W, 75
2026/08/07 23:48:32.215, 98 %, 24424 MiB, 199.99 W, 75
2026/08/07 23:49:32.225, 100 %, 24424 MiB, 200.43 W, 75
2026/08/07 23:50:32.234, 100 %, 24424 MiB, 200.22 W, 74
2026/08/07 23:51:32.241, 100 %, 24424 MiB, 200.04 W, 74
2026/08/07 23:52:32.250, 100 %, 24424 MiB, 200.26 W, 74
2026/08/07 23:53:32.260, 100 %, 24424 MiB, 199.86 W, 75
2026/08/07 23:54:32.269, 94 %, 24424 MiB, 200.32 W, 75
2026/08/07 23:55:32.278, 100 %, 24424 MiB, 200.00 W, 68
2026/08/07 23:56:32.286, 100 %, 24424 MiB, 199.96 W, 74
2026/08/07 23:57:32.304, 99 %, 24424 MiB, 199.94 W, 74
2026/08/07 23:58:32.314, 100 %, 24424 MiB, 200.13 W, 74
2026/08/07 23:59:32.323, 100 %, 24424 MiB, 199.73 W, 75
2026/08/08 00:00:32.332, 100 %, 24424 MiB, 200.00 W, 74
2026/08/08 00:01:32.343, 100 %, 24424 MiB, 199.65 W, 74
2026/08/08 00:02:32.351, 100 %, 24424 MiB, 199.92 W, 75
2026/08/08 00:03:32.361, 100 %, 24424 MiB, 199.52 W, 72
2026/08/08 00:04:32.369, 100 %, 24424 MiB, 199.75 W, 74
2026/08/08 00:05:32.377, 100 %, 24424 MiB, 199.83 W, 74
2026/08/08 00:06:32.385, 100 %, 24424 MiB, 200.05 W, 74
2026/08/08 00:07:32.404, 100 %, 24424 MiB, 199.64 W, 74
2026/08/08 00:08:32.412, 100 %, 24424 MiB, 199.93 W, 75
2026/08/08 00:09:32.420, 94 %, 24424 MiB, 199.96 W, 75
2026/08/08 00:10:32.430, 98 %, 24424 MiB, 199.95 W, 74
2026/08/08 00:11:32.440, 100 %, 24424 MiB, 200.16 W, 75
2026/08/08 00:12:32.449, 100 %, 24424 MiB, 200.02 W, 74
2026/08/08 00:13:32.459, 100 %, 24424 MiB, 200.15 W, 74
2026/08/08 00:14:32.468, 100 %, 24424 MiB, 199.96 W, 75
2026/08/08 00:15:32.477, 97 %, 24424 MiB, 199.86 W, 75
2026/08/08 00:16:32.486, 100 %, 24424 MiB, 199.88 W, 75
2026/08/08 00:17:32.502, 98 %, 24424 MiB, 200.02 W, 75
2026/08/08 00:18:32.510, 97 %, 24424 MiB, 199.98 W, 74
2026/08/08 00:19:32.520, 100 %, 24424 MiB, 199.88 W, 75
2026/08/08 00:20:32.528, 97 %, 24424 MiB, 199.96 W, 75
2026/08/08 00:21:32.536, 100 %, 24424 MiB, 199.94 W, 74
2026/08/08 00:22:32.544, 0 %, 24424 MiB, 26.61 W, 55
2026/08/08 00:23:32.553, 100 %, 24424 MiB, 199.95 W, 74
2026/08/08 00:24:32.562, 100 %, 24424 MiB, 200.18 W, 75
2026/08/08 00:25:32.571, 100 %, 24424 MiB, 199.95 W, 74
2026/08/08 00:26:32.580, 100 %, 24424 MiB, 199.96 W, 74
2026/08/08 00:27:32.591, 100 %, 24424 MiB, 200.09 W, 74
2026/08/08 00:28:32.608, 100 %, 24424 MiB, 199.96 W, 74
2026/08/08 00:29:32.617, 100 %, 24424 MiB, 199.96 W, 74
2026/08/08 00:30:32.625, 100 %, 24424 MiB, 199.98 W, 74
2026/08/08 00:31:32.635, 97 %, 24424 MiB, 199.95 W, 74
2026/08/08 00:32:32.644, 100 %, 24424 MiB, 200.36 W, 74
2026/08/08 00:33:32.653, 100 %, 24424 MiB, 200.02 W, 74
2026/08/08 00:34:32.661, 100 %, 24424 MiB, 200.05 W, 74
2026/08/08 00:35:32.671, 100 %, 24424 MiB, 200.26 W, 75
2026/08/08 00:36:32.680, 100 %, 24424 MiB, 199.96 W, 73
2026/08/08 00:37:32.688, 100 %, 24424 MiB, 200.06 W, 75
2026/08/08 00:38:32.706, 100 %, 24424 MiB, 200.15 W, 74
2026/08/08 00:39:32.715, 100 %, 24424 MiB, 200.28 W, 74
2026/08/08 00:40:32.726, 100 %, 24424 MiB, 200.04 W, 74
2026/08/08 00:41:32.734, 100 %, 24424 MiB, 200.03 W, 74
2026/08/08 00:42:32.743, 100 %, 24424 MiB, 199.91 W, 75
2026/08/08 00:43:32.751, 97 %, 24424 MiB, 199.87 W, 75
2026/08/08 00:44:32.759, 98 %, 24424 MiB, 200.03 W, 75
2026/08/08 00:45:32.768, 100 %, 24424 MiB, 199.99 W, 74
2026/08/08 00:46:32.777, 100 %, 24424 MiB, 200.01 W, 74
2026/08/08 00:47:32.785, 100 %, 24424 MiB, 199.99 W, 75
2026/08/08 00:48:32.801, 100 %, 24424 MiB, 200.04 W, 74
2026/08/08 00:49:32.810, 2 %, 24424 MiB, 29.21 W, 59
2026/08/08 00:50:32.824, 98 %, 24424 MiB, 199.96 W, 74
2026/08/08 00:51:32.833, 100 %, 24424 MiB, 199.98 W, 74
2026/08/08 00:52:32.840, 98 %, 24424 MiB, 199.96 W, 75
2026/08/08 00:53:32.849, 97 %, 24424 MiB, 199.97 W, 74
2026/08/08 00:54:32.856, 97 %, 24424 MiB, 199.96 W, 75
2026/08/08 00:55:32.865, 93 %, 24424 MiB, 199.86 W, 75
2026/08/08 00:56:32.874, 100 %, 24424 MiB, 199.91 W, 75
2026/08/08 00:57:32.882, 98 %, 24424 MiB, 199.97 W, 75
2026/08/08 00:58:32.889, 97 %, 24424 MiB, 199.99 W, 75
2026/08/08 00:59:32.906, 100 %, 24424 MiB, 199.57 W, 73
2026/08/08 01:00:32.914, 100 %, 24424 MiB, 200.03 W, 74
2026/08/08 01:01:32.923, 100 %, 24424 MiB, 200.05 W, 74
2026/08/08 01:02:32.931, 100 %, 24424 MiB, 200.16 W, 74
2026/08/08 01:03:32.939, 100 %, 24424 MiB, 200.26 W, 74
2026/08/08 01:04:32.947, 100 %, 24424 MiB, 200.04 W, 75
2026/08/08 01:05:32.956, 100 %, 24424 MiB, 200.30 W, 75
2026/08/08 01:06:32.964, 100 %, 24424 MiB, 199.99 W, 75
2026/08/08 01:07:32.974, 100 %, 24424 MiB, 200.03 W, 75
2026/08/08 01:08:32.981, 100 %, 24424 MiB, 200.10 W, 74
2026/08/08 01:09:32.989, 100 %, 24424 MiB, 199.99 W, 75
2026/08/08 01:10:33.008, 100 %, 24424 MiB, 199.99 W, 75
2026/08/08 01:11:33.018, 100 %, 24424 MiB, 199.97 W, 74
2026/08/08 01:12:33.026, 98 %, 24424 MiB, 199.94 W, 75
2026/08/08 01:13:33.034, 100 %, 24424 MiB, 199.95 W, 74
2026/08/08 01:14:33.042, 100 %, 24424 MiB, 200.18 W, 74
2026/08/08 01:15:33.050, 96 %, 24424 MiB, 199.93 W, 74
2026/08/08 01:16:33.058, 100 %, 24424 MiB, 199.67 W, 74
2026/08/08 01:17:33.070, 100 %, 24424 MiB, 200.00 W, 73
2026/08/08 01:18:33.078, 100 %, 24424 MiB, 200.52 W, 74
2026/08/08 01:19:33.088, 100 %, 24424 MiB, 200.09 W, 74
2026/08/08 01:20:33.103, 97 %, 24424 MiB, 200.03 W, 74
2026/08/08 01:21:33.111, 97 %, 24424 MiB, 200.00 W, 75
2026/08/08 01:22:33.119, 98 %, 24424 MiB, 200.01 W, 75
2026/08/08 01:23:33.128, 100 %, 24424 MiB, 199.60 W, 75
2026/08/08 01:24:33.136, 100 %, 24424 MiB, 200.24 W, 75
2026/08/08 01:25:33.144, 100 %, 24424 MiB, 200.08 W, 75
2026/08/08 01:26:33.151, 100 %, 24424 MiB, 199.71 W, 75
2026/08/08 01:27:33.160, 100 %, 24424 MiB, 200.27 W, 75
2026/08/08 01:28:33.168, 100 %, 24424 MiB, 199.99 W, 75
2026/08/08 01:29:33.176, 100 %, 24424 MiB, 199.97 W, 75
2026/08/08 01:30:33.185, 100 %, 24424 MiB, 199.77 W, 75
2026/08/08 01:31:33.201, 100 %, 24424 MiB, 200.17 W, 75
2026/08/08 01:32:33.209, 100 %, 24424 MiB, 200.09 W, 75
2026/08/08 01:33:33.217, 98 %, 24424 MiB, 199.97 W, 75
2026/08/08 01:34:33.226, 98 %, 24424 MiB, 200.00 W, 75
2026/08/08 01:35:33.235, 98 %, 24424 MiB, 199.96 W, 75
2026/08/08 01:36:33.243, 100 %, 24424 MiB, 200.00 W, 75
2026/08/08 01:37:33.254, 100 %, 24424 MiB, 200.02 W, 74
2026/08/08 01:38:33.264, 100 %, 24424 MiB, 200.21 W, 75
2026/08/08 01:39:33.272, 100 %, 24424 MiB, 199.91 W, 75
2026/08/08 01:40:33.280, 100 %, 24424 MiB, 199.96 W, 75
2026/08/08 01:41:33.289, 98 %, 24424 MiB, 199.98 W, 75
2026/08/08 01:42:33.310, 98 %, 24424 MiB, 200.04 W, 74
2026/08/08 01:43:33.319, 100 %, 24424 MiB, 199.93 W, 75
2026/08/08 01:44:33.327, 100 %, 24424 MiB, 199.63 W, 73
2026/08/08 01:45:33.337, 100 %, 24424 MiB, 199.71 W, 74
2026/08/08 01:46:33.346, 99 %, 24424 MiB, 200.00 W, 75
2026/08/08 01:47:33.355, 98 %, 24424 MiB, 199.96 W, 74
2026/08/08 01:48:33.364, 100 %, 24424 MiB, 199.92 W, 75
2026/08/08 01:49:33.373, 98 %, 24424 MiB, 199.98 W, 75
2026/08/08 01:50:33.383, 98 %, 24424 MiB, 199.96 W, 74
2026/08/08 01:51:33.391, 98 %, 24424 MiB, 200.40 W, 75
2026/08/08 01:52:33.410, 100 %, 24424 MiB, 199.97 W, 75
2026/08/08 01:53:33.419, 98 %, 24424 MiB, 200.01 W, 75
2026/08/08 01:54:33.430, 96 %, 24424 MiB, 199.77 W, 74
2026/08/08 01:55:33.439, 100 %, 24424 MiB, 200.18 W, 73
2026/08/08 01:56:33.448, 100 %, 24424 MiB, 199.83 W, 74
2026/08/08 01:57:33.457, 100 %, 24424 MiB, 199.50 W, 74
2026/08/08 01:58:33.466, 100 %, 24424 MiB, 199.96 W, 75
2026/08/08 01:59:33.474, 100 %, 24424 MiB, 199.95 W, 75
2026/08/08 02:00:33.484, 97 %, 24424 MiB, 199.96 W, 74
2026/08/08 02:01:33.500, 100 %, 24424 MiB, 199.62 W, 73
2026/08/08 02:02:33.513, 100 %, 24424 MiB, 200.31 W, 74
2026/08/08 02:03:33.522, 100 %, 24424 MiB, 200.10 W, 74
2026/08/08 02:04:33.530, 94 %, 24424 MiB, 200.25 W, 75
2026/08/08 02:05:33.538, 100 %, 24424 MiB, 199.79 W, 75
2026/08/08 02:06:33.547, 100 %, 24424 MiB, 199.52 W, 74
2026/08/08 02:07:33.555, 100 %, 24424 MiB, 200.22 W, 74
2026/08/08 02:08:33.563, 100 %, 24424 MiB, 199.98 W, 74
2026/08/08 02:09:33.571, 100 %, 24424 MiB, 199.77 W, 74
2026/08/08 02:10:33.579, 100 %, 24424 MiB, 199.93 W, 75
2026/08/08 02:11:33.586, 100 %, 24424 MiB, 200.03 W, 73
2026/08/08 02:12:33.602, 100 %, 24424 MiB, 199.98 W, 74
2026/08/08 02:13:33.611, 100 %, 24424 MiB, 200.00 W, 74
2026/08/08 02:14:33.619, 100 %, 24424 MiB, 200.00 W, 74
2026/08/08 02:15:33.628, 100 %, 24424 MiB, 200.20 W, 75
2026/08/08 02:16:33.635, 100 %, 24424 MiB, 199.81 W, 75
2026/08/08 02:17:33.643, 100 %, 24424 MiB, 199.72 W, 75
2026/08/08 02:18:33.652, 100 %, 24424 MiB, 200.18 W, 74
2026/08/08 02:19:33.660, 100 %, 24424 MiB, 200.02 W, 74
2026/08/08 02:20:33.668, 97 %, 24424 MiB, 199.98 W, 74
2026/08/08 02:21:33.675, 100 %, 24424 MiB, 199.91 W, 75
2026/08/08 02:22:33.683, 98 %, 24424 MiB, 200.00 W, 75
2026/08/08 02:23:33.691, 100 %, 24424 MiB, 199.72 W, 75
2026/08/08 02:24:33.703, 98 %, 24424 MiB, 200.03 W, 75
2026/08/08 02:25:33.711, 97 %, 24424 MiB, 199.98 W, 75
2026/08/08 02:26:33.718, 100 %, 24424 MiB, 200.04 W, 74
2026/08/08 02:27:33.726, 100 %, 24424 MiB, 199.98 W, 74
2026/08/08 02:28:33.733, 100 %, 24424 MiB, 199.62 W, 75
2026/08/08 02:29:33.740, 100 %, 24424 MiB, 200.00 W, 75
2026/08/08 02:30:33.748, 98 %, 24424 MiB, 199.96 W, 74
2026/08/08 02:31:33.756, 100 %, 24424 MiB, 200.24 W, 74
2026/08/08 02:32:33.764, 100 %, 24424 MiB, 200.02 W, 75
2026/08/08 02:33:33.772, 100 %, 24424 MiB, 199.97 W, 75
2026/08/08 02:34:33.780, 100 %, 24424 MiB, 199.96 W, 74
2026/08/08 02:35:33.788, 100 %, 24424 MiB, 200.43 W, 75
2026/08/08 02:36:33.804, 100 %, 24424 MiB, 200.11 W, 74
2026/08/08 02:37:33.811, 100 %, 24424 MiB, 200.10 W, 74
2026/08/08 02:38:33.820, 100 %, 24424 MiB, 200.40 W, 70
2026/08/08 02:39:33.826, 100 %, 24424 MiB, 200.28 W, 74
2026/08/08 02:40:33.833, 100 %, 24424 MiB, 200.20 W, 75
2026/08/08 02:41:33.841, 98 %, 24424 MiB, 199.92 W, 72
2026/08/08 02:42:33.848, 100 %, 24424 MiB, 200.20 W, 74
2026/08/08 02:43:33.855, 100 %, 24424 MiB, 199.95 W, 74
2026/08/08 02:44:33.866, 100 %, 24424 MiB, 200.32 W, 74
2026/08/08 02:45:33.874, 97 %, 24424 MiB, 199.78 W, 74
2026/08/08 02:46:33.881, 97 %, 24424 MiB, 199.73 W, 74
2026/08/08 02:47:33.888, 97 %, 24424 MiB, 199.73 W, 74
2026/08/08 02:48:33.903, 100 %, 24424 MiB, 199.99 W, 74
2026/08/08 02:49:33.910, 100 %, 24424 MiB, 199.99 W, 74
2026/08/08 02:50:33.918, 100 %, 24424 MiB, 200.21 W, 74
2026/08/08 02:51:33.926, 100 %, 24424 MiB, 199.97 W, 75
2026/08/08 02:52:33.933, 97 %, 24424 MiB, 199.63 W, 74
2026/08/08 02:53:33.941, 100 %, 24424 MiB, 200.01 W, 74
2026/08/08 02:54:33.949, 100 %, 24424 MiB, 200.02 W, 74
2026/08/08 02:55:33.956, 100 %, 24424 MiB, 200.30 W, 74
2026/08/08 02:56:33.964, 100 %, 24424 MiB, 199.99 W, 75
2026/08/08 02:57:33.971, 100 %, 24424 MiB, 200.02 W, 75
2026/08/08 02:58:33.979, 100 %, 24424 MiB, 200.14 W, 75
2026/08/08 02:59:33.986, 100 %, 24424 MiB, 199.96 W, 75
2026/08/08 03:00:34.001, 97 %, 24424 MiB, 200.04 W, 75
2026/08/08 03:01:34.010, 100 %, 24424 MiB, 200.02 W, 76
2026/08/08 03:02:34.017, 100 %, 24424 MiB, 200.11 W, 75
2026/08/08 03:03:34.024, 100 %, 24424 MiB, 199.98 W, 75
2026/08/08 03:04:34.031, 100 %, 24424 MiB, 200.00 W, 76
2026/08/08 03:05:34.039, 100 %, 24424 MiB, 199.94 W, 67
2026/08/08 03:06:34.046, 98 %, 24424 MiB, 199.68 W, 74
2026/08/08 03:07:34.053, 100 %, 24424 MiB, 200.00 W, 74
2026/08/08 03:08:34.060, 100 %, 24424 MiB, 199.95 W, 74
2026/08/08 03:09:34.067, 100 %, 24424 MiB, 200.03 W, 75
2026/08/08 03:10:34.075, 99 %, 24424 MiB, 200.14 W, 74
2026/08/08 03:11:34.081, 100 %, 24424 MiB, 200.00 W, 75
2026/08/08 03:12:34.089, 100 %, 24424 MiB, 200.28 W, 75
2026/08/08 03:13:34.106, 100 %, 24424 MiB, 199.98 W, 75
2026/08/08 03:14:34.113, 97 %, 24424 MiB, 199.87 W, 76
2026/08/08 03:15:34.121, 100 %, 24424 MiB, 200.02 W, 75
2026/08/08 03:16:34.128, 100 %, 24424 MiB, 200.25 W, 75
2026/08/08 03:17:34.135, 100 %, 24424 MiB, 200.11 W, 76
2026/08/08 03:18:34.144, 100 %, 24424 MiB, 200.00 W, 74
2026/08/08 03:19:34.152, 97 %, 24424 MiB, 199.73 W, 75
2026/08/08 03:20:34.160, 100 %, 24424 MiB, 200.04 W, 74
2026/08/08 03:21:34.168, 100 %, 24424 MiB, 199.98 W, 74
2026/08/08 03:22:34.176, 100 %, 24424 MiB, 199.96 W, 74
2026/08/08 03:23:34.184, 100 %, 24424 MiB, 199.99 W, 74
2026/08/08 03:24:34.192, 94 %, 24424 MiB, 199.99 W, 75
2026/08/08 03:25:34.204, 97 %, 24424 MiB, 199.67 W, 75
2026/08/08 03:26:34.212, 97 %, 24424 MiB, 199.61 W, 74
2026/08/08 03:27:34.219, 97 %, 24424 MiB, 199.66 W, 75
2026/08/08 03:28:34.227, 100 %, 24424 MiB, 200.15 W, 74
2026/08/08 03:29:34.235, 100 %, 24424 MiB, 200.10 W, 75
2026/08/08 03:30:34.243, 100 %, 24424 MiB, 200.44 W, 75
2026/08/08 03:31:34.252, 99 %, 24424 MiB, 200.01 W, 75
2026/08/08 03:32:34.260, 0 %, 24424 MiB, 28.30 W, 58
2026/08/08 03:33:34.268, 100 %, 24424 MiB, 200.02 W, 74
2026/08/08 03:34:34.275, 100 %, 24424 MiB, 200.13 W, 75
2026/08/08 03:35:34.284, 100 %, 24424 MiB, 199.95 W, 74
2026/08/08 03:36:34.302, 100 %, 24424 MiB, 199.97 W, 74
2026/08/08 03:37:34.308, 100 %, 24424 MiB, 200.02 W, 74
2026/08/08 03:38:34.315, 100 %, 24424 MiB, 200.29 W, 74
2026/08/08 03:39:34.322, 100 %, 24424 MiB, 199.99 W, 74
2026/08/08 03:40:34.331, 97 %, 24424 MiB, 199.84 W, 75
2026/08/08 03:41:34.338, 100 %, 24424 MiB, 200.03 W, 75
2026/08/08 03:42:34.345, 100 %, 24424 MiB, 200.24 W, 75
2026/08/08 03:43:34.352, 100 %, 24424 MiB, 199.94 W, 75
2026/08/08 03:44:34.361, 100 %, 24424 MiB, 200.13 W, 75
2026/08/08 03:45:34.369, 100 %, 24424 MiB, 199.95 W, 75
2026/08/08 03:46:34.378, 100 %, 24424 MiB, 200.00 W, 75
2026/08/08 03:47:34.386, 100 %, 24424 MiB, 200.01 W, 75
2026/08/08 03:48:34.404, 100 %, 24424 MiB, 199.95 W, 75
2026/08/08 03:49:34.413, 100 %, 24424 MiB, 199.99 W, 75
2026/08/08 03:50:34.421, 100 %, 24424 MiB, 199.98 W, 75
2026/08/08 03:51:34.429, 100 %, 24424 MiB, 200.03 W, 75
2026/08/08 03:52:34.437, 100 %, 24424 MiB, 200.17 W, 75
2026/08/08 03:53:34.445, 100 %, 24424 MiB, 200.28 W, 74
2026/08/08 03:54:34.453, 97 %, 24424 MiB, 199.88 W, 75
2026/08/08 03:55:34.461, 97 %, 24424 MiB, 199.67 W, 75
2026/08/08 03:56:34.470, 100 %, 24424 MiB, 200.00 W, 74
2026/08/08 03:57:34.476, 95 %, 24424 MiB, 199.88 W, 75
2026/08/08 03:58:34.484, 97 %, 24424 MiB, 199.78 W, 74
2026/08/08 03:59:34.491, 98 %, 24424 MiB, 199.90 W, 74
2026/08/08 04:00:34.505, 100 %, 24424 MiB, 200.19 W, 73
2026/08/08 04:01:34.513, 97 %, 24424 MiB, 199.96 W, 74
2026/08/08 04:02:34.521, 99 %, 24424 MiB, 200.14 W, 75
2026/08/08 04:03:34.530, 100 %, 24424 MiB, 200.09 W, 74
2026/08/08 04:04:34.537, 100 %, 24424 MiB, 200.41 W, 75
2026/08/08 04:05:34.544, 100 %, 24424 MiB, 199.96 W, 75
2026/08/08 04:06:34.552, 98 %, 24424 MiB, 200.18 W, 75
2026/08/08 04:07:34.560, 100 %, 24424 MiB, 200.03 W, 74
2026/08/08 04:08:34.569, 100 %, 24424 MiB, 200.02 W, 75
2026/08/08 04:09:34.576, 93 %, 24424 MiB, 199.81 W, 75
2026/08/08 04:10:34.583, 100 %, 24424 MiB, 200.34 W, 74
2026/08/08 04:11:34.590, 100 %, 24424 MiB, 200.41 W, 74
2026/08/08 04:12:34.604, 100 %, 24424 MiB, 200.00 W, 75
2026/08/08 04:13:34.612, 100 %, 24424 MiB, 200.10 W, 74
2026/08/08 04:14:34.619, 100 %, 24424 MiB, 200.11 W, 74
2026/08/08 04:15:34.628, 100 %, 24424 MiB, 199.97 W, 74
2026/08/08 04:16:34.636, 98 %, 24424 MiB, 199.80 W, 75
2026/08/08 04:17:34.644, 97 %, 24424 MiB, 199.54 W, 74
2026/08/08 04:18:34.651, 97 %, 24424 MiB, 199.65 W, 75
2026/08/08 04:19:34.658, 100 %, 24424 MiB, 200.01 W, 74
2026/08/08 04:20:34.666, 100 %, 24424 MiB, 200.22 W, 74
2026/08/08 04:21:34.673, 100 %, 24424 MiB, 199.99 W, 75
2026/08/08 04:22:34.680, 100 %, 24424 MiB, 200.02 W, 75
2026/08/08 04:23:34.688, 100 %, 24424 MiB, 199.99 W, 75
2026/08/08 04:24:34.703, 100 %, 24424 MiB, 200.27 W, 75
2026/08/08 04:25:34.710, 100 %, 24424 MiB, 200.18 W, 74
2026/08/08 04:26:34.718, 100 %, 24424 MiB, 200.11 W, 74
2026/08/08 04:27:34.725, 100 %, 24424 MiB, 200.02 W, 73
2026/08/08 04:28:34.733, 98 %, 24424 MiB, 199.83 W, 75
2026/08/08 04:29:34.741, 100 %, 24424 MiB, 199.97 W, 75
2026/08/08 04:30:34.747, 97 %, 24424 MiB, 199.80 W, 75
2026/08/08 04:31:34.753, 100 %, 24424 MiB, 200.06 W, 75
2026/08/08 04:32:34.761, 100 %, 24424 MiB, 199.98 W, 75
2026/08/08 04:33:34.768, 100 %, 24424 MiB, 199.99 W, 74
2026/08/08 04:34:34.776, 100 %, 24424 MiB, 200.27 W, 74
2026/08/08 04:35:34.783, 100 %, 24424 MiB, 200.29 W, 74
2026/08/08 04:36:34.791, 100 %, 24424 MiB, 199.99 W, 75
2026/08/08 04:37:34.805, 100 %, 24424 MiB, 200.07 W, 74
2026/08/08 04:38:34.814, 100 %, 24424 MiB, 199.95 W, 74
2026/08/08 04:39:34.821, 100 %, 24424 MiB, 200.31 W, 75
2026/08/08 04:40:34.829, 100 %, 24424 MiB, 200.27 W, 74
2026/08/08 04:41:34.837, 100 %, 24424 MiB, 200.21 W, 75
2026/08/08 04:42:34.844, 100 %, 24424 MiB, 200.10 W, 75
2026/08/08 04:43:34.851, 100 %, 24424 MiB, 200.01 W, 74
2026/08/08 04:44:34.859, 100 %, 24424 MiB, 200.16 W, 74
2026/08/08 04:45:34.865, 100 %, 24424 MiB, 199.98 W, 74
2026/08/08 04:46:34.874, 100 %, 24424 MiB, 200.26 W, 74
2026/08/08 04:47:34.881, 100 %, 24424 MiB, 199.98 W, 74
2026/08/08 04:48:34.887, 100 %, 24424 MiB, 199.95 W, 74
2026/08/08 04:49:34.901, 100 %, 24424 MiB, 204.77 W, 74
2026/08/08 04:50:34.907, 100 %, 24424 MiB, 200.02 W, 74
2026/08/08 04:51:34.915, 97 %, 24424 MiB, 199.55 W, 74
2026/08/08 04:52:34.922, 97 %, 24424 MiB, 199.89 W, 75
2026/08/08 04:53:34.928, 94 %, 24424 MiB, 199.93 W, 75
2026/08/08 04:54:34.936, 100 %, 24424 MiB, 200.51 W, 72
2026/08/08 04:55:34.943, 98 %, 24424 MiB, 199.99 W, 74
2026/08/08 04:56:34.951, 97 %, 24424 MiB, 199.71 W, 74
2026/08/08 04:57:34.959, 97 %, 24424 MiB, 199.91 W, 75
2026/08/08 04:58:34.966, 97 %, 24424 MiB, 199.88 W, 74
2026/08/08 04:59:34.972, 100 %, 24424 MiB, 199.98 W, 75
2026/08/08 05:00:34.980, 98 %, 24424 MiB, 199.65 W, 73
2026/08/08 05:01:34.987, 96 %, 24424 MiB, 199.49 W, 71
2026/08/08 05:02:35.007, 95 %, 24424 MiB, 199.71 W, 75
2026/08/08 05:03:35.015, 100 %, 24424 MiB, 200.22 W, 74
2026/08/08 05:04:35.021, 100 %, 24424 MiB, 199.98 W, 75
2026/08/08 05:05:35.029, 100 %, 24424 MiB, 200.29 W, 74
2026/08/08 05:06:35.036, 100 %, 24424 MiB, 199.90 W, 75
2026/08/08 05:07:35.042, 96 %, 24424 MiB, 199.49 W, 74
2026/08/08 05:08:35.048, 100 %, 24424 MiB, 200.01 W, 75
2026/08/08 05:09:35.055, 100 %, 24424 MiB, 200.10 W, 75
2026/08/08 05:10:35.061, 100 %, 24424 MiB, 199.98 W, 75
2026/08/08 05:11:35.069, 100 %, 24424 MiB, 200.04 W, 75
2026/08/08 05:12:35.077, 100 %, 24424 MiB, 200.26 W, 75
2026/08/08 05:13:35.085, 100 %, 24424 MiB, 199.98 W, 74
2026/08/08 05:14:35.092, 100 %, 24424 MiB, 199.97 W, 74
2026/08/08 05:15:35.105, 100 %, 24424 MiB, 200.27 W, 74
2026/08/08 05:16:35.112, 100 %, 24424 MiB, 199.97 W, 74
2026/08/08 05:17:35.120, 100 %, 24424 MiB, 199.99 W, 74
2026/08/08 05:18:35.129, 100 %, 24424 MiB, 200.03 W, 74
2026/08/08 05:19:35.137, 100 %, 24424 MiB, 200.11 W, 74
2026/08/08 05:20:35.145, 100 %, 24424 MiB, 200.32 W, 75
2026/08/08 05:21:35.152, 100 %, 24424 MiB, 200.22 W, 71
2026/08/08 05:22:35.159, 97 %, 24424 MiB, 199.84 W, 75
2026/08/08 05:23:35.165, 100 %, 24424 MiB, 199.97 W, 74
2026/08/08 05:24:35.173, 95 %, 24424 MiB, 199.95 W, 75
2026/08/08 05:25:35.180, 97 %, 24424 MiB, 199.86 W, 75
2026/08/08 05:26:35.187, 98 %, 24424 MiB, 199.96 W, 75
2026/08/08 05:27:35.205, 100 %, 24424 MiB, 199.96 W, 75
2026/08/08 05:28:35.212, 97 %, 24424 MiB, 199.79 W, 75
2026/08/08 05:29:35.220, 98 %, 24424 MiB, 199.91 W, 75
2026/08/08 05:30:35.228, 100 %, 24424 MiB, 199.98 W, 74
2026/08/08 05:31:35.236, 98 %, 24424 MiB, 199.64 W, 72
2026/08/08 05:32:35.244, 98 %, 24424 MiB, 199.79 W, 74
2026/08/08 05:33:35.252, 100 %, 24424 MiB, 200.02 W, 75
2026/08/08 05:34:35.259, 97 %, 24424 MiB, 199.53 W, 72
2026/08/08 05:35:35.266, 97 %, 24424 MiB, 199.55 W, 74
2026/08/08 05:36:35.274, 97 %, 24424 MiB, 199.65 W, 74
2026/08/08 05:37:35.281, 100 %, 24424 MiB, 200.01 W, 74
2026/08/08 05:38:35.289, 100 %, 24424 MiB, 200.13 W, 75
2026/08/08 05:39:35.304, 100 %, 24424 MiB, 200.39 W, 75
2026/08/08 05:40:35.310, 100 %, 24424 MiB, 200.00 W, 74
2026/08/08 05:41:35.316, 100 %, 24424 MiB, 199.96 W, 75
2026/08/08 05:42:35.374, 100 %, 24424 MiB, 199.99 W, 74
2026/08/08 05:43:35.380, 98 %, 24424 MiB, 200.04 W, 75
2026/08/08 05:44:35.388, 97 %, 24424 MiB, 199.58 W, 74
2026/08/08 05:45:35.402, 97 %, 24424 MiB, 199.50 W, 74
2026/08/08 05:46:35.409, 98 %, 24424 MiB, 199.59 W, 74
2026/08/08 05:47:35.416, 100 %, 24424 MiB, 200.22 W, 75
2026/08/08 05:48:35.424, 100 %, 24424 MiB, 199.96 W, 69
2026/08/08 05:49:35.430, 97 %, 24424 MiB, 199.43 W, 74
2026/08/08 05:50:35.438, 100 %, 24424 MiB, 200.10 W, 74
2026/08/08 05:51:35.446, 100 %, 24424 MiB, 200.12 W, 75
2026/08/08 05:52:35.454, 100 %, 24424 MiB, 200.29 W, 74
2026/08/08 05:53:35.461, 100 %, 24424 MiB, 199.98 W, 75
2026/08/08 05:54:35.468, 100 %, 24424 MiB, 200.01 W, 75
2026/08/08 05:55:35.475, 100 %, 24424 MiB, 199.99 W, 75
2026/08/08 05:56:35.483, 98 %, 24424 MiB, 199.82 W, 75
2026/08/08 05:57:35.491, 100 %, 24424 MiB, 200.00 W, 75
2026/08/08 05:58:35.506, 100 %, 24424 MiB, 199.96 W, 75
2026/08/08 05:59:35.512, 100 %, 24424 MiB, 200.34 W, 75
2026/08/08 06:00:35.518, 100 %, 24424 MiB, 200.27 W, 74
2026/08/08 06:01:35.528, 100 %, 24424 MiB, 199.99 W, 74
2026/08/08 06:02:35.535, 98 %, 24424 MiB, 199.89 W, 75
2026/08/08 06:03:35.543, 98 %, 24424 MiB, 199.84 W, 75
2026/08/08 06:04:35.551, 97 %, 24424 MiB, 199.81 W, 75
2026/08/08 06:05:35.559, 98 %, 24424 MiB, 199.83 W, 75
2026/08/08 06:06:35.566, 98 %, 24424 MiB, 199.77 W, 72
2026/08/08 06:07:35.574, 100 %, 24424 MiB, 200.02 W, 75
2026/08/08 06:08:35.581, 100 %, 24424 MiB, 199.97 W, 74
2026/08/08 06:09:35.589, 100 %, 24424 MiB, 199.98 W, 75
2026/08/08 06:10:35.604, 100 %, 24424 MiB, 200.25 W, 74
2026/08/08 06:11:35.611, 98 %, 24424 MiB, 199.83 W, 74
2026/08/08 06:12:35.619, 98 %, 24424 MiB, 199.98 W, 74
2026/08/08 06:13:35.626, 100 %, 24424 MiB, 199.96 W, 74
2026/08/08 06:14:35.634, 100 %, 24424 MiB, 199.99 W, 74
2026/08/08 06:15:35.642, 0 %, 24424 MiB, 26.23 W, 55
2026/08/08 06:16:35.647, 100 %, 24424 MiB, 200.08 W, 73
2026/08/08 06:17:35.654, 100 %, 24424 MiB, 200.37 W, 75
2026/08/08 06:18:35.661, 100 %, 24424 MiB, 199.95 W, 75
2026/08/08 06:19:35.668, 100 %, 24424 MiB, 199.97 W, 74
2026/08/08 06:20:35.675, 100 %, 24424 MiB, 200.00 W, 74
2026/08/08 06:21:35.682, 100 %, 24424 MiB, 200.08 W, 75
2026/08/08 06:22:35.689, 100 %, 24424 MiB, 200.09 W, 75
2026/08/08 06:23:35.704, 100 %, 24424 MiB, 200.34 W, 75
2026/08/08 06:24:35.712, 98 %, 24424 MiB, 199.82 W, 75
2026/08/08 06:25:35.719, 100 %, 24424 MiB, 200.20 W, 73
2026/08/08 06:26:35.726, 100 %, 24424 MiB, 200.01 W, 74
2026/08/08 06:27:35.734, 100 %, 24424 MiB, 200.21 W, 74
2026/08/08 06:28:35.741, 97 %, 24424 MiB, 199.98 W, 75
2026/08/08 06:29:35.747, 100 %, 24424 MiB, 200.01 W, 75
2026/08/08 06:30:35.754, 100 %, 24424 MiB, 199.95 W, 75
2026/08/08 06:31:35.761, 100 %, 24424 MiB, 200.02 W, 75
2026/08/08 06:32:35.768, 97 %, 24424 MiB, 199.62 W, 75
2026/08/08 06:33:35.776, 97 %, 24424 MiB, 199.62 W, 75
2026/08/08 06:34:35.782, 100 %, 24424 MiB, 200.04 W, 74
2026/08/08 06:35:35.789, 100 %, 24424 MiB, 200.00 W, 74
2026/08/08 06:36:35.804, 98 %, 24424 MiB, 199.91 W, 75
2026/08/08 06:37:35.811, 96 %, 24424 MiB, 199.50 W, 75
2026/08/08 06:38:35.816, 100 %, 24424 MiB, 199.95 W, 75
2026/08/08 06:39:35.823, 97 %, 24424 MiB, 199.64 W, 76
2026/08/08 06:40:35.830, 100 %, 24424 MiB, 199.95 W, 76
2026/08/08 06:41:35.836, 100 %, 24424 MiB, 200.26 W, 77
2026/08/08 06:42:35.844, 99 %, 24424 MiB, 200.01 W, 77
2026/08/08 06:43:35.850, 96 %, 24424 MiB, 199.44 W, 75
2026/08/08 06:44:35.856, 97 %, 24424 MiB, 199.99 W, 76
2026/08/08 06:45:35.862, 100 %, 24424 MiB, 200.00 W, 77
2026/08/08 06:46:35.868, 100 %, 24424 MiB, 199.96 W, 77
2026/08/08 06:47:35.874, 96 %, 24424 MiB, 199.88 W, 78
2026/08/08 06:48:35.881, 97 %, 24424 MiB, 199.75 W, 77
2026/08/08 06:49:35.888, 100 %, 24424 MiB, 199.97 W, 78
2026/08/08 06:50:35.930, 100 %, 24424 MiB, 199.98 W, 77
2026/08/08 06:51:35.937, 100 %, 24424 MiB, 200.17 W, 77
2026/08/08 06:52:35.944, 100 %, 24424 MiB, 199.99 W, 76
2026/08/08 06:53:35.951, 97 %, 24424 MiB, 199.65 W, 77
2026/08/08 06:54:35.958, 100 %, 24424 MiB, 199.97 W, 76
2026/08/08 06:55:35.964, 100 %, 24424 MiB, 199.98 W, 76
2026/08/08 06:56:35.971, 98 %, 24424 MiB, 199.61 W, 76
2026/08/08 06:57:35.978, 100 %, 24424 MiB, 199.99 W, 76
2026/08/08 06:58:35.984, 100 %, 24424 MiB, 200.00 W, 75
2026/08/08 06:59:35.990, 100 %, 24424 MiB, 200.14 W, 76
2026/08/08 07:00:36.003, 100 %, 24424 MiB, 199.93 W, 76
2026/08/08 07:01:36.008, 100 %, 24424 MiB, 199.80 W, 76
2026/08/08 07:02:36.015, 100 %, 24424 MiB, 199.95 W, 77
2026/08/08 07:03:36.021, 100 %, 24424 MiB, 200.09 W, 76
2026/08/08 07:04:36.028, 100 %, 24424 MiB, 199.97 W, 76
2026/08/08 07:05:36.034, 100 %, 24424 MiB, 200.02 W, 76
2026/08/08 07:06:36.041, 98 %, 24424 MiB, 199.92 W, 77
2026/08/08 07:07:36.048, 100 %, 24424 MiB, 200.02 W, 76
2026/08/08 07:08:36.056, 100 %, 24424 MiB, 199.96 W, 76
2026/08/08 07:09:36.065, 100 %, 24424 MiB, 199.99 W, 76
2026/08/08 07:10:36.072, 100 %, 24424 MiB, 200.02 W, 73
2026/08/08 07:11:36.079, 100 %, 24424 MiB, 200.40 W, 74
2026/08/08 07:12:36.087, 100 %, 24424 MiB, 199.99 W, 75
2026/08/08 07:13:36.102, 100 %, 24424 MiB, 200.01 W, 74
2026/08/08 07:14:36.109, 100 %, 24424 MiB, 199.94 W, 75
2026/08/08 07:15:36.117, 98 %, 24424 MiB, 199.92 W, 74
2026/08/08 07:16:36.125, 100 %, 24424 MiB, 199.99 W, 75
2026/08/08 07:17:36.133, 100 %, 24424 MiB, 200.27 W, 74
2026/08/08 07:18:36.139, 100 %, 24424 MiB, 200.11 W, 75
2026/08/08 07:19:36.147, 100 %, 24424 MiB, 199.96 W, 74
2026/08/08 07:20:36.154, 100 %, 24424 MiB, 200.29 W, 75
2026/08/08 07:21:36.162, 100 %, 24424 MiB, 200.32 W, 74
2026/08/08 07:22:36.169, 100 %, 24424 MiB, 199.99 W, 74
2026/08/08 07:23:36.178, 100 %, 24424 MiB, 199.97 W, 75
2026/08/08 07:24:36.184, 100 %, 24424 MiB, 200.01 W, 74
2026/08/08 07:25:36.199, 100 %, 24424 MiB, 199.97 W, 75
2026/08/08 07:26:36.207, 100 %, 24424 MiB, 199.94 W, 74
2026/08/08 07:27:36.215, 100 %, 24424 MiB, 199.96 W, 74
2026/08/08 07:28:36.221, 100 %, 24424 MiB, 200.04 W, 74
2026/08/08 07:29:36.228, 99 %, 24424 MiB, 199.91 W, 75
2026/08/08 07:30:36.235, 97 %, 24424 MiB, 199.99 W, 75
2026/08/08 07:31:36.243, 100 %, 24424 MiB, 200.35 W, 75
2026/08/08 07:32:36.249, 100 %, 24424 MiB, 200.02 W, 75
2026/08/08 07:33:36.256, 100 %, 24424 MiB, 200.10 W, 76
2026/08/08 07:34:36.263, 100 %, 24424 MiB, 200.01 W, 76
2026/08/08 07:35:36.271, 100 %, 24424 MiB, 199.99 W, 75
2026/08/08 07:36:36.279, 97 %, 24424 MiB, 199.85 W, 76
2026/08/08 07:37:36.286, 98 %, 24424 MiB, 199.77 W, 73
2026/08/08 07:38:36.302, 100 %, 24424 MiB, 200.19 W, 75
2026/08/08 07:39:36.310, 100 %, 24424 MiB, 200.00 W, 74
2026/08/08 07:40:36.316, 100 %, 24424 MiB, 200.38 W, 74
2026/08/08 07:41:36.322, 100 %, 24424 MiB, 200.11 W, 75
2026/08/08 07:42:36.330, 97 %, 24424 MiB, 199.76 W, 75
2026/08/08 07:43:36.337, 98 %, 24424 MiB, 199.87 W, 72
2026/08/08 07:44:36.344, 100 %, 24424 MiB, 200.02 W, 75
2026/08/08 07:45:36.351, 100 %, 24424 MiB, 199.96 W, 75
2026/08/08 07:46:36.357, 100 %, 24424 MiB, 199.97 W, 76
2026/08/08 07:47:36.364, 97 %, 24424 MiB, 199.64 W, 75
2026/08/08 07:48:36.372, 100 %, 24424 MiB, 199.96 W, 75
2026/08/08 07:49:36.379, 97 %, 24424 MiB, 199.99 W, 76
2026/08/08 07:50:36.386, 100 %, 24424 MiB, 199.65 W, 75
2026/08/08 07:51:36.401, 100 %, 24424 MiB, 199.98 W, 75
2026/08/08 07:52:36.414, 98 %, 24424 MiB, 199.74 W, 76
2026/08/08 07:53:36.422, 100 %, 24424 MiB, 200.03 W, 75
2026/08/08 07:54:36.430, 100 %, 24424 MiB, 199.97 W, 75
2026/08/08 07:55:36.437, 100 %, 24424 MiB, 200.10 W, 75
2026/08/08 07:56:36.445, 98 %, 24424 MiB, 199.92 W, 75
2026/08/08 07:57:36.454, 100 %, 24424 MiB, 200.17 W, 74
2026/08/08 07:58:36.461, 99 %, 24424 MiB, 200.31 W, 76
2026/08/08 07:59:36.470, 100 %, 24424 MiB, 200.33 W, 76
2026/08/08 08:00:36.477, 100 %, 24424 MiB, 199.97 W, 75
2026/08/08 08:01:36.484, 100 %, 24424 MiB, 199.97 W, 75
2026/08/08 08:02:36.491, 100 %, 24424 MiB, 200.00 W, 75
2026/08/08 08:03:36.505, 100 %, 24424 MiB, 199.97 W, 75
2026/08/08 08:04:36.513, 100 %, 24424 MiB, 200.14 W, 70
2026/08/08 08:05:36.519, 97 %, 24424 MiB, 200.02 W, 75
2026/08/08 08:06:36.526, 97 %, 24424 MiB, 199.97 W, 74
2026/08/08 08:07:36.533, 100 %, 24424 MiB, 200.41 W, 75
2026/08/08 08:08:36.540, 100 %, 24424 MiB, 200.05 W, 75
2026/08/08 08:09:36.547, 97 %, 24424 MiB, 199.68 W, 74
2026/08/08 08:10:36.555, 100 %, 24424 MiB, 200.11 W, 75
2026/08/08 08:11:36.561, 100 %, 24424 MiB, 199.97 W, 75
2026/08/08 08:12:36.568, 100 %, 24424 MiB, 200.01 W, 75
2026/08/08 08:13:36.575, 100 %, 24424 MiB, 199.98 W, 75
2026/08/08 08:14:36.582, 98 %, 24424 MiB, 199.75 W, 75
2026/08/08 08:15:36.590, 98 %, 24424 MiB, 200.00 W, 75
2026/08/08 08:16:36.605, 98 %, 24424 MiB, 199.96 W, 75
2026/08/08 08:17:36.611, 100 %, 24424 MiB, 199.58 W, 75
2026/08/08 08:18:36.617, 100 %, 24424 MiB, 199.99 W, 75
2026/08/08 08:19:36.624, 100 %, 24424 MiB, 200.31 W, 75
2026/08/08 08:20:36.631, 94 %, 24424 MiB, 199.81 W, 76
2026/08/08 08:21:36.637, 100 %, 24424 MiB, 200.01 W, 76
2026/08/08 08:22:36.643, 100 %, 24424 MiB, 199.80 W, 75
2026/08/08 08:23:36.651, 100 %, 24424 MiB, 200.01 W, 73
2026/08/08 08:24:36.657, 97 %, 24424 MiB, 199.94 W, 76
2026/08/08 08:25:36.663, 100 %, 24424 MiB, 199.74 W, 75
2026/08/08 08:26:36.670, 100 %, 24424 MiB, 200.03 W, 75
2026/08/08 08:27:36.675, 94 %, 24424 MiB, 199.91 W, 75
2026/08/08 08:28:36.682, 100 %, 24424 MiB, 200.36 W, 75
2026/08/08 08:29:36.688, 100 %, 24424 MiB, 200.02 W, 75
2026/08/08 08:30:36.704, 100 %, 24424 MiB, 199.86 W, 75
2026/08/08 08:31:36.711, 0 %, 24424 MiB, 27.14 W, 56
2026/08/08 08:32:36.717, 100 %, 24424 MiB, 200.02 W, 75
2026/08/08 08:33:36.722, 97 %, 24424 MiB, 199.95 W, 75
2026/08/08 08:34:36.729, 100 %, 24424 MiB, 199.47 W, 75
2026/08/08 08:35:36.735, 100 %, 24424 MiB, 200.00 W, 76
2026/08/08 08:36:36.741, 100 %, 24424 MiB, 199.60 W, 75
2026/08/08 08:37:36.747, 100 %, 24424 MiB, 200.01 W, 75
2026/08/08 08:38:36.754, 97 %, 24424 MiB, 199.98 W, 75
2026/08/08 08:39:36.762, 100 %, 24424 MiB, 200.04 W, 75
2026/08/08 08:40:36.769, 97 %, 24424 MiB, 199.98 W, 75
2026/08/08 08:41:36.775, 100 %, 24424 MiB, 199.64 W, 75
2026/08/08 08:42:36.782, 100 %, 24424 MiB, 200.00 W, 75
2026/08/08 08:43:36.788, 100 %, 24424 MiB, 200.05 W, 75
2026/08/08 08:44:36.804, 97 %, 24424 MiB, 199.96 W, 76
2026/08/08 08:45:36.811, 100 %, 24424 MiB, 200.39 W, 75
2026/08/08 08:46:36.818, 97 %, 24424 MiB, 199.98 W, 76
2026/08/08 08:47:36.826, 100 %, 24424 MiB, 200.01 W, 76
2026/08/08 08:48:36.832, 100 %, 24424 MiB, 199.97 W, 76
2026/08/08 08:49:36.839, 98 %, 24424 MiB, 200.01 W, 75
2026/08/08 08:50:36.846, 100 %, 24424 MiB, 200.07 W, 76
2026/08/08 08:51:36.854, 98 %, 24424 MiB, 200.02 W, 75
2026/08/08 08:52:36.862, 100 %, 24424 MiB, 199.99 W, 76
2026/08/08 08:53:36.868, 98 %, 24424 MiB, 200.00 W, 75
2026/08/08 08:54:36.874, 100 %, 24424 MiB, 200.01 W, 75
2026/08/08 08:55:36.881, 97 %, 24424 MiB, 200.01 W, 76
2026/08/08 08:56:36.887, 100 %, 24424 MiB, 200.04 W, 76
2026/08/08 08:57:36.901, 100 %, 24424 MiB, 200.01 W, 76
2026/08/08 08:58:36.908, 99 %, 24424 MiB, 199.82 W, 76
2026/08/08 08:59:36.914, 100 %, 24424 MiB, 199.48 W, 75
2026/08/08 09:00:36.922, 97 %, 24424 MiB, 199.97 W, 76
2026/08/08 09:01:36.928, 100 %, 24424 MiB, 200.21 W, 75
2026/08/08 09:02:36.935, 100 %, 24424 MiB, 199.66 W, 76
2026/08/08 09:03:36.941, 93 %, 24424 MiB, 199.87 W, 76
2026/08/08 09:04:36.949, 97 %, 24424 MiB, 199.92 W, 76
2026/08/08 09:05:36.956, 100 %, 24424 MiB, 200.02 W, 75
2026/08/08 09:06:36.963, 100 %, 24424 MiB, 199.73 W, 76
2026/08/08 09:07:36.971, 100 %, 24424 MiB, 199.61 W, 76
2026/08/08 09:08:36.977, 97 %, 24424 MiB, 199.96 W, 75
2026/08/08 09:09:36.983, 100 %, 24424 MiB, 199.99 W, 75
2026/08/08 09:10:36.990, 100 %, 24424 MiB, 200.00 W, 76
2026/08/08 09:11:37.005, 100 %, 24424 MiB, 199.97 W, 75
2026/08/08 09:12:37.013, 100 %, 24424 MiB, 200.03 W, 76
2026/08/08 09:13:37.021, 97 %, 24424 MiB, 199.98 W, 76
2026/08/08 09:14:37.027, 100 %, 24424 MiB, 200.25 W, 76
2026/08/08 09:15:37.033, 100 %, 24424 MiB, 200.08 W, 74
2026/08/08 09:16:37.041, 100 %, 24424 MiB, 200.02 W, 76
2026/08/08 09:17:37.048, 100 %, 24424 MiB, 199.84 W, 76
2026/08/08 09:18:37.054, 94 %, 24424 MiB, 199.95 W, 76
2026/08/08 09:19:37.060, 100 %, 24424 MiB, 200.18 W, 75
2026/08/08 09:20:37.068, 100 %, 24424 MiB, 199.75 W, 76
2026/08/08 09:21:37.074, 100 %, 24424 MiB, 200.34 W, 76
2026/08/08 09:22:37.081, 100 %, 24424 MiB, 200.02 W, 75
2026/08/08 09:23:37.088, 97 %, 24424 MiB, 199.97 W, 75
2026/08/08 09:24:37.103, 100 %, 24424 MiB, 199.56 W, 75
2026/08/08 09:25:37.110, 100 %, 24424 MiB, 199.95 W, 75
2026/08/08 09:26:37.117, 100 %, 24424 MiB, 199.74 W, 74
2026/08/08 09:27:37.123, 100 %, 24424 MiB, 200.12 W, 75
2026/08/08 09:28:37.130, 100 %, 24424 MiB, 200.29 W, 75
2026/08/08 09:29:37.137, 97 %, 24424 MiB, 199.98 W, 75
2026/08/08 09:30:37.143, 100 %, 24424 MiB, 200.25 W, 75
2026/08/08 09:31:37.151, 98 %, 24424 MiB, 199.99 W, 75
2026/08/08 09:32:37.158, 100 %, 24424 MiB, 200.04 W, 75
2026/08/08 09:33:37.165, 100 %, 24424 MiB, 200.41 W, 75
2026/08/08 09:34:37.172, 100 %, 24424 MiB, 200.13 W, 75
2026/08/08 09:35:37.179, 97 %, 24424 MiB, 199.95 W, 76
2026/08/08 09:36:37.186, 100 %, 24424 MiB, 200.28 W, 76
2026/08/08 09:37:37.201, 97 %, 24424 MiB, 199.83 W, 76
2026/08/08 09:38:37.208, 100 %, 24424 MiB, 200.00 W, 75
2026/08/08 09:39:37.214, 98 %, 24424 MiB, 199.95 W, 76
2026/08/08 09:40:37.220, 100 %, 24424 MiB, 199.70 W, 75
2026/08/08 09:41:37.227, 98 %, 24424 MiB, 199.97 W, 76
2026/08/08 09:42:37.234, 100 %, 24424 MiB, 200.00 W, 76
2026/08/08 09:43:37.242, 100 %, 24424 MiB, 200.00 W, 75
2026/08/08 09:44:37.250, 100 %, 24424 MiB, 199.95 W, 76
2026/08/08 09:45:37.256, 100 %, 24424 MiB, 199.98 W, 76
2026/08/08 09:46:37.262, 100 %, 24424 MiB, 199.93 W, 73
2026/08/08 09:47:37.268, 100 %, 24424 MiB, 200.19 W, 76
2026/08/08 09:48:37.275, 100 %, 24424 MiB, 200.04 W, 76
2026/08/08 09:49:37.281, 98 %, 24424 MiB, 199.99 W, 75
2026/08/08 09:50:37.288, 100 %, 24424 MiB, 199.90 W, 76
2026/08/08 09:51:37.302, 100 %, 24424 MiB, 199.99 W, 76
2026/08/08 09:52:37.310, 100 %, 24424 MiB, 200.01 W, 76
2026/08/08 09:53:37.316, 100 %, 24424 MiB, 199.59 W, 73
2026/08/08 09:54:37.323, 100 %, 24424 MiB, 199.97 W, 76
2026/08/08 09:55:37.330, 100 %, 24424 MiB, 199.74 W, 76
2026/08/08 09:56:37.337, 100 %, 24424 MiB, 200.00 W, 75
2026/08/08 09:57:37.343, 96 %, 24424 MiB, 199.85 W, 76
2026/08/08 09:58:37.351, 100 %, 24424 MiB, 200.01 W, 76
2026/08/08 09:59:37.358, 97 %, 24424 MiB, 199.97 W, 76
2026/08/08 10:00:37.365, 100 %, 24424 MiB, 200.02 W, 76
2026/08/08 10:01:37.372, 100 %, 24424 MiB, 200.01 W, 76
2026/08/08 10:02:37.380, 97 %, 24424 MiB, 199.98 W, 76
2026/08/08 10:03:37.386, 100 %, 24424 MiB, 199.99 W, 76
2026/08/08 10:04:37.402, 96 %, 24424 MiB, 199.92 W, 77
2026/08/08 10:05:37.409, 97 %, 24424 MiB, 199.98 W, 76
2026/08/08 10:06:37.416, 100 %, 24424 MiB, 200.00 W, 76
2026/08/08 10:07:37.423, 97 %, 24424 MiB, 200.00 W, 76
2026/08/08 10:08:37.429, 97 %, 24424 MiB, 200.07 W, 76
2026/08/08 10:09:37.436, 100 %, 24424 MiB, 200.03 W, 76
2026/08/08 10:10:37.444, 100 %, 24424 MiB, 199.97 W, 76
2026/08/08 10:11:37.450, 100 %, 24424 MiB, 199.67 W, 76
2026/08/08 10:12:37.457, 100 %, 24424 MiB, 199.80 W, 76
2026/08/08 10:13:37.466, 100 %, 24424 MiB, 200.37 W, 76
2026/08/08 10:14:37.471, 100 %, 24424 MiB, 199.64 W, 75
2026/08/08 10:15:37.478, 100 %, 24424 MiB, 200.02 W, 76
2026/08/08 10:16:37.486, 100 %, 24424 MiB, 199.75 W, 75
2026/08/08 10:17:37.500, 100 %, 24424 MiB, 200.18 W, 75
2026/08/08 10:18:37.508, 97 %, 24424 MiB, 199.96 W, 76
2026/08/08 10:19:37.514, 100 %, 24424 MiB, 200.08 W, 75
2026/08/08 10:20:37.521, 98 %, 24424 MiB, 200.00 W, 71
2026/08/08 10:21:37.527, 98 %, 24424 MiB, 200.05 W, 76
2026/08/08 10:22:37.535, 100 %, 24424 MiB, 199.68 W, 75
2026/08/08 10:23:37.541, 100 %, 24424 MiB, 200.15 W, 75
2026/08/08 10:24:37.548, 96 %, 24424 MiB, 199.98 W, 75
2026/08/08 10:25:37.555, 97 %, 24424 MiB, 199.94 W, 75
2026/08/08 10:26:37.561, 100 %, 24424 MiB, 199.58 W, 75
2026/08/08 10:27:37.567, 100 %, 24424 MiB, 199.98 W, 75
2026/08/08 10:28:37.573, 100 %, 24424 MiB, 200.15 W, 75
2026/08/08 10:29:37.580, 100 %, 24424 MiB, 200.59 W, 75
2026/08/08 10:30:37.586, 97 %, 24424 MiB, 200.05 W, 75
2026/08/08 10:31:37.601, 100 %, 24424 MiB, 200.03 W, 75
2026/08/08 10:32:37.609, 100 %, 24424 MiB, 200.08 W, 75
2026/08/08 10:33:37.616, 100 %, 24424 MiB, 199.98 W, 75
2026/08/08 10:34:37.623, 97 %, 24424 MiB, 200.02 W, 75
2026/08/08 10:35:37.630, 100 %, 24424 MiB, 200.09 W, 75
2026/08/08 10:36:37.637, 97 %, 24424 MiB, 199.98 W, 75
2026/08/08 10:37:37.643, 100 %, 24424 MiB, 200.34 W, 75
2026/08/08 10:38:37.650, 93 %, 24424 MiB, 200.02 W, 76
2026/08/08 10:39:37.656, 98 %, 24424 MiB, 199.95 W, 75
2026/08/08 10:40:37.663, 100 %, 24424 MiB, 199.99 W, 73
2026/08/08 10:41:37.670, 95 %, 24424 MiB, 200.02 W, 76
2026/08/08 10:42:37.676, 95 %, 24424 MiB, 199.99 W, 75
2026/08/08 10:43:37.683, 100 %, 24424 MiB, 200.27 W, 75
2026/08/08 10:44:37.690, 100 %, 24424 MiB, 200.27 W, 75
2026/08/08 10:45:37.704, 100 %, 24424 MiB, 199.52 W, 76
2026/08/08 10:46:37.710, 100 %, 24424 MiB, 200.01 W, 76
2026/08/08 10:47:37.720, 0 %, 24424 MiB, 29.08 W, 59
2026/08/08 10:48:37.727, 98 %, 24424 MiB, 200.00 W, 75
2026/08/08 10:49:37.733, 100 %, 24424 MiB, 199.93 W, 75
2026/08/08 10:50:37.742, 93 %, 24424 MiB, 199.97 W, 75
2026/08/08 10:51:37.751, 100 %, 24424 MiB, 199.96 W, 76
2026/08/08 10:52:37.757, 100 %, 24424 MiB, 199.96 W, 76
2026/08/08 10:53:37.763, 100 %, 24424 MiB, 200.41 W, 76
2026/08/08 10:54:37.770, 98 %, 24424 MiB, 199.97 W, 76
2026/08/08 10:55:37.776, 97 %, 24424 MiB, 200.02 W, 76
2026/08/08 10:56:37.782, 100 %, 24424 MiB, 199.98 W, 75
2026/08/08 10:57:37.789, 100 %, 24424 MiB, 200.81 W, 76
2026/08/08 10:58:37.805, 100 %, 24424 MiB, 200.18 W, 75
2026/08/08 10:59:37.817, 100 %, 24424 MiB, 199.67 W, 75
2026/08/08 11:00:37.824, 100 %, 24424 MiB, 199.96 W, 76
2026/08/08 11:01:37.831, 100 %, 24424 MiB, 200.29 W, 75
2026/08/08 11:02:37.838, 98 %, 24424 MiB, 200.00 W, 75
2026/08/08 11:03:37.845, 100 %, 24424 MiB, 199.70 W, 76
2026/08/08 11:04:37.851, 100 %, 24424 MiB, 199.89 W, 75
2026/08/08 11:05:37.858, 98 %, 24424 MiB, 199.94 W, 76
2026/08/08 11:06:37.864, 100 %, 24424 MiB, 199.94 W, 76
2026/08/08 11:07:37.870, 95 %, 24424 MiB, 199.93 W, 76
2026/08/08 11:08:37.876, 100 %, 24424 MiB, 200.29 W, 76
2026/08/08 11:09:37.884, 100 %, 24424 MiB, 200.10 W, 76
2026/08/08 11:10:37.890, 100 %, 24424 MiB, 200.05 W, 76
2026/08/08 11:11:37.906, 100 %, 24424 MiB, 200.23 W, 76
2026/08/08 11:12:37.912, 100 %, 24424 MiB, 200.16 W, 76
2026/08/08 11:13:37.919, 100 %, 24424 MiB, 199.73 W, 76
2026/08/08 11:14:37.925, 100 %, 24424 MiB, 199.70 W, 77
2026/08/08 11:15:37.932, 100 %, 24424 MiB, 199.99 W, 75
2026/08/08 11:16:37.938, 100 %, 24424 MiB, 200.04 W, 76
2026/08/08 11:17:37.945, 100 %, 24424 MiB, 199.98 W, 76
2026/08/08 11:18:37.952, 100 %, 24424 MiB, 200.33 W, 76
2026/08/08 11:19:37.959, 100 %, 24424 MiB, 199.96 W, 76
2026/08/08 11:20:37.968, 94 %, 24424 MiB, 199.77 W, 76
2026/08/08 11:21:37.974, 100 %, 24424 MiB, 199.88 W, 77
2026/08/08 11:22:37.982, 96 %, 24424 MiB, 199.91 W, 76
2026/08/08 11:23:37.988, 100 %, 24424 MiB, 200.00 W, 77
2026/08/08 11:24:38.004, 98 %, 24424 MiB, 199.98 W, 76
2026/08/08 11:25:38.010, 100 %, 24424 MiB, 199.96 W, 76
2026/08/08 11:26:38.017, 100 %, 24424 MiB, 200.18 W, 76
2026/08/08 11:27:38.024, 100 %, 24424 MiB, 198.95 W, 77
2026/08/08 11:28:38.031, 100 %, 24424 MiB, 200.08 W, 75
2026/08/08 11:29:38.037, 100 %, 24424 MiB, 199.26 W, 75
2026/08/08 11:30:38.045, 100 %, 24424 MiB, 199.93 W, 76
2026/08/08 11:31:38.052, 100 %, 24424 MiB, 199.98 W, 76
2026/08/08 11:32:38.058, 96 %, 24424 MiB, 200.33 W, 76
2026/08/08 11:33:38.064, 100 %, 24424 MiB, 199.90 W, 76
2026/08/08 11:34:38.071, 100 %, 24424 MiB, 200.40 W, 76
2026/08/08 11:35:38.077, 100 %, 24424 MiB, 199.95 W, 76
2026/08/08 11:36:38.085, 92 %, 24424 MiB, 199.99 W, 74
2026/08/08 11:37:38.091, 100 %, 24424 MiB, 199.98 W, 76
2026/08/08 11:38:38.103, 100 %, 24424 MiB, 200.41 W, 76
2026/08/08 11:39:38.109, 100 %, 24424 MiB, 199.90 W, 74
2026/08/08 11:40:38.116, 100 %, 24424 MiB, 200.21 W, 76
2026/08/08 11:41:38.123, 100 %, 24424 MiB, 200.00 W, 76
2026/08/08 11:42:38.129, 96 %, 24424 MiB, 200.10 W, 74
2026/08/08 11:43:38.135, 100 %, 24424 MiB, 200.43 W, 76
2026/08/08 11:44:38.142, 100 %, 24424 MiB, 200.71 W, 77
2026/08/08 11:45:38.149, 100 %, 24424 MiB, 200.02 W, 76
2026/08/08 11:46:38.156, 100 %, 24424 MiB, 200.01 W, 76
2026/08/08 11:47:38.163, 100 %, 24424 MiB, 200.39 W, 77
2026/08/08 11:48:38.169, 100 %, 24424 MiB, 200.27 W, 77
2026/08/08 11:49:38.177, 100 %, 24424 MiB, 200.16 W, 77
2026/08/08 11:50:38.183, 100 %, 24424 MiB, 200.00 W, 77
2026/08/08 11:51:38.189, 100 %, 24424 MiB, 199.68 W, 77
2026/08/08 11:52:38.203, 100 %, 24424 MiB, 199.68 W, 77
2026/08/08 11:53:38.209, 100 %, 24424 MiB, 199.41 W, 77
2026/08/08 11:54:38.217, 100 %, 24424 MiB, 199.64 W, 76
2026/08/08 11:55:38.224, 100 %, 24424 MiB, 199.62 W, 76
2026/08/08 11:56:38.231, 100 %, 24424 MiB, 199.68 W, 77
2026/08/08 11:57:38.238, 97 %, 24424 MiB, 200.02 W, 77
2026/08/08 11:58:38.245, 94 %, 24424 MiB, 199.79 W, 77
2026/08/08 11:59:38.254, 100 %, 24424 MiB, 199.67 W, 77
2026/08/08 12:00:38.260, 100 %, 24424 MiB, 199.79 W, 77
2026/08/08 12:01:38.268, 100 %, 24424 MiB, 199.84 W, 77
2026/08/08 12:02:38.275, 100 %, 24424 MiB, 200.03 W, 77
2026/08/08 12:03:38.282, 100 %, 24424 MiB, 200.39 W, 76
2026/08/08 12:04:38.289, 100 %, 24424 MiB, 200.01 W, 76
2026/08/08 12:05:38.302, 100 %, 24424 MiB, 200.01 W, 77
2026/08/08 12:06:38.309, 100 %, 24424 MiB, 200.03 W, 77
2026/08/08 12:07:38.316, 94 %, 24424 MiB, 199.95 W, 77
2026/08/08 12:08:38.323, 94 %, 24424 MiB, 200.03 W, 77
2026/08/08 12:09:38.329, 100 %, 24424 MiB, 200.14 W, 69
2026/08/08 12:10:38.336, 100 %, 24424 MiB, 200.00 W, 76
2026/08/08 12:11:38.342, 100 %, 24424 MiB, 200.57 W, 77
2026/08/08 12:12:38.348, 100 %, 24424 MiB, 199.96 W, 75
2026/08/08 12:13:38.354, 100 %, 24424 MiB, 200.02 W, 76
2026/08/08 12:14:38.360, 100 %, 24424 MiB, 200.29 W, 76
2026/08/08 12:15:38.367, 100 %, 24424 MiB, 199.73 W, 77
2026/08/08 12:16:38.373, 96 %, 24424 MiB, 199.99 W, 77
2026/08/08 12:17:38.380, 100 %, 24424 MiB, 199.92 W, 77
2026/08/08 12:18:38.387, 100 %, 24424 MiB, 200.38 W, 76
2026/08/08 12:19:38.402, 100 %, 24424 MiB, 199.99 W, 76
2026/08/08 12:20:38.409, 100 %, 24424 MiB, 200.08 W, 76
2026/08/08 12:21:38.416, 100 %, 24424 MiB, 199.67 W, 76
2026/08/08 12:22:38.424, 97 %, 24424 MiB, 199.98 W, 76
2026/08/08 12:23:38.431, 100 %, 24424 MiB, 199.76 W, 76
2026/08/08 12:24:38.438, 94 %, 24424 MiB, 199.79 W, 76
2026/08/08 12:25:38.445, 97 %, 24424 MiB, 200.52 W, 76
2026/08/08 12:26:38.451, 100 %, 24424 MiB, 200.26 W, 76
2026/08/08 12:27:38.458, 100 %, 24424 MiB, 199.76 W, 76
2026/08/08 12:28:38.465, 100 %, 24424 MiB, 199.58 W, 77
2026/08/08 12:29:38.471, 97 %, 24424 MiB, 200.01 W, 77
2026/08/08 12:30:38.478, 96 %, 24424 MiB, 199.94 W, 76
2026/08/08 12:31:38.485, 100 %, 24424 MiB, 200.00 W, 76
2026/08/08 12:32:38.499, 98 %, 24424 MiB, 199.96 W, 77
2026/08/08 12:33:38.505, 100 %, 24424 MiB, 199.96 W, 76
2026/08/08 12:34:38.512, 100 %, 24424 MiB, 200.05 W, 77
2026/08/08 12:35:38.519, 100 %, 24424 MiB, 200.13 W, 76
2026/08/08 12:36:38.527, 99 %, 24424 MiB, 200.46 W, 76
2026/08/08 12:37:38.534, 100 %, 24424 MiB, 199.96 W, 75
2026/08/08 12:38:38.540, 100 %, 24424 MiB, 200.23 W, 77
2026/08/08 12:39:38.549, 100 %, 24424 MiB, 199.97 W, 76
2026/08/08 12:40:38.555, 100 %, 24424 MiB, 200.02 W, 77
2026/08/08 12:41:38.562, 100 %, 24424 MiB, 199.76 W, 76
2026/08/08 12:42:38.569, 95 %, 24424 MiB, 199.83 W, 77
2026/08/08 12:43:38.575, 98 %, 24424 MiB, 199.99 W, 76
2026/08/08 12:44:38.584, 100 %, 24424 MiB, 200.24 W, 76
2026/08/08 12:45:38.598, 100 %, 24424 MiB, 199.78 W, 76
2026/08/08 12:46:38.607, 100 %, 24424 MiB, 199.47 W, 77
2026/08/08 12:47:38.614, 95 %, 24424 MiB, 199.98 W, 77
2026/08/08 12:48:38.621, 100 %, 24424 MiB, 199.98 W, 76
2026/08/08 12:49:38.628, 100 %, 24424 MiB, 200.02 W, 76
2026/08/08 12:50:38.635, 100 %, 24424 MiB, 200.01 W, 76
2026/08/08 12:51:38.642, 100 %, 24424 MiB, 199.73 W, 77
2026/08/08 12:52:38.649, 98 %, 24424 MiB, 200.02 W, 77
2026/08/08 12:53:38.657, 100 %, 24424 MiB, 200.22 W, 76
2026/08/08 12:54:38.664, 100 %, 24424 MiB, 200.02 W, 76
2026/08/08 12:55:38.670, 98 %, 24424 MiB, 199.98 W, 77
2026/08/08 12:56:38.677, 100 %, 24424 MiB, 200.24 W, 77
2026/08/08 12:57:38.684, 100 %, 24424 MiB, 199.84 W, 74
2026/08/08 12:58:38.698, 100 %, 24424 MiB, 199.62 W, 76
2026/08/08 12:59:38.860, 100 %, 24424 MiB, 199.83 W, 77
2026/08/08 13:00:38.867, 100 %, 24424 MiB, 199.85 W, 77
2026/08/08 13:01:38.874, 97 %, 24424 MiB, 199.81 W, 77
2026/08/08 13:02:38.881, 100 %, 24424 MiB, 199.22 W, 78
2026/08/08 13:03:38.888, 97 %, 24424 MiB, 199.98 W, 77
2026/08/08 13:04:38.904, 100 %, 24424 MiB, 199.99 W, 75
2026/08/08 13:05:38.910, 100 %, 24424 MiB, 199.79 W, 76
2026/08/08 13:06:38.917, 97 %, 24424 MiB, 199.84 W, 76
2026/08/08 13:07:38.924, 97 %, 24424 MiB, 199.83 W, 77
2026/08/08 13:08:38.931, 100 %, 24424 MiB, 199.67 W, 77
2026/08/08 13:09:38.938, 100 %, 24424 MiB, 199.56 W, 76
2026/08/08 13:10:38.945, 100 %, 24424 MiB, 199.66 W, 77
2026/08/08 13:11:38.952, 100 %, 24424 MiB, 199.44 W, 76
2026/08/08 13:12:38.958, 100 %, 24424 MiB, 199.65 W, 76
2026/08/08 13:13:38.964, 100 %, 24424 MiB, 199.86 W, 77
2026/08/08 13:14:38.970, 100 %, 24424 MiB, 199.86 W, 77
2026/08/08 13:15:38.977, 97 %, 24424 MiB, 199.88 W, 77
2026/08/08 13:16:38.984, 97 %, 24424 MiB, 199.97 W, 76
2026/08/08 13:17:38.990, 100 %, 24424 MiB, 199.80 W, 76
2026/08/08 13:18:39.004, 100 %, 24424 MiB, 200.17 W, 76
2026/08/08 13:19:39.011, 94 %, 24424 MiB, 199.82 W, 75
2026/08/08 13:20:39.018, 100 %, 24424 MiB, 199.99 W, 75
2026/08/08 13:21:39.026, 97 %, 24424 MiB, 199.99 W, 75
2026/08/08 13:22:39.032, 100 %, 24424 MiB, 199.99 W, 75
2026/08/08 13:23:39.039, 100 %, 24424 MiB, 200.01 W, 75
2026/08/08 13:24:39.045, 100 %, 24424 MiB, 199.96 W, 75
2026/08/08 13:25:39.054, 97 %, 24424 MiB, 199.96 W, 75
2026/08/08 13:26:39.061, 100 %, 24424 MiB, 199.51 W, 74
2026/08/08 13:27:39.069, 100 %, 24424 MiB, 199.83 W, 74
2026/08/08 13:28:39.075, 100 %, 24424 MiB, 200.29 W, 74
2026/08/08 13:29:39.081, 100 %, 24424 MiB, 199.98 W, 75
2026/08/08 13:30:39.089, 97 %, 24424 MiB, 199.94 W, 74
2026/08/08 13:31:39.104, 100 %, 24424 MiB, 200.44 W, 71
2026/08/08 13:32:39.112, 100 %, 24424 MiB, 199.98 W, 75
2026/08/08 13:33:39.120, 100 %, 24424 MiB, 199.97 W, 74
2026/08/08 13:34:39.127, 94 %, 24424 MiB, 199.94 W, 74
2026/08/08 13:35:39.134, 100 %, 24424 MiB, 200.05 W, 75
2026/08/08 13:36:39.142, 100 %, 24424 MiB, 200.27 W, 74
2026/08/08 13:37:39.150, 100 %, 24424 MiB, 199.99 W, 74
2026/08/08 13:38:39.157, 100 %, 24424 MiB, 199.97 W, 74
2026/08/08 13:39:39.164, 100 %, 24424 MiB, 199.97 W, 74
2026/08/08 13:40:39.172, 98 %, 24424 MiB, 199.95 W, 74
2026/08/08 13:41:39.180, 98 %, 24424 MiB, 199.99 W, 75
2026/08/08 13:42:39.187, 100 %, 24424 MiB, 200.02 W, 75
2026/08/08 13:43:39.194, 100 %, 24424 MiB, 200.15 W, 73
2026/08/08 13:44:39.208, 100 %, 24424 MiB, 200.02 W, 74
2026/08/08 13:45:39.217, 100 %, 24424 MiB, 200.04 W, 74
2026/08/08 13:46:39.224, 100 %, 24424 MiB, 200.01 W, 75
2026/08/08 13:47:39.232, 100 %, 24424 MiB, 199.97 W, 74
2026/08/08 13:48:39.241, 100 %, 24424 MiB, 199.91 W, 75
2026/08/08 13:49:39.249, 97 %, 24424 MiB, 199.93 W, 75
2026/08/08 13:50:39.257, 94 %, 24424 MiB, 200.03 W, 75
2026/08/08 13:51:39.264, 98 %, 24424 MiB, 200.07 W, 74
2026/08/08 13:52:39.271, 100 %, 24424 MiB, 199.82 W, 75
2026/08/08 13:53:39.279, 97 %, 24424 MiB, 200.01 W, 75
2026/08/08 13:54:39.285, 100 %, 24424 MiB, 199.54 W, 75
2026/08/08 13:55:39.291, 100 %, 24424 MiB, 199.99 W, 74
2026/08/08 13:56:39.309, 100 %, 24424 MiB, 199.78 W, 74
2026/08/08 13:57:39.316, 98 %, 24424 MiB, 200.01 W, 74
2026/08/08 13:58:39.324, 100 %, 24424 MiB, 200.02 W, 65
2026/08/08 13:59:39.332, 100 %, 24424 MiB, 200.36 W, 74
2026/08/08 14:00:39.339, 100 %, 24424 MiB, 199.99 W, 75
2026/08/08 14:01:39.347, 97 %, 24424 MiB, 200.10 W, 74
2026/08/08 14:02:39.355, 100 %, 24424 MiB, 200.34 W, 74
2026/08/08 14:03:39.363, 100 %, 24424 MiB, 200.03 W, 74
2026/08/08 14:04:39.371, 100 %, 24424 MiB, 200.26 W, 74
2026/08/08 14:05:39.380, 100 %, 24424 MiB, 199.98 W, 74
2026/08/08 14:06:39.388, 100 %, 24424 MiB, 199.98 W, 74
2026/08/08 14:07:39.403, 96 %, 24424 MiB, 200.00 W, 74
2026/08/08 14:08:39.412, 100 %, 24424 MiB, 200.32 W, 75
2026/08/08 14:09:39.420, 100 %, 24424 MiB, 199.99 W, 74
2026/08/08 14:10:39.428, 100 %, 24424 MiB, 200.17 W, 74
2026/08/08 14:11:39.435, 100 %, 24424 MiB, 199.99 W, 74
2026/08/08 14:12:39.443, 100 %, 24424 MiB, 200.48 W, 74
2026/08/08 14:13:39.449, 100 %, 24424 MiB, 199.55 W, 75
2026/08/08 14:14:39.455, 100 %, 24424 MiB, 199.74 W, 75
2026/08/08 14:15:39.476, 100 %, 24424 MiB, 199.97 W, 75
2026/08/08 14:16:39.483, 100 %, 24424 MiB, 199.69 W, 75
2026/08/08 14:17:39.489, 100 %, 24424 MiB, 200.03 W, 75
2026/08/08 14:18:39.495, 100 %, 24424 MiB, 199.88 W, 75
2026/08/08 14:19:39.508, 100 %, 24424 MiB, 199.62 W, 75
2026/08/08 14:20:39.514, 100 %, 24424 MiB, 200.71 W, 75
2026/08/08 14:21:39.520, 100 %, 24424 MiB, 199.91 W, 75
2026/08/08 14:22:39.526, 100 %, 24424 MiB, 199.69 W, 75
2026/08/08 14:23:39.533, 100 %, 24424 MiB, 200.01 W, 75
2026/08/08 14:24:39.541, 100 %, 24424 MiB, 200.09 W, 75
2026/08/08 14:25:39.549, 2 %, 24424 MiB, 27.13 W, 58
2026/08/08 14:26:39.557, 97 %, 24424 MiB, 199.96 W, 74
2026/08/08 14:27:39.564, 100 %, 24424 MiB, 199.88 W, 75
2026/08/08 14:28:39.571, 100 %, 24424 MiB, 199.89 W, 74
2026/08/08 14:29:39.578, 98 %, 24424 MiB, 199.96 W, 75
2026/08/08 14:30:39.585, 100 %, 24424 MiB, 200.11 W, 74
2026/08/08 14:31:39.592, 100 %, 24424 MiB, 200.20 W, 75
2026/08/08 14:32:39.606, 100 %, 24424 MiB, 199.91 W, 74
2026/08/08 14:33:39.613, 100 %, 24424 MiB, 199.99 W, 74
2026/08/08 14:34:39.618, 100 %, 24424 MiB, 200.03 W, 74
2026/08/08 14:35:39.625, 100 %, 24424 MiB, 199.99 W, 74
2026/08/08 14:36:39.633, 100 %, 24424 MiB, 200.62 W, 75
2026/08/08 14:37:39.641, 100 %, 24424 MiB, 199.59 W, 72
2026/08/08 14:38:39.647, 100 %, 24424 MiB, 199.98 W, 73
2026/08/08 14:39:39.654, 100 %, 24424 MiB, 200.03 W, 74
2026/08/08 14:40:39.661, 100 %, 24424 MiB, 200.16 W, 75
2026/08/08 14:41:39.668, 100 %, 24424 MiB, 199.97 W, 75
2026/08/08 14:42:39.675, 100 %, 24424 MiB, 200.43 W, 75
2026/08/08 14:43:39.681, 100 %, 24424 MiB, 200.42 W, 75
2026/08/08 14:44:39.689, 100 %, 24424 MiB, 199.89 W, 75
2026/08/08 14:45:39.705, 98 %, 24424 MiB, 199.96 W, 75
2026/08/08 14:46:39.714, 100 %, 24424 MiB, 200.05 W, 75
2026/08/08 14:47:39.722, 100 %, 24424 MiB, 200.08 W, 74
2026/08/08 14:48:39.732, 100 %, 24424 MiB, 200.01 W, 75
2026/08/08 14:49:39.739, 100 %, 24424 MiB, 200.37 W, 74
2026/08/08 14:50:39.745, 97 %, 24424 MiB, 199.96 W, 74
2026/08/08 14:51:39.753, 98 %, 24424 MiB, 199.95 W, 74
2026/08/08 14:52:39.762, 97 %, 24424 MiB, 200.03 W, 74
2026/08/08 14:53:39.770, 100 %, 24424 MiB, 200.05 W, 74
2026/08/08 14:54:39.777, 100 %, 24424 MiB, 199.98 W, 75
2026/08/08 14:55:39.790, 100 %, 24424 MiB, 200.09 W, 75
2026/08/08 14:56:39.804, 100 %, 24424 MiB, 200.11 W, 74
2026/08/08 14:57:39.813, 100 %, 24424 MiB, 199.98 W, 74
2026/08/08 14:58:39.821, 100 %, 24424 MiB, 199.96 W, 74
2026/08/08 14:59:39.828, 100 %, 24424 MiB, 199.97 W, 75
2026/08/08 15:00:39.837, 100 %, 24424 MiB, 200.01 W, 75
2026/08/08 15:01:39.845, 97 %, 24424 MiB, 199.57 W, 75
2026/08/08 15:02:39.853, 94 %, 24424 MiB, 199.11 W, 74
2026/08/08 15:03:39.860, 98 %, 24424 MiB, 199.63 W, 74
2026/08/08 15:04:39.867, 96 %, 24424 MiB, 200.13 W, 75
2026/08/08 15:05:39.875, 100 %, 24424 MiB, 199.96 W, 75
2026/08/08 15:06:39.882, 100 %, 24424 MiB, 200.00 W, 74
2026/08/08 15:07:39.889, 100 %, 24424 MiB, 199.94 W, 75
2026/08/08 15:08:39.905, 97 %, 24424 MiB, 199.70 W, 74
2026/08/08 15:09:39.912, 97 %, 24424 MiB, 199.68 W, 75
2026/08/08 15:10:39.920, 97 %, 24424 MiB, 199.86 W, 75
2026/08/08 15:11:39.928, 100 %, 24424 MiB, 200.03 W, 75
2026/08/08 15:12:39.936, 99 %, 24424 MiB, 200.18 W, 73
2026/08/08 15:13:39.944, 100 %, 24424 MiB, 200.43 W, 74
2026/08/08 15:14:39.950, 97 %, 24424 MiB, 199.61 W, 74
2026/08/08 15:15:39.955, 100 %, 24424 MiB, 200.22 W, 75
2026/08/08 15:16:39.976, 100 %, 24424 MiB, 200.01 W, 74
2026/08/08 15:17:39.982, 100 %, 24424 MiB, 200.41 W, 74
2026/08/08 15:18:39.988, 97 %, 24424 MiB, 199.87 W, 75
2026/08/08 15:19:40.004, 96 %, 24424 MiB, 199.74 W, 75
2026/08/08 15:20:40.010, 100 %, 24424 MiB, 200.17 W, 73
2026/08/08 15:21:40.016, 98 %, 24424 MiB, 199.87 W, 74
2026/08/08 15:22:40.022, 97 %, 24424 MiB, 199.90 W, 75
2026/08/08 15:23:40.028, 100 %, 24424 MiB, 200.10 W, 72
2026/08/08 15:24:40.035, 98 %, 24424 MiB, 199.76 W, 75
2026/08/08 15:25:40.041, 97 %, 24424 MiB, 199.72 W, 75
2026/08/08 15:26:40.048, 100 %, 24424 MiB, 199.99 W, 74
2026/08/08 15:27:40.054, 97 %, 24424 MiB, 199.78 W, 75
2026/08/08 15:28:40.077, 100 %, 24424 MiB, 200.05 W, 74
2026/08/08 15:29:40.084, 100 %, 24424 MiB, 199.95 W, 75
2026/08/08 15:30:40.089, 97 %, 24424 MiB, 199.68 W, 74
2026/08/08 15:31:40.101, 100 %, 24424 MiB, 200.04 W, 74
2026/08/08 15:32:40.107, 100 %, 24424 MiB, 200.49 W, 75
2026/08/08 15:33:40.114, 100 %, 24424 MiB, 200.33 W, 75
2026/08/08 15:34:40.120, 100 %, 24424 MiB, 199.96 W, 74
2026/08/08 15:35:40.126, 100 %, 24424 MiB, 199.96 W, 75
2026/08/08 15:36:40.134, 95 %, 24424 MiB, 199.98 W, 75
2026/08/08 15:37:40.140, 100 %, 24424 MiB, 200.00 W, 74
2026/08/08 15:38:40.148, 100 %, 24424 MiB, 200.05 W, 75
2026/08/08 15:39:40.153, 97 %, 24424 MiB, 199.60 W, 74
2026/08/08 15:40:40.170, 100 %, 24424 MiB, 199.96 W, 75
2026/08/08 15:41:40.180, 100 %, 24424 MiB, 200.20 W, 74
2026/08/08 15:42:40.187, 100 %, 24424 MiB, 200.30 W, 75
2026/08/08 15:43:40.202, 100 %, 24424 MiB, 200.06 W, 75
2026/08/08 15:44:40.208, 99 %, 24424 MiB, 199.86 W, 75
2026/08/08 15:45:40.214, 100 %, 24424 MiB, 200.57 W, 74
2026/08/08 15:46:40.220, 100 %, 24424 MiB, 200.05 W, 75
2026/08/08 15:47:40.226, 96 %, 24424 MiB, 199.72 W, 74
2026/08/08 15:48:40.232, 98 %, 24424 MiB, 200.09 W, 72
2026/08/08 15:49:40.238, 100 %, 24424 MiB, 199.98 W, 74
2026/08/08 15:50:40.243, 95 %, 24424 MiB, 199.28 W, 74
2026/08/08 15:51:40.249, 100 %, 24424 MiB, 199.98 W, 75
2026/08/08 15:52:40.255, 100 %, 24424 MiB, 199.97 W, 74
2026/08/08 15:53:40.262, 100 %, 24424 MiB, 199.91 W, 75
2026/08/08 15:54:40.268, 100 %, 24424 MiB, 199.93 W, 75
2026/08/08 15:55:40.274, 100 %, 24424 MiB, 199.98 W, 75
2026/08/08 15:56:40.283, 100 %, 24424 MiB, 199.94 W, 74
2026/08/08 15:57:40.290, 100 %, 24424 MiB, 200.33 W, 74
2026/08/08 15:58:40.302, 100 %, 24424 MiB, 199.96 W, 75
2026/08/08 15:59:40.308, 100 %, 24424 MiB, 200.04 W, 74
2026/08/08 16:00:40.315, 97 %, 24424 MiB, 199.74 W, 75
2026/08/08 16:01:40.322, 97 %, 24424 MiB, 199.60 W, 74
2026/08/08 16:02:40.329, 100 %, 24424 MiB, 200.19 W, 74
2026/08/08 16:03:40.335, 100 %, 24424 MiB, 200.40 W, 74
2026/08/08 16:04:40.342, 100 %, 24424 MiB, 199.95 W, 74
2026/08/08 16:05:40.349, 100 %, 24424 MiB, 200.32 W, 74
2026/08/08 16:06:40.355, 100 %, 24424 MiB, 200.22 W, 74
2026/08/08 16:07:40.363, 100 %, 24424 MiB, 199.96 W, 74
2026/08/08 16:08:40.370, 100 %, 24424 MiB, 200.01 W, 74
2026/08/08 16:09:40.377, 100 %, 24424 MiB, 200.20 W, 75
2026/08/08 16:10:40.384, 100 %, 24424 MiB, 200.11 W, 74
2026/08/08 16:11:40.390, 100 %, 24424 MiB, 200.92 W, 74
2026/08/08 16:12:40.404, 100 %, 24424 MiB, 199.98 W, 74
2026/08/08 16:13:40.410, 100 %, 24424 MiB, 199.94 W, 74
2026/08/08 16:14:40.418, 100 %, 24424 MiB, 200.09 W, 71
2026/08/08 16:15:40.425, 97 %, 24424 MiB, 199.88 W, 74
2026/08/08 16:16:40.433, 97 %, 24424 MiB, 199.50 W, 75
2026/08/08 16:17:40.440, 100 %, 24424 MiB, 199.95 W, 74
2026/08/08 16:18:40.446, 100 %, 24424 MiB, 200.00 W, 75
2026/08/08 16:19:40.454, 100 %, 24424 MiB, 199.98 W, 74
2026/08/08 16:20:40.461, 100 %, 24424 MiB, 199.99 W, 74
2026/08/08 16:21:40.469, 97 %, 24424 MiB, 199.43 W, 74
2026/08/08 16:22:40.476, 98 %, 24424 MiB, 199.70 W, 74
2026/08/08 16:23:40.483, 100 %, 24424 MiB, 199.98 W, 75
2026/08/08 16:24:40.490, 100 %, 24424 MiB, 199.66 W, 74
2026/08/08 16:25:40.505, 100 %, 24424 MiB, 200.01 W, 74
2026/08/08 16:26:40.512, 97 %, 24424 MiB, 199.58 W, 74
2026/08/08 16:27:40.519, 97 %, 24424 MiB, 199.67 W, 75
2026/08/08 16:28:40.527, 98 %, 24424 MiB, 199.87 W, 74
2026/08/08 16:29:40.535, 100 %, 24424 MiB, 200.03 W, 75
2026/08/08 16:30:40.543, 100 %, 24424 MiB, 199.94 W, 75
2026/08/08 16:31:40.550, 100 %, 24424 MiB, 199.97 W, 75
2026/08/08 16:32:40.557, 100 %, 24424 MiB, 199.93 W, 75
2026/08/08 16:33:40.565, 100 %, 24424 MiB, 199.93 W, 74
2026/08/08 16:34:40.571, 100 %, 24424 MiB, 199.94 W, 75
2026/08/08 16:35:40.577, 100 %, 24424 MiB, 200.01 W, 75
2026/08/08 16:36:40.583, 100 %, 24424 MiB, 200.03 W, 75
2026/08/08 16:37:40.590, 100 %, 24424 MiB, 199.98 W, 74
2026/08/08 16:38:40.605, 97 %, 24424 MiB, 199.58 W, 74
2026/08/08 16:39:40.612, 100 %, 24424 MiB, 200.89 W, 75
2026/08/08 16:40:40.620, 100 %, 24424 MiB, 199.98 W, 74
2026/08/08 16:41:40.627, 100 %, 24424 MiB, 200.47 W, 70
2026/08/08 16:42:40.634, 100 %, 24424 MiB, 200.01 W, 74
2026/08/08 16:43:40.640, 98 %, 24424 MiB, 199.75 W, 74
2026/08/08 16:44:40.647, 98 %, 24424 MiB, 199.64 W, 75
2026/08/08 16:45:40.654, 97 %, 24424 MiB, 199.63 W, 74
2026/08/08 16:46:40.661, 93 %, 24424 MiB, 199.84 W, 75
2026/08/08 16:47:40.668, 98 %, 24424 MiB, 199.86 W, 75
2026/08/08 16:48:40.675, 97 %, 24424 MiB, 199.93 W, 75
2026/08/08 16:49:40.681, 100 %, 24424 MiB, 200.03 W, 75
2026/08/08 16:50:40.687, 100 %, 24424 MiB, 199.95 W, 74
2026/08/08 16:51:40.702, 100 %, 24424 MiB, 199.98 W, 74
2026/08/08 16:52:40.709, 100 %, 24424 MiB, 200.01 W, 74
2026/08/08 16:53:40.717, 100 %, 24424 MiB, 200.03 W, 72
2026/08/08 16:54:40.723, 98 %, 24424 MiB, 199.75 W, 75
2026/08/08 16:55:40.729, 100 %, 24424 MiB, 200.02 W, 75
2026/08/08 16:56:40.738, 98 %, 24424 MiB, 200.36 W, 74
2026/08/08 16:57:40.745, 97 %, 24424 MiB, 199.89 W, 73
2026/08/08 16:58:40.752, 97 %, 24424 MiB, 199.92 W, 75
2026/08/08 16:59:40.760, 93 %, 24424 MiB, 199.88 W, 75
2026/08/08 17:00:40.767, 100 %, 24424 MiB, 200.37 W, 74
2026/08/08 17:01:40.774, 100 %, 24424 MiB, 200.29 W, 74
2026/08/08 17:02:40.780, 100 %, 24424 MiB, 200.38 W, 75
2026/08/08 17:03:40.788, 100 %, 24424 MiB, 200.11 W, 74
2026/08/08 17:04:40.804, 100 %, 24424 MiB, 200.39 W, 74
2026/08/08 17:05:40.812, 100 %, 24424 MiB, 199.99 W, 75
2026/08/08 17:06:40.820, 100 %, 24424 MiB, 200.08 W, 74
2026/08/08 17:07:40.828, 100 %, 24424 MiB, 200.20 W, 74
2026/08/08 17:08:40.836, 0 %, 24424 MiB, 25.80 W, 53
2026/08/08 17:09:40.843, 92 %, 24424 MiB, 198.78 W, 72
2026/08/08 17:10:40.850, 97 %, 24424 MiB, 199.90 W, 74
2026/08/08 17:11:40.858, 100 %, 24424 MiB, 200.00 W, 74
2026/08/08 17:12:40.865, 97 %, 24424 MiB, 199.83 W, 75
2026/08/08 17:13:40.870, 100 %, 24424 MiB, 200.43 W, 75
2026/08/08 17:14:40.877, 100 %, 24424 MiB, 199.93 W, 75
2026/08/08 17:15:40.883, 100 %, 24424 MiB, 200.08 W, 74
2026/08/08 17:16:40.889, 100 %, 24424 MiB, 200.01 W, 75
2026/08/08 17:17:40.906, 100 %, 24424 MiB, 200.32 W, 75
2026/08/08 17:18:40.911, 96 %, 24424 MiB, 199.41 W, 74
2026/08/08 17:19:40.917, 100 %, 24424 MiB, 199.98 W, 74
2026/08/08 17:20:40.924, 100 %, 24424 MiB, 199.94 W, 74
2026/08/08 17:21:40.930, 100 %, 24424 MiB, 200.06 W, 75
2026/08/08 17:22:40.936, 100 %, 24424 MiB, 200.05 W, 74
2026/08/08 17:23:40.941, 100 %, 24424 MiB, 199.98 W, 74
2026/08/08 17:24:40.947, 100 %, 24424 MiB, 199.92 W, 74
2026/08/08 17:25:40.954, 97 %, 24424 MiB, 199.66 W, 75
2026/08/08 17:26:40.975, 100 %, 24424 MiB, 200.00 W, 74
2026/08/08 17:27:40.982, 100 %, 24424 MiB, 199.94 W, 75
2026/08/08 17:28:40.988, 100 %, 24424 MiB, 199.97 W, 75
2026/08/08 17:29:41.003, 100 %, 24424 MiB, 200.24 W, 74
2026/08/08 17:30:41.008, 100 %, 24424 MiB, 199.90 W, 75
2026/08/08 17:31:41.014, 100 %, 24424 MiB, 200.25 W, 74
2026/08/08 17:32:41.020, 100 %, 24424 MiB, 199.94 W, 74
2026/08/08 17:33:41.026, 95 %, 24424 MiB, 199.63 W, 75
2026/08/08 17:34:41.032, 100 %, 24424 MiB, 200.24 W, 74
2026/08/08 17:35:41.038, 3 %, 24424 MiB, 28.42 W, 59
2026/08/08 17:36:41.044, 100 %, 24424 MiB, 199.95 W, 74
2026/08/08 17:37:41.049, 97 %, 24424 MiB, 199.89 W, 74
2026/08/08 17:38:41.056, 100 %, 24424 MiB, 199.99 W, 74
2026/08/08 17:39:41.063, 100 %, 24424 MiB, 199.98 W, 74
2026/08/08 17:40:41.070, 100 %, 24424 MiB, 200.01 W, 75
2026/08/08 17:41:41.077, 100 %, 24424 MiB, 200.35 W, 74
2026/08/08 17:42:41.085, 100 %, 24424 MiB, 200.08 W, 74
2026/08/08 17:43:41.101, 98 %, 24424 MiB, 199.90 W, 75
2026/08/08 17:44:41.108, 100 %, 24424 MiB, 200.03 W, 75
2026/08/08 17:45:41.115, 100 %, 24424 MiB, 199.98 W, 74
2026/08/08 17:46:41.121, 100 %, 24424 MiB, 200.06 W, 75
2026/08/08 17:47:41.128, 100 %, 24424 MiB, 200.41 W, 74
2026/08/08 17:48:41.135, 100 %, 24424 MiB, 199.98 W, 74
2026/08/08 17:49:41.142, 100 %, 24424 MiB, 199.99 W, 74
2026/08/08 17:50:41.149, 100 %, 24424 MiB, 200.12 W, 74
2026/08/08 17:51:41.156, 97 %, 24424 MiB, 199.60 W, 74
2026/08/08 17:52:41.163, 100 %, 24424 MiB, 200.00 W, 75
2026/08/08 17:53:41.170, 97 %, 24424 MiB, 199.84 W, 75
2026/08/08 17:54:41.176, 100 %, 24424 MiB, 200.01 W, 75
2026/08/08 17:55:41.183, 100 %, 24424 MiB, 200.01 W, 74
2026/08/08 17:56:41.190, 97 %, 24424 MiB, 199.61 W, 75
2026/08/08 17:57:41.205, 100 %, 24424 MiB, 199.95 W, 74
2026/08/08 17:58:41.213, 100 %, 24424 MiB, 199.96 W, 74
2026/08/08 17:59:41.221, 100 %, 24424 MiB, 200.05 W, 74
2026/08/08 18:00:41.229, 97 %, 24424 MiB, 199.56 W, 72
2026/08/08 18:01:41.236, 97 %, 24424 MiB, 199.63 W, 74
2026/08/08 18:02:41.242, 99 %, 24424 MiB, 199.96 W, 74
2026/08/08 18:03:41.248, 100 %, 24424 MiB, 199.98 W, 73
2026/08/08 18:04:41.255, 100 %, 24424 MiB, 199.93 W, 74
2026/08/08 18:05:41.261, 100 %, 24424 MiB, 200.30 W, 74
2026/08/08 18:06:41.268, 98 %, 24424 MiB, 199.94 W, 74
2026/08/08 18:07:41.275, 97 %, 24424 MiB, 199.89 W, 74
2026/08/08 18:08:41.283, 100 %, 24424 MiB, 200.01 W, 74
2026/08/08 18:09:41.289, 100 %, 24424 MiB, 199.98 W, 74
2026/08/08 18:10:41.304, 100 %, 24424 MiB, 200.17 W, 74
2026/08/08 18:11:41.311, 100 %, 24424 MiB, 200.44 W, 74
2026/08/08 18:12:41.318, 100 %, 24424 MiB, 200.65 W, 74
2026/08/08 18:13:41.325, 100 %, 24424 MiB, 200.26 W, 74
2026/08/08 18:14:41.331, 100 %, 24424 MiB, 200.42 W, 75
2026/08/08 18:15:41.340, 100 %, 24424 MiB, 200.36 W, 74
2026/08/08 18:16:41.346, 99 %, 24424 MiB, 200.32 W, 75
2026/08/08 18:17:41.352, 100 %, 24424 MiB, 199.96 W, 74
2026/08/08 18:18:41.360, 100 %, 24424 MiB, 199.99 W, 74
2026/08/08 18:19:41.368, 100 %, 24424 MiB, 199.52 W, 75
2026/08/08 18:20:41.375, 100 %, 24424 MiB, 200.00 W, 75
2026/08/08 18:21:41.382, 98 %, 24424 MiB, 199.78 W, 74
2026/08/08 18:22:41.390, 100 %, 24424 MiB, 199.97 W, 74
2026/08/08 18:23:41.405, 100 %, 24424 MiB, 199.97 W, 74
2026/08/08 18:24:41.412, 100 %, 24424 MiB, 199.94 W, 74
2026/08/08 18:25:41.419, 100 %, 24424 MiB, 200.05 W, 74
2026/08/08 18:26:41.427, 100 %, 24424 MiB, 200.07 W, 74
2026/08/08 18:27:41.434, 100 %, 24424 MiB, 199.99 W, 74
2026/08/08 18:28:41.440, 95 %, 24424 MiB, 199.30 W, 74
2026/08/08 18:29:41.447, 100 %, 24424 MiB, 200.01 W, 74
2026/08/08 18:30:41.454, 100 %, 24424 MiB, 199.94 W, 73
2026/08/08 18:31:41.461, 97 %, 24424 MiB, 199.89 W, 74
2026/08/08 18:32:41.467, 100 %, 24424 MiB, 199.98 W, 74
2026/08/08 18:33:41.475, 100 %, 24424 MiB, 199.98 W, 74
2026/08/08 18:34:41.481, 100 %, 24424 MiB, 199.77 W, 74
2026/08/08 18:35:41.489, 97 %, 24424 MiB, 199.82 W, 74
2026/08/08 18:36:41.503, 100 %, 24424 MiB, 200.63 W, 75
2026/08/08 18:37:41.510, 100 %, 24424 MiB, 200.00 W, 74
2026/08/08 18:38:41.518, 100 %, 24424 MiB, 199.96 W, 75
2026/08/08 18:39:41.525, 100 %, 24424 MiB, 199.97 W, 74
2026/08/08 18:40:41.532, 100 %, 24424 MiB, 199.96 W, 74
2026/08/08 18:41:41.541, 100 %, 24424 MiB, 199.95 W, 74
2026/08/08 18:42:41.548, 100 %, 24424 MiB, 200.37 W, 74
2026/08/08 18:43:41.556, 100 %, 24424 MiB, 200.18 W, 74
2026/08/08 18:44:41.564, 100 %, 24424 MiB, 199.96 W, 74
2026/08/08 18:45:41.571, 100 %, 24424 MiB, 200.07 W, 74
2026/08/08 18:46:41.578, 97 %, 24424 MiB, 199.54 W, 74
2026/08/08 18:47:41.585, 100 %, 24424 MiB, 200.00 W, 74
2026/08/08 18:48:41.600, 97 %, 24424 MiB, 199.55 W, 74
2026/08/08 18:49:41.609, 97 %, 24424 MiB, 199.77 W, 74
2026/08/08 18:50:41.617, 98 %, 24424 MiB, 200.04 W, 74
2026/08/08 18:51:41.625, 100 %, 24424 MiB, 199.95 W, 74
2026/08/08 18:52:41.633, 100 %, 24424 MiB, 200.02 W, 74
2026/08/08 18:53:41.641, 100 %, 24424 MiB, 200.13 W, 74
2026/08/08 18:54:41.649, 100 %, 24424 MiB, 200.19 W, 74
2026/08/08 18:55:41.656, 98 %, 24424 MiB, 199.66 W, 74
2026/08/08 18:56:41.663, 100 %, 24424 MiB, 200.04 W, 74
2026/08/08 18:57:41.671, 100 %, 24424 MiB, 200.03 W, 72
2026/08/08 18:58:41.680, 100 %, 24424 MiB, 200.07 W, 73
2026/08/08 18:59:41.688, 100 %, 24424 MiB, 200.05 W, 73
2026/08/08 19:00:41.705, 98 %, 24424 MiB, 199.72 W, 74
2026/08/08 19:01:41.714, 98 %, 24424 MiB, 199.69 W, 74
2026/08/08 19:02:41.723, 97 %, 24424 MiB, 199.79 W, 74
2026/08/08 19:03:41.733, 100 %, 24424 MiB, 199.98 W, 74
2026/08/08 19:04:41.742, 100 %, 24424 MiB, 200.30 W, 74
2026/08/08 19:05:41.751, 100 %, 24424 MiB, 200.04 W, 74
2026/08/08 19:06:41.761, 100 %, 24424 MiB, 200.33 W, 74
2026/08/08 19:07:41.771, 100 %, 24424 MiB, 199.97 W, 74
2026/08/08 19:08:41.780, 100 %, 24424 MiB, 199.95 W, 74
2026/08/08 19:09:41.788, 100 %, 24424 MiB, 200.20 W, 74
2026/08/08 19:10:41.806, 100 %, 24424 MiB, 200.01 W, 74
2026/08/08 19:11:41.816, 100 %, 24424 MiB, 200.22 W, 74
2026/08/08 19:12:41.825, 97 %, 24424 MiB, 199.62 W, 74
2026/08/08 19:13:41.833, 100 %, 24424 MiB, 199.96 W, 73
2026/08/08 19:14:41.841, 100 %, 24424 MiB, 199.97 W, 74
2026/08/08 19:15:41.850, 100 %, 24424 MiB, 200.28 W, 73
2026/08/08 19:16:41.859, 100 %, 24424 MiB, 199.99 W, 74
2026/08/08 19:17:41.868, 100 %, 24424 MiB, 200.24 W, 74
2026/08/08 19:18:41.876, 100 %, 24424 MiB, 199.99 W, 73
2026/08/08 19:19:41.885, 100 %, 24424 MiB, 200.02 W, 73
2026/08/08 19:20:41.893, 100 %, 24424 MiB, 200.04 W, 74
2026/08/08 19:21:41.907, 100 %, 24424 MiB, 199.99 W, 74
2026/08/08 19:22:41.916, 100 %, 24424 MiB, 200.02 W, 74
2026/08/08 19:23:41.924, 100 %, 24424 MiB, 199.90 W, 74
2026/08/08 19:24:41.932, 100 %, 24424 MiB, 199.98 W, 72
2026/08/08 19:25:41.940, 100 %, 24424 MiB, 200.01 W, 74
2026/08/08 19:26:41.948, 97 %, 24424 MiB, 199.90 W, 74
2026/08/08 19:27:41.957, 100 %, 24424 MiB, 199.96 W, 74
2026/08/08 19:28:41.966, 100 %, 24424 MiB, 200.35 W, 74
2026/08/08 19:29:41.975, 100 %, 24424 MiB, 200.02 W, 74
2026/08/08 19:30:41.986, 100 %, 24424 MiB, 199.97 W, 73
2026/08/08 19:31:42.002, 100 %, 24424 MiB, 200.00 W, 74
2026/08/08 19:32:42.011, 100 %, 24424 MiB, 200.17 W, 73
2026/08/08 19:33:42.021, 98 %, 24424 MiB, 199.66 W, 73
2026/08/08 19:34:42.032, 100 %, 24424 MiB, 200.02 W, 74
2026/08/08 19:35:42.041, 100 %, 24424 MiB, 199.96 W, 74
2026/08/08 19:36:42.050, 100 %, 24424 MiB, 200.06 W, 74
2026/08/08 19:37:42.059, 96 %, 24424 MiB, 199.46 W, 73
2026/08/08 19:38:42.068, 98 %, 24424 MiB, 199.57 W, 73
2026/08/08 19:39:42.077, 100 %, 24424 MiB, 199.98 W, 73
2026/08/08 19:40:42.086, 100 %, 24424 MiB, 200.32 W, 74
2026/08/08 19:41:42.107, 100 %, 24424 MiB, 200.06 W, 74
2026/08/08 19:42:42.116, 100 %, 24424 MiB, 200.32 W, 74
2026/08/08 19:43:42.124, 97 %, 24424 MiB, 199.56 W, 74
2026/08/08 19:44:42.135, 100 %, 24424 MiB, 200.53 W, 74
2026/08/08 19:45:42.143, 100 %, 24424 MiB, 200.20 W, 75
2026/08/08 19:46:42.154, 98 %, 24424 MiB, 199.67 W, 74
2026/08/08 19:47:42.162, 100 %, 24424 MiB, 200.01 W, 74
2026/08/08 19:48:42.172, 100 %, 24424 MiB, 200.01 W, 74
2026/08/08 19:49:42.181, 100 %, 24424 MiB, 200.02 W, 75
2026/08/08 19:50:42.189, 100 %, 24424 MiB, 200.18 W, 74
2026/08/08 19:51:42.207, 100 %, 24424 MiB, 200.39 W, 71
2026/08/08 19:52:42.217, 100 %, 24424 MiB, 199.99 W, 74
2026/08/08 19:53:42.226, 100 %, 24424 MiB, 200.02 W, 74
2026/08/08 19:54:42.234, 100 %, 24424 MiB, 200.03 W, 75
2026/08/08 19:55:42.248, 100 %, 24424 MiB, 200.04 W, 74
2026/08/08 19:56:42.258, 100 %, 24424 MiB, 200.10 W, 75
2026/08/08 19:57:42.268, 97 %, 24424 MiB, 199.70 W, 74
2026/08/08 19:58:42.278, 98 %, 24424 MiB, 199.69 W, 75
2026/08/08 19:59:42.288, 100 %, 24424 MiB, 200.04 W, 74
2026/08/08 20:00:42.306, 100 %, 24424 MiB, 200.32 W, 75
2026/08/08 20:01:42.315, 100 %, 24424 MiB, 200.03 W, 74
2026/08/08 20:02:42.322, 95 %, 24424 MiB, 199.87 W, 75
2026/08/08 20:03:42.331, 98 %, 24424 MiB, 199.68 W, 72
2026/08/08 20:04:42.341, 98 %, 24424 MiB, 199.68 W, 73
2026/08/08 20:05:42.349, 100 %, 24424 MiB, 200.21 W, 74
2026/08/08 20:06:42.359, 100 %, 24424 MiB, 200.02 W, 74
2026/08/08 20:07:42.368, 100 %, 24424 MiB, 200.01 W, 75
2026/08/08 20:08:42.376, 98 %, 24424 MiB, 200.01 W, 75
2026/08/08 20:09:42.385, 98 %, 24424 MiB, 199.70 W, 75
2026/08/08 20:10:42.402, 100 %, 24424 MiB, 199.92 W, 73
2026/08/08 20:11:42.410, 100 %, 24424 MiB, 199.95 W, 75
2026/08/08 20:12:42.418, 97 %, 24424 MiB, 199.71 W, 75
2026/08/08 20:13:42.428, 97 %, 24424 MiB, 199.89 W, 75
2026/08/08 20:14:42.437, 97 %, 24424 MiB, 199.85 W, 74
2026/08/08 20:15:42.446, 100 %, 24424 MiB, 200.02 W, 74
2026/08/08 20:16:42.455, 100 %, 24424 MiB, 200.10 W, 74
2026/08/08 20:17:42.463, 100 %, 24424 MiB, 200.20 W, 74
2026/08/08 20:18:42.474, 100 %, 24424 MiB, 200.27 W, 69
2026/08/08 20:19:42.483, 99 %, 24424 MiB, 200.01 W, 72
2026/08/08 20:20:42.492, 98 %, 24424 MiB, 199.61 W, 74
2026/08/08 20:21:42.507, 100 %, 24424 MiB, 199.40 W, 74
2026/08/08 20:22:42.520, 100 %, 24424 MiB, 199.62 W, 74
2026/08/08 20:23:42.530, 97 %, 24424 MiB, 199.95 W, 74
2026/08/08 20:24:42.883, 98 %, 24424 MiB, 199.90 W, 75
2026/08/08 20:25:42.892, 100 %, 24424 MiB, 199.89 W, 73
2026/08/08 20:26:42.907, 100 %, 24424 MiB, 199.74 W, 75
2026/08/08 20:27:42.915, 100 %, 24424 MiB, 199.75 W, 74
2026/08/08 20:28:42.925, 100 %, 24424 MiB, 200.14 W, 75
2026/08/08 20:29:42.934, 100 %, 24424 MiB, 199.95 W, 74
2026/08/08 20:30:42.944, 100 %, 24424 MiB, 200.00 W, 75
2026/08/08 20:31:42.952, 98 %, 24424 MiB, 199.98 W, 75
2026/08/08 20:32:42.961, 98 %, 24424 MiB, 199.96 W, 75
2026/08/08 20:33:42.970, 98 %, 24424 MiB, 200.01 W, 75
2026/08/08 20:34:42.979, 95 %, 24424 MiB, 199.84 W, 75
2026/08/08 20:35:42.989, 100 %, 24424 MiB, 199.59 W, 74
2026/08/08 20:36:43.008, 100 %, 24424 MiB, 200.17 W, 74
2026/08/08 20:37:43.017, 100 %, 24424 MiB, 200.10 W, 75
2026/08/08 20:38:43.025, 97 %, 24424 MiB, 199.99 W, 75
2026/08/08 20:39:43.033, 100 %, 24424 MiB, 199.88 W, 75
2026/08/08 20:40:43.041, 100 %, 24424 MiB, 199.92 W, 75
2026/08/08 20:41:43.049, 100 %, 24424 MiB, 199.87 W, 74
2026/08/08 20:42:43.058, 100 %, 24424 MiB, 199.73 W, 74
2026/08/08 20:43:43.067, 100 %, 24424 MiB, 199.91 W, 75
2026/08/08 20:44:43.074, 100 %, 24424 MiB, 199.65 W, 74
2026/08/08 20:45:43.083, 0 %, 24424 MiB, 26.58 W, 55
2026/08/08 20:46:43.092, 98 %, 24424 MiB, 200.00 W, 75
2026/08/08 20:47:43.107, 97 %, 24424 MiB, 200.02 W, 75
2026/08/08 20:48:43.115, 100 %, 24424 MiB, 199.91 W, 75
2026/08/08 20:49:43.124, 100 %, 24424 MiB, 200.02 W, 75
2026/08/08 20:50:43.134, 100 %, 24424 MiB, 199.65 W, 75
2026/08/08 20:51:43.143, 100 %, 24424 MiB, 199.68 W, 74
2026/08/08 20:52:43.151, 100 %, 24424 MiB, 200.18 W, 72
2026/08/08 20:53:43.159, 100 %, 24424 MiB, 199.96 W, 75
2026/08/08 20:54:43.168, 98 %, 24424 MiB, 199.96 W, 74
2026/08/08 20:55:43.178, 100 %, 24424 MiB, 200.28 W, 75
2026/08/08 20:56:43.188, 100 %, 24424 MiB, 199.81 W, 75
2026/08/08 20:57:43.205, 100 %, 24424 MiB, 199.99 W, 74
2026/08/08 20:58:43.214, 98 %, 24424 MiB, 199.95 W, 74
2026/08/08 20:59:43.223, 100 %, 24424 MiB, 199.89 W, 75
2026/08/08 21:00:43.233, 98 %, 24424 MiB, 199.95 W, 74
2026/08/08 21:01:43.241, 100 %, 24424 MiB, 199.95 W, 75
2026/08/08 21:02:43.251, 94 %, 24424 MiB, 200.01 W, 75
2026/08/08 21:03:43.259, 98 %, 24424 MiB, 200.00 W, 74
2026/08/08 21:04:43.268, 100 %, 24424 MiB, 199.96 W, 74
2026/08/08 21:05:43.278, 100 %, 24424 MiB, 199.89 W, 75
2026/08/08 21:06:43.287, 100 %, 24424 MiB, 199.83 W, 75
2026/08/08 21:07:43.303, 100 %, 24424 MiB, 199.83 W, 75
2026/08/08 21:08:43.311, 100 %, 24424 MiB, 199.82 W, 75
2026/08/08 21:09:43.321, 100 %, 24424 MiB, 199.99 W, 75
2026/08/08 21:10:43.329, 100 %, 24424 MiB, 200.19 W, 74
2026/08/08 21:11:43.338, 99 %, 24424 MiB, 199.95 W, 74
2026/08/08 21:12:43.346, 2 %, 24424 MiB, 28.67 W, 59
2026/08/08 21:13:43.355, 100 %, 24424 MiB, 199.67 W, 73
2026/08/08 21:14:43.364, 99 %, 24424 MiB, 200.00 W, 74
2026/08/08 21:15:43.372, 100 %, 24424 MiB, 199.93 W, 75
2026/08/08 21:16:43.382, 97 %, 24424 MiB, 199.73 W, 75
2026/08/08 21:17:43.390, 100 %, 24424 MiB, 200.19 W, 75
2026/08/08 21:18:43.406, 97 %, 24424 MiB, 199.91 W, 76
2026/08/08 21:19:43.415, 100 %, 24424 MiB, 200.18 W, 75
2026/08/08 21:20:43.424, 97 %, 24424 MiB, 199.92 W, 76
2026/08/08 21:21:43.432, 100 %, 24424 MiB, 200.12 W, 76
2026/08/08 21:22:43.443, 100 %, 24424 MiB, 200.02 W, 75
2026/08/08 21:23:43.453, 100 %, 24424 MiB, 199.96 W, 76
2026/08/08 21:24:43.461, 100 %, 24424 MiB, 200.15 W, 75
2026/08/08 21:25:43.470, 97 %, 24424 MiB, 199.79 W, 76
2026/08/08 21:26:43.478, 100 %, 24424 MiB, 199.98 W, 75
2026/08/08 21:27:43.487, 97 %, 24424 MiB, 199.77 W, 76
2026/08/08 21:28:43.504, 100 %, 24424 MiB, 199.98 W, 76
2026/08/08 21:29:43.513, 100 %, 24424 MiB, 199.82 W, 75
2026/08/08 21:30:43.522, 100 %, 24424 MiB, 200.00 W, 76
2026/08/08 21:31:43.531, 100 %, 24424 MiB, 199.96 W, 76
2026/08/08 21:32:43.538, 100 %, 24424 MiB, 200.12 W, 76
2026/08/08 21:33:43.546, 100 %, 24424 MiB, 199.96 W, 76
2026/08/08 21:34:43.554, 100 %, 24424 MiB, 200.34 W, 76
2026/08/08 21:35:43.564, 95 %, 24424 MiB, 199.85 W, 76
2026/08/08 21:36:43.572, 100 %, 24424 MiB, 199.99 W, 76
2026/08/08 21:37:43.580, 100 %, 24424 MiB, 200.03 W, 76
2026/08/08 21:38:43.589, 98 %, 24424 MiB, 199.71 W, 75
2026/08/08 21:39:43.604, 100 %, 24424 MiB, 200.36 W, 75
2026/08/08 21:40:43.614, 100 %, 24424 MiB, 199.99 W, 75
2026/08/08 21:41:43.624, 97 %, 24424 MiB, 199.66 W, 76
2026/08/08 21:42:43.633, 100 %, 24424 MiB, 199.98 W, 76
2026/08/08 21:43:43.642, 100 %, 24424 MiB, 199.97 W, 75
2026/08/08 21:44:43.651, 94 %, 24424 MiB, 199.99 W, 76
2026/08/08 21:45:43.661, 100 %, 24424 MiB, 199.97 W, 76
2026/08/08 21:46:43.669, 96 %, 24424 MiB, 200.02 W, 75
2026/08/08 21:47:43.678, 100 %, 24424 MiB, 200.08 W, 76
2026/08/08 21:48:43.685, 100 %, 24424 MiB, 199.99 W, 76
2026/08/08 21:49:43.701, 100 %, 24424 MiB, 199.97 W, 75
2026/08/08 21:50:43.710, 100 %, 24424 MiB, 200.24 W, 76
2026/08/08 21:51:43.720, 100 %, 24424 MiB, 199.94 W, 76
2026/08/08 21:52:43.728, 100 %, 24424 MiB, 200.20 W, 75
2026/08/08 21:53:43.736, 100 %, 24424 MiB, 199.97 W, 76
2026/08/08 21:54:43.744, 100 %, 24424 MiB, 200.00 W, 75
2026/08/08 21:55:43.753, 98 %, 24424 MiB, 199.80 W, 76
2026/08/08 21:56:43.762, 100 %, 24424 MiB, 200.18 W, 76
2026/08/08 21:57:43.771, 97 %, 24424 MiB, 199.94 W, 76
2026/08/08 21:58:43.780, 100 %, 24424 MiB, 200.01 W, 76
2026/08/08 21:59:43.788, 98 %, 24424 MiB, 199.63 W, 76
2026/08/08 22:00:43.804, 100 %, 24424 MiB, 200.27 W, 76
2026/08/08 22:01:43.813, 100 %, 24424 MiB, 200.02 W, 76
2026/08/08 22:02:43.822, 100 %, 24424 MiB, 200.01 W, 76
2026/08/08 22:03:43.830, 100 %, 24424 MiB, 199.97 W, 76
2026/08/08 22:04:43.837, 100 %, 24424 MiB, 200.01 W, 76
2026/08/08 22:05:43.844, 100 %, 24424 MiB, 199.96 W, 76
2026/08/08 22:06:43.853, 100 %, 24424 MiB, 200.04 W, 76
2026/08/08 22:07:43.862, 94 %, 24424 MiB, 199.94 W, 75
2026/08/08 22:08:43.872, 100 %, 24424 MiB, 200.02 W, 76
2026/08/08 22:09:43.880, 100 %, 24424 MiB, 199.97 W, 76
2026/08/08 22:10:43.889, 100 %, 24424 MiB, 199.97 W, 76
2026/08/08 22:11:43.903, 100 %, 24424 MiB, 200.22 W, 75
2026/08/08 22:12:43.917, 98 %, 24424 MiB, 199.77 W, 76
2026/08/08 22:13:43.925, 100 %, 24424 MiB, 200.06 W, 75
2026/08/08 22:14:43.933, 100 %, 24424 MiB, 199.99 W, 76
2026/08/08 22:15:43.942, 100 %, 24424 MiB, 199.96 W, 76
2026/08/08 22:16:43.952, 97 %, 24424 MiB, 199.81 W, 76
2026/08/08 22:17:43.960, 100 %, 24424 MiB, 200.00 W, 76
2026/08/08 22:18:43.968, 98 %, 24424 MiB, 199.81 W, 76
2026/08/08 22:19:43.978, 100 %, 24424 MiB, 200.00 W, 76
2026/08/08 22:20:43.986, 100 %, 24424 MiB, 199.94 W, 76
2026/08/08 22:21:44.007, 100 %, 24424 MiB, 200.01 W, 76
2026/08/08 22:22:44.015, 97 %, 24424 MiB, 199.68 W, 76
2026/08/08 22:23:44.023, 100 %, 24424 MiB, 200.35 W, 76
2026/08/08 22:24:44.033, 100 %, 24424 MiB, 200.15 W, 74
2026/08/08 22:25:44.041, 96 %, 24424 MiB, 199.90 W, 76
2026/08/08 22:26:44.049, 100 %, 24424 MiB, 199.96 W, 76
2026/08/08 22:27:44.058, 100 %, 24424 MiB, 200.26 W, 76
2026/08/08 22:28:44.066, 100 %, 24424 MiB, 200.00 W, 76
2026/08/08 22:29:44.075, 100 %, 24424 MiB, 199.95 W, 76
2026/08/08 22:30:44.083, 100 %, 24424 MiB, 200.00 W, 76
2026/08/08 22:31:44.099, 100 %, 24424 MiB, 200.03 W, 76
2026/08/08 22:32:44.107, 100 %, 24424 MiB, 199.99 W, 76
2026/08/08 22:33:44.114, 100 %, 24424 MiB, 200.09 W, 76
2026/08/08 22:34:44.123, 97 %, 24424 MiB, 199.69 W, 73
2026/08/08 22:35:44.131, 100 %, 24424 MiB, 199.96 W, 75
2026/08/08 22:36:44.141, 100 %, 24424 MiB, 200.02 W, 76
2026/08/08 22:37:44.149, 100 %, 24424 MiB, 199.64 W, 75
2026/08/08 22:38:44.158, 95 %, 24424 MiB, 199.90 W, 76
2026/08/08 22:39:44.168, 100 %, 24424 MiB, 199.97 W, 76
2026/08/08 22:40:44.176, 100 %, 24424 MiB, 200.01 W, 76
2026/08/08 22:41:44.185, 98 %, 24424 MiB, 199.92 W, 76
2026/08/08 22:42:44.205, 100 %, 24424 MiB, 200.08 W, 76
2026/08/08 22:43:44.214, 97 %, 24424 MiB, 199.93 W, 74
2026/08/08 22:44:44.222, 100 %, 24424 MiB, 199.97 W, 75
2026/08/08 22:45:44.231, 100 %, 24424 MiB, 200.27 W, 76
2026/08/08 22:46:44.238, 100 %, 24424 MiB, 200.09 W, 76
2026/08/08 22:47:44.247, 100 %, 24424 MiB, 199.99 W, 76
2026/08/08 22:48:44.255, 100 %, 24424 MiB, 200.10 W, 76
2026/08/08 22:49:44.264, 96 %, 24424 MiB, 199.50 W, 77
2026/08/08 22:50:44.271, 97 %, 24424 MiB, 199.95 W, 75
2026/08/08 22:51:44.280, 100 %, 24424 MiB, 200.03 W, 76
2026/08/08 22:52:44.288, 100 %, 24424 MiB, 200.09 W, 76
2026/08/08 22:53:44.303, 100 %, 24424 MiB, 200.03 W, 76
2026/08/08 22:54:44.311, 97 %, 24424 MiB, 200.01 W, 76
2026/08/08 22:55:44.321, 100 %, 24424 MiB, 199.96 W, 76
2026/08/08 22:56:44.329, 100 %, 24424 MiB, 200.01 W, 75
2026/08/08 22:57:44.340, 97 %, 24424 MiB, 199.57 W, 76
2026/08/08 22:58:44.348, 100 %, 24424 MiB, 200.10 W, 76
2026/08/08 22:59:44.356, 100 %, 24424 MiB, 200.31 W, 76
2026/08/08 23:00:44.364, 97 %, 24424 MiB, 199.58 W, 76
2026/08/08 23:01:44.373, 0 %, 24424 MiB, 27.42 W, 57
2026/08/08 23:02:44.381, 94 %, 24424 MiB, 200.01 W, 76
2026/08/08 23:03:44.397, 100 %, 24424 MiB, 200.05 W, 76
2026/08/08 23:04:44.405, 98 %, 24424 MiB, 199.70 W, 76
2026/08/08 23:05:44.414, 100 %, 24424 MiB, 199.95 W, 77
2026/08/08 23:06:44.424, 100 %, 24424 MiB, 199.96 W, 77
2026/08/08 23:07:44.432, 100 %, 24424 MiB, 199.95 W, 77
2026/08/08 23:08:44.442, 100 %, 24424 MiB, 200.18 W, 76
2026/08/08 23:09:44.450, 100 %, 24424 MiB, 200.01 W, 76
2026/08/08 23:10:44.459, 100 %, 24424 MiB, 200.01 W, 77
2026/08/08 23:11:44.468, 98 %, 24424 MiB, 200.01 W, 76
2026/08/08 23:12:44.477, 100 %, 24424 MiB, 200.00 W, 77
2026/08/08 23:13:44.486, 100 %, 24424 MiB, 199.97 W, 76
2026/08/08 23:14:44.502, 100 %, 24424 MiB, 200.08 W, 76
2026/08/08 23:15:44.510, 98 %, 24424 MiB, 199.81 W, 77
2026/08/08 23:16:44.518, 100 %, 24424 MiB, 199.96 W, 76
2026/08/08 23:17:44.528, 100 %, 24424 MiB, 200.18 W, 76
2026/08/08 23:18:44.537, 100 %, 24424 MiB, 199.97 W, 76
2026/08/08 23:19:44.545, 100 %, 24424 MiB, 200.02 W, 76
2026/08/08 23:20:44.555, 100 %, 24424 MiB, 199.96 W, 76
2026/08/08 23:21:44.563, 94 %, 24424 MiB, 199.94 W, 77
2026/08/08 23:22:44.572, 100 %, 24424 MiB, 199.99 W, 77
2026/08/08 23:23:44.581, 100 %, 24424 MiB, 199.97 W, 77
2026/08/08 23:24:44.599, 100 %, 24424 MiB, 199.80 W, 77
2026/08/08 23:25:44.609, 89 %, 24424 MiB, 198.34 W, 76
2026/08/08 23:26:44.617, 100 %, 24424 MiB, 200.07 W, 77
2026/08/08 23:27:44.627, 100 %, 24424 MiB, 199.81 W, 77
2026/08/08 23:28:44.635, 93 %, 24424 MiB, 199.90 W, 77
2026/08/08 23:29:44.644, 100 %, 24424 MiB, 200.07 W, 75
2026/08/08 23:30:44.653, 100 %, 24424 MiB, 200.94 W, 76
2026/08/08 23:31:44.662, 100 %, 24424 MiB, 200.10 W, 77
2026/08/08 23:32:44.672, 100 %, 24424 MiB, 200.28 W, 77
2026/08/08 23:33:44.681, 100 %, 24424 MiB, 199.91 W, 77
2026/08/08 23:34:44.689, 100 %, 24424 MiB, 200.58 W, 76
2026/08/08 23:35:44.703, 100 %, 24424 MiB, 199.90 W, 76
2026/08/08 23:36:44.712, 100 %, 24424 MiB, 200.03 W, 77
2026/08/08 23:37:44.721, 100 %, 24424 MiB, 199.90 W, 76
2026/08/08 23:38:44.731, 100 %, 24424 MiB, 200.12 W, 76
2026/08/08 23:39:44.741, 100 %, 24424 MiB, 200.03 W, 76
2026/08/08 23:40:44.750, 100 %, 24424 MiB, 200.01 W, 76
2026/08/08 23:41:44.759, 100 %, 24424 MiB, 199.80 W, 76
2026/08/08 23:42:44.767, 100 %, 24424 MiB, 199.83 W, 76
2026/08/08 23:43:44.776, 100 %, 24424 MiB, 201.19 W, 76
2026/08/08 23:44:44.785, 94 %, 24424 MiB, 200.08 W, 73
2026/08/08 23:45:44.801, 100 %, 24424 MiB, 199.96 W, 76
2026/08/08 23:46:44.809, 99 %, 24424 MiB, 199.76 W, 77
2026/08/08 23:47:44.818, 100 %, 24424 MiB, 200.05 W, 76
2026/08/08 23:48:44.826, 100 %, 24424 MiB, 200.06 W, 76
2026/08/08 23:49:44.835, 100 %, 24424 MiB, 200.07 W, 76
2026/08/08 23:50:44.843, 100 %, 24424 MiB, 200.68 W, 76
2026/08/08 23:51:44.851, 100 %, 24424 MiB, 201.47 W, 76
2026/08/08 23:52:44.859, 100 %, 24424 MiB, 199.93 W, 76
2026/08/08 23:53:44.867, 100 %, 24424 MiB, 200.83 W, 76
2026/08/08 23:54:44.876, 100 %, 24424 MiB, 201.26 W, 76
2026/08/08 23:55:44.884, 89 %, 24424 MiB, 198.38 W, 76
2026/08/08 23:56:44.902, 0 %, 24424 MiB, 27.76 W, 57
2026/08/08 23:57:44.912, 100 %, 24424 MiB, 200.05 W, 75
2026/08/08 23:58:44.920, 100 %, 24424 MiB, 198.33 W, 75
2026/08/08 23:59:44.928, 89 %, 24424 MiB, 199.57 W, 75
2026/08/09 00:00:44.937, 100 %, 24424 MiB, 199.97 W, 76
2026/08/09 00:01:44.946, 100 %, 24424 MiB, 200.14 W, 76
2026/08/09 00:02:44.952, 100 %, 24424 MiB, 200.14 W, 76
2026/08/09 00:03:44.961, 79 %, 24424 MiB, 196.98 W, 71
2026/08/09 00:04:44.969, 100 %, 24424 MiB, 200.27 W, 76
2026/08/09 00:05:44.978, 87 %, 24424 MiB, 198.41 W, 75
2026/08/09 00:06:44.986, 100 %, 24424 MiB, 199.93 W, 75
2026/08/09 00:07:45.006, 100 %, 24424 MiB, 200.79 W, 75
2026/08/09 00:08:45.015, 90 %, 24424 MiB, 199.94 W, 73
2026/08/09 00:09:45.025, 100 %, 24424 MiB, 199.90 W, 75
2026/08/09 00:10:45.033, 100 %, 24424 MiB, 199.68 W, 75
2026/08/09 00:11:45.043, 100 %, 24424 MiB, 199.98 W, 75
2026/08/09 00:12:45.052, 100 %, 24424 MiB, 201.08 W, 74
2026/08/09 00:13:45.061, 89 %, 24424 MiB, 199.83 W, 75
2026/08/09 00:14:45.070, 100 %, 24424 MiB, 199.84 W, 74
2026/08/09 00:15:45.078, 100 %, 24424 MiB, 199.85 W, 74
2026/08/09 00:16:45.087, 100 %, 24424 MiB, 199.62 W, 75
2026/08/09 00:17:45.104, 94 %, 24424 MiB, 200.12 W, 74
2026/08/09 00:18:45.112, 100 %, 24424 MiB, 198.53 W, 75
2026/08/09 00:19:45.122, 100 %, 24424 MiB, 199.53 W, 74
2026/08/09 00:20:45.130, 92 %, 24424 MiB, 200.01 W, 74
2026/08/09 00:21:45.138, 100 %, 24424 MiB, 199.88 W, 75
2026/08/09 00:22:45.148, 100 %, 24424 MiB, 200.10 W, 71
2026/08/09 00:23:45.156, 100 %, 24424 MiB, 200.16 W, 75
2026/08/09 00:24:45.164, 100 %, 24424 MiB, 199.16 W, 73
2026/08/09 00:25:45.173, 100 %, 24424 MiB, 199.74 W, 75
2026/08/09 00:26:45.182, 93 %, 24424 MiB, 199.89 W, 74
2026/08/09 00:27:45.191, 100 %, 24424 MiB, 199.41 W, 75
2026/08/09 00:28:45.208, 100 %, 24424 MiB, 199.90 W, 76
2026/08/09 00:29:45.217, 100 %, 24424 MiB, 199.88 W, 76
2026/08/09 00:30:45.225, 100 %, 24424 MiB, 198.08 W, 76
2026/08/09 00:31:45.234, 100 %, 24424 MiB, 199.99 W, 76
2026/08/09 00:32:45.241, 90 %, 24424 MiB, 199.97 W, 75
2026/08/09 00:33:45.249, 100 %, 24424 MiB, 200.25 W, 76
2026/08/09 00:34:45.258, 100 %, 24424 MiB, 200.04 W, 76
2026/08/09 00:35:45.266, 100 %, 24424 MiB, 199.24 W, 76
2026/08/09 00:36:45.276, 100 %, 24424 MiB, 200.79 W, 75
2026/08/09 00:37:45.283, 100 %, 24424 MiB, 200.78 W, 75
2026/08/09 00:38:45.293, 100 %, 24424 MiB, 199.27 W, 75
2026/08/09 00:39:45.310, 85 %, 24424 MiB, 199.99 W, 75
2026/08/09 00:40:45.319, 95 %, 24424 MiB, 199.45 W, 72
2026/08/09 00:41:45.327, 100 %, 24424 MiB, 199.59 W, 74
2026/08/09 00:42:45.334, 100 %, 24424 MiB, 199.28 W, 74
2026/08/09 00:43:45.341, 100 %, 24424 MiB, 202.06 W, 75
2026/08/09 00:44:45.350, 97 %, 24424 MiB, 200.28 W, 75
2026/08/09 00:45:45.360, 88 %, 24424 MiB, 200.44 W, 75
2026/08/09 00:46:45.368, 88 %, 24424 MiB, 200.10 W, 76
2026/08/09 00:47:45.376, 93 %, 24424 MiB, 200.11 W, 76
2026/08/09 00:48:45.385, 95 %, 24424 MiB, 199.88 W, 76
2026/08/09 00:49:45.394, 92 %, 24424 MiB, 199.97 W, 76
2026/08/09 00:50:45.408, 100 %, 24424 MiB, 198.79 W, 75
2026/08/09 00:51:45.418, 2 %, 24424 MiB, 29.63 W, 60
2026/08/09 00:52:45.426, 100 %, 24424 MiB, 199.66 W, 74
2026/08/09 00:53:45.434, 100 %, 24424 MiB, 199.98 W, 74
2026/08/09 00:54:45.442, 95 %, 24424 MiB, 199.98 W, 75
2026/08/09 00:55:45.451, 92 %, 24424 MiB, 199.97 W, 75
2026/08/09 00:56:45.459, 100 %, 24424 MiB, 200.00 W, 75
2026/08/09 00:57:45.467, 100 %, 24424 MiB, 200.06 W, 74
2026/08/09 00:58:45.475, 100 %, 24424 MiB, 199.13 W, 75
2026/08/09 00:59:45.486, 93 %, 24424 MiB, 199.94 W, 75
2026/08/09 01:00:45.504, 93 %, 24424 MiB, 200.01 W, 75
2026/08/09 01:01:45.513, 100 %, 24424 MiB, 199.96 W, 75
2026/08/09 01:02:45.522, 100 %, 24424 MiB, 199.75 W, 74
2026/08/09 01:03:45.530, 100 %, 24424 MiB, 199.43 W, 76
2026/08/09 01:04:45.539, 100 %, 24424 MiB, 199.69 W, 76
2026/08/09 01:05:45.549, 100 %, 24424 MiB, 199.97 W, 75
2026/08/09 01:06:45.558, 90 %, 24424 MiB, 199.97 W, 76
2026/08/09 01:07:45.565, 100 %, 24424 MiB, 199.85 W, 75
2026/08/09 01:08:45.574, 79 %, 24424 MiB, 199.98 W, 74
2026/08/09 01:09:45.583, 100 %, 24424 MiB, 200.10 W, 74
2026/08/09 01:10:45.592, 100 %, 24424 MiB, 199.97 W, 75
2026/08/09 01:11:45.607, 100 %, 24424 MiB, 200.34 W, 74
2026/08/09 01:12:45.616, 87 %, 24424 MiB, 199.90 W, 75
2026/08/09 01:13:45.625, 100 %, 24424 MiB, 200.10 W, 74
2026/08/09 01:14:45.635, 95 %, 24424 MiB, 199.93 W, 75
2026/08/09 01:15:45.643, 100 %, 24424 MiB, 200.09 W, 74
2026/08/09 01:16:45.651, 96 %, 24424 MiB, 199.80 W, 75
2026/08/09 01:17:45.662, 99 %, 24424 MiB, 199.88 W, 75
2026/08/09 01:18:45.671, 95 %, 24424 MiB, 200.18 W, 75
2026/08/09 01:19:45.680, 100 %, 24424 MiB, 200.51 W, 72
2026/08/09 01:20:45.688, 91 %, 24424 MiB, 199.96 W, 75
2026/08/09 01:21:45.704, 100 %, 24424 MiB, 200.18 W, 75
2026/08/09 01:22:45.722, 100 %, 24424 MiB, 199.81 W, 75
2026/08/09 01:23:45.730, 97 %, 24424 MiB, 199.93 W, 75
2026/08/09 01:24:45.737, 100 %, 24424 MiB, 200.12 W, 75
2026/08/09 01:25:45.746, 96 %, 24424 MiB, 199.96 W, 76
2026/08/09 01:26:45.756, 97 %, 24424 MiB, 200.02 W, 75
2026/08/09 01:27:45.763, 100 %, 24424 MiB, 200.67 W, 76
2026/08/09 01:28:45.771, 91 %, 24424 MiB, 199.99 W, 76
2026/08/09 01:29:45.779, 100 %, 24424 MiB, 200.05 W, 75
2026/08/09 01:30:45.788, 100 %, 24424 MiB, 199.93 W, 76
2026/08/09 01:31:45.804, 100 %, 24424 MiB, 199.69 W, 75
2026/08/09 01:32:45.812, 100 %, 24424 MiB, 200.00 W, 75
2026/08/09 01:33:45.820, 100 %, 24424 MiB, 200.52 W, 75
2026/08/09 01:34:45.831, 100 %, 24424 MiB, 200.62 W, 75
2026/08/09 01:35:45.839, 98 %, 24424 MiB, 199.93 W, 76
2026/08/09 01:36:45.848, 94 %, 24424 MiB, 200.01 W, 75
2026/08/09 01:37:45.857, 100 %, 24424 MiB, 199.72 W, 75
2026/08/09 01:38:45.865, 100 %, 24424 MiB, 200.02 W, 75
2026/08/09 01:39:45.874, 100 %, 24424 MiB, 200.08 W, 75
2026/08/09 01:40:45.883, 100 %, 24424 MiB, 201.16 W, 75
2026/08/09 01:41:45.890, 93 %, 24424 MiB, 200.07 W, 75
2026/08/09 01:42:45.906, 100 %, 24424 MiB, 200.01 W, 75
2026/08/09 01:43:45.914, 100 %, 24424 MiB, 199.93 W, 76
2026/08/09 01:44:45.922, 100 %, 24424 MiB, 199.74 W, 75
2026/08/09 01:45:45.931, 94 %, 24424 MiB, 199.98 W, 75
2026/08/09 01:46:45.940, 0 %, 24424 MiB, 39.83 W, 64
2026/08/09 01:47:45.948, 95 %, 24424 MiB, 200.33 W, 75
2026/08/09 01:48:45.956, 84 %, 24424 MiB, 199.96 W, 76
2026/08/09 01:49:45.964, 100 %, 24424 MiB, 199.41 W, 75
2026/08/09 01:50:45.971, 100 %, 24424 MiB, 200.36 W, 74
2026/08/09 01:51:45.980, 96 %, 24424 MiB, 199.82 W, 75
2026/08/09 01:52:45.990, 98 %, 24424 MiB, 199.84 W, 74
2026/08/09 01:53:46.006, 100 %, 24424 MiB, 199.98 W, 74
2026/08/09 01:54:46.016, 100 %, 24424 MiB, 200.71 W, 74
2026/08/09 01:55:46.024, 88 %, 24424 MiB, 199.97 W, 74
2026/08/09 01:56:46.032, 100 %, 24424 MiB, 200.57 W, 74
2026/08/09 01:57:46.040, 100 %, 24424 MiB, 200.06 W, 75
2026/08/09 01:58:46.050, 100 %, 24424 MiB, 200.03 W, 74
2026/08/09 01:59:46.060, 100 %, 24424 MiB, 200.23 W, 74
2026/08/09 02:00:46.070, 100 %, 24424 MiB, 200.23 W, 75
2026/08/09 02:01:46.077, 100 %, 24424 MiB, 198.78 W, 73
2026/08/09 02:02:46.085, 100 %, 24424 MiB, 199.99 W, 73
2026/08/09 02:03:46.093, 100 %, 24424 MiB, 199.07 W, 75
2026/08/09 02:04:46.107, 100 %, 24424 MiB, 199.59 W, 75
2026/08/09 02:05:46.115, 100 %, 24424 MiB, 199.89 W, 75
2026/08/09 02:06:46.124, 100 %, 24424 MiB, 199.89 W, 75
2026/08/09 02:07:46.131, 100 %, 24424 MiB, 200.01 W, 75
2026/08/09 02:08:46.139, 100 %, 24424 MiB, 201.03 W, 75
2026/08/09 02:09:46.147, 100 %, 24424 MiB, 199.95 W, 75
2026/08/09 02:10:46.155, 92 %, 24424 MiB, 200.02 W, 75
2026/08/09 02:11:46.164, 100 %, 24424 MiB, 200.00 W, 76
2026/08/09 02:12:46.172, 100 %, 24424 MiB, 200.58 W, 75
2026/08/09 02:13:46.181, 100 %, 24424 MiB, 200.61 W, 75
2026/08/09 02:14:46.187, 100 %, 24424 MiB, 199.98 W, 74
2026/08/09 02:15:46.203, 100 %, 24424 MiB, 200.03 W, 74
2026/08/09 02:16:46.212, 100 %, 24424 MiB, 200.06 W, 74
2026/08/09 02:17:46.220, 100 %, 24424 MiB, 200.80 W, 75
2026/08/09 02:18:46.228, 100 %, 24424 MiB, 199.95 W, 75
2026/08/09 02:19:46.236, 100 %, 24424 MiB, 199.89 W, 75
2026/08/09 02:20:46.243, 100 %, 24424 MiB, 200.03 W, 75
2026/08/09 02:21:46.251, 100 %, 24424 MiB, 199.56 W, 75
2026/08/09 02:22:46.259, 100 %, 24424 MiB, 199.37 W, 75
2026/08/09 02:23:46.268, 100 %, 24424 MiB, 199.64 W, 75
2026/08/09 02:24:46.275, 99 %, 24424 MiB, 200.14 W, 75
2026/08/09 02:25:46.285, 100 %, 24424 MiB, 199.47 W, 75
2026/08/09 02:26:46.293, 100 %, 24424 MiB, 199.95 W, 75
2026/08/09 02:27:46.308, 100 %, 24424 MiB, 200.01 W, 75
2026/08/09 02:28:46.316, 100 %, 24424 MiB, 200.02 W, 74
2026/08/09 02:29:46.325, 100 %, 24424 MiB, 199.06 W, 73
2026/08/09 02:30:46.334, 97 %, 24424 MiB, 199.98 W, 74
2026/08/09 02:31:46.341, 100 %, 24424 MiB, 200.88 W, 74
2026/08/09 02:32:46.350, 100 %, 24424 MiB, 199.05 W, 74
2026/08/09 02:33:46.359, 100 %, 24424 MiB, 199.86 W, 74
2026/08/09 02:34:46.367, 100 %, 24424 MiB, 199.20 W, 74
2026/08/09 02:35:46.375, 100 %, 24424 MiB, 199.83 W, 75
2026/08/09 02:36:46.383, 97 %, 24424 MiB, 199.81 W, 74
2026/08/09 02:37:46.392, 100 %, 24424 MiB, 201.66 W, 74
2026/08/09 02:38:46.409, 93 %, 24424 MiB, 199.97 W, 74
2026/08/09 02:39:46.419, 100 %, 24424 MiB, 200.03 W, 75
2026/08/09 02:40:46.427, 97 %, 24424 MiB, 199.96 W, 75
2026/08/09 02:41:46.434, 88 %, 24424 MiB, 199.91 W, 73
2026/08/09 02:42:46.443, 97 %, 24424 MiB, 199.92 W, 74
2026/08/09 02:43:46.450, 100 %, 24424 MiB, 200.41 W, 74
2026/08/09 02:44:46.459, 87 %, 24424 MiB, 199.96 W, 75
2026/08/09 02:45:46.467, 94 %, 24424 MiB, 199.93 W, 74
2026/08/09 02:46:46.474, 100 %, 24424 MiB, 200.49 W, 75
2026/08/09 02:47:46.482, 100 %, 24424 MiB, 199.84 W, 75
2026/08/09 02:48:46.491, 97 %, 24424 MiB, 199.93 W, 74
2026/08/09 02:49:46.508, 100 %, 24424 MiB, 200.06 W, 75
2026/08/09 02:50:46.515, 100 %, 24424 MiB, 200.35 W, 74
2026/08/09 02:51:46.524, 100 %, 24424 MiB, 199.92 W, 75
2026/08/09 02:52:46.532, 97 %, 24424 MiB, 199.95 W, 75
2026/08/09 02:53:46.541, 99 %, 24424 MiB, 199.98 W, 75
2026/08/09 02:54:46.548, 100 %, 24424 MiB, 199.56 W, 75
2026/08/09 02:55:46.556, 94 %, 24424 MiB, 199.91 W, 74
2026/08/09 02:56:46.563, 100 %, 24424 MiB, 200.17 W, 75
2026/08/09 02:57:46.571, 100 %, 24424 MiB, 199.67 W, 75
2026/08/09 02:58:46.579, 100 %, 24424 MiB, 200.03 W, 73
2026/08/09 02:59:46.588, 100 %, 24424 MiB, 199.94 W, 74
2026/08/09 03:00:46.604, 100 %, 24424 MiB, 200.04 W, 75
2026/08/09 03:01:46.613, 100 %, 24424 MiB, 199.99 W, 75
2026/08/09 03:02:46.620, 81 %, 24424 MiB, 199.98 W, 75
2026/08/09 03:03:46.629, 100 %, 24424 MiB, 199.99 W, 75
2026/08/09 03:04:46.637, 100 %, 24424 MiB, 200.09 W, 74
2026/08/09 03:05:46.646, 95 %, 24424 MiB, 200.03 W, 75
2026/08/09 03:06:46.654, 100 %, 24424 MiB, 199.71 W, 74
2026/08/09 03:07:46.663, 100 %, 24424 MiB, 199.98 W, 75
2026/08/09 03:08:46.670, 100 %, 24424 MiB, 200.31 W, 71
2026/08/09 03:09:46.678, 100 %, 24424 MiB, 199.98 W, 74
2026/08/09 03:10:46.686, 100 %, 24424 MiB, 199.77 W, 74
2026/08/09 03:11:46.701, 100 %, 24424 MiB, 199.39 W, 74
2026/08/09 03:12:46.707, 100 %, 24424 MiB, 199.94 W, 74
2026/08/09 03:13:46.715, 100 %, 24424 MiB, 200.13 W, 74
2026/08/09 03:14:46.724, 93 %, 24424 MiB, 199.99 W, 74
2026/08/09 03:15:46.734, 100 %, 24424 MiB, 199.28 W, 74
2026/08/09 03:16:46.741, 96 %, 24424 MiB, 199.94 W, 74
2026/08/09 03:17:46.750, 100 %, 24424 MiB, 199.62 W, 74
2026/08/09 03:18:46.758, 100 %, 24424 MiB, 200.27 W, 74
2026/08/09 03:19:46.766, 95 %, 24424 MiB, 199.99 W, 75
2026/08/09 03:20:46.774, 100 %, 24424 MiB, 200.23 W, 74
2026/08/09 03:21:46.782, 94 %, 24424 MiB, 200.00 W, 74
2026/08/09 03:22:46.789, 100 %, 24424 MiB, 199.02 W, 74
2026/08/09 03:23:46.811, 94 %, 24424 MiB, 199.67 W, 75
2026/08/09 03:24:46.819, 100 %, 24424 MiB, 200.36 W, 74
2026/08/09 03:25:46.828, 97 %, 24424 MiB, 199.94 W, 75
2026/08/09 03:26:46.837, 100 %, 24424 MiB, 200.40 W, 74
2026/08/09 03:27:46.845, 97 %, 24424 MiB, 200.54 W, 75
2026/08/09 03:28:46.851, 100 %, 24424 MiB, 199.67 W, 75
2026/08/09 03:29:46.858, 100 %, 24424 MiB, 200.16 W, 75
2026/08/09 03:30:46.866, 100 %, 24424 MiB, 200.02 W, 74
2026/08/09 03:31:46.873, 100 %, 24424 MiB, 200.07 W, 74
2026/08/09 03:32:46.880, 100 %, 24424 MiB, 199.89 W, 74
2026/08/09 03:33:46.889, 100 %, 24424 MiB, 200.40 W, 75
2026/08/09 03:34:46.904, 100 %, 24424 MiB, 200.10 W, 74
2026/08/09 03:35:46.912, 0 %, 24424 MiB, 26.29 W, 56
2026/08/09 03:36:46.919, 100 %, 24424 MiB, 200.15 W, 73
2026/08/09 03:37:46.930, 100 %, 24424 MiB, 200.40 W, 74
2026/08/09 03:38:46.938, 100 %, 24424 MiB, 199.99 W, 74
2026/08/09 03:39:46.946, 100 %, 24424 MiB, 201.01 W, 74
2026/08/09 03:40:46.953, 94 %, 24424 MiB, 199.72 W, 75
2026/08/09 03:41:46.961, 100 %, 24424 MiB, 200.44 W, 74
2026/08/09 03:42:46.970, 99 %, 24424 MiB, 199.92 W, 75
2026/08/09 03:43:46.977, 100 %, 24424 MiB, 200.41 W, 74
2026/08/09 03:44:46.985, 100 %, 24424 MiB, 199.23 W, 75
2026/08/09 03:45:47.003, 96 %, 24424 MiB, 199.49 W, 74
2026/08/09 03:46:47.010, 97 %, 24424 MiB, 199.75 W, 73
2026/08/09 03:47:47.017, 93 %, 24424 MiB, 198.84 W, 74
2026/08/09 03:48:47.026, 100 %, 24424 MiB, 199.89 W, 75
2026/08/09 03:49:47.035, 100 %, 24424 MiB, 199.87 W, 74
2026/08/09 03:50:47.042, 100 %, 24424 MiB, 200.05 W, 74
2026/08/09 03:51:47.049, 99 %, 24424 MiB, 200.24 W, 71
2026/08/09 03:52:47.057, 94 %, 24424 MiB, 199.27 W, 73
2026/08/09 03:53:47.065, 95 %, 24424 MiB, 199.73 W, 75
2026/08/09 03:54:47.072, 100 %, 24424 MiB, 200.01 W, 74
2026/08/09 03:55:47.080, 100 %, 24424 MiB, 200.75 W, 74
2026/08/09 03:56:47.087, 96 %, 24424 MiB, 199.94 W, 75
2026/08/09 03:57:47.106, 100 %, 24424 MiB, 199.88 W, 74
2026/08/09 03:58:47.114, 100 %, 24424 MiB, 200.06 W, 74
2026/08/09 03:59:47.122, 100 %, 24424 MiB, 200.03 W, 74
2026/08/09 04:00:47.130, 95 %, 24424 MiB, 199.68 W, 75
2026/08/09 04:01:47.139, 100 %, 24424 MiB, 199.98 W, 74
2026/08/09 04:02:47.147, 100 %, 24424 MiB, 200.05 W, 74
2026/08/09 04:03:47.154, 100 %, 24424 MiB, 200.99 W, 73
2026/08/09 04:04:47.162, 100 %, 24424 MiB, 199.83 W, 74
2026/08/09 04:05:47.169, 100 %, 24424 MiB, 200.13 W, 74
2026/08/09 04:06:47.176, 100 %, 24424 MiB, 199.94 W, 74
2026/08/09 04:07:47.183, 99 %, 24424 MiB, 199.82 W, 75
2026/08/09 04:08:47.190, 100 %, 24424 MiB, 200.09 W, 74
2026/08/09 04:09:47.206, 94 %, 24424 MiB, 199.95 W, 74
2026/08/09 04:10:47.215, 100 %, 24424 MiB, 199.96 W, 75
2026/08/09 04:11:47.222, 100 %, 24424 MiB, 200.17 W, 74
2026/08/09 04:12:47.229, 100 %, 24424 MiB, 199.97 W, 75
2026/08/09 04:13:47.237, 100 %, 24424 MiB, 200.46 W, 74
2026/08/09 04:14:47.246, 94 %, 24424 MiB, 199.99 W, 75
2026/08/09 04:15:47.251, 100 %, 24424 MiB, 200.03 W, 74
2026/08/09 04:16:47.259, 100 %, 24424 MiB, 200.04 W, 74
2026/08/09 04:17:47.266, 100 %, 24424 MiB, 199.88 W, 74
2026/08/09 04:18:47.274, 100 %, 24424 MiB, 199.96 W, 75
2026/08/09 04:19:47.280, 90 %, 24424 MiB, 199.59 W, 71
2026/08/09 04:20:47.289, 92 %, 24424 MiB, 199.53 W, 74
2026/08/09 04:21:47.304, 100 %, 24424 MiB, 200.64 W, 75
2026/08/09 04:22:47.312, 100 %, 24424 MiB, 199.91 W, 74
2026/08/09 04:23:47.319, 100 %, 24424 MiB, 200.07 W, 72
2026/08/09 04:24:47.327, 100 %, 24424 MiB, 199.85 W, 74
2026/08/09 04:25:47.336, 100 %, 24424 MiB, 200.09 W, 74
2026/08/09 04:26:47.344, 98 %, 24424 MiB, 199.70 W, 74
2026/08/09 04:27:47.351, 100 %, 24424 MiB, 200.37 W, 72
2026/08/09 04:28:47.358, 100 %, 24424 MiB, 200.92 W, 74
2026/08/09 04:29:47.366, 100 %, 24424 MiB, 200.04 W, 74
2026/08/09 04:30:47.374, 0 %, 24424 MiB, 25.92 W, 54
2026/08/09 04:31:47.380, 94 %, 24424 MiB, 199.61 W, 73
2026/08/09 04:32:47.388, 100 %, 24424 MiB, 200.08 W, 75
2026/08/09 04:33:47.403, 100 %, 24424 MiB, 200.35 W, 75
2026/08/09 04:34:47.411, 100 %, 24424 MiB, 200.04 W, 74
2026/08/09 04:35:47.419, 100 %, 24424 MiB, 200.54 W, 74
2026/08/09 04:36:47.426, 100 %, 24424 MiB, 200.37 W, 75
2026/08/09 04:37:47.434, 97 %, 24424 MiB, 199.76 W, 74
2026/08/09 04:38:47.442, 98 %, 24424 MiB, 199.83 W, 75
2026/08/09 04:39:47.449, 100 %, 24424 MiB, 199.84 W, 75
2026/08/09 04:40:47.457, 100 %, 24424 MiB, 200.10 W, 75
2026/08/09 04:41:47.465, 100 %, 24424 MiB, 200.00 W, 74
2026/08/09 04:42:47.472, 100 %, 24424 MiB, 200.59 W, 74
2026/08/09 04:43:47.479, 100 %, 24424 MiB, 199.77 W, 75
2026/08/09 04:44:47.486, 82 %, 24424 MiB, 198.99 W, 75
2026/08/09 04:45:47.501, 95 %, 24424 MiB, 200.03 W, 74
2026/08/09 04:46:47.509, 100 %, 24424 MiB, 199.98 W, 74
2026/08/09 04:47:47.517, 100 %, 24424 MiB, 199.92 W, 74
2026/08/09 04:48:47.525, 98 %, 24424 MiB, 200.29 W, 75
2026/08/09 04:49:47.533, 96 %, 24424 MiB, 199.49 W, 74
2026/08/09 04:50:47.541, 95 %, 24424 MiB, 199.31 W, 74
2026/08/09 04:51:47.548, 96 %, 24424 MiB, 199.64 W, 74
2026/08/09 04:52:47.555, 92 %, 24424 MiB, 199.80 W, 75
2026/08/09 04:53:47.562, 91 %, 24424 MiB, 199.62 W, 75
2026/08/09 04:54:47.569, 100 %, 24424 MiB, 199.87 W, 74
2026/08/09 04:55:47.576, 100 %, 24424 MiB, 199.85 W, 74
2026/08/09 04:56:47.584, 100 %, 24424 MiB, 199.88 W, 74
2026/08/09 04:57:47.591, 100 %, 24424 MiB, 200.38 W, 75
2026/08/09 04:58:47.606, 95 %, 24424 MiB, 199.66 W, 74
2026/08/09 04:59:47.614, 100 %, 24424 MiB, 199.92 W, 75
2026/08/09 05:00:47.621, 100 %, 24424 MiB, 200.07 W, 75
2026/08/09 05:01:47.628, 100 %, 24424 MiB, 200.13 W, 74
2026/08/09 05:02:47.635, 100 %, 24424 MiB, 200.00 W, 72
2026/08/09 05:03:47.642, 100 %, 24424 MiB, 199.89 W, 75
2026/08/09 05:04:47.650, 100 %, 24424 MiB, 200.07 W, 74
2026/08/09 05:05:47.656, 100 %, 24424 MiB, 199.92 W, 75
2026/08/09 05:06:47.664, 100 %, 24424 MiB, 199.99 W, 74
2026/08/09 05:07:47.672, 100 %, 24424 MiB, 200.40 W, 74
2026/08/09 05:08:47.679, 100 %, 24424 MiB, 200.22 W, 74
2026/08/09 05:09:47.685, 100 %, 24424 MiB, 200.04 W, 74
2026/08/09 05:10:47.693, 100 %, 24424 MiB, 199.98 W, 75
2026/08/09 05:11:47.708, 100 %, 24424 MiB, 200.26 W, 74
2026/08/09 05:12:47.716, 100 %, 24424 MiB, 200.22 W, 74
2026/08/09 05:13:47.724, 92 %, 24424 MiB, 199.80 W, 75
2026/08/09 05:14:47.732, 100 %, 24424 MiB, 199.95 W, 74
2026/08/09 05:15:47.739, 100 %, 24424 MiB, 199.95 W, 74
2026/08/09 05:16:47.747, 98 %, 24424 MiB, 199.77 W, 75
2026/08/09 05:17:47.755, 100 %, 24424 MiB, 202.16 W, 74
2026/08/09 05:18:47.762, 100 %, 24424 MiB, 200.66 W, 75
2026/08/09 05:19:47.770, 100 %, 24424 MiB, 200.36 W, 74
2026/08/09 05:20:47.778, 95 %, 24424 MiB, 199.50 W, 75
2026/08/09 05:21:47.786, 100 %, 24424 MiB, 200.02 W, 75
2026/08/09 05:22:47.794, 100 %, 24424 MiB, 200.18 W, 73
2026/08/09 05:23:47.805, 93 %, 24424 MiB, 198.83 W, 74
2026/08/09 05:24:47.813, 100 %, 24424 MiB, 199.87 W, 75
2026/08/09 05:25:47.820, 100 %, 24424 MiB, 200.46 W, 72
2026/08/09 05:26:47.827, 97 %, 24424 MiB, 199.64 W, 74
2026/08/09 05:27:47.834, 100 %, 24424 MiB, 200.04 W, 74
2026/08/09 05:28:47.842, 98 %, 24424 MiB, 199.60 W, 74
2026/08/09 05:29:47.849, 95 %, 24424 MiB, 199.70 W, 75
2026/08/09 05:30:47.858, 100 %, 24424 MiB, 199.90 W, 74
2026/08/09 05:31:47.866, 100 %, 24424 MiB, 200.74 W, 75
2026/08/09 05:32:47.874, 100 %, 24424 MiB, 199.93 W, 75
2026/08/09 05:33:47.882, 100 %, 24424 MiB, 200.32 W, 74
2026/08/09 05:34:47.888, 95 %, 24424 MiB, 199.30 W, 74
2026/08/09 05:35:47.902, 95 %, 24424 MiB, 200.26 W, 75
2026/08/09 05:36:47.910, 100 %, 24424 MiB, 200.07 W, 75
2026/08/09 05:37:47.917, 93 %, 24424 MiB, 199.38 W, 72
2026/08/09 05:38:47.925, 100 %, 24424 MiB, 200.03 W, 74
2026/08/09 05:39:47.933, 100 %, 24424 MiB, 199.94 W, 75
2026/08/09 05:40:47.944, 100 %, 24424 MiB, 199.90 W, 75
2026/08/09 05:41:47.951, 100 %, 24424 MiB, 200.54 W, 75
2026/08/09 05:42:47.959, 100 %, 24424 MiB, 200.31 W, 74
2026/08/09 05:43:47.966, 100 %, 24424 MiB, 199.95 W, 74
2026/08/09 05:44:47.974, 100 %, 24424 MiB, 200.67 W, 74
2026/08/09 05:45:47.982, 97 %, 24424 MiB, 199.76 W, 75
2026/08/09 05:46:47.990, 100 %, 24424 MiB, 200.36 W, 75
2026/08/09 05:47:48.006, 100 %, 24424 MiB, 199.93 W, 75
2026/08/09 05:48:48.013, 100 %, 24424 MiB, 199.99 W, 75
2026/08/09 05:49:48.019, 100 %, 24424 MiB, 199.74 W, 76
2026/08/09 05:50:48.026, 100 %, 24424 MiB, 200.21 W, 76
2026/08/09 05:51:48.032, 91 %, 24424 MiB, 199.92 W, 76
2026/08/09 05:52:48.038, 0 %, 24424 MiB, 27.46 W, 56
2026/08/09 05:53:48.045, 100 %, 24424 MiB, 199.99 W, 76
2026/08/09 05:54:48.051, 100 %, 24424 MiB, 199.97 W, 76
2026/08/09 05:55:48.059, 100 %, 24424 MiB, 199.94 W, 76
2026/08/09 05:56:48.066, 97 %, 24424 MiB, 199.68 W, 77
2026/08/09 05:57:48.073, 100 %, 24424 MiB, 199.91 W, 77
2026/08/09 05:58:48.079, 100 %, 24424 MiB, 200.11 W, 76
2026/08/09 05:59:48.087, 100 %, 24424 MiB, 199.98 W, 77
2026/08/09 06:00:48.100, 97 %, 24424 MiB, 199.98 W, 77
2026/08/09 06:01:48.107, 100 %, 24424 MiB, 200.02 W, 77
2026/08/09 06:02:48.114, 100 %, 24424 MiB, 200.08 W, 77
2026/08/09 06:03:48.121, 100 %, 24424 MiB, 199.93 W, 78
2026/08/09 06:04:48.127, 100 %, 24424 MiB, 200.11 W, 77
2026/08/09 06:05:48.134, 100 %, 24424 MiB, 199.92 W, 77
2026/08/09 06:06:48.140, 96 %, 24424 MiB, 199.93 W, 75
2026/08/09 06:07:48.148, 100 %, 24424 MiB, 200.04 W, 77
2026/08/09 06:08:48.155, 100 %, 24424 MiB, 199.70 W, 76
2026/08/09 06:09:48.162, 100 %, 24424 MiB, 200.02 W, 77
2026/08/09 06:10:48.169, 100 %, 24424 MiB, 199.98 W, 77
2026/08/09 06:11:48.177, 100 %, 24424 MiB, 200.38 W, 78
2026/08/09 06:12:48.185, 98 %, 24424 MiB, 199.90 W, 78
2026/08/09 06:13:48.199, 95 %, 24424 MiB, 199.57 W, 77
2026/08/09 06:14:48.207, 100 %, 24424 MiB, 200.77 W, 77
2026/08/09 06:15:48.213, 100 %, 24424 MiB, 200.01 W, 77
2026/08/09 06:16:48.220, 100 %, 24424 MiB, 200.07 W, 77
2026/08/09 06:17:48.227, 100 %, 24424 MiB, 199.90 W, 77
2026/08/09 06:18:48.234, 100 %, 24424 MiB, 200.01 W, 77
2026/08/09 06:19:48.241, 100 %, 24424 MiB, 201.14 W, 77
2026/08/09 06:20:48.248, 100 %, 24424 MiB, 200.00 W, 75
2026/08/09 06:21:48.255, 100 %, 24424 MiB, 199.96 W, 76
2026/08/09 06:22:48.261, 100 %, 24424 MiB, 200.02 W, 77
2026/08/09 06:23:48.268, 100 %, 24424 MiB, 198.65 W, 76
2026/08/09 06:24:48.275, 100 %, 24424 MiB, 200.03 W, 77
2026/08/09 06:25:48.283, 100 %, 24424 MiB, 199.91 W, 77
2026/08/09 06:26:48.297, 100 %, 24424 MiB, 200.18 W, 74
2026/08/09 06:27:48.304, 100 %, 24424 MiB, 199.95 W, 78
2026/08/09 06:28:48.311, 100 %, 24424 MiB, 199.99 W, 78
2026/08/09 06:29:48.319, 96 %, 24424 MiB, 199.79 W, 77
2026/08/09 06:30:48.326, 98 %, 24424 MiB, 199.67 W, 75
2026/08/09 06:31:48.333, 100 %, 24424 MiB, 200.20 W, 77
2026/08/09 06:32:48.339, 100 %, 24424 MiB, 199.93 W, 77
2026/08/09 06:33:48.345, 96 %, 24424 MiB, 199.81 W, 76
2026/08/09 06:34:48.353, 100 %, 24424 MiB, 200.27 W, 77
2026/08/09 06:35:48.360, 100 %, 24424 MiB, 199.90 W, 76
2026/08/09 06:36:48.366, 100 %, 24424 MiB, 200.01 W, 77
2026/08/09 06:37:48.373, 100 %, 24424 MiB, 199.97 W, 77
2026/08/09 06:38:48.380, 100 %, 24424 MiB, 199.99 W, 77
2026/08/09 06:39:48.387, 94 %, 24424 MiB, 200.04 W, 77
2026/08/09 06:40:48.400, 92 %, 24424 MiB, 199.38 W, 78
2026/08/09 06:41:48.408, 100 %, 24424 MiB, 200.01 W, 76
2026/08/09 06:42:48.416, 100 %, 24424 MiB, 200.07 W, 77
2026/08/09 06:43:48.430, 100 %, 24424 MiB, 199.90 W, 77
2026/08/09 06:44:48.438, 97 %, 24424 MiB, 199.66 W, 76
2026/08/09 06:45:48.444, 100 %, 24424 MiB, 200.17 W, 76
2026/08/09 06:46:48.451, 100 %, 24424 MiB, 200.37 W, 77
2026/08/09 06:47:48.458, 0 %, 24424 MiB, 27.86 W, 58
2026/08/09 06:48:48.465, 100 %, 24424 MiB, 200.01 W, 76
2026/08/09 06:49:48.473, 100 %, 24424 MiB, 200.02 W, 77
2026/08/09 06:50:48.482, 97 %, 24424 MiB, 199.83 W, 77
2026/08/09 06:51:48.488, 100 %, 24424 MiB, 200.41 W, 77
2026/08/09 06:52:48.503, 100 %, 24424 MiB, 199.97 W, 76
2026/08/09 06:53:48.510, 94 %, 24424 MiB, 199.33 W, 77
2026/08/09 06:54:48.517, 100 %, 24424 MiB, 200.26 W, 76
2026/08/09 06:55:48.524, 100 %, 24424 MiB, 200.36 W, 76
2026/08/09 06:56:48.531, 100 %, 24424 MiB, 200.00 W, 77
2026/08/09 06:57:48.538, 98 %, 24424 MiB, 199.99 W, 77
2026/08/09 06:58:48.545, 100 %, 24424 MiB, 200.00 W, 77
2026/08/09 06:59:48.553, 100 %, 24424 MiB, 200.09 W, 77
2026/08/09 07:00:48.560, 94 %, 24424 MiB, 199.60 W, 77
2026/08/09 07:01:48.566, 100 %, 24424 MiB, 200.18 W, 77
2026/08/09 07:02:48.573, 97 %, 24424 MiB, 199.74 W, 77
2026/08/09 07:03:48.581, 100 %, 24424 MiB, 200.26 W, 77
2026/08/09 07:04:48.588, 97 %, 24424 MiB, 199.87 W, 78
2026/08/09 07:05:48.603, 100 %, 24424 MiB, 200.26 W, 77
2026/08/09 07:06:48.611, 100 %, 24424 MiB, 200.20 W, 78
2026/08/09 07:07:48.619, 100 %, 24424 MiB, 200.51 W, 78
2026/08/09 07:08:48.628, 90 %, 24424 MiB, 199.44 W, 78
2026/08/09 07:09:48.635, 100 %, 24424 MiB, 199.98 W, 78
2026/08/09 07:10:48.644, 100 %, 24424 MiB, 200.03 W, 78
2026/08/09 07:11:48.651, 96 %, 24424 MiB, 199.52 W, 78
2026/08/09 07:12:48.658, 100 %, 24424 MiB, 199.98 W, 78
2026/08/09 07:13:48.665, 95 %, 24424 MiB, 199.30 W, 77
2026/08/09 07:14:48.672, 100 %, 24424 MiB, 200.03 W, 78
2026/08/09 07:15:48.679, 100 %, 24424 MiB, 199.96 W, 77
2026/08/09 07:16:48.686, 94 %, 24424 MiB, 199.57 W, 78
2026/08/09 07:17:48.692, 100 %, 24424 MiB, 200.35 W, 78
2026/08/09 07:18:48.704, 98 %, 24424 MiB, 199.82 W, 78
2026/08/09 07:19:48.711, 100 %, 24424 MiB, 199.97 W, 78
2026/08/09 07:20:48.717, 100 %, 24424 MiB, 199.91 W, 77
2026/08/09 07:21:48.724, 97 %, 24424 MiB, 199.74 W, 78
2026/08/09 07:22:48.731, 100 %, 24424 MiB, 200.02 W, 77
2026/08/09 07:23:48.736, 100 %, 24424 MiB, 200.03 W, 78
2026/08/09 07:24:48.743, 100 %, 24424 MiB, 199.98 W, 78
2026/08/09 07:25:48.749, 100 %, 24424 MiB, 200.34 W, 78
2026/08/09 07:26:48.755, 100 %, 24424 MiB, 199.97 W, 77
2026/08/09 07:27:48.761, 100 %, 24424 MiB, 200.02 W, 77
2026/08/09 07:28:48.769, 100 %, 24424 MiB, 199.95 W, 77
2026/08/09 07:29:48.776, 98 %, 24424 MiB, 199.86 W, 78
2026/08/09 07:30:48.782, 98 %, 24424 MiB, 200.01 W, 77
2026/08/09 07:31:48.789, 93 %, 24424 MiB, 199.98 W, 77
2026/08/09 07:32:48.802, 100 %, 24424 MiB, 200.05 W, 76
2026/08/09 07:33:48.809, 97 %, 24424 MiB, 199.79 W, 77
2026/08/09 07:34:48.816, 95 %, 24424 MiB, 199.64 W, 77
2026/08/09 07:35:48.822, 95 %, 24424 MiB, 199.53 W, 77
2026/08/09 07:36:48.829, 100 %, 24424 MiB, 200.02 W, 76
2026/08/09 07:37:48.835, 100 %, 24424 MiB, 200.18 W, 76
2026/08/09 07:38:48.842, 97 %, 24424 MiB, 199.92 W, 74
2026/08/09 07:39:48.849, 96 %, 24424 MiB, 199.70 W, 77
2026/08/09 07:40:48.856, 98 %, 24424 MiB, 199.95 W, 74
2026/08/09 07:41:48.862, 97 %, 24424 MiB, 199.62 W, 77
2026/08/09 07:42:48.870, 100 %, 24424 MiB, 200.03 W, 73
2026/08/09 07:43:48.876, 97 %, 24424 MiB, 199.60 W, 76
2026/08/09 07:44:48.883, 98 %, 24424 MiB, 199.94 W, 76
2026/08/09 07:45:48.890, 100 %, 24424 MiB, 199.98 W, 76
2026/08/09 07:46:48.906, 100 %, 24424 MiB, 199.95 W, 77
2026/08/09 07:47:48.912, 93 %, 24424 MiB, 199.74 W, 77
2026/08/09 07:48:48.918, 98 %, 24424 MiB, 199.94 W, 77
2026/08/09 07:49:48.924, 100 %, 24424 MiB, 200.25 W, 76
2026/08/09 07:50:48.930, 100 %, 24424 MiB, 199.98 W, 77
2026/08/09 07:51:48.938, 100 %, 24424 MiB, 199.97 W, 76
2026/08/09 07:52:48.944, 100 %, 24424 MiB, 199.97 W, 76
2026/08/09 07:53:48.951, 100 %, 24424 MiB, 199.95 W, 77
2026/08/09 07:54:48.958, 100 %, 24424 MiB, 200.07 W, 76
2026/08/09 07:55:48.965, 100 %, 24424 MiB, 199.93 W, 76
2026/08/09 07:56:48.971, 100 %, 24424 MiB, 200.52 W, 77
2026/08/09 07:57:48.977, 100 %, 24424 MiB, 199.97 W, 77
2026/08/09 07:58:48.985, 100 %, 24424 MiB, 200.29 W, 77
2026/08/09 07:59:48.993, 100 %, 24424 MiB, 200.00 W, 76
2026/08/09 08:00:49.008, 100 %, 24424 MiB, 200.01 W, 77
2026/08/09 08:01:49.015, 100 %, 24424 MiB, 200.00 W, 77
2026/08/09 08:02:49.023, 100 %, 24424 MiB, 200.11 W, 77
2026/08/09 08:03:49.030, 100 %, 24424 MiB, 200.07 W, 77
2026/08/09 08:04:49.038, 100 %, 24424 MiB, 199.99 W, 77
2026/08/09 08:05:49.045, 100 %, 24424 MiB, 199.95 W, 77
2026/08/09 08:06:49.052, 100 %, 24424 MiB, 199.98 W, 77
2026/08/09 08:07:49.060, 100 %, 24424 MiB, 199.99 W, 76
2026/08/09 08:08:49.066, 97 %, 24424 MiB, 199.73 W, 78
2026/08/09 08:09:49.074, 0 %, 24424 MiB, 29.25 W, 60
2026/08/09 08:10:49.081, 97 %, 24424 MiB, 199.71 W, 76
2026/08/09 08:11:49.087, 98 %, 24424 MiB, 199.91 W, 77
2026/08/09 08:12:49.102, 100 %, 24424 MiB, 199.92 W, 77
2026/08/09 08:13:49.108, 93 %, 24424 MiB, 199.49 W, 78
2026/08/09 08:14:49.115, 100 %, 24424 MiB, 200.03 W, 77
2026/08/09 08:15:49.122, 100 %, 24424 MiB, 200.39 W, 77
2026/08/09 08:16:49.129, 100 %, 24424 MiB, 200.00 W, 77
2026/08/09 08:17:49.136, 100 %, 24424 MiB, 200.09 W, 77
2026/08/09 08:18:49.144, 100 %, 24424 MiB, 199.96 W, 77
2026/08/09 08:19:49.150, 100 %, 24424 MiB, 200.02 W, 78
2026/08/09 08:20:49.157, 100 %, 24424 MiB, 200.06 W, 77
2026/08/09 08:21:49.164, 97 %, 24424 MiB, 199.98 W, 77
2026/08/09 08:22:49.171, 100 %, 24424 MiB, 199.83 W, 77
2026/08/09 08:23:49.177, 100 %, 24424 MiB, 200.06 W, 77
2026/08/09 08:24:49.183, 100 %, 24424 MiB, 200.04 W, 75
2026/08/09 08:25:49.190, 100 %, 24424 MiB, 200.04 W, 77
2026/08/09 08:26:49.206, 100 %, 24424 MiB, 200.10 W, 77
2026/08/09 08:27:49.214, 100 %, 24424 MiB, 200.11 W, 76
2026/08/09 08:28:49.221, 100 %, 24424 MiB, 199.97 W, 77
2026/08/09 08:29:49.228, 100 %, 24424 MiB, 199.99 W, 77
2026/08/09 08:30:49.235, 100 %, 24424 MiB, 199.94 W, 77
2026/08/09 08:31:49.242, 98 %, 24424 MiB, 199.90 W, 77
2026/08/09 08:32:49.250, 100 %, 24424 MiB, 200.01 W, 77
2026/08/09 08:33:49.257, 100 %, 24424 MiB, 200.03 W, 77
2026/08/09 08:34:49.265, 97 %, 24424 MiB, 199.87 W, 77
2026/08/09 08:35:49.272, 100 %, 24424 MiB, 200.01 W, 77
2026/08/09 08:36:49.278, 100 %, 24424 MiB, 200.07 W, 77
2026/08/09 08:37:49.284, 100 %, 24424 MiB, 199.99 W, 76
2026/08/09 08:38:49.291, 100 %, 24424 MiB, 199.93 W, 76
2026/08/09 08:39:49.308, 100 %, 24424 MiB, 200.25 W, 76
2026/08/09 08:40:49.315, 100 %, 24424 MiB, 200.00 W, 77
2026/08/09 08:41:49.323, 100 %, 24424 MiB, 200.05 W, 77
2026/08/09 08:42:49.330, 100 %, 24424 MiB, 199.94 W, 77
2026/08/09 08:43:49.338, 100 %, 24424 MiB, 199.99 W, 77
2026/08/09 08:44:49.345, 100 %, 24424 MiB, 200.02 W, 77
2026/08/09 08:45:49.352, 93 %, 24424 MiB, 199.93 W, 78
2026/08/09 08:46:49.360, 100 %, 24424 MiB, 200.16 W, 77
2026/08/09 08:47:49.367, 97 %, 24424 MiB, 199.61 W, 77
2026/08/09 08:48:49.374, 97 %, 24424 MiB, 199.66 W, 77
2026/08/09 08:49:49.380, 94 %, 24424 MiB, 199.69 W, 78
2026/08/09 08:50:49.388, 100 %, 24424 MiB, 200.23 W, 77
2026/08/09 08:51:49.403, 100 %, 24424 MiB, 200.00 W, 77
2026/08/09 08:52:49.410, 100 %, 24424 MiB, 200.24 W, 76
2026/08/09 08:53:49.418, 100 %, 24424 MiB, 200.04 W, 75
2026/08/09 08:54:49.425, 98 %, 24424 MiB, 199.65 W, 77
2026/08/09 08:55:49.433, 98 %, 24424 MiB, 199.96 W, 78
2026/08/09 08:56:49.441, 100 %, 24424 MiB, 200.06 W, 77
2026/08/09 08:57:49.449, 100 %, 24424 MiB, 200.22 W, 77
2026/08/09 08:58:49.458, 100 %, 24424 MiB, 199.99 W, 77
2026/08/09 08:59:49.465, 100 %, 24424 MiB, 200.00 W, 77
2026/08/09 09:00:49.472, 100 %, 24424 MiB, 199.98 W, 77
2026/08/09 09:01:49.480, 100 %, 24424 MiB, 200.01 W, 77
2026/08/09 09:02:49.487, 100 %, 24424 MiB, 199.95 W, 77
2026/08/09 09:03:49.494, 100 %, 24424 MiB, 199.93 W, 77
2026/08/09 09:04:49.507, 100 %, 24424 MiB, 200.05 W, 74
2026/08/09 09:05:49.514, 100 %, 24424 MiB, 199.97 W, 77
2026/08/09 09:06:49.520, 100 %, 24424 MiB, 199.91 W, 77
2026/08/09 09:07:49.527, 100 %, 24424 MiB, 199.95 W, 77
2026/08/09 09:08:49.535, 95 %, 24424 MiB, 199.56 W, 77
2026/08/09 09:09:49.543, 95 %, 24424 MiB, 199.63 W, 77
2026/08/09 09:10:49.550, 95 %, 24424 MiB, 199.53 W, 77
2026/08/09 09:11:49.558, 97 %, 24424 MiB, 199.80 W, 77
2026/08/09 09:12:49.566, 100 %, 24424 MiB, 199.43 W, 77
2026/08/09 09:13:49.573, 95 %, 24424 MiB, 199.36 W, 77
2026/08/09 09:14:49.581, 100 %, 24424 MiB, 200.05 W, 77
2026/08/09 09:15:49.589, 100 %, 24424 MiB, 200.01 W, 77
2026/08/09 09:16:49.605, 100 %, 24424 MiB, 200.39 W, 77
2026/08/09 09:17:49.612, 100 %, 24424 MiB, 199.96 W, 77
2026/08/09 09:18:49.619, 100 %, 24424 MiB, 199.97 W, 77
2026/08/09 09:19:49.627, 100 %, 24424 MiB, 200.76 W, 77
2026/08/09 09:20:49.634, 100 %, 24424 MiB, 200.42 W, 77
2026/08/09 09:21:49.642, 100 %, 24424 MiB, 200.14 W, 77
2026/08/09 09:22:49.649, 100 %, 24424 MiB, 200.00 W, 76
2026/08/09 09:23:49.656, 100 %, 24424 MiB, 200.27 W, 77
2026/08/09 09:24:49.663, 100 %, 24424 MiB, 200.02 W, 77
2026/08/09 09:25:49.671, 100 %, 24424 MiB, 199.95 W, 77
2026/08/09 09:26:49.679, 100 %, 24424 MiB, 200.02 W, 77
2026/08/09 09:27:49.686, 100 %, 24424 MiB, 200.00 W, 76
2026/08/09 09:28:49.693, 100 %, 24424 MiB, 199.96 W, 77
2026/08/09 09:29:49.705, 98 %, 24424 MiB, 199.93 W, 78
2026/08/09 09:30:49.713, 97 %, 24424 MiB, 199.71 W, 77
2026/08/09 09:31:49.720, 0 %, 24424 MiB, 29.42 W, 60
2026/08/09 09:32:49.727, 100 %, 24424 MiB, 200.16 W, 76
2026/08/09 09:33:49.734, 100 %, 24424 MiB, 199.96 W, 77
2026/08/09 09:34:49.741, 100 %, 24424 MiB, 199.95 W, 77
2026/08/09 09:35:49.747, 100 %, 24424 MiB, 199.95 W, 77
2026/08/09 09:36:49.753, 98 %, 24424 MiB, 199.94 W, 77
2026/08/09 09:37:49.760, 100 %, 24424 MiB, 199.94 W, 77
2026/08/09 09:38:49.766, 100 %, 24424 MiB, 199.95 W, 77
2026/08/09 09:39:49.773, 100 %, 24424 MiB, 200.00 W, 77
2026/08/09 09:40:49.781, 94 %, 24424 MiB, 199.91 W, 78
2026/08/09 09:41:49.788, 97 %, 24424 MiB, 199.61 W, 76
2026/08/09 09:42:49.805, 92 %, 24424 MiB, 198.86 W, 76
2026/08/09 09:43:49.812, 98 %, 24424 MiB, 199.62 W, 77
2026/08/09 09:44:49.819, 95 %, 24424 MiB, 199.87 W, 77
2026/08/09 09:45:49.826, 97 %, 24424 MiB, 199.62 W, 77
2026/08/09 09:46:49.833, 97 %, 24424 MiB, 199.77 W, 77
2026/08/09 09:47:49.840, 98 %, 24424 MiB, 199.68 W, 77
2026/08/09 09:48:49.849, 100 %, 24424 MiB, 200.04 W, 77
2026/08/09 09:49:49.856, 100 %, 24424 MiB, 199.98 W, 77
2026/08/09 09:50:49.863, 100 %, 24424 MiB, 200.18 W, 77
2026/08/09 09:51:49.871, 100 %, 24424 MiB, 200.26 W, 77
2026/08/09 09:52:49.877, 100 %, 24424 MiB, 199.97 W, 77
2026/08/09 09:53:49.884, 97 %, 24424 MiB, 199.78 W, 77
2026/08/09 09:54:49.891, 98 %, 24424 MiB, 199.95 W, 77
2026/08/09 09:55:49.905, 100 %, 24424 MiB, 199.99 W, 77
2026/08/09 09:56:49.913, 100 %, 24424 MiB, 199.91 W, 77
2026/08/09 09:57:49.920, 100 %, 24424 MiB, 200.40 W, 77
2026/08/09 09:58:49.927, 100 %, 24424 MiB, 199.98 W, 76
2026/08/09 09:59:49.934, 100 %, 24424 MiB, 199.93 W, 76
2026/08/09 10:00:49.941, 100 %, 24424 MiB, 199.97 W, 77
2026/08/09 10:01:49.949, 100 %, 24424 MiB, 199.99 W, 76
2026/08/09 10:02:49.955, 100 %, 24424 MiB, 199.99 W, 77
2026/08/09 10:03:49.962, 100 %, 24424 MiB, 199.97 W, 77
2026/08/09 10:04:49.969, 100 %, 24424 MiB, 199.95 W, 77
2026/08/09 10:05:49.977, 100 %, 24424 MiB, 199.95 W, 77
2026/08/09 10:06:49.986, 100 %, 24424 MiB, 200.53 W, 77
2026/08/09 10:07:50.002, 95 %, 24424 MiB, 199.83 W, 77
2026/08/09 10:08:50.008, 97 %, 24424 MiB, 199.83 W, 77
2026/08/09 10:09:50.015, 100 %, 24424 MiB, 199.96 W, 77
2026/08/09 10:10:50.023, 100 %, 24424 MiB, 199.99 W, 77
2026/08/09 10:11:50.030, 98 %, 24424 MiB, 199.65 W, 76
2026/08/09 10:12:50.037, 98 %, 24424 MiB, 199.70 W, 77
2026/08/09 10:13:50.044, 97 %, 24424 MiB, 199.58 W, 76
2026/08/09 10:14:50.050, 97 %, 24424 MiB, 199.68 W, 77
2026/08/09 10:15:50.058, 97 %, 24424 MiB, 199.51 W, 76
2026/08/09 10:16:50.065, 97 %, 24424 MiB, 199.76 W, 78
2026/08/09 10:17:50.072, 98 %, 24424 MiB, 199.98 W, 77
2026/08/09 10:18:50.080, 100 %, 24424 MiB, 200.01 W, 77
2026/08/09 10:19:50.087, 100 %, 24424 MiB, 200.01 W, 77
2026/08/09 10:20:50.103, 100 %, 24424 MiB, 199.90 W, 78
2026/08/09 10:21:50.109, 100 %, 24424 MiB, 199.82 W, 77
2026/08/09 10:22:50.117, 100 %, 24424 MiB, 199.76 W, 77
2026/08/09 10:23:50.123, 100 %, 24424 MiB, 200.01 W, 77
2026/08/09 10:24:50.130, 100 %, 24424 MiB, 200.03 W, 77
2026/08/09 10:25:50.140, 100 %, 24424 MiB, 199.79 W, 77
2026/08/09 10:26:50.147, 100 %, 24424 MiB, 200.24 W, 74
2026/08/09 10:27:50.154, 97 %, 24424 MiB, 199.98 W, 76
2026/08/09 10:28:50.161, 98 %, 24424 MiB, 199.95 W, 76
2026/08/09 10:29:50.168, 100 %, 24424 MiB, 199.95 W, 77
2026/08/09 10:30:50.176, 97 %, 24424 MiB, 200.01 W, 78
2026/08/09 10:31:50.185, 97 %, 24424 MiB, 200.01 W, 77
2026/08/09 10:32:50.192, 97 %, 24424 MiB, 199.98 W, 77
2026/08/09 10:33:50.205, 97 %, 24424 MiB, 200.27 W, 77
2026/08/09 10:34:50.213, 97 %, 24424 MiB, 199.91 W, 77
2026/08/09 10:35:50.221, 97 %, 24424 MiB, 199.91 W, 77
2026/08/09 10:36:50.228, 97 %, 24424 MiB, 199.94 W, 77
2026/08/09 10:37:50.235, 97 %, 24424 MiB, 199.90 W, 78
2026/08/09 10:38:50.242, 100 %, 24424 MiB, 199.56 W, 77
2026/08/09 10:39:50.249, 100 %, 24424 MiB, 199.68 W, 77
2026/08/09 10:40:50.256, 100 %, 24424 MiB, 199.78 W, 77
2026/08/09 10:41:50.264, 100 %, 24424 MiB, 199.74 W, 78
2026/08/09 10:42:50.271, 100 %, 24424 MiB, 199.92 W, 77
2026/08/09 10:43:50.279, 97 %, 24424 MiB, 200.01 W, 76
2026/08/09 10:44:50.286, 97 %, 24424 MiB, 199.96 W, 77
2026/08/09 10:45:50.304, 97 %, 24424 MiB, 199.96 W, 77
2026/08/09 10:46:50.313, 100 %, 24424 MiB, 199.74 W, 77
2026/08/09 10:47:50.320, 100 %, 24424 MiB, 199.80 W, 77
2026/08/09 10:48:50.327, 97 %, 24424 MiB, 199.95 W, 77
2026/08/09 10:49:50.335, 100 %, 24424 MiB, 200.39 W, 76
2026/08/09 10:50:50.341, 100 %, 24424 MiB, 200.21 W, 76
2026/08/09 10:51:50.349, 100 %, 24424 MiB, 200.26 W, 77
2026/08/09 10:52:50.356, 100 %, 24424 MiB, 199.64 W, 77
2026/08/09 10:53:50.363, 0 %, 24424 MiB, 28.36 W, 58
2026/08/09 10:54:50.370, 100 %, 24424 MiB, 199.71 W, 76
2026/08/09 10:55:50.378, 100 %, 24424 MiB, 199.91 W, 77
2026/08/09 10:56:50.386, 97 %, 24424 MiB, 200.00 W, 78
2026/08/09 10:57:50.401, 100 %, 24424 MiB, 200.03 W, 76
2026/08/09 10:58:50.432, 100 %, 24424 MiB, 199.66 W, 77
2026/08/09 10:59:50.439, 100 %, 24424 MiB, 199.68 W, 77
2026/08/09 11:00:50.447, 100 %, 24424 MiB, 199.64 W, 77
2026/08/09 11:01:50.453, 100 %, 24424 MiB, 200.25 W, 77
2026/08/09 11:02:50.460, 100 %, 24424 MiB, 200.01 W, 77
2026/08/09 11:03:50.469, 100 %, 24424 MiB, 200.26 W, 77
2026/08/09 11:04:50.476, 100 %, 24424 MiB, 200.16 W, 77
2026/08/09 11:05:50.483, 100 %, 24424 MiB, 200.01 W, 77
2026/08/09 11:06:50.491, 100 %, 24424 MiB, 199.99 W, 77
2026/08/09 11:07:50.505, 100 %, 24424 MiB, 199.70 W, 77
2026/08/09 11:08:50.513, 100 %, 24424 MiB, 199.76 W, 78
2026/08/09 11:09:50.520, 97 %, 24424 MiB, 199.99 W, 77
2026/08/09 11:10:50.527, 97 %, 24424 MiB, 199.91 W, 77
2026/08/09 11:11:50.533, 100 %, 24424 MiB, 199.99 W, 77
2026/08/09 11:12:50.541, 100 %, 24424 MiB, 200.00 W, 77
2026/08/09 11:13:50.548, 100 %, 24424 MiB, 200.05 W, 77
2026/08/09 11:14:50.555, 100 %, 24424 MiB, 199.77 W, 77
2026/08/09 11:15:50.562, 98 %, 24424 MiB, 199.96 W, 77
2026/08/09 11:16:50.569, 100 %, 24424 MiB, 200.12 W, 77
2026/08/09 11:17:50.576, 100 %, 24424 MiB, 199.99 W, 77
2026/08/09 11:18:50.583, 100 %, 24424 MiB, 200.21 W, 77
2026/08/09 11:19:50.591, 100 %, 24424 MiB, 199.79 W, 77
2026/08/09 11:20:50.605, 95 %, 24424 MiB, 199.51 W, 77
2026/08/09 11:21:50.612, 100 %, 24424 MiB, 198.90 W, 75
2026/08/09 11:22:50.619, 100 %, 24424 MiB, 199.47 W, 76
2026/08/09 11:23:50.627, 97 %, 24424 MiB, 199.95 W, 75
2026/08/09 11:24:50.635, 100 %, 24424 MiB, 200.05 W, 76
2026/08/09 11:25:50.641, 100 %, 24424 MiB, 200.04 W, 74
2026/08/09 11:26:50.650, 100 %, 24424 MiB, 200.04 W, 77
2026/08/09 11:27:50.657, 100 %, 24424 MiB, 199.69 W, 77
2026/08/09 11:28:50.665, 95 %, 24424 MiB, 199.98 W, 77
2026/08/09 11:29:50.672, 100 %, 24424 MiB, 200.01 W, 77
2026/08/09 11:30:50.679, 100 %, 24424 MiB, 200.03 W, 77
2026/08/09 11:31:50.687, 100 %, 24424 MiB, 199.51 W, 77
2026/08/09 11:32:50.701, 100 %, 24424 MiB, 199.92 W, 77
2026/08/09 11:33:50.707, 90 %, 24424 MiB, 199.96 W, 77
2026/08/09 11:34:50.715, 100 %, 24424 MiB, 199.41 W, 77
2026/08/09 11:35:50.721, 100 %, 24424 MiB, 199.80 W, 78
2026/08/09 11:36:50.729, 100 %, 24424 MiB, 200.50 W, 77
2026/08/09 11:37:50.736, 100 %, 24424 MiB, 200.03 W, 77
2026/08/09 11:38:50.743, 100 %, 24424 MiB, 200.03 W, 77
2026/08/09 11:39:50.751, 100 %, 24424 MiB, 199.64 W, 77
2026/08/09 11:40:50.757, 97 %, 24424 MiB, 199.99 W, 77
2026/08/09 11:41:50.764, 98 %, 24424 MiB, 199.98 W, 77
2026/08/09 11:42:50.772, 100 %, 24424 MiB, 199.89 W, 77
2026/08/09 11:43:50.779, 97 %, 24424 MiB, 199.98 W, 77
2026/08/09 11:44:50.787, 99 %, 24424 MiB, 199.97 W, 77
2026/08/09 11:45:50.801, 100 %, 24424 MiB, 199.99 W, 77
2026/08/09 11:46:50.809, 98 %, 24424 MiB, 199.97 W, 77
2026/08/09 11:47:50.816, 100 %, 24424 MiB, 200.35 W, 77
2026/08/09 11:48:50.823, 100 %, 24424 MiB, 200.02 W, 73
2026/08/09 11:49:50.831, 100 %, 24424 MiB, 200.07 W, 77
2026/08/09 11:50:50.838, 100 %, 24424 MiB, 199.88 W, 77
2026/08/09 11:51:50.846, 97 %, 24424 MiB, 199.95 W, 77
2026/08/09 11:52:50.853, 100 %, 24424 MiB, 199.82 W, 78
2026/08/09 11:53:50.861, 97 %, 24424 MiB, 200.02 W, 77
2026/08/09 11:54:50.868, 97 %, 24424 MiB, 200.00 W, 77
2026/08/09 11:55:50.876, 100 %, 24424 MiB, 200.02 W, 77
2026/08/09 11:56:50.883, 100 %, 24424 MiB, 199.98 W, 77
2026/08/09 11:57:50.890, 100 %, 24424 MiB, 200.26 W, 77
2026/08/09 11:58:50.904, 100 %, 24424 MiB, 199.90 W, 77
2026/08/09 11:59:50.911, 100 %, 24424 MiB, 199.68 W, 78
2026/08/09 12:00:50.918, 100 %, 24424 MiB, 200.09 W, 77
2026/08/09 12:01:50.926, 100 %, 24424 MiB, 199.66 W, 77
2026/08/09 12:02:50.935, 100 %, 24424 MiB, 199.94 W, 77
2026/08/09 12:03:50.942, 100 %, 24424 MiB, 200.19 W, 77
2026/08/09 12:04:50.948, 97 %, 24424 MiB, 199.94 W, 77
2026/08/09 12:05:50.956, 100 %, 24424 MiB, 199.97 W, 77
2026/08/09 12:06:50.963, 100 %, 24424 MiB, 199.98 W, 77
2026/08/09 12:07:50.971, 100 %, 24424 MiB, 199.97 W, 77
2026/08/09 12:08:50.977, 100 %, 24424 MiB, 200.26 W, 77
2026/08/09 12:09:50.985, 100 %, 24424 MiB, 200.10 W, 77
2026/08/09 12:10:51.002, 100 %, 24424 MiB, 199.77 W, 77
2026/08/09 12:11:51.009, 100 %, 24424 MiB, 199.85 W, 77
2026/08/09 12:12:51.016, 100 %, 24424 MiB, 199.60 W, 77
2026/08/09 12:13:51.023, 100 %, 24424 MiB, 199.85 W, 77
2026/08/09 12:14:51.030, 98 %, 24424 MiB, 200.04 W, 77
2026/08/09 12:15:51.037, 2 %, 24424 MiB, 30.74 W, 62
2026/08/09 12:16:51.044, 93 %, 24424 MiB, 200.01 W, 77
2026/08/09 12:17:51.051, 100 %, 24424 MiB, 199.96 W, 77
2026/08/09 12:18:51.060, 97 %, 24424 MiB, 199.98 W, 77
2026/08/09 12:19:51.068, 97 %, 24424 MiB, 199.96 W, 77
2026/08/09 12:20:51.075, 100 %, 24424 MiB, 199.94 W, 77
2026/08/09 12:21:51.084, 100 %, 24424 MiB, 200.36 W, 77
2026/08/09 12:22:51.092, 97 %, 24424 MiB, 199.94 W, 77
2026/08/09 12:23:51.105, 100 %, 24424 MiB, 199.96 W, 77
2026/08/09 12:24:51.113, 100 %, 24424 MiB, 199.96 W, 77
2026/08/09 12:25:51.120, 100 %, 24424 MiB, 199.99 W, 77
2026/08/09 12:26:51.127, 100 %, 24424 MiB, 200.51 W, 77
2026/08/09 12:27:51.135, 100 %, 24424 MiB, 199.95 W, 77
2026/08/09 12:28:51.142, 100 %, 24424 MiB, 199.65 W, 77
2026/08/09 12:29:51.150, 100 %, 24424 MiB, 199.96 W, 76
2026/08/09 12:30:51.156, 98 %, 24424 MiB, 199.98 W, 77
2026/08/09 12:31:51.164, 95 %, 24424 MiB, 199.98 W, 77
2026/08/09 12:32:51.172, 98 %, 24424 MiB, 199.97 W, 77
2026/08/09 12:33:51.179, 94 %, 24424 MiB, 199.95 W, 77
2026/08/09 12:34:51.185, 99 %, 24424 MiB, 199.93 W, 77
2026/08/09 12:35:51.200, 98 %, 24424 MiB, 200.01 W, 77
2026/08/09 12:36:51.207, 100 %, 24424 MiB, 199.97 W, 77
2026/08/09 12:37:51.213, 100 %, 24424 MiB, 199.57 W, 76
2026/08/09 12:38:51.220, 100 %, 24424 MiB, 199.69 W, 75
2026/08/09 12:39:51.227, 98 %, 24424 MiB, 199.97 W, 77
2026/08/09 12:40:51.234, 97 %, 24424 MiB, 199.94 W, 77
2026/08/09 12:41:51.241, 100 %, 24424 MiB, 199.93 W, 78
2026/08/09 12:42:51.248, 97 %, 24424 MiB, 199.96 W, 77
2026/08/09 12:43:51.255, 100 %, 24424 MiB, 200.01 W, 76
2026/08/09 12:44:51.263, 98 %, 24424 MiB, 200.06 W, 77
2026/08/09 12:45:51.270, 100 %, 24424 MiB, 199.99 W, 77
2026/08/09 12:46:51.277, 100 %, 24424 MiB, 200.02 W, 77
2026/08/09 12:47:51.284, 100 %, 24424 MiB, 199.83 W, 77
2026/08/09 12:48:51.291, 100 %, 24424 MiB, 199.78 W, 77
2026/08/09 12:49:51.305, 96 %, 24424 MiB, 199.99 W, 77
2026/08/09 12:50:51.313, 97 %, 24424 MiB, 199.95 W, 77
2026/08/09 12:51:51.321, 100 %, 24424 MiB, 199.98 W, 77
2026/08/09 12:52:51.328, 97 %, 24424 MiB, 199.97 W, 77
2026/08/09 12:53:51.335, 100 %, 24424 MiB, 200.25 W, 76
2026/08/09 12:54:51.342, 100 %, 24424 MiB, 200.04 W, 76
2026/08/09 12:55:51.351, 100 %, 24424 MiB, 199.57 W, 77
2026/08/09 12:56:51.358, 98 %, 24424 MiB, 199.98 W, 77
2026/08/09 12:57:51.366, 97 %, 24424 MiB, 199.97 W, 77
2026/08/09 12:58:51.373, 100 %, 24424 MiB, 200.07 W, 77
2026/08/09 12:59:51.380, 100 %, 24424 MiB, 200.25 W, 77
2026/08/09 13:00:51.387, 100 %, 24424 MiB, 200.00 W, 77
2026/08/09 13:01:51.402, 100 %, 24424 MiB, 200.03 W, 77
2026/08/09 13:02:51.408, 100 %, 24424 MiB, 200.18 W, 77
2026/08/09 13:03:51.415, 100 %, 24424 MiB, 200.02 W, 77
2026/08/09 13:04:51.422, 100 %, 24424 MiB, 199.96 W, 77
2026/08/09 13:05:51.428, 100 %, 24424 MiB, 199.97 W, 77
2026/08/09 13:06:51.435, 100 %, 24424 MiB, 199.95 W, 77
2026/08/09 13:07:51.443, 100 %, 24424 MiB, 199.94 W, 77
2026/08/09 13:08:51.450, 97 %, 24424 MiB, 199.99 W, 78
2026/08/09 13:09:51.456, 95 %, 24424 MiB, 199.99 W, 77
2026/08/09 13:10:51.463, 97 %, 24424 MiB, 199.95 W, 74
2026/08/09 13:11:51.471, 100 %, 24424 MiB, 200.02 W, 76
2026/08/09 13:12:51.478, 100 %, 24424 MiB, 200.01 W, 77
2026/08/09 13:13:51.485, 100 %, 24424 MiB, 200.04 W, 75
2026/08/09 13:14:51.492, 95 %, 24424 MiB, 199.95 W, 77
2026/08/09 13:15:51.504, 97 %, 24424 MiB, 199.97 W, 77
2026/08/09 13:16:51.512, 100 %, 24424 MiB, 200.01 W, 77
2026/08/09 13:17:51.519, 100 %, 24424 MiB, 200.05 W, 77
2026/08/09 13:18:51.525, 100 %, 24424 MiB, 199.64 W, 76
2026/08/09 13:19:51.533, 97 %, 24424 MiB, 200.02 W, 77
2026/08/09 13:20:51.541, 100 %, 24424 MiB, 199.70 W, 77
2026/08/09 13:21:51.548, 97 %, 24424 MiB, 199.97 W, 77
2026/08/09 13:22:51.555, 100 %, 24424 MiB, 200.09 W, 76
2026/08/09 13:23:51.562, 97 %, 24424 MiB, 199.97 W, 76
2026/08/09 13:24:51.569, 100 %, 24424 MiB, 199.87 W, 77
2026/08/09 13:25:51.576, 97 %, 24424 MiB, 199.93 W, 76
2026/08/09 13:26:51.582, 100 %, 24424 MiB, 200.18 W, 77
2026/08/09 13:27:51.588, 100 %, 24424 MiB, 200.03 W, 77
2026/08/09 13:28:51.610, 100 %, 24424 MiB, 200.05 W, 77
2026/08/09 13:29:51.617, 100 %, 24424 MiB, 200.05 W, 76
2026/08/09 13:30:51.624, 100 %, 24424 MiB, 200.02 W, 76
2026/08/09 13:31:51.631, 100 %, 24424 MiB, 200.02 W, 77
2026/08/09 13:32:51.639, 100 %, 24424 MiB, 200.01 W, 76
2026/08/09 13:33:51.646, 100 %, 24424 MiB, 200.28 W, 77
2026/08/09 13:34:51.653, 100 %, 24424 MiB, 199.74 W, 77
2026/08/09 13:35:51.659, 97 %, 24424 MiB, 199.86 W, 77
2026/08/09 13:36:51.666, 100 %, 24424 MiB, 199.77 W, 77
2026/08/09 13:37:51.674, 0 %, 24424 MiB, 27.54 W, 57
2026/08/09 13:38:51.681, 100 %, 24424 MiB, 200.00 W, 76
2026/08/09 13:39:51.688, 98 %, 24424 MiB, 199.98 W, 77
2026/08/09 13:40:51.702, 100 %, 24424 MiB, 200.03 W, 76
2026/08/09 13:41:51.710, 100 %, 24424 MiB, 199.75 W, 76
2026/08/09 13:42:51.717, 100 %, 24424 MiB, 199.74 W, 76
2026/08/09 13:43:51.724, 94 %, 24424 MiB, 199.96 W, 77
2026/08/09 13:44:51.731, 97 %, 24424 MiB, 199.95 W, 77
2026/08/09 13:45:51.738, 100 %, 24424 MiB, 199.96 W, 77
2026/08/09 13:46:51.745, 100 %, 24424 MiB, 200.15 W, 76
2026/08/09 13:47:51.751, 100 %, 24424 MiB, 199.70 W, 77
2026/08/09 13:48:51.758, 100 %, 24424 MiB, 199.98 W, 77
2026/08/09 13:49:51.764, 100 %, 24424 MiB, 200.13 W, 77
2026/08/09 13:50:51.771, 100 %, 24424 MiB, 200.12 W, 76
2026/08/09 13:51:51.777, 98 %, 24424 MiB, 199.99 W, 77
2026/08/09 13:52:51.783, 100 %, 24424 MiB, 199.99 W, 76
2026/08/09 13:53:51.790, 100 %, 24424 MiB, 200.00 W, 77
2026/08/09 13:54:51.806, 100 %, 24424 MiB, 199.68 W, 76
2026/08/09 13:55:51.812, 100 %, 24424 MiB, 199.95 W, 77
2026/08/09 13:56:51.819, 100 %, 24424 MiB, 199.99 W, 77
2026/08/09 13:57:51.826, 100 %, 24424 MiB, 200.03 W, 77
2026/08/09 13:58:51.833, 100 %, 24424 MiB, 200.28 W, 77
2026/08/09 13:59:51.840, 100 %, 24424 MiB, 199.85 W, 77
2026/08/09 14:00:51.847, 97 %, 24424 MiB, 199.99 W, 76
2026/08/09 14:01:51.854, 99 %, 24424 MiB, 200.00 W, 76
2026/08/09 14:02:51.861, 100 %, 24424 MiB, 199.98 W, 76
2026/08/09 14:03:51.868, 100 %, 24424 MiB, 199.46 W, 76
2026/08/09 14:04:51.875, 97 %, 24424 MiB, 200.04 W, 77
2026/08/09 14:05:51.882, 100 %, 24424 MiB, 200.68 W, 75
2026/08/09 14:06:51.888, 98 %, 24424 MiB, 199.95 W, 77
2026/08/09 14:07:51.903, 93 %, 24424 MiB, 200.00 W, 77
2026/08/09 14:08:51.909, 100 %, 24424 MiB, 200.12 W, 77
2026/08/09 14:09:51.915, 100 %, 24424 MiB, 199.75 W, 76
2026/08/09 14:10:51.923, 96 %, 24424 MiB, 200.00 W, 76
2026/08/09 14:11:51.929, 100 %, 24424 MiB, 199.91 W, 77
2026/08/09 14:12:51.937, 100 %, 24424 MiB, 200.00 W, 77
2026/08/09 14:13:51.943, 100 %, 24424 MiB, 200.00 W, 77
2026/08/09 14:14:51.951, 100 %, 24424 MiB, 200.03 W, 76
2026/08/09 14:15:51.956, 99 %, 24424 MiB, 199.96 W, 76
2026/08/09 14:16:51.963, 100 %, 24424 MiB, 199.94 W, 74
2026/08/09 14:17:51.970, 98 %, 24424 MiB, 199.97 W, 77
2026/08/09 14:18:51.977, 98 %, 24424 MiB, 200.04 W, 77
2026/08/09 14:19:51.985, 100 %, 24424 MiB, 200.08 W, 77
2026/08/09 14:20:51.992, 100 %, 24424 MiB, 199.96 W, 77
2026/08/09 14:21:52.008, 100 %, 24424 MiB, 200.20 W, 76
2026/08/09 14:22:52.016, 100 %, 24424 MiB, 200.10 W, 77
2026/08/09 14:23:52.024, 100 %, 24424 MiB, 199.98 W, 76
2026/08/09 14:24:52.031, 100 %, 24424 MiB, 199.67 W, 77
2026/08/09 14:25:52.039, 99 %, 24424 MiB, 199.84 W, 77
2026/08/09 14:26:52.046, 100 %, 24424 MiB, 199.94 W, 77
2026/08/09 14:27:52.053, 97 %, 24424 MiB, 199.98 W, 76
2026/08/09 14:28:52.060, 100 %, 24424 MiB, 199.96 W, 77
2026/08/09 14:29:52.067, 100 %, 24424 MiB, 200.07 W, 76
2026/08/09 14:30:52.074, 100 %, 24424 MiB, 199.96 W, 76
2026/08/09 14:31:52.082, 100 %, 24424 MiB, 200.42 W, 76
2026/08/09 14:32:52.088, 97 %, 24424 MiB, 200.00 W, 75
2026/08/09 14:33:52.107, 100 %, 24424 MiB, 199.97 W, 76
2026/08/09 14:34:52.114, 100 %, 24424 MiB, 200.04 W, 76
2026/08/09 14:35:52.121, 100 %, 24424 MiB, 199.72 W, 77
2026/08/09 14:36:52.128, 100 %, 24424 MiB, 200.00 W, 76
2026/08/09 14:37:52.136, 100 %, 24424 MiB, 200.01 W, 76
2026/08/09 14:38:52.143, 100 %, 24424 MiB, 199.95 W, 75
2026/08/09 14:39:52.149, 94 %, 24424 MiB, 200.22 W, 77
2026/08/09 14:40:52.156, 100 %, 24424 MiB, 200.00 W, 77
2026/08/09 14:41:52.164, 100 %, 24424 MiB, 199.64 W, 76
2026/08/09 14:42:52.171, 100 %, 24424 MiB, 199.94 W, 76
2026/08/09 14:43:52.178, 97 %, 24424 MiB, 200.05 W, 76
2026/08/09 14:44:52.184, 100 %, 24424 MiB, 200.02 W, 77
2026/08/09 14:45:52.191, 100 %, 24424 MiB, 199.68 W, 76
2026/08/09 14:46:52.206, 98 %, 24424 MiB, 199.97 W, 76
2026/08/09 14:47:52.212, 98 %, 24424 MiB, 199.98 W, 77
2026/08/09 14:48:52.219, 100 %, 24424 MiB, 200.03 W, 77
2026/08/09 14:49:52.225, 100 %, 24424 MiB, 199.87 W, 77
2026/08/09 14:50:52.232, 97 %, 24424 MiB, 199.95 W, 77
2026/08/09 14:51:52.238, 100 %, 24424 MiB, 200.17 W, 76
2026/08/09 14:52:52.244, 100 %, 24424 MiB, 200.40 W, 76
2026/08/09 14:53:52.251, 100 %, 24424 MiB, 199.97 W, 77
2026/08/09 14:54:52.259, 100 %, 24424 MiB, 200.34 W, 77
2026/08/09 14:55:52.266, 100 %, 24424 MiB, 200.14 W, 76
2026/08/09 14:56:52.272, 100 %, 24424 MiB, 199.77 W, 77
2026/08/09 14:57:52.279, 97 %, 24424 MiB, 199.96 W, 77
2026/08/09 14:58:52.285, 94 %, 24424 MiB, 199.98 W, 77
2026/08/09 14:59:52.292, 100 %, 24424 MiB, 200.05 W, 72
2026/08/09 15:00:52.309, 95 %, 24424 MiB, 200.00 W, 77
2026/08/09 15:01:52.316, 100 %, 24424 MiB, 200.32 W, 76
2026/08/09 15:02:52.323, 98 %, 24424 MiB, 200.00 W, 77
2026/08/09 15:03:52.331, 100 %, 24424 MiB, 199.98 W, 76
2026/08/09 15:04:52.338, 100 %, 24424 MiB, 200.11 W, 76
2026/08/09 15:05:52.346, 98 %, 24424 MiB, 200.01 W, 77
2026/08/09 15:06:52.353, 100 %, 24424 MiB, 199.99 W, 76
2026/08/09 15:07:52.361, 100 %, 24424 MiB, 199.62 W, 77
2026/08/09 15:08:52.368, 100 %, 24424 MiB, 199.74 W, 77
2026/08/09 15:09:52.375, 100 %, 24424 MiB, 200.31 W, 77
2026/08/09 15:10:52.382, 98 %, 24424 MiB, 200.30 W, 76
2026/08/09 15:11:52.390, 100 %, 24424 MiB, 200.03 W, 76
2026/08/09 15:12:52.405, 100 %, 24424 MiB, 199.71 W, 77
2026/08/09 15:13:52.412, 98 %, 24424 MiB, 199.96 W, 77
2026/08/09 15:14:52.419, 100 %, 24424 MiB, 200.02 W, 76
2026/08/09 15:15:52.426, 100 %, 24424 MiB, 199.61 W, 76
2026/08/09 15:16:52.432, 97 %, 24424 MiB, 199.98 W, 77
2026/08/09 15:17:52.440, 98 %, 24424 MiB, 199.95 W, 77
2026/08/09 15:18:52.447, 100 %, 24424 MiB, 200.42 W, 76
2026/08/09 15:19:52.454, 98 %, 24424 MiB, 200.50 W, 76
2026/08/09 15:20:52.461, 100 %, 24424 MiB, 199.98 W, 76
2026/08/09 15:21:52.469, 100 %, 24424 MiB, 200.03 W, 76
2026/08/09 15:22:52.476, 100 %, 24424 MiB, 200.01 W, 75
2026/08/09 15:23:52.484, 100 %, 24424 MiB, 199.68 W, 76
2026/08/09 15:24:52.491, 98 %, 24424 MiB, 199.98 W, 76
2026/08/09 15:25:52.506, 100 %, 24424 MiB, 200.32 W, 77
2026/08/09 15:26:52.512, 0 %, 24424 MiB, 28.70 W, 58
2026/08/09 15:27:52.519, 100 %, 24424 MiB, 199.98 W, 76
2026/08/09 15:28:52.525, 100 %, 24424 MiB, 199.94 W, 76
2026/08/09 15:29:52.531, 100 %, 24424 MiB, 200.28 W, 76
2026/08/09 15:30:52.538, 100 %, 24424 MiB, 199.67 W, 75
2026/08/09 15:31:52.545, 97 %, 24424 MiB, 199.98 W, 77
2026/08/09 15:32:52.552, 98 %, 24424 MiB, 199.98 W, 77
2026/08/09 15:33:52.560, 100 %, 24424 MiB, 200.59 W, 77
2026/08/09 15:34:52.567, 100 %, 24424 MiB, 199.76 W, 77
2026/08/09 15:35:52.573, 94 %, 24424 MiB, 199.92 W, 77
2026/08/09 15:36:52.580, 100 %, 24424 MiB, 200.03 W, 76
2026/08/09 15:37:52.586, 98 %, 24424 MiB, 199.98 W, 76
2026/08/09 15:38:52.592, 100 %, 24424 MiB, 200.33 W, 77
2026/08/09 15:39:52.604, 100 %, 24424 MiB, 200.08 W, 77
2026/08/09 15:40:52.610, 100 %, 24424 MiB, 199.75 W, 76
2026/08/09 15:41:52.616, 98 %, 24424 MiB, 199.99 W, 77
2026/08/09 15:42:52.623, 100 %, 24424 MiB, 199.99 W, 76
2026/08/09 15:43:52.630, 97 %, 24424 MiB, 200.52 W, 76
2026/08/09 15:44:52.636, 100 %, 24424 MiB, 200.05 W, 76
2026/08/09 15:45:52.643, 98 %, 24424 MiB, 199.98 W, 77
2026/08/09 15:46:52.649, 97 %, 24424 MiB, 199.95 W, 76
2026/08/09 15:47:52.657, 97 %, 24424 MiB, 199.98 W, 76
2026/08/09 15:48:52.664, 97 %, 24424 MiB, 199.96 W, 76
2026/08/09 15:49:52.672, 100 %, 24424 MiB, 200.19 W, 76
2026/08/09 15:50:52.679, 100 %, 24424 MiB, 200.17 W, 76
2026/08/09 15:51:52.687, 100 %, 24424 MiB, 200.01 W, 76
2026/08/09 15:52:52.701, 100 %, 24424 MiB, 199.64 W, 76
2026/08/09 15:53:52.708, 98 %, 24424 MiB, 199.99 W, 76
2026/08/09 15:54:52.715, 100 %, 24424 MiB, 200.03 W, 75
2026/08/09 15:55:52.722, 97 %, 24424 MiB, 199.98 W, 77
2026/08/09 15:56:52.729, 100 %, 24424 MiB, 199.80 W, 77
2026/08/09 15:57:52.735, 97 %, 24424 MiB, 199.99 W, 76
2026/08/09 15:58:52.742, 100 %, 24424 MiB, 199.99 W, 76
2026/08/09 15:59:52.749, 100 %, 24424 MiB, 200.18 W, 76
2026/08/09 16:00:52.756, 100 %, 24424 MiB, 199.12 W, 77
2026/08/09 16:01:52.763, 98 %, 24424 MiB, 199.98 W, 75
2026/08/09 16:02:52.770, 97 %, 24424 MiB, 199.90 W, 76
2026/08/09 16:03:52.778, 100 %, 24424 MiB, 199.52 W, 74
2026/08/09 16:04:52.785, 100 %, 24424 MiB, 200.01 W, 76
2026/08/09 16:05:52.791, 100 %, 24424 MiB, 199.74 W, 77
2026/08/09 16:06:52.803, 98 %, 24424 MiB, 199.97 W, 77
2026/08/09 16:07:52.810, 97 %, 24424 MiB, 199.88 W, 77
2026/08/09 16:08:52.818, 97 %, 24424 MiB, 199.95 W, 77
2026/08/09 16:09:52.825, 100 %, 24424 MiB, 199.97 W, 77
2026/08/09 16:10:52.832, 100 %, 24424 MiB, 200.18 W, 76
2026/08/09 16:11:52.838, 100 %, 24424 MiB, 200.38 W, 77
2026/08/09 16:12:52.845, 100 %, 24424 MiB, 199.95 W, 76
2026/08/09 16:13:52.851, 100 %, 24424 MiB, 199.99 W, 76
2026/08/09 16:14:52.858, 100 %, 24424 MiB, 200.26 W, 76
2026/08/09 16:15:52.866, 100 %, 24424 MiB, 199.98 W, 77
2026/08/09 16:16:52.872, 100 %, 24424 MiB, 199.78 W, 76
2026/08/09 16:17:52.879, 97 %, 24424 MiB, 200.29 W, 77
2026/08/09 16:18:52.886, 100 %, 24424 MiB, 200.04 W, 76
2026/08/09 16:19:52.900, 100 %, 24424 MiB, 200.06 W, 77
2026/08/09 16:20:52.906, 100 %, 24424 MiB, 200.02 W, 77
2026/08/09 16:21:52.913, 100 %, 24424 MiB, 199.60 W, 75
2026/08/09 16:22:52.919, 100 %, 24424 MiB, 199.99 W, 76
2026/08/09 16:23:52.927, 100 %, 24424 MiB, 200.02 W, 76
2026/08/09 16:24:52.933, 98 %, 24424 MiB, 199.99 W, 77
2026/08/09 16:25:52.940, 98 %, 24424 MiB, 199.95 W, 76
2026/08/09 16:26:52.948, 100 %, 24424 MiB, 200.03 W, 77
2026/08/09 16:27:52.955, 98 %, 24424 MiB, 200.02 W, 77
2026/08/09 16:28:52.962, 100 %, 24424 MiB, 199.96 W, 76
2026/08/09 16:29:52.969, 100 %, 24424 MiB, 199.96 W, 77
2026/08/09 16:30:52.976, 100 %, 24424 MiB, 199.68 W, 76
2026/08/09 16:31:52.982, 100 %, 24424 MiB, 199.95 W, 77
2026/08/09 16:32:52.989, 96 %, 24424 MiB, 199.89 W, 77
2026/08/09 16:33:53.005, 97 %, 24424 MiB, 199.96 W, 77
2026/08/09 16:34:53.012, 100 %, 24424 MiB, 200.01 W, 77
2026/08/09 16:35:53.019, 100 %, 24424 MiB, 199.90 W, 77
2026/08/09 16:36:53.026, 94 %, 24424 MiB, 200.34 W, 77
2026/08/09 16:37:53.034, 100 %, 24424 MiB, 200.44 W, 77
2026/08/09 16:38:53.041, 100 %, 24424 MiB, 200.02 W, 76
2026/08/09 16:39:53.048, 100 %, 24424 MiB, 199.74 W, 77
2026/08/09 16:40:53.055, 100 %, 24424 MiB, 199.57 W, 77
2026/08/09 16:41:53.062, 98 %, 24424 MiB, 199.94 W, 77
2026/08/09 16:42:53.069, 100 %, 24424 MiB, 200.21 W, 76
2026/08/09 16:43:53.075, 100 %, 24424 MiB, 199.92 W, 77
2026/08/09 16:44:53.081, 100 %, 24424 MiB, 199.94 W, 76
2026/08/09 16:45:53.088, 100 %, 24424 MiB, 199.98 W, 77
2026/08/09 16:46:53.103, 100 %, 24424 MiB, 200.02 W, 75
2026/08/09 16:47:53.111, 98 %, 24424 MiB, 199.96 W, 77
2026/08/09 16:48:53.120, 100 %, 24424 MiB, 200.03 W, 73
2026/08/09 16:49:53.126, 100 %, 24424 MiB, 199.85 W, 77
2026/08/09 16:50:53.133, 97 %, 24424 MiB, 200.29 W, 76
2026/08/09 16:51:53.140, 100 %, 24424 MiB, 200.23 W, 76
2026/08/09 16:52:53.148, 100 %, 24424 MiB, 199.55 W, 77
2026/08/09 16:53:53.155, 100 %, 24424 MiB, 200.00 W, 76
2026/08/09 16:54:53.163, 98 %, 24424 MiB, 200.00 W, 77
2026/08/09 16:55:53.171, 100 %, 24424 MiB, 200.01 W, 77
2026/08/09 16:56:53.178, 100 %, 24424 MiB, 200.03 W, 76
2026/08/09 16:57:53.185, 100 %, 24424 MiB, 199.91 W, 77
2026/08/09 16:58:53.191, 100 %, 24424 MiB, 199.97 W, 77
2026/08/09 16:59:53.203, 100 %, 24424 MiB, 199.97 W, 77
2026/08/09 17:00:53.210, 100 %, 24424 MiB, 200.01 W, 77
2026/08/09 17:01:53.218, 100 %, 24424 MiB, 199.59 W, 74
2026/08/09 17:02:53.224, 100 %, 24424 MiB, 199.80 W, 76
2026/08/09 17:03:53.231, 97 %, 24424 MiB, 199.98 W, 76
2026/08/09 17:04:53.239, 94 %, 24424 MiB, 199.97 W, 77
2026/08/09 17:05:53.246, 100 %, 24424 MiB, 200.09 W, 76
2026/08/09 17:06:53.253, 100 %, 24424 MiB, 199.91 W, 77
2026/08/09 17:07:53.260, 97 %, 24424 MiB, 200.00 W, 76
2026/08/09 17:08:53.268, 100 %, 24424 MiB, 200.10 W, 77
2026/08/09 17:09:53.276, 100 %, 24424 MiB, 200.23 W, 76
2026/08/09 17:10:53.282, 98 %, 24424 MiB, 199.99 W, 76
2026/08/09 17:11:53.288, 100 %, 24424 MiB, 200.20 W, 76
2026/08/09 17:12:53.304, 100 %, 24424 MiB, 199.96 W, 76
2026/08/09 17:13:53.312, 100 %, 24424 MiB, 200.02 W, 76
2026/08/09 17:14:53.319, 100 %, 24424 MiB, 199.67 W, 77
2026/08/09 17:15:53.326, 0 %, 24424 MiB, 28.54 W, 58
2026/08/09 17:16:53.333, 98 %, 24424 MiB, 199.98 W, 75
2026/08/09 17:17:53.340, 100 %, 24424 MiB, 200.22 W, 76
2026/08/09 17:18:53.347, 100 %, 24424 MiB, 200.03 W, 75
2026/08/09 17:19:53.354, 97 %, 24424 MiB, 200.03 W, 77
2026/08/09 17:20:53.361, 100 %, 24424 MiB, 200.09 W, 76
2026/08/09 17:21:53.368, 100 %, 24424 MiB, 199.78 W, 77
2026/08/09 17:22:53.375, 98 %, 24424 MiB, 200.01 W, 77
2026/08/09 17:23:53.382, 100 %, 24424 MiB, 199.69 W, 77
2026/08/09 17:24:53.389, 100 %, 24424 MiB, 200.20 W, 76
2026/08/09 17:25:53.403, 100 %, 24424 MiB, 200.34 W, 77
2026/08/09 17:26:53.411, 100 %, 24424 MiB, 200.02 W, 76
2026/08/09 17:27:53.418, 96 %, 24424 MiB, 200.02 W, 77
2026/08/09 17:28:53.425, 100 %, 24424 MiB, 199.96 W, 76
2026/08/09 17:29:53.433, 98 %, 24424 MiB, 200.03 W, 76
2026/08/09 17:30:53.440, 100 %, 24424 MiB, 200.23 W, 76
2026/08/09 17:31:53.446, 100 %, 24424 MiB, 200.15 W, 76
2026/08/09 17:32:53.453, 100 %, 24424 MiB, 199.98 W, 76
2026/08/09 17:33:53.461, 100 %, 24424 MiB, 199.99 W, 77
2026/08/09 17:34:53.467, 100 %, 24424 MiB, 199.97 W, 76
2026/08/09 17:35:53.474, 100 %, 24424 MiB, 200.00 W, 77
2026/08/09 17:36:53.481, 100 %, 24424 MiB, 199.98 W, 77
2026/08/09 17:37:53.489, 100 %, 24424 MiB, 199.99 W, 77
2026/08/09 17:38:53.503, 98 %, 24424 MiB, 199.88 W, 77
2026/08/09 17:39:53.510, 100 %, 24424 MiB, 200.00 W, 76
2026/08/09 17:40:53.517, 100 %, 24424 MiB, 200.25 W, 77
2026/08/09 17:41:53.524, 100 %, 24424 MiB, 200.01 W, 77
2026/08/09 17:42:53.531, 97 %, 24424 MiB, 199.67 W, 76
2026/08/09 17:43:53.539, 100 %, 24424 MiB, 199.95 W, 76
2026/08/09 17:44:53.546, 100 %, 24424 MiB, 200.43 W, 76
2026/08/09 17:45:53.553, 98 %, 24424 MiB, 199.79 W, 76
2026/08/09 17:46:53.559, 97 %, 24424 MiB, 199.89 W, 77
2026/08/09 17:47:53.566, 100 %, 24424 MiB, 199.96 W, 76
2026/08/09 17:48:53.573, 100 %, 24424 MiB, 200.08 W, 77
2026/08/09 17:49:53.580, 97 %, 24424 MiB, 199.63 W, 77
2026/08/09 17:50:53.588, 100 %, 24424 MiB, 199.99 W, 77
2026/08/09 17:51:53.603, 100 %, 24424 MiB, 199.99 W, 77
2026/08/09 17:52:53.610, 100 %, 24424 MiB, 200.02 W, 77
2026/08/09 17:53:53.617, 97 %, 24424 MiB, 199.73 W, 77
2026/08/09 17:54:53.624, 97 %, 24424 MiB, 199.59 W, 76
2026/08/09 17:55:53.631, 100 %, 24424 MiB, 200.02 W, 77
2026/08/09 17:56:53.639, 100 %, 24424 MiB, 200.00 W, 77
2026/08/09 17:57:53.646, 94 %, 24424 MiB, 199.92 W, 76
2026/08/09 17:58:53.654, 97 %, 24424 MiB, 199.73 W, 77
2026/08/09 17:59:53.662, 100 %, 24424 MiB, 199.95 W, 76
2026/08/09 18:00:53.669, 100 %, 24424 MiB, 200.35 W, 77
2026/08/09 18:01:53.678, 100 %, 24424 MiB, 200.02 W, 76
2026/08/09 18:02:53.685, 98 %, 24424 MiB, 199.79 W, 76
2026/08/09 18:03:53.691, 100 %, 24424 MiB, 200.26 W, 76
2026/08/09 18:04:53.705, 97 %, 24424 MiB, 199.97 W, 76
2026/08/09 18:05:53.711, 100 %, 24424 MiB, 200.01 W, 77
2026/08/09 18:06:53.718, 97 %, 24424 MiB, 199.92 W, 77
2026/08/09 18:07:53.726, 100 %, 24424 MiB, 199.99 W, 76
2026/08/09 18:08:53.733, 98 %, 24424 MiB, 199.88 W, 77
2026/08/09 18:09:53.741, 100 %, 24424 MiB, 200.00 W, 77
2026/08/09 18:10:53.748, 100 %, 24424 MiB, 200.04 W, 75
2026/08/09 18:11:53.755, 97 %, 24424 MiB, 199.85 W, 77
2026/08/09 18:12:53.763, 100 %, 24424 MiB, 200.11 W, 76
2026/08/09 18:13:53.770, 100 %, 24424 MiB, 199.66 W, 76
2026/08/09 18:14:53.778, 100 %, 24424 MiB, 199.99 W, 77
2026/08/09 18:15:53.785, 100 %, 24424 MiB, 200.04 W, 77
2026/08/09 18:16:53.802, 100 %, 24424 MiB, 199.96 W, 76
2026/08/09 18:17:53.809, 100 %, 24424 MiB, 199.96 W, 77
2026/08/09 18:18:53.816, 100 %, 24424 MiB, 200.08 W, 76
2026/08/09 18:19:53.823, 100 %, 24424 MiB, 200.06 W, 76
2026/08/09 18:20:53.830, 100 %, 24424 MiB, 199.96 W, 76
2026/08/09 18:21:53.837, 100 %, 24424 MiB, 200.14 W, 76
2026/08/09 18:22:53.844, 98 %, 24424 MiB, 200.02 W, 76
2026/08/09 18:23:53.852, 100 %, 24424 MiB, 200.02 W, 77
2026/08/09 18:24:53.859, 100 %, 24424 MiB, 200.33 W, 77
2026/08/09 18:25:53.866, 100 %, 24424 MiB, 200.25 W, 76
2026/08/09 18:26:53.873, 100 %, 24424 MiB, 200.04 W, 77
2026/08/09 18:27:53.879, 98 %, 24424 MiB, 199.73 W, 76
2026/08/09 18:28:53.886, 100 %, 24424 MiB, 199.96 W, 76
2026/08/09 18:29:53.900, 100 %, 24424 MiB, 199.92 W, 76
2026/08/09 18:30:53.921, 97 %, 24424 MiB, 199.96 W, 75
2026/08/09 18:31:53.929, 100 %, 24424 MiB, 199.97 W, 76
2026/08/09 18:32:53.937, 100 %, 24424 MiB, 200.38 W, 76
2026/08/09 18:33:53.943, 94 %, 24424 MiB, 199.62 W, 77
2026/08/09 18:34:53.950, 98 %, 24424 MiB, 199.75 W, 77
2026/08/09 18:35:53.956, 100 %, 24424 MiB, 200.32 W, 76
2026/08/09 18:36:53.963, 98 %, 24424 MiB, 199.74 W, 76
2026/08/09 18:37:53.970, 100 %, 24424 MiB, 199.96 W, 72
2026/08/09 18:38:53.977, 97 %, 24424 MiB, 199.84 W, 76
2026/08/09 18:39:53.984, 94 %, 24424 MiB, 199.70 W, 77
2026/08/09 18:40:53.991, 100 %, 24424 MiB, 199.95 W, 76
2026/08/09 18:41:54.007, 100 %, 24424 MiB, 200.00 W, 76
2026/08/09 18:42:54.013, 97 %, 24424 MiB, 199.65 W, 77
2026/08/09 18:43:54.020, 98 %, 24424 MiB, 199.87 W, 77
2026/08/09 18:44:54.028, 100 %, 24424 MiB, 199.98 W, 76
2026/08/09 18:45:54.035, 98 %, 24424 MiB, 199.73 W, 77
2026/08/09 18:46:54.043, 100 %, 24424 MiB, 200.01 W, 76
2026/08/09 18:47:54.050, 100 %, 24424 MiB, 200.01 W, 76
2026/08/09 18:48:54.057, 100 %, 24424 MiB, 200.01 W, 77
2026/08/09 18:49:54.064, 100 %, 24424 MiB, 199.98 W, 77
2026/08/09 18:50:54.071, 100 %, 24424 MiB, 200.02 W, 76
2026/08/09 18:51:54.079, 100 %, 24424 MiB, 200.00 W, 76
2026/08/09 18:52:54.087, 98 %, 24424 MiB, 199.94 W, 76
2026/08/09 18:53:54.101, 100 %, 24424 MiB, 200.42 W, 76
2026/08/09 18:54:54.109, 100 %, 24424 MiB, 200.00 W, 77
2026/08/09 18:55:54.116, 100 %, 24424 MiB, 200.23 W, 77
2026/08/09 18:56:54.124, 97 %, 24424 MiB, 199.76 W, 77
2026/08/09 18:57:54.130, 100 %, 24424 MiB, 199.95 W, 77
2026/08/09 18:58:54.137, 100 %, 24424 MiB, 200.08 W, 77
2026/08/09 18:59:54.144, 100 %, 24424 MiB, 200.27 W, 77
2026/08/09 19:00:54.151, 100 %, 24424 MiB, 200.01 W, 76
2026/08/09 19:01:54.159, 97 %, 24424 MiB, 199.74 W, 77
2026/08/09 19:02:54.166, 97 %, 24424 MiB, 199.78 W, 77
2026/08/09 19:03:54.173, 100 %, 24424 MiB, 200.30 W, 76
2026/08/09 19:04:54.180, 0 %, 24424 MiB, 28.59 W, 59
2026/08/09 19:05:54.187, 100 %, 24424 MiB, 200.00 W, 76
2026/08/09 19:06:54.204, 100 %, 24424 MiB, 199.96 W, 76
2026/08/09 19:07:54.210, 100 %, 24424 MiB, 200.50 W, 76
2026/08/09 19:08:54.216, 100 %, 24424 MiB, 200.09 W, 77
2026/08/09 19:09:54.223, 97 %, 24424 MiB, 199.65 W, 75
2026/08/09 19:10:54.230, 100 %, 24424 MiB, 200.38 W, 77
2026/08/09 19:11:54.237, 100 %, 24424 MiB, 200.12 W, 76
2026/08/09 19:12:54.244, 100 %, 24424 MiB, 200.00 W, 76
2026/08/09 19:13:54.251, 100 %, 24424 MiB, 199.98 W, 77
2026/08/09 19:14:54.257, 100 %, 24424 MiB, 200.22 W, 76
2026/08/09 19:15:54.266, 100 %, 24424 MiB, 200.04 W, 76
2026/08/09 19:16:54.273, 98 %, 24424 MiB, 199.72 W, 77
2026/08/09 19:17:54.280, 100 %, 24424 MiB, 200.02 W, 76
2026/08/09 19:18:54.287, 100 %, 24424 MiB, 200.23 W, 76
2026/08/09 19:19:54.302, 100 %, 24424 MiB, 200.41 W, 76
2026/08/09 19:20:54.308, 97 %, 24424 MiB, 199.72 W, 76
2026/08/09 19:21:54.316, 100 %, 24424 MiB, 199.96 W, 76
2026/08/09 19:22:54.324, 100 %, 24424 MiB, 200.31 W, 77
2026/08/09 19:23:54.330, 98 %, 24424 MiB, 199.73 W, 76
2026/08/09 19:24:54.338, 100 %, 24424 MiB, 199.98 W, 77
2026/08/09 19:25:54.345, 100 %, 24424 MiB, 200.15 W, 77
2026/08/09 19:26:54.352, 100 %, 24424 MiB, 200.07 W, 77
2026/08/09 19:27:54.361, 97 %, 24424 MiB, 199.91 W, 77
2026/08/09 19:28:54.369, 100 %, 24424 MiB, 200.35 W, 77
2026/08/09 19:29:54.378, 100 %, 24424 MiB, 200.02 W, 77
2026/08/09 19:30:54.386, 100 %, 24424 MiB, 200.19 W, 76
2026/08/09 19:31:54.402, 97 %, 24424 MiB, 199.78 W, 77
2026/08/09 19:32:54.410, 100 %, 24424 MiB, 199.99 W, 76
2026/08/09 19:33:54.419, 97 %, 24424 MiB, 199.64 W, 76
2026/08/09 19:34:54.427, 100 %, 24424 MiB, 199.97 W, 76
2026/08/09 19:35:54.436, 97 %, 24424 MiB, 199.99 W, 76
2026/08/09 19:36:54.446, 97 %, 24424 MiB, 200.02 W, 76
2026/08/09 19:37:54.455, 97 %, 24424 MiB, 199.66 W, 74
2026/08/09 19:38:54.464, 100 %, 24424 MiB, 199.99 W, 76
2026/08/09 19:39:54.473, 100 %, 24424 MiB, 200.18 W, 77
2026/08/09 19:40:54.484, 98 %, 24424 MiB, 199.87 W, 77
2026/08/09 19:41:54.501, 100 %, 24424 MiB, 200.00 W, 76
2026/08/09 19:42:54.511, 100 %, 24424 MiB, 200.02 W, 77
2026/08/09 19:43:54.520, 100 %, 24424 MiB, 200.43 W, 77
2026/08/09 19:44:54.530, 100 %, 24424 MiB, 200.37 W, 76
2026/08/09 19:45:54.539, 97 %, 24424 MiB, 199.88 W, 77
2026/08/09 19:46:54.548, 100 %, 24424 MiB, 199.95 W, 76
2026/08/09 19:47:54.559, 100 %, 24424 MiB, 200.12 W, 76
2026/08/09 19:48:54.568, 100 %, 24424 MiB, 199.99 W, 76
2026/08/09 19:49:54.578, 100 %, 24424 MiB, 200.00 W, 76
2026/08/09 19:50:54.587, 100 %, 24424 MiB, 199.95 W, 77
2026/08/09 19:51:54.605, 100 %, 24424 MiB, 199.99 W, 77
2026/08/09 19:52:54.614, 100 %, 24424 MiB, 200.22 W, 77
2026/08/09 19:53:54.623, 100 %, 24424 MiB, 199.97 W, 76
2026/08/09 19:54:54.631, 100 %, 24424 MiB, 200.11 W, 76
2026/08/09 19:55:54.641, 98 %, 24424 MiB, 199.96 W, 77
2026/08/09 19:56:54.649, 100 %, 24424 MiB, 200.31 W, 76
2026/08/09 19:57:54.658, 98 %, 24424 MiB, 199.85 W, 76
2026/08/09 19:58:54.667, 100 %, 24424 MiB, 199.98 W, 77
2026/08/09 19:59:54.677, 95 %, 24424 MiB, 199.68 W, 75
2026/08/09 20:00:54.686, 100 %, 24424 MiB, 200.16 W, 76
2026/08/09 20:01:54.703, 100 %, 24424 MiB, 199.97 W, 76
2026/08/09 20:02:54.713, 97 %, 24424 MiB, 199.65 W, 76
2026/08/09 20:03:54.720, 100 %, 24424 MiB, 200.31 W, 76
2026/08/09 20:04:54.728, 100 %, 24424 MiB, 200.21 W, 76
2026/08/09 20:05:54.737, 100 %, 24424 MiB, 199.97 W, 76
2026/08/09 20:06:54.746, 100 %, 24424 MiB, 200.35 W, 76
2026/08/09 20:07:54.756, 100 %, 24424 MiB, 200.01 W, 77
2026/08/09 20:08:54.766, 100 %, 24424 MiB, 200.27 W, 77
2026/08/09 20:09:54.775, 97 %, 24424 MiB, 199.73 W, 76
2026/08/09 20:10:54.787, 98 %, 24424 MiB, 199.91 W, 77
2026/08/09 20:11:54.806, 100 %, 24424 MiB, 200.00 W, 76
2026/08/09 20:12:54.815, 98 %, 24424 MiB, 199.87 W, 76
2026/08/09 20:13:54.824, 100 %, 24424 MiB, 199.99 W, 76
2026/08/09 20:14:54.833, 97 %, 24424 MiB, 199.51 W, 76
2026/08/09 20:15:54.841, 100 %, 24424 MiB, 199.97 W, 76
2026/08/09 20:16:54.850, 98 %, 24424 MiB, 199.79 W, 77
2026/08/09 20:17:54.859, 100 %, 24424 MiB, 200.00 W, 77
2026/08/09 20:18:54.868, 98 %, 24424 MiB, 199.91 W, 76
2026/08/09 20:19:54.877, 100 %, 24424 MiB, 199.97 W, 76
2026/08/09 20:20:54.886, 100 %, 24424 MiB, 200.28 W, 77
2026/08/09 20:21:54.903, 98 %, 24424 MiB, 199.94 W, 77
2026/08/09 20:22:54.912, 100 %, 24424 MiB, 200.02 W, 76
2026/08/09 20:23:54.922, 100 %, 24424 MiB, 199.98 W, 76
2026/08/09 20:24:54.931, 100 %, 24424 MiB, 200.26 W, 76
2026/08/09 20:25:54.939, 100 %, 24424 MiB, 199.69 W, 77
2026/08/09 20:26:54.948, 97 %, 24424 MiB, 199.74 W, 73
2026/08/09 20:27:54.956, 100 %, 24424 MiB, 199.93 W, 76
2026/08/09 20:28:54.965, 100 %, 24424 MiB, 200.00 W, 76
2026/08/09 20:29:54.974, 97 %, 24424 MiB, 199.81 W, 77
2026/08/09 20:30:54.982, 100 %, 24424 MiB, 200.35 W, 76
2026/08/09 20:31:54.991, 100 %, 24424 MiB, 200.00 W, 77
2026/08/09 20:32:55.008, 98 %, 24424 MiB, 199.91 W, 77
2026/08/09 20:33:55.018, 100 %, 24424 MiB, 199.99 W, 76
2026/08/09 20:34:55.026, 100 %, 24424 MiB, 199.98 W, 77
2026/08/09 20:35:55.036, 100 %, 24424 MiB, 200.02 W, 77
2026/08/09 20:36:55.044, 100 %, 24424 MiB, 199.97 W, 76
2026/08/09 20:37:55.053, 100 %, 24424 MiB, 200.18 W, 76
2026/08/09 20:38:55.062, 100 %, 24424 MiB, 199.98 W, 77
2026/08/09 20:39:55.071, 97 %, 24424 MiB, 199.84 W, 77
2026/08/09 20:40:55.079, 100 %, 24424 MiB, 199.97 W, 76
2026/08/09 20:41:55.087, 100 %, 24424 MiB, 199.71 W, 77
2026/08/09 20:42:55.104, 97 %, 24424 MiB, 199.70 W, 76
2026/08/09 20:43:55.112, 100 %, 24424 MiB, 199.95 W, 76
2026/08/09 20:44:55.121, 100 %, 24424 MiB, 200.27 W, 76
2026/08/09 20:45:55.129, 94 %, 24424 MiB, 200.00 W, 77
2026/08/09 20:46:55.139, 100 %, 24424 MiB, 200.02 W, 77
2026/08/09 20:47:55.147, 100 %, 24424 MiB, 200.00 W, 76
2026/08/09 20:48:55.156, 97 %, 24424 MiB, 199.75 W, 77
2026/08/09 20:49:55.163, 98 %, 24424 MiB, 199.92 W, 77
2026/08/09 20:50:55.172, 100 %, 24424 MiB, 199.96 W, 76
2026/08/09 20:51:55.179, 98 %, 24424 MiB, 199.89 W, 76
2026/08/09 20:52:55.189, 100 %, 24424 MiB, 199.96 W, 77
2026/08/09 20:53:55.205, 0 %, 24424 MiB, 28.10 W, 58
2026/08/09 20:54:55.213, 100 %, 24424 MiB, 200.00 W, 76
2026/08/09 20:55:55.222, 100 %, 24424 MiB, 199.99 W, 76
2026/08/09 20:56:55.232, 100 %, 24424 MiB, 200.33 W, 76
2026/08/09 20:57:55.240, 100 %, 24424 MiB, 200.02 W, 76
2026/08/09 20:58:55.249, 96 %, 24424 MiB, 199.87 W, 77
2026/08/09 20:59:55.257, 100 %, 24424 MiB, 199.94 W, 76
2026/08/09 21:00:55.264, 100 %, 24424 MiB, 200.01 W, 76
2026/08/09 21:01:55.271, 97 %, 24424 MiB, 199.74 W, 77
2026/08/09 21:02:55.278, 98 %, 24424 MiB, 199.82 W, 77
2026/08/09 21:03:55.286, 100 %, 24424 MiB, 199.98 W, 77
2026/08/09 21:04:55.304, 100 %, 24424 MiB, 200.25 W, 76
2026/08/09 21:05:55.312, 97 %, 24424 MiB, 199.74 W, 77
2026/08/09 21:06:55.322, 97 %, 24424 MiB, 199.66 W, 76
2026/08/09 21:07:55.330, 100 %, 24424 MiB, 199.99 W, 76
2026/08/09 21:08:55.339, 100 %, 24424 MiB, 200.01 W, 77
2026/08/09 21:09:55.348, 100 %, 24424 MiB, 200.02 W, 77
2026/08/09 21:10:55.357, 100 %, 24424 MiB, 199.97 W, 76
2026/08/09 21:11:55.366, 100 %, 24424 MiB, 200.26 W, 77
2026/08/09 21:12:55.375, 100 %, 24424 MiB, 199.97 W, 77
2026/08/09 21:13:55.383, 100 %, 24424 MiB, 200.00 W, 76
2026/08/09 21:14:55.391, 98 %, 24424 MiB, 199.99 W, 77
2026/08/09 21:15:55.405, 98 %, 24424 MiB, 199.68 W, 77
2026/08/09 21:16:55.415, 100 %, 24424 MiB, 199.99 W, 77
2026/08/09 21:17:55.424, 100 %, 24424 MiB, 200.10 W, 76
2026/08/09 21:18:55.432, 100 %, 24424 MiB, 199.96 W, 77
2026/08/09 21:19:55.440, 100 %, 24424 MiB, 200.00 W, 77
2026/08/09 21:20:55.448, 95 %, 24424 MiB, 199.63 W, 77
2026/08/09 21:21:55.457, 100 %, 24424 MiB, 199.99 W, 76
2026/08/09 21:22:55.466, 100 %, 24424 MiB, 200.01 W, 77
2026/08/09 21:23:55.474, 100 %, 24424 MiB, 199.77 W, 77
2026/08/09 21:24:55.483, 100 %, 24424 MiB, 200.02 W, 76
2026/08/09 21:25:55.491, 97 %, 24424 MiB, 199.98 W, 76
2026/08/09 21:26:55.506, 94 %, 24424 MiB, 199.99 W, 77
2026/08/09 21:27:55.514, 100 %, 24424 MiB, 200.33 W, 77
2026/08/09 21:28:55.523, 100 %, 24424 MiB, 200.13 W, 75
2026/08/09 21:29:55.531, 98 %, 24424 MiB, 199.96 W, 77
2026/08/09 21:30:55.539, 97 %, 24424 MiB, 200.02 W, 77
2026/08/09 21:31:55.547, 100 %, 24424 MiB, 199.53 W, 77
2026/08/09 21:32:55.556, 97 %, 24424 MiB, 199.97 W, 77
2026/08/09 21:33:55.564, 100 %, 24424 MiB, 199.98 W, 76
2026/08/09 21:34:55.571, 100 %, 24424 MiB, 200.11 W, 77
2026/08/09 21:35:55.580, 100 %, 24424 MiB, 199.63 W, 77
2026/08/09 21:36:55.589, 97 %, 24424 MiB, 199.96 W, 76
2026/08/09 21:37:55.606, 100 %, 24424 MiB, 200.32 W, 77
2026/08/09 21:38:55.614, 100 %, 24424 MiB, 200.05 W, 76
2026/08/09 21:39:55.623, 97 %, 24424 MiB, 199.98 W, 77
2026/08/09 21:40:55.631, 100 %, 24424 MiB, 199.98 W, 76
2026/08/09 21:41:55.640, 100 %, 24424 MiB, 200.00 W, 77
2026/08/09 21:42:55.649, 100 %, 24424 MiB, 199.16 W, 76
2026/08/09 21:43:55.657, 97 %, 24424 MiB, 199.96 W, 76
2026/08/09 21:44:55.666, 100 %, 24424 MiB, 200.17 W, 77
2026/08/09 21:45:55.675, 100 %, 24424 MiB, 200.11 W, 76
2026/08/09 21:46:55.684, 100 %, 24424 MiB, 199.99 W, 77
2026/08/09 21:47:55.700, 100 %, 24424 MiB, 199.98 W, 77
2026/08/09 21:48:55.709, 100 %, 24424 MiB, 200.42 W, 75
2026/08/09 21:49:55.719, 100 %, 24424 MiB, 199.59 W, 76
2026/08/09 21:50:55.726, 100 %, 24424 MiB, 200.40 W, 76
2026/08/09 21:51:55.734, 100 %, 24424 MiB, 200.10 W, 76
2026/08/09 21:52:55.743, 97 %, 24424 MiB, 200.02 W, 77
2026/08/09 21:53:55.753, 100 %, 24424 MiB, 200.24 W, 76
2026/08/09 21:54:55.763, 100 %, 24424 MiB, 199.55 W, 77
2026/08/09 21:55:55.771, 100 %, 24424 MiB, 199.91 W, 77
2026/08/09 21:56:55.779, 100 %, 24424 MiB, 199.99 W, 77
2026/08/09 21:57:55.787, 100 %, 24424 MiB, 199.47 W, 76
2026/08/09 21:58:55.803, 100 %, 24424 MiB, 199.64 W, 76
2026/08/09 21:59:55.811, 100 %, 24424 MiB, 199.68 W, 77
2026/08/09 22:00:55.821, 100 %, 24424 MiB, 199.98 W, 76
2026/08/09 22:01:55.830, 100 %, 24424 MiB, 199.67 W, 76
2026/08/09 22:02:55.839, 97 %, 24424 MiB, 200.25 W, 77
2026/08/09 22:03:55.848, 100 %, 24424 MiB, 200.34 W, 76
2026/08/09 22:04:55.856, 96 %, 24424 MiB, 199.97 W, 77
2026/08/09 22:05:55.865, 100 %, 24424 MiB, 200.01 W, 76
2026/08/09 22:06:55.874, 100 %, 24424 MiB, 199.74 W, 77
2026/08/09 22:07:55.884, 100 %, 24424 MiB, 199.99 W, 76
2026/08/09 22:08:55.901, 100 %, 24424 MiB, 200.11 W, 77
2026/08/09 22:09:55.909, 97 %, 24424 MiB, 200.03 W, 77
2026/08/09 22:10:55.918, 97 %, 24424 MiB, 199.99 W, 77
2026/08/09 22:11:55.928, 100 %, 24424 MiB, 199.97 W, 77
2026/08/09 22:12:55.938, 100 %, 24424 MiB, 200.02 W, 76
2026/08/09 22:13:55.946, 97 %, 24424 MiB, 199.93 W, 77
2026/08/09 22:14:55.954, 97 %, 24424 MiB, 199.98 W, 77
2026/08/09 22:15:55.963, 96 %, 24424 MiB, 200.14 W, 74
2026/08/09 22:16:55.971, 100 %, 24424 MiB, 199.72 W, 76
2026/08/09 22:17:55.979, 100 %, 24424 MiB, 199.98 W, 76
2026/08/09 22:18:55.987, 99 %, 24424 MiB, 199.96 W, 77
2026/08/09 22:19:56.007, 97 %, 24424 MiB, 200.41 W, 77
2026/08/09 22:20:56.016, 100 %, 24424 MiB, 200.00 W, 76
2026/08/09 22:21:56.024, 100 %, 24424 MiB, 199.75 W, 77
2026/08/09 22:22:56.032, 97 %, 24424 MiB, 199.94 W, 77
2026/08/09 22:23:56.041, 94 %, 24424 MiB, 199.93 W, 77
2026/08/09 22:24:56.050, 100 %, 24424 MiB, 200.41 W, 76
2026/08/09 22:25:56.060, 100 %, 24424 MiB, 199.71 W, 77
2026/08/09 22:26:56.068, 97 %, 24424 MiB, 199.84 W, 77
2026/08/09 22:27:56.079, 98 %, 24424 MiB, 199.96 W, 77
2026/08/09 22:28:56.086, 100 %, 24424 MiB, 199.71 W, 77
2026/08/09 22:29:56.103, 100 %, 24424 MiB, 199.95 W, 76
2026/08/09 22:30:56.111, 100 %, 24424 MiB, 200.02 W, 76
2026/08/09 22:31:56.119, 100 %, 24424 MiB, 199.82 W, 77
2026/08/09 22:32:56.129, 100 %, 24424 MiB, 200.44 W, 76
2026/08/09 22:33:56.137, 100 %, 24424 MiB, 200.04 W, 76
2026/08/09 22:34:56.174, 100 %, 24424 MiB, 200.09 W, 76
2026/08/09 22:35:56.183, 97 %, 24424 MiB, 200.35 W, 77
2026/08/09 22:36:56.200, 100 %, 24424 MiB, 200.18 W, 77
2026/08/09 22:37:56.208, 97 %, 24424 MiB, 199.94 W, 78
2026/08/09 22:38:56.217, 97 %, 24424 MiB, 200.00 W, 77
2026/08/09 22:39:56.226, 100 %, 24424 MiB, 199.99 W, 77
2026/08/09 22:40:56.235, 100 %, 24424 MiB, 199.72 W, 77
2026/08/09 22:41:56.243, 92 %, 24424 MiB, 199.84 W, 77
2026/08/09 22:42:56.251, 0 %, 24424 MiB, 27.75 W, 57
2026/08/09 22:43:56.258, 100 %, 24424 MiB, 199.72 W, 77
2026/08/09 22:44:56.266, 100 %, 24424 MiB, 200.29 W, 76
2026/08/09 22:45:56.273, 100 %, 24424 MiB, 199.54 W, 76
2026/08/09 22:46:56.282, 97 %, 24424 MiB, 199.98 W, 77
2026/08/09 22:47:56.290, 100 %, 24424 MiB, 200.08 W, 76
2026/08/09 22:48:56.305, 100 %, 24424 MiB, 200.14 W, 76
2026/08/09 22:49:56.314, 100 %, 24424 MiB, 199.89 W, 77
2026/08/09 22:50:56.322, 98 %, 24424 MiB, 199.94 W, 76
2026/08/09 22:51:56.331, 100 %, 24424 MiB, 200.02 W, 77
2026/08/09 22:52:56.340, 100 %, 24424 MiB, 199.66 W, 76
2026/08/09 22:53:56.348, 97 %, 24424 MiB, 199.94 W, 77
2026/08/09 22:54:56.356, 100 %, 24424 MiB, 199.73 W, 76
2026/08/09 22:55:56.364, 100 %, 24424 MiB, 200.31 W, 77
2026/08/09 22:56:56.373, 100 %, 24424 MiB, 199.96 W, 76
2026/08/09 22:57:56.382, 100 %, 24424 MiB, 200.26 W, 77
2026/08/09 22:58:56.390, 100 %, 24424 MiB, 199.88 W, 77
2026/08/09 22:59:56.406, 100 %, 24424 MiB, 199.91 W, 77
2026/08/09 23:00:56.414, 100 %, 24424 MiB, 199.99 W, 76
2026/08/09 23:01:56.423, 100 %, 24424 MiB, 199.52 W, 76
2026/08/09 23:02:56.431, 97 %, 24424 MiB, 199.82 W, 77
2026/08/09 23:03:56.440, 97 %, 24424 MiB, 199.98 W, 76
2026/08/09 23:04:56.450, 100 %, 24424 MiB, 200.11 W, 76
2026/08/09 23:05:56.457, 97 %, 24424 MiB, 199.95 W, 76
2026/08/09 23:06:56.467, 100 %, 24424 MiB, 200.09 W, 77
2026/08/09 23:07:56.475, 100 %, 24424 MiB, 199.64 W, 76
2026/08/09 23:08:56.484, 97 %, 24424 MiB, 200.00 W, 77
2026/08/09 23:09:56.501, 100 %, 24424 MiB, 199.64 W, 77
2026/08/09 23:10:56.510, 100 %, 24424 MiB, 199.79 W, 76
2026/08/09 23:11:56.518, 100 %, 24424 MiB, 199.51 W, 76
2026/08/09 23:12:56.526, 100 %, 24424 MiB, 199.80 W, 77
2026/08/09 23:13:56.535, 100 %, 24424 MiB, 199.96 W, 76
2026/08/09 23:14:56.547, 100 %, 24424 MiB, 199.78 W, 76
2026/08/09 23:15:56.557, 94 %, 24424 MiB, 199.81 W, 76
2026/08/09 23:16:56.564, 97 %, 24424 MiB, 199.96 W, 76
2026/08/09 23:17:56.573, 100 %, 24424 MiB, 200.38 W, 76
2026/08/09 23:18:56.581, 100 %, 24424 MiB, 199.88 W, 77
2026/08/09 23:19:56.590, 100 %, 24424 MiB, 200.47 W, 77
2026/08/09 23:20:56.605, 100 %, 24424 MiB, 200.38 W, 76
2026/08/09 23:21:56.614, 100 %, 24424 MiB, 199.97 W, 76
2026/08/09 23:22:56.622, 97 %, 24424 MiB, 200.03 W, 76
2026/08/09 23:23:56.630, 97 %, 24424 MiB, 200.01 W, 76
2026/08/09 23:24:56.639, 100 %, 24424 MiB, 200.09 W, 77
2026/08/09 23:25:56.650, 97 %, 24424 MiB, 199.96 W, 76
2026/08/09 23:26:56.658, 100 %, 24424 MiB, 200.38 W, 77
2026/08/09 23:27:56.667, 100 %, 24424 MiB, 200.26 W, 76
2026/08/09 23:28:56.674, 98 %, 24424 MiB, 199.96 W, 76
2026/08/09 23:29:56.684, 100 %, 24424 MiB, 199.95 W, 76
2026/08/09 23:30:56.701, 100 %, 24424 MiB, 199.49 W, 75
2026/08/09 23:31:56.709, 100 %, 24424 MiB, 200.03 W, 77
2026/08/09 23:32:56.718, 100 %, 24424 MiB, 199.79 W, 77
2026/08/09 23:33:56.728, 100 %, 24424 MiB, 200.00 W, 76
2026/08/09 23:34:56.735, 100 %, 24424 MiB, 200.16 W, 76
2026/08/09 23:35:56.742, 100 %, 24424 MiB, 199.64 W, 76
2026/08/09 23:36:56.750, 100 %, 24424 MiB, 199.96 W, 77
2026/08/09 23:37:56.759, 100 %, 24424 MiB, 199.99 W, 75
2026/08/09 23:38:56.767, 100 %, 24424 MiB, 199.99 W, 76
2026/08/09 23:39:56.775, 100 %, 24424 MiB, 199.83 W, 77
2026/08/09 23:40:56.784, 100 %, 24424 MiB, 200.31 W, 76
2026/08/09 23:41:56.791, 100 %, 24424 MiB, 199.93 W, 77
2026/08/09 23:42:56.806, 100 %, 24424 MiB, 200.01 W, 76
2026/08/09 23:43:56.815, 100 %, 24424 MiB, 199.69 W, 77
2026/08/09 23:44:56.825, 100 %, 24424 MiB, 200.40 W, 76
2026/08/09 23:45:56.832, 100 %, 24424 MiB, 200.01 W, 74
2026/08/09 23:46:56.840, 97 %, 24424 MiB, 199.96 W, 77
2026/08/09 23:47:56.848, 97 %, 24424 MiB, 199.94 W, 77
2026/08/09 23:48:56.856, 100 %, 24424 MiB, 200.28 W, 76
2026/08/09 23:49:56.864, 97 %, 24424 MiB, 200.03 W, 77
2026/08/09 23:50:56.871, 100 %, 24424 MiB, 200.24 W, 77
2026/08/09 23:51:56.881, 100 %, 24424 MiB, 200.13 W, 77
2026/08/09 23:52:56.889, 100 %, 24424 MiB, 199.80 W, 77
2026/08/09 23:53:56.906, 100 %, 24424 MiB, 200.09 W, 76
2026/08/09 23:54:56.915, 100 %, 24424 MiB, 200.26 W, 76
2026/08/09 23:55:56.923, 100 %, 24424 MiB, 200.02 W, 77
2026/08/09 23:56:56.931, 97 %, 24424 MiB, 199.97 W, 76
2026/08/09 23:57:56.940, 100 %, 24424 MiB, 200.03 W, 76
2026/08/09 23:58:56.949, 100 %, 24424 MiB, 199.62 W, 76
2026/08/09 23:59:56.957, 99 %, 24424 MiB, 199.96 W, 76
2026/08/10 00:00:56.966, 100 %, 24424 MiB, 200.02 W, 76
2026/08/10 00:01:56.976, 97 %, 24424 MiB, 199.88 W, 78
2026/08/10 00:02:56.984, 97 %, 24424 MiB, 199.94 W, 76
2026/08/10 00:03:56.992, 100 %, 24424 MiB, 200.03 W, 77
2026/08/10 00:04:57.008, 100 %, 24424 MiB, 199.97 W, 74
2026/08/10 00:05:57.016, 100 %, 24424 MiB, 199.98 W, 76
2026/08/10 00:06:57.023, 100 %, 24424 MiB, 200.00 W, 77
2026/08/10 00:07:57.033, 100 %, 24424 MiB, 199.87 W, 77
2026/08/10 00:08:57.041, 100 %, 24424 MiB, 199.96 W, 76
2026/08/10 00:09:57.049, 100 %, 24424 MiB, 199.77 W, 74
2026/08/10 00:10:57.058, 100 %, 24424 MiB, 199.62 W, 77
2026/08/10 00:11:57.065, 97 %, 24424 MiB, 199.95 W, 76
2026/08/10 00:12:57.073, 100 %, 24424 MiB, 200.24 W, 76
2026/08/10 00:13:57.081, 97 %, 24424 MiB, 199.98 W, 76
2026/08/10 00:14:57.088, 100 %, 24424 MiB, 200.00 W, 77
2026/08/10 00:15:57.104, 100 %, 24424 MiB, 199.89 W, 77
2026/08/10 00:16:57.114, 100 %, 24424 MiB, 199.99 W, 76
2026/08/10 00:17:57.123, 96 %, 24424 MiB, 199.99 W, 75
2026/08/10 00:18:57.132, 100 %, 24424 MiB, 200.34 W, 76
2026/08/10 00:19:57.140, 100 %, 24424 MiB, 199.96 W, 76
2026/08/10 00:20:57.151, 95 %, 24424 MiB, 199.90 W, 76
2026/08/10 00:21:57.159, 100 %, 24424 MiB, 200.02 W, 76
2026/08/10 00:22:57.167, 100 %, 24424 MiB, 199.94 W, 75
2026/08/10 00:23:57.174, 100 %, 24424 MiB, 199.98 W, 75
2026/08/10 00:24:57.183, 100 %, 24424 MiB, 200.02 W, 74
2026/08/10 00:25:57.191, 100 %, 24424 MiB, 200.33 W, 74
2026/08/10 00:26:57.207, 100 %, 24424 MiB, 200.27 W, 74
2026/08/10 00:27:57.215, 100 %, 24424 MiB, 200.16 W, 74
2026/08/10 00:28:57.223, 100 %, 24424 MiB, 199.96 W, 75
2026/08/10 00:29:57.232, 100 %, 24424 MiB, 199.96 W, 74
2026/08/10 00:30:57.240, 99 %, 24424 MiB, 199.91 W, 75
2026/08/10 00:31:57.249, 100 %, 24424 MiB, 199.70 W, 68
2026/08/10 00:32:57.257, 100 %, 24424 MiB, 199.96 W, 74
2026/08/10 00:33:57.265, 97 %, 24424 MiB, 199.87 W, 74
2026/08/10 00:34:57.273, 100 %, 24424 MiB, 199.98 W, 75
2026/08/10 00:35:57.281, 100 %, 24424 MiB, 199.96 W, 74
2026/08/10 00:36:57.289, 97 %, 24424 MiB, 199.89 W, 75
2026/08/10 00:37:57.306, 99 %, 24424 MiB, 199.97 W, 75
2026/08/10 00:38:57.327, 97 %, 24424 MiB, 199.93 W, 74
2026/08/10 00:39:57.334, 100 %, 24424 MiB, 200.00 W, 75
2026/08/10 00:40:57.343, 100 %, 24424 MiB, 200.37 W, 74
2026/08/10 00:41:57.353, 100 %, 24424 MiB, 199.99 W, 74
2026/08/10 00:42:57.362, 100 %, 24424 MiB, 199.93 W, 74
2026/08/10 00:43:57.371, 98 %, 24424 MiB, 199.75 W, 74
2026/08/10 00:44:57.381, 100 %, 24424 MiB, 200.01 W, 75
2026/08/10 00:45:57.388, 100 %, 24424 MiB, 199.92 W, 75
2026/08/10 00:46:57.403, 97 %, 24424 MiB, 199.90 W, 75
2026/08/10 00:47:57.413, 99 %, 24424 MiB, 199.94 W, 75
2026/08/10 00:48:57.422, 100 %, 24424 MiB, 200.02 W, 75
2026/08/10 00:49:57.432, 100 %, 24424 MiB, 200.45 W, 75
2026/08/10 00:50:57.442, 100 %, 24424 MiB, 199.99 W, 75
2026/08/10 00:51:57.452, 100 %, 24424 MiB, 199.96 W, 74
2026/08/10 00:52:57.460, 100 %, 24424 MiB, 200.17 W, 75
2026/08/10 00:53:57.469, 100 %, 24424 MiB, 199.96 W, 75
2026/08/10 00:54:57.476, 100 %, 24424 MiB, 199.95 W, 75
2026/08/10 00:55:57.486, 96 %, 24424 MiB, 199.85 W, 75
2026/08/10 00:56:57.495, 98 %, 24424 MiB, 199.83 W, 74
2026/08/10 00:57:57.509, 97 %, 24424 MiB, 199.81 W, 75
2026/08/10 00:58:57.516, 0 %, 24424 MiB, 27.06 W, 56
2026/08/10 00:59:57.524, 100 %, 24424 MiB, 200.04 W, 73
2026/08/10 01:00:57.531, 97 %, 24424 MiB, 199.57 W, 73
2026/08/10 01:01:57.538, 100 %, 24424 MiB, 200.00 W, 75
2026/08/10 01:02:57.547, 100 %, 24424 MiB, 200.08 W, 74
2026/08/10 01:03:57.554, 100 %, 24424 MiB, 200.42 W, 74
2026/08/10 01:04:57.562, 100 %, 24424 MiB, 200.53 W, 75
2026/08/10 01:05:57.571, 100 %, 24424 MiB, 200.00 W, 75
2026/08/10 01:06:57.580, 100 %, 24424 MiB, 200.09 W, 74
2026/08/10 01:07:57.588, 100 %, 24424 MiB, 199.98 W, 74
2026/08/10 01:08:57.597, 100 %, 24424 MiB, 199.99 W, 75
2026/08/10 01:09:57.612, 100 %, 24424 MiB, 199.99 W, 74
2026/08/10 01:10:57.621, 100 %, 24424 MiB, 200.00 W, 74
2026/08/10 01:11:57.629, 100 %, 24424 MiB, 199.94 W, 74
2026/08/10 01:12:57.639, 100 %, 24424 MiB, 200.40 W, 74
2026/08/10 01:13:57.647, 100 %, 24424 MiB, 200.27 W, 74
2026/08/10 01:14:57.656, 100 %, 24424 MiB, 199.97 W, 74
2026/08/10 01:15:57.664, 100 %, 24424 MiB, 199.99 W, 74
2026/08/10 01:16:57.674, 100 %, 24424 MiB, 199.97 W, 75
2026/08/10 01:17:57.681, 98 %, 24424 MiB, 199.90 W, 72
2026/08/10 01:18:57.690, 97 %, 24424 MiB, 199.64 W, 74
2026/08/10 01:19:57.698, 97 %, 24424 MiB, 199.66 W, 75
2026/08/10 01:20:57.711, 100 %, 24424 MiB, 200.03 W, 75
2026/08/10 01:21:57.721, 100 %, 24424 MiB, 200.01 W, 75
2026/08/10 01:22:57.729, 100 %, 24424 MiB, 199.81 W, 74
2026/08/10 01:23:57.737, 100 %, 24424 MiB, 200.03 W, 75
2026/08/10 01:24:57.746, 100 %, 24424 MiB, 200.03 W, 75
2026/08/10 01:25:57.755, 2 %, 24424 MiB, 45.08 W, 62
2026/08/10 01:26:57.763, 100 %, 24424 MiB, 200.01 W, 74
2026/08/10 01:27:57.771, 100 %, 24424 MiB, 199.98 W, 74
2026/08/10 01:28:57.779, 98 %, 24424 MiB, 199.82 W, 75
2026/08/10 01:29:57.786, 97 %, 24424 MiB, 199.65 W, 73
2026/08/10 01:30:57.793, 97 %, 24424 MiB, 199.90 W, 74
2026/08/10 01:31:57.808, 100 %, 24424 MiB, 200.05 W, 74
2026/08/10 01:32:57.816, 100 %, 24424 MiB, 200.36 W, 75
2026/08/10 01:33:57.823, 100 %, 24424 MiB, 200.29 W, 75
2026/08/10 01:34:57.831, 100 %, 24424 MiB, 200.29 W, 75
2026/08/10 01:35:57.839, 100 %, 24424 MiB, 199.98 W, 74
2026/08/10 01:36:57.849, 100 %, 24424 MiB, 199.97 W, 74
2026/08/10 01:37:57.858, 100 %, 24424 MiB, 199.95 W, 74
2026/08/10 01:38:57.868, 100 %, 24424 MiB, 200.12 W, 74
2026/08/10 01:39:57.877, 100 %, 24424 MiB, 200.02 W, 75
2026/08/10 01:40:57.886, 100 %, 24424 MiB, 200.04 W, 74
2026/08/10 01:41:57.895, 100 %, 24424 MiB, 200.04 W, 74
2026/08/10 01:42:57.913, 100 %, 24424 MiB, 200.01 W, 75
2026/08/10 01:43:57.922, 100 %, 24424 MiB, 200.10 W, 74
2026/08/10 01:44:57.930, 100 %, 24424 MiB, 200.37 W, 74
2026/08/10 01:45:57.939, 100 %, 24424 MiB, 199.95 W, 74
2026/08/10 01:46:57.947, 100 %, 24424 MiB, 199.96 W, 74
2026/08/10 01:47:57.956, 100 %, 24424 MiB, 199.97 W, 75
2026/08/10 01:48:57.966, 100 %, 24424 MiB, 199.95 W, 74
2026/08/10 01:49:57.975, 100 %, 24424 MiB, 199.99 W, 74
2026/08/10 01:50:57.985, 100 %, 24424 MiB, 200.36 W, 74
2026/08/10 01:51:57.993, 100 %, 24424 MiB, 200.01 W, 75
2026/08/10 01:52:58.013, 97 %, 24424 MiB, 199.68 W, 75
2026/08/10 01:53:58.023, 100 %, 24424 MiB, 200.25 W, 74
2026/08/10 01:54:58.032, 100 %, 24424 MiB, 200.36 W, 74
2026/08/10 01:55:58.041, 98 %, 24424 MiB, 199.99 W, 75
2026/08/10 01:56:58.051, 98 %, 24424 MiB, 199.85 W, 75
2026/08/10 01:57:58.061, 97 %, 24424 MiB, 199.93 W, 75
2026/08/10 01:58:58.070, 100 %, 24424 MiB, 199.97 W, 74
2026/08/10 01:59:58.078, 96 %, 24424 MiB, 199.90 W, 75
2026/08/10 02:00:58.087, 97 %, 24424 MiB, 199.74 W, 75
2026/08/10 02:01:58.095, 97 %, 24424 MiB, 199.92 W, 75
2026/08/10 02:02:58.108, 100 %, 24424 MiB, 200.02 W, 75
2026/08/10 02:03:58.115, 97 %, 24424 MiB, 199.60 W, 74
2026/08/10 02:04:58.122, 97 %, 24424 MiB, 199.82 W, 75
2026/08/10 02:05:58.130, 100 %, 24424 MiB, 199.97 W, 75
2026/08/10 02:06:58.137, 97 %, 24424 MiB, 199.63 W, 74
2026/08/10 02:07:58.146, 97 %, 24424 MiB, 199.76 W, 74
2026/08/10 02:08:58.153, 100 %, 24424 MiB, 200.03 W, 74
2026/08/10 02:09:58.162, 97 %, 24424 MiB, 199.67 W, 75
2026/08/10 02:10:58.170, 100 %, 24424 MiB, 200.02 W, 75
2026/08/10 02:11:58.178, 100 %, 24424 MiB, 200.27 W, 74
2026/08/10 02:12:58.188, 100 %, 24424 MiB, 200.01 W, 75
2026/08/10 02:13:58.203, 98 %, 24424 MiB, 199.91 W, 75
2026/08/10 02:14:58.211, 100 %, 24424 MiB, 199.98 W, 75
2026/08/10 02:15:58.220, 100 %, 24424 MiB, 200.01 W, 74
2026/08/10 02:16:58.227, 100 %, 24424 MiB, 200.22 W, 75
2026/08/10 02:17:58.236, 100 %, 24424 MiB, 165.46 W, 74
2026/08/10 02:18:58.245, 100 %, 24424 MiB, 200.12 W, 74
2026/08/10 02:19:58.253, 100 %, 24424 MiB, 199.99 W, 74
2026/08/10 02:20:58.261, 100 %, 24424 MiB, 200.02 W, 73
2026/08/10 02:21:58.270, 100 %, 24424 MiB, 200.32 W, 74
2026/08/10 02:22:58.277, 98 %, 24424 MiB, 199.64 W, 75
2026/08/10 02:23:58.285, 100 %, 24424 MiB, 200.01 W, 74
2026/08/10 02:24:58.294, 97 %, 24424 MiB, 199.68 W, 75
2026/08/10 02:25:58.309, 100 %, 24424 MiB, 199.98 W, 74
2026/08/10 02:26:58.316, 100 %, 24424 MiB, 200.13 W, 74
2026/08/10 02:27:58.325, 100 %, 24424 MiB, 200.08 W, 74
2026/08/10 02:28:58.335, 100 %, 24424 MiB, 199.80 W, 75
2026/08/10 02:29:58.343, 100 %, 24424 MiB, 199.98 W, 75
2026/08/10 02:30:58.352, 98 %, 24424 MiB, 199.91 W, 75
2026/08/10 02:31:58.360, 100 %, 24424 MiB, 200.00 W, 75
2026/08/10 02:32:58.369, 100 %, 24424 MiB, 199.96 W, 75
2026/08/10 02:33:58.377, 97 %, 24424 MiB, 199.71 W, 74
2026/08/10 02:34:58.386, 100 %, 24424 MiB, 199.99 W, 75
2026/08/10 02:35:58.394, 100 %, 24424 MiB, 200.40 W, 74
2026/08/10 02:36:58.409, 98 %, 24424 MiB, 200.41 W, 75
2026/08/10 02:37:58.418, 98 %, 24424 MiB, 199.90 W, 75
2026/08/10 02:38:58.426, 100 %, 24424 MiB, 200.03 W, 75
2026/08/10 02:39:58.433, 94 %, 24424 MiB, 199.95 W, 75
2026/08/10 02:40:58.442, 98 %, 24424 MiB, 199.97 W, 72
2026/08/10 02:41:58.450, 97 %, 24424 MiB, 199.64 W, 74
2026/08/10 02:42:58.459, 97 %, 24424 MiB, 199.74 W, 75
2026/08/10 02:43:58.468, 100 %, 24424 MiB, 200.22 W, 74
2026/08/10 02:44:58.476, 100 %, 24424 MiB, 199.97 W, 74
2026/08/10 02:45:58.484, 100 %, 24424 MiB, 200.33 W, 74
2026/08/10 02:46:58.492, 100 %, 24424 MiB, 200.15 W, 74
2026/08/10 02:47:58.508, 97 %, 24424 MiB, 199.57 W, 72
2026/08/10 02:48:58.517, 100 %, 24424 MiB, 199.99 W, 73
2026/08/10 02:49:58.526, 97 %, 24424 MiB, 199.71 W, 75
2026/08/10 02:50:58.537, 100 %, 24424 MiB, 200.00 W, 75
2026/08/10 02:51:58.546, 100 %, 24424 MiB, 200.31 W, 75
2026/08/10 02:52:58.554, 100 %, 24424 MiB, 200.29 W, 74
2026/08/10 02:53:58.562, 100 %, 24424 MiB, 200.02 W, 74
2026/08/10 02:54:58.570, 100 %, 24424 MiB, 199.99 W, 75
2026/08/10 02:55:58.578, 98 %, 24424 MiB, 199.88 W, 74
2026/08/10 02:56:58.586, 100 %, 24424 MiB, 199.95 W, 74
2026/08/10 02:57:58.594, 100 %, 24424 MiB, 200.00 W, 75
2026/08/10 02:58:58.609, 100 %, 24424 MiB, 200.14 W, 74
2026/08/10 02:59:58.618, 98 %, 24424 MiB, 199.72 W, 74
2026/08/10 03:00:58.626, 94 %, 24424 MiB, 200.71 W, 75
2026/08/10 03:01:58.634, 100 %, 24424 MiB, 200.32 W, 75
2026/08/10 03:02:58.643, 100 %, 24424 MiB, 200.00 W, 74
2026/08/10 03:03:58.653, 97 %, 24424 MiB, 199.47 W, 72
2026/08/10 03:04:58.663, 100 %, 24424 MiB, 200.02 W, 75
2026/08/10 03:05:58.672, 98 %, 24424 MiB, 199.64 W, 74
2026/08/10 03:06:58.680, 97 %, 24424 MiB, 199.73 W, 74
2026/08/10 03:07:58.688, 100 %, 24424 MiB, 199.99 W, 75
2026/08/10 03:08:58.704, 100 %, 24424 MiB, 200.03 W, 74
2026/08/10 03:09:58.713, 97 %, 24424 MiB, 199.63 W, 74
2026/08/10 03:10:58.722, 100 %, 24424 MiB, 200.04 W, 74
2026/08/10 03:11:58.732, 100 %, 24424 MiB, 200.02 W, 75
2026/08/10 03:12:58.740, 100 %, 24424 MiB, 199.99 W, 75
2026/08/10 03:13:58.749, 98 %, 24424 MiB, 199.90 W, 75
2026/08/10 03:14:58.757, 100 %, 24424 MiB, 199.97 W, 72
2026/08/10 03:15:58.765, 100 %, 24424 MiB, 199.91 W, 75
2026/08/10 03:16:58.773, 100 %, 24424 MiB, 200.00 W, 74
2026/08/10 03:17:58.783, 100 %, 24424 MiB, 200.10 W, 75
2026/08/10 03:18:58.792, 100 %, 24424 MiB, 200.10 W, 74
2026/08/10 03:19:58.807, 100 %, 24424 MiB, 200.43 W, 74
2026/08/10 03:20:58.815, 99 %, 24424 MiB, 200.14 W, 72
2026/08/10 03:21:58.823, 100 %, 24424 MiB, 199.99 W, 73
2026/08/10 03:22:58.831, 100 %, 24424 MiB, 200.08 W, 75
2026/08/10 03:23:58.843, 100 %, 24424 MiB, 199.96 W, 74
2026/08/10 03:24:58.852, 100 %, 24424 MiB, 200.05 W, 75
2026/08/10 03:25:58.860, 100 %, 24424 MiB, 200.35 W, 74
2026/08/10 03:26:58.867, 100 %, 24424 MiB, 200.18 W, 73
2026/08/10 03:27:58.876, 100 %, 24424 MiB, 200.03 W, 74
2026/08/10 03:28:58.884, 100 %, 24424 MiB, 200.03 W, 74
2026/08/10 03:29:58.893, 100 %, 24424 MiB, 200.31 W, 75
2026/08/10 03:30:58.907, 100 %, 24424 MiB, 200.23 W, 75
2026/08/10 03:31:58.913, 97 %, 24424 MiB, 199.95 W, 74
2026/08/10 03:32:58.921, 97 %, 24424 MiB, 199.91 W, 75
2026/08/10 03:33:58.927, 100 %, 24424 MiB, 200.45 W, 75
2026/08/10 03:34:58.933, 100 %, 24424 MiB, 199.99 W, 75
2026/08/10 03:35:58.943, 98 %, 24424 MiB, 199.96 W, 75
2026/08/10 03:36:58.949, 97 %, 24424 MiB, 199.96 W, 74
2026/08/10 03:37:58.957, 100 %, 24424 MiB, 199.68 W, 74
2026/08/10 03:38:58.966, 97 %, 24424 MiB, 199.99 W, 74
2026/08/10 03:39:58.973, 97 %, 24424 MiB, 199.98 W, 75
2026/08/10 03:40:58.982, 97 %, 24424 MiB, 199.99 W, 76
2026/08/10 03:41:58.991, 100 %, 24424 MiB, 200.06 W, 70
2026/08/10 03:42:59.007, 100 %, 24424 MiB, 199.97 W, 72
2026/08/10 03:43:59.015, 100 %, 24424 MiB, 200.18 W, 74
2026/08/10 03:44:59.023, 100 %, 24424 MiB, 200.02 W, 75
2026/08/10 03:45:59.038, 100 %, 24424 MiB, 200.27 W, 75
2026/08/10 03:46:59.046, 100 %, 24424 MiB, 200.00 W, 75
2026/08/10 03:47:59.054, 100 %, 24424 MiB, 199.98 W, 74
2026/08/10 03:48:59.062, 100 %, 24424 MiB, 200.83 W, 74
2026/08/10 03:49:59.070, 100 %, 24424 MiB, 200.00 W, 74
2026/08/10 03:50:59.079, 100 %, 24424 MiB, 200.01 W, 74
2026/08/10 03:51:59.087, 100 %, 24424 MiB, 200.27 W, 75
2026/08/10 03:52:59.095, 100 %, 24424 MiB, 200.01 W, 75
2026/08/10 03:53:59.107, 98 %, 24424 MiB, 199.95 W, 75
2026/08/10 03:54:59.114, 97 %, 24424 MiB, 199.95 W, 74
2026/08/10 03:55:59.121, 97 %, 24424 MiB, 199.97 W, 75
2026/08/10 03:56:59.129, 100 %, 24424 MiB, 199.57 W, 75
2026/08/10 03:57:59.136, 100 %, 24424 MiB, 200.12 W, 74
2026/08/10 03:58:59.145, 100 %, 24424 MiB, 199.73 W, 75
2026/08/10 03:59:59.153, 100 %, 24424 MiB, 200.03 W, 75
2026/08/10 04:00:59.160, 100 %, 24424 MiB, 200.22 W, 74
2026/08/10 04:01:59.168, 100 %, 24424 MiB, 200.36 W, 74
2026/08/10 04:02:59.174, 100 %, 24424 MiB, 200.30 W, 75
2026/08/10 04:03:59.180, 100 %, 24424 MiB, 199.70 W, 75
2026/08/10 04:04:59.188, 97 %, 24424 MiB, 199.96 W, 74
2026/08/10 04:05:59.203, 97 %, 24424 MiB, 200.01 W, 75
2026/08/10 04:06:59.211, 100 %, 24424 MiB, 200.01 W, 75
2026/08/10 04:07:59.219, 100 %, 24424 MiB, 199.80 W, 74
2026/08/10 04:08:59.227, 97 %, 24424 MiB, 199.98 W, 67
2026/08/10 04:09:59.233, 100 %, 24424 MiB, 200.44 W, 74
2026/08/10 04:10:59.240, 100 %, 24424 MiB, 200.04 W, 74
2026/08/10 04:11:59.247, 100 %, 24424 MiB, 200.17 W, 75
2026/08/10 04:12:59.255, 100 %, 24424 MiB, 200.00 W, 75
2026/08/10 04:13:59.263, 100 %, 24424 MiB, 199.98 W, 74
2026/08/10 04:14:59.271, 97 %, 24424 MiB, 199.99 W, 75
2026/08/10 04:15:59.278, 100 %, 24424 MiB, 199.68 W, 75
2026/08/10 04:16:59.286, 100 %, 24424 MiB, 199.62 W, 74
2026/08/10 04:17:59.293, 100 %, 24424 MiB, 200.02 W, 74
2026/08/10 04:18:59.307, 100 %, 24424 MiB, 200.21 W, 75
2026/08/10 04:19:59.315, 100 %, 24424 MiB, 200.15 W, 74
2026/08/10 04:20:59.323, 100 %, 24424 MiB, 200.00 W, 74
2026/08/10 04:21:59.331, 97 %, 24424 MiB, 199.96 W, 74
2026/08/10 04:22:59.339, 97 %, 24424 MiB, 199.96 W, 74
2026/08/10 04:23:59.346, 97 %, 24424 MiB, 200.01 W, 74
2026/08/10 04:24:59.355, 97 %, 24424 MiB, 199.99 W, 74
2026/08/10 04:25:59.363, 98 %, 24424 MiB, 199.98 W, 74
2026/08/10 04:26:59.370, 100 %, 24424 MiB, 199.95 W, 74
2026/08/10 04:27:59.379, 100 %, 24424 MiB, 199.89 W, 75
2026/08/10 04:28:59.386, 100 %, 24424 MiB, 199.91 W, 75
2026/08/10 04:29:59.402, 97 %, 24424 MiB, 200.01 W, 75
2026/08/10 04:30:59.410, 97 %, 24424 MiB, 200.06 W, 75
2026/08/10 04:31:59.418, 100 %, 24424 MiB, 199.87 W, 75
2026/08/10 04:32:59.425, 97 %, 24424 MiB, 199.96 W, 75
2026/08/10 04:33:59.433, 97 %, 24424 MiB, 200.06 W, 75
2026/08/10 04:34:59.442, 100 %, 24424 MiB, 200.24 W, 75
2026/08/10 04:35:59.449, 0 %, 24424 MiB, 27.92 W, 58
2026/08/10 04:36:59.457, 100 %, 24424 MiB, 200.12 W, 74
2026/08/10 04:37:59.464, 100 %, 24424 MiB, 199.71 W, 75
2026/08/10 04:38:59.473, 100 %, 24424 MiB, 199.73 W, 75
2026/08/10 04:39:59.480, 100 %, 24424 MiB, 199.53 W, 75
2026/08/10 04:40:59.488, 100 %, 24424 MiB, 200.14 W, 75
2026/08/10 04:41:59.504, 100 %, 24424 MiB, 200.06 W, 75
2026/08/10 04:42:59.511, 100 %, 24424 MiB, 200.03 W, 75
2026/08/10 04:43:59.518, 100 %, 24424 MiB, 200.41 W, 75
2026/08/10 04:44:59.525, 97 %, 24424 MiB, 199.93 W, 75
2026/08/10 04:45:59.532, 100 %, 24424 MiB, 199.92 W, 76
2026/08/10 04:46:59.541, 100 %, 24424 MiB, 200.01 W, 75
2026/08/10 04:47:59.548, 100 %, 24424 MiB, 200.09 W, 75
2026/08/10 04:48:59.555, 100 %, 24424 MiB, 200.15 W, 76
2026/08/10 04:49:59.562, 98 %, 24424 MiB, 199.96 W, 76
2026/08/10 04:50:59.569, 98 %, 24424 MiB, 200.03 W, 75
2026/08/10 04:51:59.577, 100 %, 24424 MiB, 199.92 W, 75
2026/08/10 04:52:59.585, 100 %, 24424 MiB, 199.99 W, 76
2026/08/10 04:53:59.592, 100 %, 24424 MiB, 200.37 W, 75
2026/08/10 04:54:59.605, 98 %, 24424 MiB, 200.00 W, 76
2026/08/10 04:55:59.613, 98 %, 24424 MiB, 199.98 W, 75
2026/08/10 04:56:59.620, 100 %, 24424 MiB, 199.75 W, 75
2026/08/10 04:57:59.627, 100 %, 24424 MiB, 200.04 W, 75
2026/08/10 04:58:59.636, 100 %, 24424 MiB, 199.72 W, 76
2026/08/10 04:59:59.642, 100 %, 24424 MiB, 200.17 W, 75
2026/08/10 05:00:59.649, 100 %, 24424 MiB, 199.97 W, 75
2026/08/10 05:01:59.656, 97 %, 24424 MiB, 199.99 W, 75
2026/08/10 05:02:59.680, 97 %, 24424 MiB, 199.74 W, 74
2026/08/10 05:03:59.688, 100 %, 24424 MiB, 200.12 W, 73
2026/08/10 05:04:59.702, 100 %, 24424 MiB, 200.06 W, 74
2026/08/10 05:05:59.710, 100 %, 24424 MiB, 199.97 W, 75
2026/08/10 05:06:59.718, 100 %, 24424 MiB, 200.27 W, 74
2026/08/10 05:07:59.725, 100 %, 24424 MiB, 200.02 W, 74
2026/08/10 05:08:59.732, 100 %, 24424 MiB, 199.69 W, 74
2026/08/10 05:09:59.740, 98 %, 24424 MiB, 200.00 W, 75
2026/08/10 05:10:59.748, 94 %, 24424 MiB, 199.99 W, 75
2026/08/10 05:11:59.755, 100 %, 24424 MiB, 200.33 W, 74
2026/08/10 05:12:59.763, 100 %, 24424 MiB, 199.68 W, 74
2026/08/10 05:13:59.769, 98 %, 24424 MiB, 200.07 W, 75
2026/08/10 05:14:59.776, 100 %, 24424 MiB, 199.87 W, 75
2026/08/10 05:15:59.784, 98 %, 24424 MiB, 200.00 W, 74
2026/08/10 05:16:59.790, 97 %, 24424 MiB, 199.85 W, 75
2026/08/10 05:17:59.806, 100 %, 24424 MiB, 199.70 W, 75
2026/08/10 05:18:59.814, 100 %, 24424 MiB, 199.89 W, 75
2026/08/10 05:19:59.820, 97 %, 24424 MiB, 200.24 W, 74
2026/08/10 05:20:59.826, 100 %, 24424 MiB, 199.50 W, 74
2026/08/10 05:21:59.834, 100 %, 24424 MiB, 199.56 W, 74
2026/08/10 05:22:59.842, 100 %, 24424 MiB, 199.80 W, 74
2026/08/10 05:23:59.848, 100 %, 24424 MiB, 199.68 W, 74
2026/08/10 05:24:59.855, 100 %, 24424 MiB, 200.42 W, 74
2026/08/10 05:25:59.862, 100 %, 24424 MiB, 199.96 W, 75
2026/08/10 05:26:59.869, 94 %, 24424 MiB, 199.93 W, 75
2026/08/10 05:27:59.877, 97 %, 24424 MiB, 199.96 W, 75
2026/08/10 05:28:59.884, 97 %, 24424 MiB, 200.03 W, 75
2026/08/10 05:29:59.891, 97 %, 24424 MiB, 199.96 W, 75
2026/08/10 05:30:59.904, 97 %, 24424 MiB, 200.01 W, 74
2026/08/10 05:31:59.911, 100 %, 24424 MiB, 200.40 W, 75
2026/08/10 05:32:59.919, 97 %, 24424 MiB, 200.03 W, 75
2026/08/10 05:33:59.925, 97 %, 24424 MiB, 199.97 W, 74
2026/08/10 05:34:59.931, 97 %, 24424 MiB, 199.94 W, 74
2026/08/10 05:35:59.938, 100 %, 24424 MiB, 199.74 W, 75
2026/08/10 05:36:59.945, 100 %, 24424 MiB, 199.96 W, 75
2026/08/10 05:37:59.951, 97 %, 24424 MiB, 199.99 W, 74
2026/08/10 05:38:59.958, 100 %, 24424 MiB, 199.86 W, 75
2026/08/10 05:39:59.964, 98 %, 24424 MiB, 199.97 W, 75
2026/08/10 05:40:59.971, 97 %, 24424 MiB, 199.96 W, 75
2026/08/10 05:41:59.978, 100 %, 24424 MiB, 199.64 W, 75
2026/08/10 05:42:59.985, 100 %, 24424 MiB, 199.74 W, 75
2026/08/10 05:43:59.992, 100 %, 24424 MiB, 199.72 W, 73
2026/08/10 05:45:00.005, 100 %, 24424 MiB, 200.01 W, 75
2026/08/10 05:46:00.012, 100 %, 24424 MiB, 200.11 W, 75
2026/08/10 05:47:00.019, 100 %, 24424 MiB, 199.97 W, 75
2026/08/10 05:48:00.026, 100 %, 24424 MiB, 199.93 W, 75
2026/08/10 05:49:00.033, 100 %, 24424 MiB, 199.84 W, 75
2026/08/10 05:50:00.041, 100 %, 24424 MiB, 199.93 W, 75
2026/08/10 05:51:00.048, 100 %, 24424 MiB, 199.81 W, 75
2026/08/10 05:52:00.055, 98 %, 24424 MiB, 199.98 W, 75
2026/08/10 05:53:00.063, 97 %, 24424 MiB, 200.04 W, 75
2026/08/10 05:54:00.070, 97 %, 24424 MiB, 199.97 W, 74
2026/08/10 05:55:00.076, 96 %, 24424 MiB, 199.80 W, 75
2026/08/10 05:56:00.083, 100 %, 24424 MiB, 199.57 W, 75
2026/08/10 05:57:00.090, 100 %, 24424 MiB, 199.57 W, 75
2026/08/10 05:58:00.104, 100 %, 24424 MiB, 199.82 W, 73
2026/08/10 05:59:00.111, 98 %, 24424 MiB, 199.98 W, 75
2026/08/10 06:00:00.118, 95 %, 24424 MiB, 200.24 W, 76
2026/08/10 06:01:00.124, 98 %, 24424 MiB, 199.97 W, 75
2026/08/10 06:02:00.131, 99 %, 24424 MiB, 199.95 W, 75
2026/08/10 06:03:00.139, 98 %, 24424 MiB, 200.08 W, 75
2026/08/10 06:04:00.145, 97 %, 24424 MiB, 199.98 W, 75
2026/08/10 06:05:00.153, 97 %, 24424 MiB, 200.02 W, 75
2026/08/10 06:06:00.161, 98 %, 24424 MiB, 200.03 W, 75
2026/08/10 06:07:00.169, 100 %, 24424 MiB, 199.56 W, 75
2026/08/10 06:08:00.176, 100 %, 24424 MiB, 199.59 W, 75
2026/08/10 06:09:00.184, 100 %, 24424 MiB, 199.73 W, 75
2026/08/10 06:10:00.192, 100 %, 24424 MiB, 200.05 W, 75
2026/08/10 06:11:00.205, 100 %, 24424 MiB, 200.00 W, 74
2026/08/10 06:12:00.211, 100 %, 24424 MiB, 199.98 W, 75
2026/08/10 06:13:00.218, 94 %, 24424 MiB, 199.94 W, 75
2026/08/10 06:14:00.226, 100 %, 24424 MiB, 199.87 W, 75
2026/08/10 06:15:00.233, 100 %, 24424 MiB, 199.94 W, 75
2026/08/10 06:16:00.240, 98 %, 24424 MiB, 199.96 W, 76
2026/08/10 06:17:00.248, 100 %, 24424 MiB, 200.27 W, 75
2026/08/10 06:18:00.256, 100 %, 24424 MiB, 199.70 W, 75
2026/08/10 06:19:00.262, 100 %, 24424 MiB, 199.66 W, 75
2026/08/10 06:20:00.268, 100 %, 24424 MiB, 200.01 W, 75
2026/08/10 06:21:00.279, 100 %, 24424 MiB, 200.33 W, 74
2026/08/10 06:22:00.286, 100 %, 24424 MiB, 200.31 W, 74
2026/08/10 06:23:00.301, 98 %, 24424 MiB, 199.99 W, 75
2026/08/10 06:24:00.308, 98 %, 24424 MiB, 199.98 W, 75
2026/08/10 06:25:00.315, 97 %, 24424 MiB, 199.96 W, 72
2026/08/10 06:26:00.321, 100 %, 24424 MiB, 200.00 W, 74
2026/08/10 06:27:00.327, 100 %, 24424 MiB, 200.27 W, 75
2026/08/10 06:28:00.335, 100 %, 24424 MiB, 199.91 W, 75
2026/08/10 06:29:00.342, 100 %, 24424 MiB, 199.73 W, 75
2026/08/10 06:30:00.349, 100 %, 24424 MiB, 199.93 W, 75
2026/08/10 06:31:00.357, 100 %, 24424 MiB, 200.33 W, 74
2026/08/10 06:32:00.364, 97 %, 24424 MiB, 199.94 W, 75
2026/08/10 06:33:00.371, 97 %, 24424 MiB, 199.99 W, 75
2026/08/10 06:34:00.379, 100 %, 24424 MiB, 199.85 W, 76
2026/08/10 06:35:00.386, 100 %, 24424 MiB, 200.01 W, 75
2026/08/10 06:36:00.403, 100 %, 24424 MiB, 199.97 W, 75
2026/08/10 06:37:00.411, 100 %, 24424 MiB, 200.03 W, 75
2026/08/10 06:38:00.418, 97 %, 24424 MiB, 199.97 W, 75
2026/08/10 06:39:00.425, 97 %, 24424 MiB, 199.97 W, 75
2026/08/10 06:40:00.433, 97 %, 24424 MiB, 199.99 W, 75
2026/08/10 06:41:00.441, 100 %, 24424 MiB, 200.01 W, 75
2026/08/10 06:42:00.449, 100 %, 24424 MiB, 200.02 W, 75
2026/08/10 06:43:00.457, 100 %, 24424 MiB, 200.36 W, 75
2026/08/10 06:44:00.464, 97 %, 24424 MiB, 199.58 W, 75
2026/08/10 06:45:00.471, 97 %, 24424 MiB, 199.95 W, 75
2026/08/10 06:46:00.477, 97 %, 24424 MiB, 200.02 W, 75
2026/08/10 06:47:00.484, 97 %, 24424 MiB, 199.98 W, 75
2026/08/10 06:48:00.491, 100 %, 24424 MiB, 200.03 W, 75
2026/08/10 06:49:00.505, 100 %, 24424 MiB, 200.17 W, 75
2026/08/10 06:50:00.512, 100 %, 24424 MiB, 199.97 W, 75
2026/08/10 06:51:00.521, 94 %, 24424 MiB, 199.86 W, 75
2026/08/10 06:52:00.528, 100 %, 24424 MiB, 199.97 W, 71
2026/08/10 06:53:00.536, 98 %, 24424 MiB, 200.40 W, 74
2026/08/10 06:54:00.543, 97 %, 24424 MiB, 199.98 W, 75
2026/08/10 06:55:00.550, 100 %, 24424 MiB, 199.99 W, 74
2026/08/10 06:56:00.556, 100 %, 24424 MiB, 199.97 W, 76
2026/08/10 06:57:00.562, 97 %, 24424 MiB, 199.97 W, 75
2026/08/10 06:58:00.568, 97 %, 24424 MiB, 200.03 W, 75
2026/08/10 06:59:00.574, 97 %, 24424 MiB, 200.02 W, 75
2026/08/10 07:00:00.582, 100 %, 24424 MiB, 200.15 W, 75
2026/08/10 07:01:00.589, 100 %, 24424 MiB, 200.11 W, 75
2026/08/10 07:02:00.605, 100 %, 24424 MiB, 199.73 W, 75
2026/08/10 07:03:00.612, 100 %, 24424 MiB, 200.04 W, 75
2026/08/10 07:04:00.619, 100 %, 24424 MiB, 200.22 W, 75
2026/08/10 07:05:00.627, 100 %, 24424 MiB, 200.02 W, 75
2026/08/10 07:06:00.633, 100 %, 24424 MiB, 199.99 W, 75
2026/08/10 07:07:00.641, 97 %, 24424 MiB, 199.96 W, 75
2026/08/10 07:08:00.648, 97 %, 24424 MiB, 200.03 W, 75
2026/08/10 07:09:00.656, 100 %, 24424 MiB, 199.80 W, 76
2026/08/10 07:10:00.663, 100 %, 24424 MiB, 200.14 W, 75
2026/08/10 07:11:00.671, 100 %, 24424 MiB, 199.99 W, 75
2026/08/10 07:12:00.677, 100 %, 24424 MiB, 199.91 W, 75
2026/08/10 07:13:00.684, 100 %, 24424 MiB, 200.09 W, 73
2026/08/10 07:14:00.692, 100 %, 24424 MiB, 200.15 W, 73
2026/08/10 07:15:00.706, 100 %, 24424 MiB, 200.00 W, 75
2026/08/10 07:16:00.714, 95 %, 24424 MiB, 199.99 W, 75
2026/08/10 07:17:00.721, 100 %, 24424 MiB, 199.92 W, 75
2026/08/10 07:18:00.728, 100 %, 24424 MiB, 199.60 W, 74
2026/08/10 07:19:00.737, 97 %, 24424 MiB, 199.95 W, 68
2026/08/10 07:20:00.745, 100 %, 24424 MiB, 200.36 W, 74
2026/08/10 07:21:00.752, 100 %, 24424 MiB, 200.15 W, 74
2026/08/10 07:22:00.760, 100 %, 24424 MiB, 200.13 W, 75
2026/08/10 07:23:00.766, 100 %, 24424 MiB, 199.97 W, 75
2026/08/10 07:24:00.773, 100 %, 24424 MiB, 200.32 W, 75
2026/08/10 07:25:00.781, 100 %, 24424 MiB, 199.96 W, 75
2026/08/10 07:26:00.788, 97 %, 24424 MiB, 199.96 W, 75
2026/08/10 07:27:00.805, 97 %, 24424 MiB, 200.01 W, 74
2026/08/10 07:28:00.811, 100 %, 24424 MiB, 199.68 W, 75
2026/08/10 07:29:00.818, 100 %, 24424 MiB, 200.03 W, 74
2026/08/10 07:30:00.825, 100 %, 24424 MiB, 200.00 W, 75
2026/08/10 07:31:00.832, 100 %, 24424 MiB, 199.97 W, 76
2026/08/10 07:32:00.840, 98 %, 24424 MiB, 200.03 W, 75
2026/08/10 07:33:00.848, 98 %, 24424 MiB, 199.96 W, 75
2026/08/10 07:34:00.856, 100 %, 24424 MiB, 199.72 W, 75
2026/08/10 07:35:00.863, 100 %, 24424 MiB, 199.96 W, 75
2026/08/10 07:36:00.870, 97 %, 24424 MiB, 199.97 W, 75
2026/08/10 07:37:00.878, 98 %, 24424 MiB, 199.98 W, 75
2026/08/10 07:38:00.884, 99 %, 24424 MiB, 200.00 W, 75
2026/08/10 07:39:00.892, 100 %, 24424 MiB, 199.96 W, 75
2026/08/10 07:40:00.907, 97 %, 24424 MiB, 200.00 W, 75
2026/08/10 07:41:00.914, 100 %, 24424 MiB, 199.65 W, 75
2026/08/10 07:42:00.922, 100 %, 24424 MiB, 200.11 W, 75
2026/08/10 07:43:00.930, 97 %, 24424 MiB, 199.97 W, 75
2026/08/10 07:44:00.937, 100 %, 24424 MiB, 199.99 W, 75
2026/08/10 07:45:00.943, 100 %, 24424 MiB, 200.01 W, 75
2026/08/10 07:46:00.951, 0 %, 24424 MiB, 28.27 W, 58
2026/08/10 07:47:00.957, 100 %, 24424 MiB, 199.98 W, 75
2026/08/10 07:48:00.964, 100 %, 24424 MiB, 199.73 W, 74
2026/08/10 07:49:00.973, 100 %, 24424 MiB, 199.53 W, 74
2026/08/10 07:50:00.980, 100 %, 24424 MiB, 200.09 W, 75
2026/08/10 07:51:00.987, 100 %, 24424 MiB, 199.98 W, 75
2026/08/10 07:52:01.002, 100 %, 24424 MiB, 200.14 W, 75
2026/08/10 07:53:01.010, 94 %, 24424 MiB, 199.94 W, 75
2026/08/10 07:54:01.017, 100 %, 24424 MiB, 199.64 W, 75
2026/08/10 07:55:01.025, 100 %, 24424 MiB, 200.35 W, 75
2026/08/10 07:56:01.032, 100 %, 24424 MiB, 200.00 W, 75
2026/08/10 07:57:01.039, 98 %, 24424 MiB, 199.99 W, 75
2026/08/10 07:58:01.047, 98 %, 24424 MiB, 199.98 W, 75
2026/08/10 07:59:01.056, 98 %, 24424 MiB, 199.97 W, 75
2026/08/10 08:00:01.065, 100 %, 24424 MiB, 199.77 W, 75
2026/08/10 08:01:01.072, 100 %, 24424 MiB, 199.72 W, 75
2026/08/10 08:02:01.080, 100 %, 24424 MiB, 199.99 W, 75
2026/08/10 08:03:01.087, 98 %, 24424 MiB, 200.04 W, 75
2026/08/10 08:04:01.101, 100 %, 24424 MiB, 200.13 W, 75
2026/08/10 08:05:01.108, 98 %, 24424 MiB, 199.96 W, 76
2026/08/10 08:06:01.116, 100 %, 24424 MiB, 199.80 W, 75
2026/08/10 08:07:01.122, 100 %, 24424 MiB, 200.00 W, 75
2026/08/10 08:08:01.129, 100 %, 24424 MiB, 200.24 W, 75
2026/08/10 08:09:01.135, 95 %, 24424 MiB, 199.93 W, 75
2026/08/10 08:10:01.142, 100 %, 24424 MiB, 200.01 W, 75
2026/08/10 08:11:01.148, 100 %, 24424 MiB, 199.99 W, 75
2026/08/10 08:12:01.155, 97 %, 24424 MiB, 199.97 W, 76
2026/08/10 08:13:01.162, 100 %, 24424 MiB, 200.14 W, 76
2026/08/10 08:14:01.169, 100 %, 24424 MiB, 199.99 W, 75
2026/08/10 08:15:01.177, 95 %, 24424 MiB, 199.73 W, 76
2026/08/10 08:16:01.184, 100 %, 24424 MiB, 199.99 W, 76
2026/08/10 08:17:01.192, 98 %, 24424 MiB, 200.03 W, 76
2026/08/10 08:18:01.204, 100 %, 24424 MiB, 199.60 W, 75
2026/08/10 08:19:01.211, 97 %, 24424 MiB, 199.95 W, 75
2026/08/10 08:20:01.218, 97 %, 24424 MiB, 199.97 W, 76
2026/08/10 08:21:01.225, 100 %, 24424 MiB, 199.65 W, 75
2026/08/10 08:22:01.232, 100 %, 24424 MiB, 200.01 W, 75
2026/08/10 08:23:01.240, 100 %, 24424 MiB, 200.46 W, 75
2026/08/10 08:24:01.247, 100 %, 24424 MiB, 200.20 W, 75
2026/08/10 08:25:01.254, 100 %, 24424 MiB, 199.92 W, 76
2026/08/10 08:26:01.262, 100 %, 24424 MiB, 199.73 W, 75
2026/08/10 08:27:01.269, 100 %, 24424 MiB, 200.19 W, 73
2026/08/10 08:28:01.276, 100 %, 24424 MiB, 200.00 W, 75
2026/08/10 08:29:01.284, 97 %, 24424 MiB, 199.97 W, 75
2026/08/10 08:30:01.291, 98 %, 24424 MiB, 199.96 W, 76
2026/08/10 08:31:01.305, 100 %, 24424 MiB, 199.67 W, 75
2026/08/10 08:32:01.313, 97 %, 24424 MiB, 200.02 W, 75
2026/08/10 08:33:01.320, 100 %, 24424 MiB, 200.14 W, 75
2026/08/10 08:34:01.328, 100 %, 24424 MiB, 199.97 W, 75
2026/08/10 08:35:01.334, 100 %, 24424 MiB, 199.97 W, 75
2026/08/10 08:36:01.342, 98 %, 24424 MiB, 199.97 W, 75
2026/08/10 08:37:01.348, 98 %, 24424 MiB, 200.02 W, 75
2026/08/10 08:38:01.354, 98 %, 24424 MiB, 199.97 W, 75
2026/08/10 08:39:01.361, 100 %, 24424 MiB, 199.87 W, 75
2026/08/10 08:40:01.368, 98 %, 24424 MiB, 200.11 W, 75
2026/08/10 08:41:01.374, 97 %, 24424 MiB, 199.95 W, 74
2026/08/10 08:42:01.380, 97 %, 24424 MiB, 199.95 W, 74
2026/08/10 08:43:01.387, 97 %, 24424 MiB, 200.03 W, 75
2026/08/10 08:44:01.400, 100 %, 24424 MiB, 200.05 W, 76
2026/08/10 08:45:01.411, 98 %, 24424 MiB, 199.97 W, 76
2026/08/10 08:46:01.418, 100 %, 24424 MiB, 199.80 W, 76
2026/08/10 08:47:01.425, 100 %, 24424 MiB, 199.97 W, 76
2026/08/10 08:48:01.432, 100 %, 24424 MiB, 200.13 W, 76
2026/08/10 08:49:01.440, 100 %, 24424 MiB, 199.81 W, 76
2026/08/10 08:50:01.448, 100 %, 24424 MiB, 200.18 W, 75
2026/08/10 08:51:01.455, 95 %, 24424 MiB, 199.85 W, 76
2026/08/10 08:52:01.462, 100 %, 24424 MiB, 200.40 W, 75
2026/08/10 08:53:01.469, 100 %, 24424 MiB, 199.98 W, 76
2026/08/10 08:54:01.476, 97 %, 24424 MiB, 200.33 W, 76
2026/08/10 08:55:01.482, 100 %, 24424 MiB, 200.00 W, 75
2026/08/10 08:56:01.490, 100 %, 24424 MiB, 199.61 W, 75
2026/08/10 08:57:01.505, 97 %, 24424 MiB, 199.81 W, 75
2026/08/10 08:58:01.513, 98 %, 24424 MiB, 199.64 W, 75
2026/08/10 08:59:01.522, 100 %, 24424 MiB, 200.04 W, 75
2026/08/10 09:00:01.530, 100 %, 24424 MiB, 200.08 W, 75
2026/08/10 09:01:01.537, 98 %, 24424 MiB, 199.95 W, 76
2026/08/10 09:02:01.544, 98 %, 24424 MiB, 199.65 W, 75
2026/08/10 09:03:01.551, 100 %, 24424 MiB, 200.03 W, 75
2026/08/10 09:04:01.558, 100 %, 24424 MiB, 200.10 W, 75
2026/08/10 09:05:01.565, 100 %, 24424 MiB, 200.00 W, 75
2026/08/10 09:06:01.573, 97 %, 24424 MiB, 199.88 W, 75
2026/08/10 09:07:01.580, 97 %, 24424 MiB, 199.71 W, 75
2026/08/10 09:08:01.589, 100 %, 24424 MiB, 199.99 W, 73
2026/08/10 09:09:01.606, 100 %, 24424 MiB, 200.27 W, 74
2026/08/10 09:10:01.614, 99 %, 24424 MiB, 199.93 W, 75
2026/08/10 09:11:01.621, 97 %, 24424 MiB, 199.84 W, 75
2026/08/10 09:12:01.627, 98 %, 24424 MiB, 199.77 W, 75
2026/08/10 09:13:01.635, 97 %, 24424 MiB, 199.47 W, 74
2026/08/10 09:14:01.644, 100 %, 24424 MiB, 200.01 W, 75
2026/08/10 09:15:01.651, 100 %, 24424 MiB, 200.01 W, 75
2026/08/10 09:16:01.658, 100 %, 24424 MiB, 200.33 W, 74
2026/08/10 09:17:01.666, 100 %, 24424 MiB, 199.93 W, 74
2026/08/10 09:18:01.674, 100 %, 24424 MiB, 199.96 W, 74
2026/08/10 09:19:01.683, 100 %, 24424 MiB, 199.98 W, 75
2026/08/10 09:20:01.692, 100 %, 24424 MiB, 199.99 W, 75
2026/08/10 09:21:01.705, 100 %, 24424 MiB, 200.01 W, 75
2026/08/10 09:22:01.713, 100 %, 24424 MiB, 200.02 W, 74
2026/08/10 09:23:01.721, 100 %, 24424 MiB, 200.23 W, 75
2026/08/10 09:24:01.729, 100 %, 24424 MiB, 199.95 W, 74
2026/08/10 09:25:01.737, 100 %, 24424 MiB, 200.02 W, 74
2026/08/10 09:26:01.745, 98 %, 24424 MiB, 199.75 W, 75
2026/08/10 09:27:01.753, 100 %, 24424 MiB, 200.05 W, 75
2026/08/10 09:28:01.762, 100 %, 24424 MiB, 200.12 W, 75
2026/08/10 09:29:01.770, 100 %, 24424 MiB, 200.38 W, 75
2026/08/10 09:30:01.777, 100 %, 24424 MiB, 200.07 W, 74
2026/08/10 09:31:01.785, 100 %, 24424 MiB, 200.00 W, 75
2026/08/10 09:32:01.793, 100 %, 24424 MiB, 200.45 W, 74
2026/08/10 09:33:01.806, 100 %, 24424 MiB, 200.33 W, 75
2026/08/10 09:34:01.814, 100 %, 24424 MiB, 199.96 W, 74
2026/08/10 09:35:01.823, 100 %, 24424 MiB, 200.00 W, 72
2026/08/10 09:36:01.830, 100 %, 24424 MiB, 200.02 W, 74
2026/08/10 09:37:01.839, 100 %, 24424 MiB, 200.34 W, 75
2026/08/10 09:38:01.847, 94 %, 24424 MiB, 199.57 W, 75
2026/08/10 09:39:01.855, 98 %, 24424 MiB, 199.74 W, 75
2026/08/10 09:40:01.862, 97 %, 24424 MiB, 199.91 W, 75
2026/08/10 09:41:01.870, 97 %, 24424 MiB, 199.73 W, 75
2026/08/10 09:42:01.877, 100 %, 24424 MiB, 200.06 W, 74
2026/08/10 09:43:01.884, 100 %, 24424 MiB, 200.24 W, 75
2026/08/10 09:44:01.891, 98 %, 24424 MiB, 199.74 W, 75
2026/08/10 09:45:01.907, 100 %, 24424 MiB, 200.13 W, 75
2026/08/10 09:46:01.915, 98 %, 24424 MiB, 199.90 W, 73
2026/08/10 09:47:01.923, 100 %, 24424 MiB, 200.02 W, 74
2026/08/10 09:48:01.931, 100 %, 24424 MiB, 200.04 W, 74
2026/08/10 09:49:01.939, 100 %, 24424 MiB, 200.18 W, 74
2026/08/10 09:50:01.946, 97 %, 24424 MiB, 199.68 W, 74
2026/08/10 09:51:01.953, 100 %, 24424 MiB, 200.05 W, 75
2026/08/10 09:52:01.960, 100 %, 24424 MiB, 200.04 W, 75
2026/08/10 09:53:01.970, 100 %, 24424 MiB, 200.27 W, 75
2026/08/10 09:54:01.977, 100 %, 24424 MiB, 200.00 W, 75
2026/08/10 09:55:01.983, 100 %, 24424 MiB, 199.99 W, 75
2026/08/10 09:56:01.990, 96 %, 24424 MiB, 199.83 W, 75
2026/08/10 09:57:02.007, 98 %, 24424 MiB, 199.60 W, 75
2026/08/10 09:58:02.014, 100 %, 24424 MiB, 200.23 W, 75
2026/08/10 09:59:02.022, 100 %, 24424 MiB, 199.95 W, 76
2026/08/10 10:00:02.030, 97 %, 24424 MiB, 199.82 W, 76
2026/08/10 10:01:02.037, 100 %, 24424 MiB, 200.40 W, 76
2026/08/10 10:02:02.045, 100 %, 24424 MiB, 200.02 W, 70
2026/08/10 10:03:02.053, 97 %, 24424 MiB, 199.88 W, 74
2026/08/10 10:04:02.060, 100 %, 24424 MiB, 199.97 W, 76
2026/08/10 10:05:02.067, 97 %, 24424 MiB, 199.93 W, 76
2026/08/10 10:06:02.075, 98 %, 24424 MiB, 199.74 W, 75
2026/08/10 10:07:02.083, 100 %, 24424 MiB, 200.00 W, 76
2026/08/10 10:08:02.092, 100 %, 24424 MiB, 200.03 W, 75
2026/08/10 10:09:02.107, 97 %, 24424 MiB, 199.67 W, 75
2026/08/10 10:10:02.113, 98 %, 24424 MiB, 199.90 W, 76
2026/08/10 10:11:02.121, 100 %, 24424 MiB, 200.01 W, 76
2026/08/10 10:12:02.129, 100 %, 24424 MiB, 199.98 W, 76
2026/08/10 10:13:02.137, 100 %, 24424 MiB, 200.04 W, 76
2026/08/10 10:14:02.144, 98 %, 24424 MiB, 199.88 W, 76
2026/08/10 10:15:02.152, 98 %, 24424 MiB, 199.73 W, 76
2026/08/10 10:16:02.159, 100 %, 24424 MiB, 200.05 W, 76
2026/08/10 10:17:02.165, 90 %, 24424 MiB, 199.23 W, 76
2026/08/10 10:18:02.173, 100 %, 24424 MiB, 200.23 W, 74
2026/08/10 10:19:02.180, 100 %, 24424 MiB, 199.96 W, 76
2026/08/10 10:20:02.187, 97 %, 24424 MiB, 199.98 W, 76
2026/08/10 10:21:02.193, 100 %, 24424 MiB, 199.99 W, 76
2026/08/10 10:22:02.206, 100 %, 24424 MiB, 199.96 W, 76
2026/08/10 10:23:02.214, 100 %, 24424 MiB, 199.99 W, 76
2026/08/10 10:24:02.221, 97 %, 24424 MiB, 199.60 W, 76
2026/08/10 10:25:02.228, 100 %, 24424 MiB, 199.96 W, 76
2026/08/10 10:26:02.235, 100 %, 24424 MiB, 200.02 W, 77
2026/08/10 10:27:02.244, 97 %, 24424 MiB, 199.66 W, 76
2026/08/10 10:28:02.252, 100 %, 24424 MiB, 200.39 W, 76
2026/08/10 10:29:02.260, 0 %, 24424 MiB, 28.93 W, 59
2026/08/10 10:30:02.267, 99 %, 24424 MiB, 200.02 W, 76
2026/08/10 10:31:02.274, 100 %, 24424 MiB, 200.24 W, 75
2026/08/10 10:32:02.282, 100 %, 24424 MiB, 199.96 W, 76
2026/08/10 10:33:02.290, 100 %, 24424 MiB, 200.10 W, 76
2026/08/10 10:34:02.305, 100 %, 24424 MiB, 200.34 W, 76
2026/08/10 10:35:02.313, 97 %, 24424 MiB, 199.95 W, 76
2026/08/10 10:36:02.320, 100 %, 24424 MiB, 200.00 W, 76
2026/08/10 10:37:02.328, 100 %, 24424 MiB, 200.02 W, 75
2026/08/10 10:38:02.337, 100 %, 24424 MiB, 200.30 W, 76
2026/08/10 10:39:02.345, 100 %, 24424 MiB, 199.99 W, 75
2026/08/10 10:40:02.352, 100 %, 24424 MiB, 200.10 W, 76
2026/08/10 10:41:02.360, 99 %, 24424 MiB, 199.88 W, 76
2026/08/10 10:42:02.368, 100 %, 24424 MiB, 200.00 W, 76
2026/08/10 10:43:02.375, 100 %, 24424 MiB, 200.13 W, 76
2026/08/10 10:44:02.382, 100 %, 24424 MiB, 200.15 W, 76
2026/08/10 10:45:02.390, 100 %, 24424 MiB, 200.02 W, 76
2026/08/10 10:46:02.405, 100 %, 24424 MiB, 199.97 W, 76
2026/08/10 10:47:02.414, 100 %, 24424 MiB, 200.13 W, 76
2026/08/10 10:48:02.421, 96 %, 24424 MiB, 199.74 W, 77
2026/08/10 10:49:02.429, 100 %, 24424 MiB, 200.18 W, 76
2026/08/10 10:50:02.437, 100 %, 24424 MiB, 199.87 W, 77
2026/08/10 10:51:02.444, 100 %, 24424 MiB, 199.96 W, 76
2026/08/10 10:52:02.451, 97 %, 24424 MiB, 199.95 W, 76
2026/08/10 10:53:02.459, 100 %, 24424 MiB, 199.92 W, 75
2026/08/10 10:54:02.467, 100 %, 24424 MiB, 200.06 W, 76
2026/08/10 10:55:02.475, 100 %, 24424 MiB, 199.96 W, 76
2026/08/10 10:56:02.483, 100 %, 24424 MiB, 200.03 W, 76
2026/08/10 10:57:02.491, 97 %, 24424 MiB, 199.77 W, 74
2026/08/10 10:58:02.505, 97 %, 24424 MiB, 199.82 W, 75
2026/08/10 10:59:02.513, 100 %, 24424 MiB, 200.02 W, 75
2026/08/10 11:00:02.520, 100 %, 24424 MiB, 200.00 W, 75
2026/08/10 11:01:02.527, 100 %, 24424 MiB, 200.21 W, 75
2026/08/10 11:02:02.534, 100 %, 24424 MiB, 200.17 W, 76
2026/08/10 11:03:02.542, 100 %, 24424 MiB, 200.00 W, 74
2026/08/10 11:04:02.549, 100 %, 24424 MiB, 199.98 W, 75
2026/08/10 11:05:02.557, 100 %, 24424 MiB, 199.96 W, 74
2026/08/10 11:06:02.565, 97 %, 24424 MiB, 199.71 W, 75
2026/08/10 11:07:02.572, 97 %, 24424 MiB, 199.73 W, 75
2026/08/10 11:08:02.580, 98 %, 24424 MiB, 199.88 W, 75
2026/08/10 11:09:02.588, 100 %, 24424 MiB, 199.89 W, 75
2026/08/10 11:10:02.604, 97 %, 24424 MiB, 199.93 W, 75
2026/08/10 11:11:02.612, 100 %, 24424 MiB, 200.00 W, 75
2026/08/10 11:12:02.621, 100 %, 24424 MiB, 199.98 W, 75
2026/08/10 11:13:02.629, 100 %, 24424 MiB, 200.18 W, 74
2026/08/10 11:14:02.637, 100 %, 24424 MiB, 200.01 W, 75
2026/08/10 11:15:02.644, 100 %, 24424 MiB, 200.19 W, 75
2026/08/10 11:16:02.653, 100 %, 24424 MiB, 200.30 W, 74
2026/08/10 11:17:02.660, 100 %, 24424 MiB, 200.42 W, 75
2026/08/10 11:18:02.668, 100 %, 24424 MiB, 199.98 W, 75
2026/08/10 11:19:02.675, 100 %, 24424 MiB, 199.97 W, 75
2026/08/10 11:20:02.683, 100 %, 24424 MiB, 199.94 W, 74
2026/08/10 11:21:02.689, 100 %, 24424 MiB, 199.95 W, 75
2026/08/10 11:22:02.703, 100 %, 24424 MiB, 199.99 W, 75
2026/08/10 11:23:02.709, 100 %, 24424 MiB, 199.96 W, 74
2026/08/10 11:24:02.716, 100 %, 24424 MiB, 199.94 W, 73
2026/08/10 11:25:02.724, 100 %, 24424 MiB, 200.32 W, 74
2026/08/10 11:26:02.730, 100 %, 24424 MiB, 200.00 W, 74
2026/08/10 11:27:02.738, 98 %, 24424 MiB, 199.92 W, 74
2026/08/10 11:28:02.745, 100 %, 24424 MiB, 199.96 W, 74
2026/08/10 11:29:02.752, 98 %, 24424 MiB, 199.92 W, 75
2026/08/10 11:30:02.759, 97 %, 24424 MiB, 199.79 W, 75
2026/08/10 11:31:02.765, 100 %, 24424 MiB, 199.97 W, 75
2026/08/10 11:32:02.772, 96 %, 24424 MiB, 199.93 W, 75
2026/08/10 11:33:02.779, 100 %, 24424 MiB, 200.01 W, 75
2026/08/10 11:34:02.786, 100 %, 24424 MiB, 199.97 W, 74
2026/08/10 11:35:02.793, 100 %, 24424 MiB, 199.95 W, 74
2026/08/10 11:36:02.807, 97 %, 24424 MiB, 199.88 W, 75
2026/08/10 11:37:02.814, 97 %, 24424 MiB, 199.92 W, 75
2026/08/10 11:38:02.821, 100 %, 24424 MiB, 199.96 W, 74
2026/08/10 11:39:02.828, 97 %, 24424 MiB, 199.81 W, 75
2026/08/10 11:40:02.836, 97 %, 24424 MiB, 199.76 W, 75
2026/08/10 11:41:02.843, 97 %, 24424 MiB, 199.73 W, 75
2026/08/10 11:42:02.850, 100 %, 24424 MiB, 200.01 W, 74
2026/08/10 11:43:02.856, 100 %, 24424 MiB, 199.55 W, 74
2026/08/10 11:44:02.863, 100 %, 24424 MiB, 199.60 W, 74
2026/08/10 11:45:02.871, 95 %, 24424 MiB, 199.55 W, 75
2026/08/10 11:46:02.877, 100 %, 24424 MiB, 200.02 W, 74
2026/08/10 11:47:02.884, 100 %, 24424 MiB, 200.05 W, 74
2026/08/10 11:48:02.891, 98 %, 24424 MiB, 199.89 W, 75
2026/08/10 11:49:02.905, 100 %, 24424 MiB, 200.11 W, 75
2026/08/10 11:50:02.913, 100 %, 24424 MiB, 200.03 W, 73
2026/08/10 11:51:02.920, 97 %, 24424 MiB, 199.76 W, 73
2026/08/10 11:52:02.928, 100 %, 24424 MiB, 200.00 W, 75
2026/08/10 11:53:02.935, 100 %, 24424 MiB, 199.95 W, 74
2026/08/10 11:54:03.155, 100 %, 24424 MiB, 200.11 W, 74
2026/08/10 11:55:03.163, 100 %, 24424 MiB, 199.96 W, 74
2026/08/10 11:56:03.171, 100 %, 24424 MiB, 200.23 W, 75
2026/08/10 11:57:03.178, 100 %, 24424 MiB, 200.13 W, 75
2026/08/10 11:58:03.184, 100 %, 24424 MiB, 199.96 W, 75
2026/08/10 11:59:03.190, 100 %, 24424 MiB, 199.97 W, 75
2026/08/10 12:00:03.208, 100 %, 24424 MiB, 199.99 W, 75
2026/08/10 12:01:03.247, 100 %, 24424 MiB, 199.65 W, 74
2026/08/10 12:02:03.255, 100 %, 24424 MiB, 199.74 W, 75
2026/08/10 12:03:03.262, 100 %, 24424 MiB, 200.03 W, 74
2026/08/10 12:04:03.268, 97 %, 24424 MiB, 199.99 W, 75
2026/08/10 12:05:03.274, 97 %, 24424 MiB, 199.99 W, 75
2026/08/10 12:06:03.280, 97 %, 24424 MiB, 199.95 W, 75
2026/08/10 12:07:03.287, 100 %, 24424 MiB, 199.57 W, 73
2026/08/10 12:08:03.301, 100 %, 24424 MiB, 199.78 W, 75
2026/08/10 12:09:03.308, 100 %, 24424 MiB, 199.73 W, 75
2026/08/10 12:10:03.315, 100 %, 24424 MiB, 200.18 W, 74
2026/08/10 12:11:03.322, 100 %, 24424 MiB, 199.99 W, 75
2026/08/10 12:12:03.328, 100 %, 24424 MiB, 200.00 W, 75
2026/08/10 12:13:03.334, 95 %, 24424 MiB, 200.01 W, 75
2026/08/10 12:14:03.342, 98 %, 24424 MiB, 200.02 W, 76
2026/08/10 12:15:03.349, 100 %, 24424 MiB, 199.91 W, 76
2026/08/10 12:16:03.355, 100 %, 24424 MiB, 199.84 W, 76
2026/08/10 12:17:03.363, 100 %, 24424 MiB, 199.76 W, 75
2026/08/10 12:18:03.370, 98 %, 24424 MiB, 200.04 W, 72
2026/08/10 12:19:03.376, 100 %, 24424 MiB, 199.95 W, 75
2026/08/10 12:20:03.383, 97 %, 24424 MiB, 199.97 W, 75
2026/08/10 12:21:03.390, 98 %, 24424 MiB, 199.95 W, 76
2026/08/10 12:22:03.404, 100 %, 24424 MiB, 199.81 W, 75
2026/08/10 12:23:03.412, 98 %, 24424 MiB, 199.99 W, 75
2026/08/10 12:24:03.419, 97 %, 24424 MiB, 199.94 W, 75
2026/08/10 12:25:03.427, 98 %, 24424 MiB, 200.00 W, 75
2026/08/10 12:26:03.436, 97 %, 24424 MiB, 199.97 W, 75
2026/08/10 12:27:03.444, 97 %, 24424 MiB, 199.96 W, 75
2026/08/10 12:28:03.453, 100 %, 24424 MiB, 199.82 W, 75
2026/08/10 12:29:03.460, 100 %, 24424 MiB, 199.84 W, 75
2026/08/10 12:30:03.466, 98 %, 24424 MiB, 200.03 W, 75
2026/08/10 12:31:03.473, 96 %, 24424 MiB, 199.99 W, 74
2026/08/10 12:32:03.480, 97 %, 24424 MiB, 199.96 W, 74
2026/08/10 12:33:03.487, 100 %, 24424 MiB, 200.29 W, 74
2026/08/10 12:34:03.503, 100 %, 24424 MiB, 200.17 W, 75
2026/08/10 12:35:03.510, 100 %, 24424 MiB, 199.97 W, 75
2026/08/10 12:36:03.517, 100 %, 24424 MiB, 200.16 W, 75
2026/08/10 12:37:03.524, 100 %, 24424 MiB, 200.21 W, 75
2026/08/10 12:38:03.531, 97 %, 24424 MiB, 199.96 W, 75
2026/08/10 12:39:03.538, 100 %, 24424 MiB, 199.89 W, 75
2026/08/10 12:40:03.545, 100 %, 24424 MiB, 199.83 W, 75
2026/08/10 12:41:03.552, 100 %, 24424 MiB, 200.04 W, 75
2026/08/10 12:42:03.560, 100 %, 24424 MiB, 199.99 W, 74
2026/08/10 12:43:03.568, 100 %, 24424 MiB, 200.29 W, 75
2026/08/10 12:44:03.575, 97 %, 24424 MiB, 200.05 W, 75
2026/08/10 12:45:03.581, 100 %, 24424 MiB, 199.99 W, 71
2026/08/10 12:46:03.589, 100 %, 24424 MiB, 200.03 W, 75
2026/08/10 12:47:03.604, 100 %, 24424 MiB, 200.21 W, 74
2026/08/10 12:48:03.611, 100 %, 24424 MiB, 199.98 W, 75
2026/08/10 12:49:03.619, 100 %, 24424 MiB, 200.03 W, 75
2026/08/10 12:50:03.626, 97 %, 24424 MiB, 200.43 W, 75
2026/08/10 12:51:03.633, 97 %, 24424 MiB, 199.96 W, 75
2026/08/10 12:52:03.642, 97 %, 24424 MiB, 199.97 W, 75
2026/08/10 12:53:03.649, 100 %, 24424 MiB, 199.65 W, 75
2026/08/10 12:54:03.656, 100 %, 24424 MiB, 199.60 W, 74
2026/08/10 12:55:03.664, 100 %, 24424 MiB, 199.84 W, 75
2026/08/10 12:56:03.671, 100 %, 24424 MiB, 200.02 W, 75
2026/08/10 12:57:03.680, 100 %, 24424 MiB, 200.04 W, 74
2026/08/10 12:58:03.688, 98 %, 24424 MiB, 200.01 W, 74
2026/08/10 12:59:03.702, 97 %, 24424 MiB, 200.00 W, 74
2026/08/10 13:00:03.710, 100 %, 24685 MiB, 199.93 W, 74
2026/08/10 13:01:03.717, 100 %, 24424 MiB, 200.03 W, 75
2026/08/10 13:02:03.724, 100 %, 24424 MiB, 200.01 W, 74
2026/08/10 13:03:03.731, 100 %, 24424 MiB, 200.45 W, 75
2026/08/10 13:04:03.738, 100 %, 24424 MiB, 199.97 W, 75
2026/08/10 13:05:03.745, 100 %, 24424 MiB, 200.18 W, 74
2026/08/10 13:06:03.752, 98 %, 24424 MiB, 199.99 W, 75
2026/08/10 13:07:03.760, 98 %, 24424 MiB, 199.98 W, 75
2026/08/10 13:08:03.767, 100 %, 24424 MiB, 199.98 W, 75
2026/08/10 13:09:03.775, 98 %, 24424 MiB, 199.96 W, 75
2026/08/10 13:10:03.782, 98 %, 24424 MiB, 199.96 W, 75
2026/08/10 13:11:03.789, 100 %, 24424 MiB, 200.29 W, 75
2026/08/10 13:12:03.807, 100 %, 24424 MiB, 199.81 W, 71
2026/08/10 13:13:03.814, 100 %, 24424 MiB, 199.78 W, 75
2026/08/10 13:14:03.821, 100 %, 24424 MiB, 199.92 W, 75
2026/08/10 13:15:03.829, 100 %, 24451 MiB, 199.88 W, 75
2026/08/10 13:16:03.835, 100 %, 24424 MiB, 200.03 W, 75
2026/08/10 13:17:03.843, 100 %, 24424 MiB, 200.01 W, 75
2026/08/10 13:18:03.850, 100 %, 24424 MiB, 200.38 W, 74
2026/08/10 13:19:03.859, 100 %, 24424 MiB, 200.42 W, 74
2026/08/10 13:20:03.866, 97 %, 24424 MiB, 199.96 W, 75
2026/08/10 13:21:03.874, 98 %, 24424 MiB, 199.95 W, 74
2026/08/10 13:22:03.882, 100 %, 24424 MiB, 199.95 W, 74
2026/08/10 13:23:03.891, 100 %, 24424 MiB, 199.86 W, 75
2026/08/10 13:24:03.903, 97 %, 24424 MiB, 199.95 W, 75
2026/08/10 13:25:03.909, 100 %, 24424 MiB, 200.04 W, 74
2026/08/10 13:26:03.917, 100 %, 24424 MiB, 200.02 W, 74
2026/08/10 13:27:03.924, 100 %, 24424 MiB, 200.43 W, 74
2026/08/10 13:28:03.933, 100 %, 24424 MiB, 200.40 W, 75
2026/08/10 13:29:03.941, 97 %, 24424 MiB, 200.05 W, 75
2026/08/10 13:30:03.948, 97 %, 24424 MiB, 199.96 W, 75
2026/08/10 13:31:03.956, 98 %, 24424 MiB, 200.03 W, 75
2026/08/10 13:32:03.965, 97 %, 24424 MiB, 199.93 W, 76
2026/08/10 13:33:03.972, 100 %, 24424 MiB, 200.11 W, 75
2026/08/10 13:34:03.979, 100 %, 24424 MiB, 200.01 W, 75
2026/08/10 13:35:03.986, 100 %, 24424 MiB, 200.27 W, 75
2026/08/10 13:36:04.002, 97 %, 24424 MiB, 199.95 W, 75
2026/08/10 13:37:04.010, 98 %, 24424 MiB, 200.01 W, 75
2026/08/10 13:38:04.018, 100 %, 24424 MiB, 199.93 W, 75
2026/08/10 13:39:04.027, 0 %, 24424 MiB, 27.25 W, 56
2026/08/10 13:40:04.034, 98 %, 24424 MiB, 199.99 W, 75
2026/08/10 13:41:04.042, 98 %, 24424 MiB, 200.00 W, 74
2026/08/10 13:42:04.051, 97 %, 24424 MiB, 199.95 W, 75
2026/08/10 13:43:04.059, 97 %, 24424 MiB, 199.95 W, 75
2026/08/10 13:44:04.066, 100 %, 24424 MiB, 199.79 W, 75
2026/08/10 13:45:04.074, 100 %, 24424 MiB, 200.15 W, 75
2026/08/10 13:46:04.204, 97 %, 24424 MiB, 199.98 W, 75
2026/08/10 13:47:04.211, 100 %, 24424 MiB, 199.90 W, 75
2026/08/10 13:48:04.217, 100 %, 24424 MiB, 200.00 W, 75
2026/08/10 13:49:04.224, 100 %, 24424 MiB, 199.96 W, 75
2026/08/10 13:50:04.232, 100 %, 24424 MiB, 200.13 W, 74
2026/08/10 13:51:04.239, 100 %, 24424 MiB, 200.18 W, 75
2026/08/10 13:52:04.248, 97 %, 24424 MiB, 200.07 W, 75
2026/08/10 13:53:04.255, 100 %, 24424 MiB, 200.00 W, 76
2026/08/10 13:54:04.263, 98 %, 24424 MiB, 199.96 W, 75
2026/08/10 13:55:04.270, 100 %, 24424 MiB, 200.09 W, 76
2026/08/10 13:56:04.277, 100 %, 24424 MiB, 199.77 W, 76
2026/08/10 13:57:04.284, 100 %, 24424 MiB, 200.19 W, 76
2026/08/10 13:58:04.300, 97 %, 24424 MiB, 199.94 W, 76
2026/08/10 13:59:04.308, 100 %, 24424 MiB, 200.14 W, 76
2026/08/10 14:00:04.316, 100 %, 24439 MiB, 199.83 W, 76
2026/08/10 14:01:04.324, 100 %, 24424 MiB, 199.99 W, 76
2026/08/10 14:02:04.332, 100 %, 24424 MiB, 199.70 W, 77
2026/08/10 14:03:04.339, 97 %, 24424 MiB, 200.00 W, 77
2026/08/10 14:04:04.346, 100 %, 24424 MiB, 200.02 W, 76
2026/08/10 14:05:04.353, 100 %, 24424 MiB, 200.28 W, 76
2026/08/10 14:06:04.361, 100 %, 24424 MiB, 200.02 W, 77
2026/08/10 14:07:04.367, 100 %, 24424 MiB, 199.66 W, 75
2026/08/10 14:08:04.375, 100 %, 24424 MiB, 199.92 W, 77
2026/08/10 14:09:04.382, 100 %, 24424 MiB, 199.98 W, 76
2026/08/10 14:10:04.390, 100 %, 24424 MiB, 199.80 W, 77
2026/08/10 14:11:04.403, 100 %, 24424 MiB, 200.27 W, 77
2026/08/10 14:12:04.410, 100 %, 24424 MiB, 200.43 W, 76
2026/08/10 14:13:04.417, 100 %, 24424 MiB, 199.83 W, 77
2026/08/10 14:14:04.423, 100 %, 24424 MiB, 200.17 W, 76
2026/08/10 14:15:04.429, 100 %, 24685 MiB, 199.87 W, 76
2026/08/10 14:16:04.437, 100 %, 24424 MiB, 200.02 W, 76
2026/08/10 14:17:04.444, 97 %, 24424 MiB, 199.95 W, 75
2026/08/10 14:18:04.451, 100 %, 24424 MiB, 199.99 W, 76
2026/08/10 14:19:04.458, 100 %, 24424 MiB, 199.89 W, 74
2026/08/10 14:20:04.465, 100 %, 24424 MiB, 199.88 W, 75
2026/08/10 14:21:04.473, 100 %, 24424 MiB, 199.71 W, 75
2026/08/10 14:22:04.481, 100 %, 24424 MiB, 200.03 W, 75
2026/08/10 14:23:04.489, 100 %, 24424 MiB, 200.02 W, 75
2026/08/10 14:24:04.503, 100 %, 24424 MiB, 200.03 W, 75
2026/08/10 14:25:04.508, 94 %, 24424 MiB, 199.99 W, 75
2026/08/10 14:26:04.516, 98 %, 24424 MiB, 200.00 W, 75
2026/08/10 14:27:04.523, 97 %, 24424 MiB, 200.03 W, 75
2026/08/10 14:28:04.531, 100 %, 24424 MiB, 199.70 W, 76
2026/08/10 14:29:04.538, 100 %, 24424 MiB, 200.09 W, 75
2026/08/10 14:30:04.546, 100 %, 24424 MiB, 199.72 W, 75
2026/08/10 14:31:04.552, 100 %, 24424 MiB, 199.87 W, 75
2026/08/10 14:32:04.560, 100 %, 24424 MiB, 200.01 W, 75
2026/08/10 14:33:04.567, 100 %, 24424 MiB, 200.03 W, 75
2026/08/10 14:34:04.575, 100 %, 24424 MiB, 199.89 W, 74
2026/08/10 14:35:04.582, 97 %, 24424 MiB, 199.97 W, 75
2026/08/10 14:36:04.589, 98 %, 24424 MiB, 200.00 W, 75
2026/08/10 14:37:04.604, 100 %, 24424 MiB, 199.77 W, 75
2026/08/10 14:38:04.612, 100 %, 24424 MiB, 199.66 W, 74
2026/08/10 14:39:04.619, 100 %, 24424 MiB, 200.00 W, 75
2026/08/10 14:40:04.625, 100 %, 24424 MiB, 200.00 W, 76
2026/08/10 14:41:04.633, 100 %, 24424 MiB, 199.99 W, 75
2026/08/10 14:42:04.641, 100 %, 24424 MiB, 199.97 W, 75
2026/08/10 14:43:04.648, 100 %, 24424 MiB, 199.96 W, 75
2026/08/10 14:44:04.656, 100 %, 24424 MiB, 199.77 W, 75
2026/08/10 14:45:04.664, 97 %, 24424 MiB, 199.95 W, 75
2026/08/10 14:46:04.670, 100 %, 24424 MiB, 199.96 W, 75
2026/08/10 14:47:04.678, 100 %, 24424 MiB, 200.02 W, 75
2026/08/10 14:48:04.686, 100 %, 24424 MiB, 200.01 W, 75
2026/08/10 14:49:04.700, 100 %, 24424 MiB, 200.29 W, 75
2026/08/10 14:50:04.706, 97 %, 24424 MiB, 199.88 W, 75
2026/08/10 14:51:04.713, 100 %, 24424 MiB, 199.58 W, 75
2026/08/10 14:52:04.721, 100 %, 24424 MiB, 200.04 W, 75
2026/08/10 14:53:04.728, 100 %, 24424 MiB, 200.11 W, 75
2026/08/10 14:54:04.735, 97 %, 24424 MiB, 199.99 W, 76
2026/08/10 14:55:04.743, 100 %, 24424 MiB, 199.65 W, 75
2026/08/10 14:56:04.749, 100 %, 24424 MiB, 200.02 W, 75
2026/08/10 14:57:04.756, 97 %, 24424 MiB, 200.07 W, 75
2026/08/10 14:58:04.764, 97 %, 24424 MiB, 199.97 W, 76
2026/08/10 14:59:04.772, 100 %, 24424 MiB, 199.92 W, 75
2026/08/10 15:00:04.779, 99 %, 24424 MiB, 199.48 W, 75
2026/08/10 15:01:04.785, 100 %, 24424 MiB, 200.23 W, 73
2026/08/10 15:02:04.804, 100 %, 24424 MiB, 200.01 W, 74
2026/08/10 15:03:04.811, 100 %, 24424 MiB, 200.33 W, 75
2026/08/10 15:04:04.818, 100 %, 24424 MiB, 200.00 W, 75
2026/08/10 15:05:04.825, 100 %, 24424 MiB, 199.97 W, 75
2026/08/10 15:06:04.833, 100 %, 24424 MiB, 199.93 W, 75
2026/08/10 15:07:04.839, 100 %, 24424 MiB, 199.76 W, 75
2026/08/10 15:08:04.847, 100 %, 24424 MiB, 199.66 W, 75
2026/08/10 15:09:04.854, 100 %, 24424 MiB, 200.21 W, 75
2026/08/10 15:10:04.861, 98 %, 24424 MiB, 199.97 W, 75
2026/08/10 15:11:04.868, 97 %, 24424 MiB, 200.03 W, 75
2026/08/10 15:12:04.875, 100 %, 24424 MiB, 199.94 W, 75
2026/08/10 15:13:04.881, 100 %, 24424 MiB, 199.69 W, 75
2026/08/10 15:14:04.887, 100 %, 24424 MiB, 199.66 W, 75
2026/08/10 15:15:04.901, 100 %, 24424 MiB, 200.32 W, 75
2026/08/10 15:16:04.908, 98 %, 24424 MiB, 200.00 W, 75
2026/08/10 15:17:04.915, 97 %, 24424 MiB, 199.96 W, 75
2026/08/10 15:18:04.922, 98 %, 24424 MiB, 199.99 W, 75
2026/08/10 15:19:04.930, 100 %, 24424 MiB, 200.04 W, 75
2026/08/10 15:20:04.936, 100 %, 24424 MiB, 200.02 W, 75
2026/08/10 15:21:04.944, 100 %, 24424 MiB, 199.58 W, 75
2026/08/10 15:22:04.952, 100 %, 24424 MiB, 200.04 W, 75
2026/08/10 15:23:04.959, 100 %, 24424 MiB, 200.12 W, 75
2026/08/10 15:24:04.967, 97 %, 24424 MiB, 199.98 W, 75
2026/08/10 15:25:04.975, 97 %, 24424 MiB, 199.99 W, 75
2026/08/10 15:26:04.982, 100 %, 24424 MiB, 200.01 W, 74
2026/08/10 15:27:04.989, 100 %, 24424 MiB, 200.01 W, 75
2026/08/10 15:28:05.006, 97 %, 24424 MiB, 199.98 W, 72
2026/08/10 15:29:05.013, 100 %, 24424 MiB, 200.41 W, 75
2026/08/10 15:30:05.020, 97 %, 24424 MiB, 199.95 W, 75
2026/08/10 15:31:05.026, 100 %, 24424 MiB, 199.65 W, 75
2026/08/10 15:32:05.033, 100 %, 24424 MiB, 200.11 W, 75
2026/08/10 15:33:05.040, 100 %, 24424 MiB, 200.01 W, 75
2026/08/10 15:34:05.047, 100 %, 24424 MiB, 199.99 W, 75
2026/08/10 15:35:05.054, 97 %, 24424 MiB, 199.94 W, 75
2026/08/10 15:36:05.061, 97 %, 24424 MiB, 199.92 W, 75
2026/08/10 15:37:05.069, 93 %, 24424 MiB, 199.82 W, 75
2026/08/10 15:38:05.076, 97 %, 24424 MiB, 199.96 W, 75
2026/08/10 15:39:05.083, 97 %, 24424 MiB, 199.99 W, 75
2026/08/10 15:40:05.090, 97 %, 24424 MiB, 199.98 W, 75
2026/08/10 15:41:05.105, 100 %, 24424 MiB, 199.75 W, 75
2026/08/10 15:42:05.113, 100 %, 24424 MiB, 199.65 W, 75
2026/08/10 15:43:05.120, 100 %, 24424 MiB, 199.63 W, 75
2026/08/10 15:44:05.129, 100 %, 24424 MiB, 200.14 W, 75
2026/08/10 15:45:05.136, 99 %, 24424 MiB, 199.96 W, 75
2026/08/10 15:46:05.143, 100 %, 24424 MiB, 200.30 W, 75
2026/08/10 15:47:05.150, 94 %, 24424 MiB, 200.36 W, 75
2026/08/10 15:48:05.158, 100 %, 24424 MiB, 199.95 W, 75
2026/08/10 15:49:05.165, 100 %, 24424 MiB, 199.94 W, 75
2026/08/10 15:50:05.173, 100 %, 24424 MiB, 200.06 W, 75
2026/08/10 15:51:05.181, 100 %, 24424 MiB, 200.32 W, 75
2026/08/10 15:52:05.188, 100 %, 24424 MiB, 200.43 W, 75
2026/08/10 15:53:05.204, 100 %, 24424 MiB, 200.00 W, 75
2026/08/10 15:54:05.212, 100 %, 24424 MiB, 199.99 W, 75
2026/08/10 15:55:05.219, 100 %, 24424 MiB, 200.09 W, 70
2026/08/10 15:56:05.226, 100 %, 24424 MiB, 200.02 W, 75
2026/08/10 15:57:05.233, 100 %, 24424 MiB, 200.41 W, 75
2026/08/10 15:58:05.239, 100 %, 24424 MiB, 200.10 W, 74
2026/08/10 15:59:05.246, 100 %, 24424 MiB, 200.41 W, 75
2026/08/10 16:00:05.253, 100 %, 24424 MiB, 199.95 W, 75
2026/08/10 16:01:05.260, 100 %, 24424 MiB, 199.96 W, 75
2026/08/10 16:02:05.267, 98 %, 24424 MiB, 199.74 W, 75
2026/08/10 16:03:05.273, 100 %, 24424 MiB, 200.18 W, 75
2026/08/10 16:04:05.280, 100 %, 24424 MiB, 200.36 W, 75
2026/08/10 16:05:05.286, 97 %, 24424 MiB, 199.63 W, 75
2026/08/10 16:06:05.304, 100 %, 24424 MiB, 200.22 W, 75
2026/08/10 16:07:05.311, 100 %, 24424 MiB, 199.98 W, 75
2026/08/10 16:08:05.319, 100 %, 24424 MiB, 199.98 W, 75
2026/08/10 16:09:05.326, 100 %, 24424 MiB, 199.99 W, 75
2026/08/10 16:10:05.334, 100 %, 24424 MiB, 200.01 W, 75
2026/08/10 16:11:05.340, 100 %, 24424 MiB, 200.00 W, 75
2026/08/10 16:12:05.346, 100 %, 24424 MiB, 199.97 W, 76
2026/08/10 16:13:05.353, 100 %, 24424 MiB, 199.98 W, 75
2026/08/10 16:14:05.361, 97 %, 24424 MiB, 199.93 W, 75
2026/08/10 16:15:05.368, 97 %, 24424 MiB, 199.75 W, 75
2026/08/10 16:16:05.375, 100 %, 24424 MiB, 200.15 W, 75
2026/08/10 16:17:05.381, 100 %, 24424 MiB, 200.40 W, 75
2026/08/10 16:18:05.388, 100 %, 24424 MiB, 200.21 W, 75
2026/08/10 16:19:05.403, 100 %, 24424 MiB, 200.02 W, 75
2026/08/10 16:20:05.409, 100 %, 24424 MiB, 200.00 W, 75
2026/08/10 16:21:05.416, 97 %, 24424 MiB, 199.82 W, 75
2026/08/10 16:22:05.424, 0 %, 24424 MiB, 27.38 W, 56
2026/08/10 16:23:05.442, 100 %, 24424 MiB, 199.95 W, 75
2026/08/10 16:24:05.449, 100 %, 24424 MiB, 199.98 W, 75
2026/08/10 16:25:05.455, 98 %, 24424 MiB, 199.89 W, 75
2026/08/10 16:26:05.462, 98 %, 24424 MiB, 199.80 W, 75
2026/08/10 16:27:05.470, 100 %, 24424 MiB, 200.07 W, 75
2026/08/10 16:28:05.476, 100 %, 24424 MiB, 200.60 W, 75
2026/08/10 16:29:05.482, 100 %, 24424 MiB, 199.94 W, 75
2026/08/10 16:30:05.490, 94 %, 24424 MiB, 199.99 W, 76
2026/08/10 16:31:05.504, 100 %, 24424 MiB, 199.92 W, 75
2026/08/10 16:32:05.511, 97 %, 24424 MiB, 199.80 W, 75
2026/08/10 16:33:05.519, 97 %, 24424 MiB, 199.71 W, 75
2026/08/10 16:34:05.527, 100 %, 24424 MiB, 200.08 W, 75
2026/08/10 16:35:05.535, 100 %, 24424 MiB, 200.04 W, 75
2026/08/10 16:36:05.542, 100 %, 24424 MiB, 200.42 W, 75
2026/08/10 16:37:05.550, 100 %, 24424 MiB, 200.07 W, 75
2026/08/10 16:38:05.558, 100 %, 24424 MiB, 200.00 W, 75
2026/08/10 16:39:05.565, 97 %, 24424 MiB, 199.85 W, 75
2026/08/10 16:40:05.572, 97 %, 24424 MiB, 199.46 W, 74
2026/08/10 16:41:05.579, 100 %, 24424 MiB, 199.98 W, 75
2026/08/10 16:42:05.588, 100 %, 24424 MiB, 199.98 W, 75
2026/08/10 16:43:05.604, 100 %, 24424 MiB, 200.03 W, 75
2026/08/10 16:44:05.610, 100 %, 24424 MiB, 200.10 W, 75
2026/08/10 16:45:05.617, 100 %, 24424 MiB, 200.00 W, 75
2026/08/10 16:46:05.624, 100 %, 24424 MiB, 199.96 W, 75
2026/08/10 16:47:05.631, 98 %, 24424 MiB, 199.80 W, 75
2026/08/10 16:48:05.639, 100 %, 24424 MiB, 200.02 W, 75
2026/08/10 16:49:05.648, 2 %, 24424 MiB, 45.11 W, 63
2026/08/10 16:50:05.655, 97 %, 24424 MiB, 200.02 W, 74
2026/08/10 16:51:05.661, 100 %, 24424 MiB, 200.00 W, 75
2026/08/10 16:52:05.669, 100 %, 24424 MiB, 199.99 W, 75
2026/08/10 16:53:05.677, 100 %, 24424 MiB, 199.99 W, 75
2026/08/10 16:54:05.684, 100 %, 24424 MiB, 199.99 W, 75
2026/08/10 16:55:05.692, 100 %, 24424 MiB, 199.97 W, 75
2026/08/10 16:56:05.705, 97 %, 24424 MiB, 199.71 W, 75
2026/08/10 16:57:05.713, 97 %, 24424 MiB, 199.99 W, 74
2026/08/10 16:58:05.721, 100 %, 24424 MiB, 199.97 W, 75
2026/08/10 16:59:05.729, 100 %, 24424 MiB, 200.01 W, 75
2026/08/10 17:00:05.736, 100 %, 24424 MiB, 200.28 W, 75
2026/08/10 17:01:05.744, 100 %, 24424 MiB, 199.96 W, 75
2026/08/10 17:02:05.752, 96 %, 24424 MiB, 199.85 W, 75
2026/08/10 17:03:05.761, 97 %, 24424 MiB, 199.64 W, 75
2026/08/10 17:04:05.769, 98 %, 24424 MiB, 199.73 W, 75
2026/08/10 17:05:05.776, 98 %, 24424 MiB, 199.65 W, 75
2026/08/10 17:06:05.783, 100 %, 24424 MiB, 200.17 W, 75
2026/08/10 17:07:05.791, 100 %, 24424 MiB, 199.97 W, 75
2026/08/10 17:08:05.805, 100 %, 24424 MiB, 199.98 W, 75
2026/08/10 17:09:05.812, 97 %, 24424 MiB, 200.51 W, 75
2026/08/10 17:10:05.819, 97 %, 24424 MiB, 199.73 W, 75
2026/08/10 17:11:05.827, 100 %, 24424 MiB, 200.00 W, 74
2026/08/10 17:12:05.835, 100 %, 24424 MiB, 199.99 W, 75
2026/08/10 17:13:05.842, 100 %, 24424 MiB, 199.96 W, 75
2026/08/10 17:14:05.849, 100 %, 24424 MiB, 200.00 W, 75
2026/08/10 17:15:05.858, 100 %, 24424 MiB, 199.99 W, 75
2026/08/10 17:16:05.864, 97 %, 24424 MiB, 199.67 W, 75
2026/08/10 17:17:05.872, 100 %, 24424 MiB, 200.01 W, 74
2026/08/10 17:18:05.880, 100 %, 24424 MiB, 200.20 W, 75
2026/08/10 17:19:05.886, 100 %, 24424 MiB, 199.95 W, 75
2026/08/10 17:20:05.903, 100 %, 24424 MiB, 199.94 W, 75
2026/08/10 17:21:05.910, 98 %, 24424 MiB, 199.60 W, 75
2026/08/10 17:22:05.917, 100 %, 24424 MiB, 200.28 W, 75
2026/08/10 17:23:05.924, 100 %, 24424 MiB, 200.44 W, 75
2026/08/10 17:24:05.932, 100 %, 24424 MiB, 199.79 W, 75
2026/08/10 17:25:05.938, 100 %, 24424 MiB, 200.10 W, 75
2026/08/10 17:26:05.945, 100 %, 24424 MiB, 200.19 W, 75
2026/08/10 17:27:05.952, 100 %, 24424 MiB, 200.13 W, 75
2026/08/10 17:28:05.960, 100 %, 24424 MiB, 200.00 W, 76
2026/08/10 17:29:05.967, 100 %, 24424 MiB, 199.96 W, 75
2026/08/10 17:30:05.974, 98 %, 24424 MiB, 199.92 W, 76
2026/08/10 17:31:05.981, 98 %, 24424 MiB, 199.70 W, 75
2026/08/10 17:32:05.990, 98 %, 24424 MiB, 199.59 W, 72
2026/08/10 17:33:06.006, 100 %, 24424 MiB, 200.04 W, 75
2026/08/10 17:34:06.013, 100 %, 24424 MiB, 200.34 W, 75
2026/08/10 17:35:06.020, 100 %, 24424 MiB, 199.94 W, 75
2026/08/10 17:36:06.026, 100 %, 24424 MiB, 200.01 W, 74
2026/08/10 17:37:06.034, 99 %, 24424 MiB, 199.90 W, 75
2026/08/10 17:38:06.041, 100 %, 24424 MiB, 200.18 W, 75
2026/08/10 17:39:06.049, 100 %, 24424 MiB, 200.00 W, 75
2026/08/10 17:40:06.056, 100 %, 24424 MiB, 200.26 W, 75
2026/08/10 17:41:06.063, 97 %, 24424 MiB, 199.99 W, 75
2026/08/10 17:42:06.070, 97 %, 24424 MiB, 199.93 W, 75
2026/08/10 17:43:06.077, 97 %, 24424 MiB, 199.82 W, 76
2026/08/10 17:44:06.084, 100 %, 24424 MiB, 199.97 W, 73
2026/08/10 17:45:06.091, 100 %, 24424 MiB, 199.96 W, 74
2026/08/10 17:46:06.105, 100 %, 24424 MiB, 199.97 W, 75
2026/08/10 17:47:06.113, 97 %, 24424 MiB, 199.63 W, 74
2026/08/10 17:48:06.119, 100 %, 24424 MiB, 200.03 W, 75
2026/08/10 17:49:06.126, 100 %, 24424 MiB, 199.99 W, 75
2026/08/10 17:50:06.133, 100 %, 24424 MiB, 200.28 W, 74
2026/08/10 17:51:06.139, 100 %, 24424 MiB, 199.98 W, 74
2026/08/10 17:52:06.147, 100 %, 24424 MiB, 200.26 W, 74
2026/08/10 17:53:06.153, 100 %, 24424 MiB, 199.94 W, 75
2026/08/10 17:54:06.161, 100 %, 24424 MiB, 199.98 W, 74
2026/08/10 17:55:06.168, 100 %, 24424 MiB, 199.96 W, 75
2026/08/10 17:56:06.175, 100 %, 24424 MiB, 199.93 W, 75
2026/08/10 17:57:06.182, 99 %, 24424 MiB, 199.97 W, 74
2026/08/10 17:58:06.188, 100 %, 24424 MiB, 199.74 W, 75
2026/08/10 17:59:06.204, 98 %, 24424 MiB, 199.58 W, 75
2026/08/10 18:00:06.210, 100 %, 24424 MiB, 200.00 W, 75
2026/08/10 18:01:06.217, 100 %, 24424 MiB, 199.95 W, 75
2026/08/10 18:02:06.225, 100 %, 24424 MiB, 199.97 W, 75
2026/08/10 18:03:06.232, 100 %, 24424 MiB, 199.99 W, 75
2026/08/10 18:04:06.238, 100 %, 24424 MiB, 200.01 W, 75
2026/08/10 18:05:06.246, 100 %, 24424 MiB, 200.00 W, 75
2026/08/10 18:06:06.252, 100 %, 24424 MiB, 199.95 W, 75
2026/08/10 18:07:06.259, 97 %, 24424 MiB, 199.63 W, 74
2026/08/10 18:08:06.267, 100 %, 24424 MiB, 200.37 W, 75
2026/08/10 18:09:06.275, 100 %, 24424 MiB, 200.26 W, 75
2026/08/10 18:10:06.282, 97 %, 24424 MiB, 199.70 W, 75
2026/08/10 18:11:06.290, 100 %, 24424 MiB, 200.32 W, 73
2026/08/10 18:12:06.306, 100 %, 24424 MiB, 200.01 W, 75
2026/08/10 18:13:06.312, 100 %, 24424 MiB, 199.96 W, 75
2026/08/10 18:14:06.319, 100 %, 24424 MiB, 199.98 W, 75
2026/08/10 18:15:06.327, 98 %, 24424 MiB, 199.89 W, 75
2026/08/10 18:16:06.336, 97 %, 24424 MiB, 199.68 W, 75
2026/08/10 18:17:06.345, 100 %, 24424 MiB, 200.15 W, 75
2026/08/10 18:18:06.352, 96 %, 24424 MiB, 199.63 W, 75
2026/08/10 18:19:06.362, 100 %, 24424 MiB, 199.98 W, 75
2026/08/10 18:20:06.369, 100 %, 24424 MiB, 199.98 W, 75
2026/08/10 18:21:06.377, 97 %, 24424 MiB, 199.64 W, 76
2026/08/10 18:22:06.386, 100 %, 24424 MiB, 199.98 W, 76
2026/08/10 18:23:06.403, 97 %, 24424 MiB, 199.60 W, 75
2026/08/10 18:24:06.413, 100 %, 24424 MiB, 200.27 W, 75
2026/08/10 18:25:06.424, 100 %, 24424 MiB, 199.98 W, 76
2026/08/10 18:26:06.435, 100 %, 24424 MiB, 199.96 W, 75
2026/08/10 18:27:06.446, 97 %, 24424 MiB, 199.79 W, 76
2026/08/10 18:28:06.457, 100 %, 24424 MiB, 200.05 W, 76
2026/08/10 18:29:06.476, 98 %, 24424 MiB, 199.93 W, 76
2026/08/10 18:30:06.509, 100 %, 24424 MiB, 199.90 W, 76
2026/08/10 18:31:06.523, 100 %, 24424 MiB, 199.96 W, 76
2026/08/10 18:32:06.539, 97 %, 24424 MiB, 199.57 W, 75
2026/08/10 18:33:06.554, 97 %, 24424 MiB, 199.83 W, 76
2026/08/10 18:34:06.577, 100 %, 24424 MiB, 199.99 W, 76
2026/08/10 18:35:06.605, 100 %, 24424 MiB, 199.98 W, 76
2026/08/10 18:36:06.625, 100 %, 24424 MiB, 200.09 W, 75
2026/08/10 18:37:06.642, 100 %, 24424 MiB, 200.02 W, 76
2026/08/10 18:38:06.658, 100 %, 24424 MiB, 200.29 W, 71
2026/08/10 18:39:06.678, 100 %, 24424 MiB, 199.99 W, 76
2026/08/10 18:40:06.704, 100 %, 24424 MiB, 199.98 W, 75
2026/08/10 18:41:06.726, 98 %, 24424 MiB, 199.66 W, 76
2026/08/10 18:42:06.745, 100 %, 24424 MiB, 200.12 W, 75
2026/08/10 18:43:06.764, 97 %, 24424 MiB, 199.83 W, 76
2026/08/10 18:44:06.779, 100 %, 24424 MiB, 200.02 W, 75
2026/08/10 18:45:06.804, 98 %, 24424 MiB, 200.04 W, 74
2026/08/10 18:46:06.821, 100 %, 24424 MiB, 200.30 W, 76
2026/08/10 18:47:06.843, 97 %, 24424 MiB, 199.97 W, 76
2026/08/10 18:48:06.865, 97 %, 24424 MiB, 200.00 W, 76
2026/08/10 18:49:06.883, 100 %, 24424 MiB, 200.09 W, 75
2026/08/10 18:50:06.910, 100 %, 24424 MiB, 199.97 W, 75
2026/08/10 18:51:06.931, 100 %, 24424 MiB, 199.96 W, 75
2026/08/10 18:52:06.953, 94 %, 24424 MiB, 199.88 W, 76
2026/08/10 18:53:06.974, 100 %, 24424 MiB, 199.72 W, 76
2026/08/10 18:54:06.991, 100 %, 24424 MiB, 199.73 W, 75
2026/08/10 18:55:07.023, 100 %, 24424 MiB, 199.56 W, 75
2026/08/10 18:56:07.045, 100 %, 24424 MiB, 199.98 W, 75
2026/08/10 18:57:07.057, 100 %, 24424 MiB, 199.98 W, 75
2026/08/10 18:58:07.074, 100 %, 24424 MiB, 199.96 W, 76
2026/08/10 18:59:07.103, 100 %, 24424 MiB, 199.75 W, 75
2026/08/10 19:00:07.120, 100 %, 24424 MiB, 200.08 W, 75
2026/08/10 19:01:07.141, 97 %, 24424 MiB, 199.97 W, 75
2026/08/10 19:02:07.163, 100 %, 24424 MiB, 200.04 W, 75
2026/08/10 19:03:07.179, 100 %, 24424 MiB, 199.95 W, 75
2026/08/10 19:04:07.202, 97 %, 24424 MiB, 199.97 W, 76
2026/08/10 19:05:07.225, 0 %, 24424 MiB, 27.62 W, 57
2026/08/10 19:06:07.236, 98 %, 24424 MiB, 200.01 W, 75
2026/08/10 19:07:07.255, 97 %, 24424 MiB, 199.97 W, 76
2026/08/10 19:08:07.280, 100 %, 24424 MiB, 200.05 W, 75
2026/08/10 19:09:07.305, 100 %, 24424 MiB, 199.95 W, 75
2026/08/10 19:10:07.324, 97 %, 24424 MiB, 200.04 W, 76
2026/08/10 19:11:07.342, 92 %, 24424 MiB, 199.87 W, 75
2026/08/10 19:12:07.362, 100 %, 24424 MiB, 199.59 W, 75
2026/08/10 19:13:07.379, 100 %, 24424 MiB, 200.27 W, 75
2026/08/10 19:14:07.405, 100 %, 24424 MiB, 200.01 W, 75
2026/08/10 19:15:07.424, 98 %, 24424 MiB, 199.96 W, 75
2026/08/10 19:16:07.436, 100 %, 24424 MiB, 199.73 W, 75
2026/08/10 19:17:07.452, 100 %, 24424 MiB, 199.66 W, 75
2026/08/10 19:18:07.468, 100 %, 24424 MiB, 200.14 W, 75
2026/08/10 19:19:07.487, 100 %, 24424 MiB, 200.11 W, 75
2026/08/10 19:20:07.512, 98 %, 24424 MiB, 199.97 W, 75
2026/08/10 19:21:07.535, 95 %, 24424 MiB, 200.16 W, 75
2026/08/10 19:22:07.554, 97 %, 24424 MiB, 199.99 W, 75
2026/08/10 19:23:07.574, 100 %, 24424 MiB, 200.02 W, 76
2026/08/10 19:24:07.602, 100 %, 24424 MiB, 200.09 W, 75
2026/08/10 19:25:07.622, 100 %, 24424 MiB, 199.98 W, 76
2026/08/10 19:26:07.642, 97 %, 24424 MiB, 199.64 W, 75
2026/08/10 19:27:07.661, 100 %, 24424 MiB, 200.09 W, 76
2026/08/10 19:28:07.679, 100 %, 24424 MiB, 199.97 W, 75
2026/08/10 19:29:07.705, 97 %, 24424 MiB, 200.00 W, 75
2026/08/10 19:30:07.722, 100 %, 24424 MiB, 199.97 W, 75
2026/08/10 19:31:07.742, 100 %, 24424 MiB, 200.01 W, 76
2026/08/10 19:32:07.761, 100 %, 24424 MiB, 200.07 W, 76
2026/08/10 19:33:07.779, 100 %, 24424 MiB, 199.94 W, 75
2026/08/10 19:34:07.809, 98 %, 24424 MiB, 199.62 W, 75
2026/08/10 19:35:07.829, 100 %, 24424 MiB, 200.28 W, 75
2026/08/10 19:36:07.850, 100 %, 24424 MiB, 200.36 W, 75
2026/08/10 19:37:07.870, 97 %, 24424 MiB, 200.46 W, 75
2026/08/10 19:38:07.904, 99 %, 24424 MiB, 199.96 W, 76
2026/08/10 19:39:07.925, 100 %, 24424 MiB, 200.03 W, 75
2026/08/10 19:40:07.946, 100 %, 24424 MiB, 199.99 W, 76
2026/08/10 19:41:07.966, 97 %, 24424 MiB, 199.70 W, 76
2026/08/10 19:42:07.985, 100 %, 24424 MiB, 200.34 W, 75
2026/08/10 19:43:08.015, 100 %, 24424 MiB, 199.98 W, 75
2026/08/10 19:44:08.032, 100 %, 24424 MiB, 200.38 W, 76
2026/08/10 19:45:08.049, 98 %, 24424 MiB, 199.94 W, 75
2026/08/10 19:46:08.063, 100 %, 24424 MiB, 199.97 W, 76
2026/08/10 19:47:08.084, 100 %, 24424 MiB, 200.06 W, 75
2026/08/10 19:48:08.109, 100 %, 24424 MiB, 200.15 W, 75
2026/08/10 19:49:08.130, 100 %, 24424 MiB, 200.31 W, 75
2026/08/10 19:50:08.149, 100 %, 24424 MiB, 200.35 W, 74
2026/08/10 19:51:08.169, 100 %, 24424 MiB, 199.96 W, 75
2026/08/10 19:52:08.193, 100 %, 24424 MiB, 199.98 W, 75
2026/08/10 19:53:08.217, 97 %, 24424 MiB, 199.97 W, 76
2026/08/10 19:54:08.235, 100 %, 24424 MiB, 200.03 W, 75
2026/08/10 19:55:08.252, 100 %, 24424 MiB, 199.95 W, 75
2026/08/10 19:56:08.269, 97 %, 24424 MiB, 199.61 W, 76
2026/08/10 19:57:08.288, 100 %, 24424 MiB, 199.98 W, 76
2026/08/10 19:58:08.313, 100 %, 24424 MiB, 199.73 W, 76
2026/08/10 19:59:08.328, 100 %, 24424 MiB, 200.10 W, 75
2026/08/10 20:00:08.346, 100 %, 24424 MiB, 199.89 W, 75
2026/08/10 20:01:08.362, 100 %, 24424 MiB, 199.59 W, 74
2026/08/10 20:02:08.381, 100 %, 24424 MiB, 199.96 W, 75
2026/08/10 20:03:08.404, 98 %, 24424 MiB, 199.99 W, 76
2026/08/10 20:04:08.424, 100 %, 24424 MiB, 199.79 W, 76
2026/08/10 20:05:08.448, 100 %, 24424 MiB, 200.21 W, 75
2026/08/10 20:06:08.464, 100 %, 24424 MiB, 200.29 W, 75
2026/08/10 20:07:08.483, 100 %, 24424 MiB, 199.77 W, 75
2026/08/10 20:08:08.512, 100 %, 24424 MiB, 200.13 W, 75
2026/08/10 20:09:08.529, 100 %, 24424 MiB, 199.60 W, 76
2026/08/10 20:10:08.548, 99 %, 24424 MiB, 200.48 W, 76
2026/08/10 20:11:08.567, 100 %, 24424 MiB, 199.82 W, 76
2026/08/10 20:12:08.585, 100 %, 24424 MiB, 200.33 W, 75
2026/08/10 20:13:08.607, 98 %, 24424 MiB, 199.89 W, 76
2026/08/10 20:14:08.621, 100 %, 24424 MiB, 199.99 W, 75
2026/08/10 20:15:08.640, 100 %, 24424 MiB, 199.95 W, 76
2026/08/10 20:16:08.660, 97 %, 24424 MiB, 199.97 W, 76
2026/08/10 20:17:08.678, 100 %, 24424 MiB, 200.14 W, 76
2026/08/10 20:18:08.706, 97 %, 24424 MiB, 199.99 W, 76
2026/08/10 20:19:08.720, 100 %, 24424 MiB, 199.75 W, 76
2026/08/10 20:20:08.740, 100 %, 24424 MiB, 200.17 W, 76
2026/08/10 20:21:08.759, 97 %, 24424 MiB, 199.98 W, 76
2026/08/10 20:22:08.778, 100 %, 24424 MiB, 199.89 W, 76
2026/08/10 20:23:08.803, 100 %, 24424 MiB, 200.17 W, 73
2026/08/10 20:24:08.823, 97 %, 24424 MiB, 200.01 W, 76
2026/08/10 20:25:08.841, 100 %, 24424 MiB, 199.80 W, 76
2026/08/10 20:26:08.857, 100 %, 24424 MiB, 199.99 W, 76
2026/08/10 20:27:08.875, 97 %, 24424 MiB, 199.97 W, 74
2026/08/10 20:28:08.900, 97 %, 24424 MiB, 199.95 W, 75
2026/08/10 20:29:08.924, 100 %, 24424 MiB, 199.95 W, 75
2026/08/10 20:30:08.948, 100 %, 24424 MiB, 199.72 W, 75
2026/08/10 20:31:09.042, 96 %, 24424 MiB, 199.57 W, 73
2026/08/10 20:32:09.060, 98 %, 24424 MiB, 199.98 W, 76
2026/08/10 20:33:09.077, 100 %, 24424 MiB, 200.05 W, 75
2026/08/10 20:34:09.103, 100 %, 24424 MiB, 200.25 W, 75
2026/08/10 20:35:09.122, 100 %, 24424 MiB, 200.06 W, 75
2026/08/10 20:36:09.141, 100 %, 24424 MiB, 199.97 W, 75
2026/08/10 20:37:09.160, 97 %, 24424 MiB, 199.74 W, 75
2026/08/10 20:38:09.181, 97 %, 24424 MiB, 199.81 W, 73
2026/08/10 20:39:09.207, 100 %, 24424 MiB, 200.09 W, 75
2026/08/10 20:40:09.227, 100 %, 24424 MiB, 199.93 W, 75
2026/08/10 20:41:09.243, 100 %, 24424 MiB, 199.96 W, 75
2026/08/10 20:42:09.265, 100 %, 24424 MiB, 199.88 W, 75
2026/08/10 20:43:09.281, 97 %, 24424 MiB, 199.60 W, 75
2026/08/10 20:44:09.305, 98 %, 24424 MiB, 199.70 W, 75
2026/08/10 20:45:09.322, 97 %, 24424 MiB, 199.68 W, 72
2026/08/10 20:46:09.341, 100 %, 24424 MiB, 199.95 W, 75
2026/08/10 20:47:09.360, 100 %, 24424 MiB, 200.11 W, 75
2026/08/10 20:48:09.380, 100 %, 24424 MiB, 199.96 W, 75
2026/08/10 20:49:09.405, 100 %, 24424 MiB, 200.10 W, 75
2026/08/10 20:50:09.424, 100 %, 24424 MiB, 200.33 W, 75
2026/08/10 20:51:09.444, 100 %, 24424 MiB, 200.00 W, 74
2026/08/10 20:52:09.459, 100 %, 24424 MiB, 200.46 W, 75
2026/08/10 20:53:09.479, 100 %, 24424 MiB, 200.16 W, 75
2026/08/10 20:54:09.501, 100 %, 24424 MiB, 199.95 W, 72
2026/08/10 20:55:09.522, 100 %, 24424 MiB, 199.94 W, 74
2026/08/10 20:56:09.541, 100 %, 24424 MiB, 199.92 W, 75
2026/08/10 20:57:09.561, 100 %, 24424 MiB, 200.04 W, 75
2026/08/10 20:58:09.576, 99 %, 24424 MiB, 199.91 W, 75
2026/08/10 20:59:09.598, 97 %, 24424 MiB, 199.83 W, 75
2026/08/10 21:00:09.616, 98 %, 24424 MiB, 199.98 W, 75
2026/08/10 21:01:09.636, 100 %, 24424 MiB, 200.00 W, 75
2026/08/10 21:02:09.656, 100 %, 24424 MiB, 200.43 W, 75
2026/08/10 21:03:09.678, 100 %, 24424 MiB, 199.98 W, 75
2026/08/10 21:04:09.707, 100 %, 24424 MiB, 200.37 W, 75
2026/08/10 21:05:09.728, 97 %, 24424 MiB, 199.98 W, 75
2026/08/10 21:06:09.748, 98 %, 24424 MiB, 199.99 W, 75
2026/08/10 21:07:09.767, 100 %, 24424 MiB, 199.81 W, 75
2026/08/10 21:08:09.786, 100 %, 24424 MiB, 199.99 W, 75
2026/08/10 21:09:09.811, 100 %, 24424 MiB, 200.28 W, 75
2026/08/10 21:10:09.830, 100 %, 24424 MiB, 199.99 W, 75
2026/08/10 21:11:09.849, 100 %, 24424 MiB, 200.47 W, 75
2026/08/10 21:12:09.869, 100 %, 24424 MiB, 199.92 W, 75
2026/08/10 21:13:09.889, 98 %, 24424 MiB, 200.00 W, 75
2026/08/10 21:14:09.917, 95 %, 24424 MiB, 199.85 W, 75
2026/08/10 21:15:09.935, 100 %, 24424 MiB, 200.18 W, 75
2026/08/10 21:16:09.951, 100 %, 24424 MiB, 200.00 W, 75
2026/08/10 21:17:09.971, 100 %, 24424 MiB, 200.27 W, 75
2026/08/10 21:18:09.990, 100 %, 24424 MiB, 199.75 W, 75
2026/08/10 21:19:10.012, 100 %, 24424 MiB, 199.99 W, 75
2026/08/10 21:20:10.031, 100 %, 24424 MiB, 199.91 W, 73
2026/08/10 21:21:10.052, 100 %, 24424 MiB, 199.79 W, 70
2026/08/10 21:22:10.070, 100 %, 24424 MiB, 199.64 W, 75
2026/08/10 21:23:10.083, 100 %, 24424 MiB, 200.03 W, 75
2026/08/10 21:24:10.108, 100 %, 24424 MiB, 199.94 W, 75
2026/08/10 21:25:10.123, 100 %, 24424 MiB, 200.25 W, 75
2026/08/10 21:26:10.140, 100 %, 24424 MiB, 199.73 W, 75
2026/08/10 21:27:10.153, 100 %, 24424 MiB, 199.99 W, 75
2026/08/10 21:28:10.170, 98 %, 24424 MiB, 199.99 W, 76
2026/08/10 21:29:10.185, 100 %, 24424 MiB, 200.18 W, 76
2026/08/10 21:30:10.213, 98 %, 24424 MiB, 199.97 W, 76
2026/08/10 21:31:10.229, 100 %, 24424 MiB, 199.72 W, 76
2026/08/10 21:32:10.249, 100 %, 24424 MiB, 199.60 W, 75
2026/08/10 21:33:10.269, 100 %, 24424 MiB, 200.07 W, 75
2026/08/10 21:34:10.284, 100 %, 24424 MiB, 200.13 W, 75
2026/08/10 21:35:10.311, 100 %, 24424 MiB, 199.98 W, 75
2026/08/10 21:36:10.329, 100 %, 24424 MiB, 199.94 W, 75
2026/08/10 21:37:10.349, 100 %, 24424 MiB, 199.98 W, 75
2026/08/10 21:38:10.370, 98 %, 24424 MiB, 200.00 W, 75
2026/08/10 21:39:10.393, 100 %, 24424 MiB, 200.02 W, 75
2026/08/10 21:40:10.417, 100 %, 24424 MiB, 200.02 W, 75
2026/08/10 21:41:10.437, 97 %, 24424 MiB, 199.74 W, 75
2026/08/10 21:42:10.457, 100 %, 24424 MiB, 200.04 W, 74
2026/08/10 21:43:10.479, 100 %, 24424 MiB, 199.97 W, 75
2026/08/10 21:44:10.504, 100 %, 24424 MiB, 200.01 W, 76
2026/08/10 21:45:10.524, 94 %, 24424 MiB, 199.57 W, 76
2026/08/10 21:46:10.545, 100 %, 24424 MiB, 199.95 W, 75
2026/08/10 21:47:10.563, 100 %, 24424 MiB, 199.98 W, 76
2026/08/10 21:48:10.582, 0 %, 24424 MiB, 27.67 W, 58
2026/08/10 21:49:10.605, 100 %, 24424 MiB, 200.33 W, 75
2026/08/10 21:50:10.625, 100 %, 24424 MiB, 200.42 W, 75
2026/08/10 21:51:10.643, 100 %, 24424 MiB, 199.95 W, 75
2026/08/10 21:52:10.664, 97 %, 24424 MiB, 199.71 W, 75
2026/08/10 21:53:10.685, 98 %, 24424 MiB, 199.74 W, 75
2026/08/10 21:54:10.713, 97 %, 24424 MiB, 200.00 W, 75
2026/08/10 21:55:10.733, 100 %, 24424 MiB, 200.11 W, 75
2026/08/10 21:56:10.753, 100 %, 24424 MiB, 200.02 W, 75
2026/08/10 21:57:10.771, 100 %, 24424 MiB, 200.00 W, 75
2026/08/10 21:58:10.790, 100 %, 24424 MiB, 200.13 W, 74
2026/08/10 21:59:10.815, 100 %, 24424 MiB, 199.96 W, 75
2026/08/10 22:00:10.832, 100 %, 24424 MiB, 199.95 W, 75
2026/08/10 22:01:10.847, 88 %, 24424 MiB, 198.78 W, 75
2026/08/10 22:02:10.861, 97 %, 24424 MiB, 199.61 W, 74
2026/08/10 22:03:10.883, 99 %, 24424 MiB, 200.02 W, 75
2026/08/10 22:04:10.906, 100 %, 24424 MiB, 200.27 W, 75
2026/08/10 22:05:10.925, 100 %, 24424 MiB, 199.95 W, 75
2026/08/10 22:06:10.940, 100 %, 24424 MiB, 199.96 W, 75
2026/08/10 22:07:10.960, 100 %, 24424 MiB, 199.97 W, 75
2026/08/10 22:08:10.979, 97 %, 24424 MiB, 199.77 W, 75
2026/08/10 22:09:11.006, 97 %, 24424 MiB, 199.72 W, 75
2026/08/10 22:10:11.025, 97 %, 24424 MiB, 199.98 W, 75
2026/08/10 22:11:11.045, 100 %, 24424 MiB, 200.00 W, 75
2026/08/10 22:12:11.065, 100 %, 24424 MiB, 200.32 W, 75
2026/08/10 22:13:11.084, 100 %, 24424 MiB, 200.28 W, 75
2026/08/10 22:14:11.114, 100 %, 24424 MiB, 199.99 W, 75
2026/08/10 22:15:11.135, 99 %, 24424 MiB, 200.00 W, 75
2026/08/10 22:16:11.154, 100 %, 24424 MiB, 200.00 W, 73
2026/08/10 22:17:11.172, 100 %, 24424 MiB, 200.04 W, 75
2026/08/10 22:18:11.188, 98 %, 24424 MiB, 199.96 W, 75
2026/08/10 22:19:11.212, 100 %, 24424 MiB, 199.98 W, 75
2026/08/10 22:20:11.229, 94 %, 24424 MiB, 199.94 W, 75
2026/08/10 22:21:11.244, 100 %, 24424 MiB, 199.82 W, 75
2026/08/10 22:22:11.265, 100 %, 24424 MiB, 199.83 W, 75
2026/08/10 22:23:11.284, 100 %, 24424 MiB, 199.59 W, 75
2026/08/10 22:24:11.312, 100 %, 24424 MiB, 200.33 W, 74
2026/08/10 22:25:11.335, 100 %, 24424 MiB, 200.20 W, 75
2026/08/10 22:26:11.356, 100 %, 24424 MiB, 199.99 W, 75
2026/08/10 22:27:11.377, 98 %, 24424 MiB, 199.99 W, 75
2026/08/10 22:28:11.404, 100 %, 24424 MiB, 199.96 W, 75
2026/08/10 22:29:11.420, 100 %, 24424 MiB, 199.99 W, 74
2026/08/10 22:30:11.437, 98 %, 24424 MiB, 199.98 W, 75
2026/08/10 22:31:11.454, 97 %, 24424 MiB, 199.95 W, 75
2026/08/10 22:32:11.474, 98 %, 24424 MiB, 199.97 W, 75
2026/08/10 22:33:11.503, 94 %, 24424 MiB, 199.82 W, 75
2026/08/10 22:34:11.521, 100 %, 24424 MiB, 199.64 W, 74
2026/08/10 22:35:11.536, 100 %, 24424 MiB, 200.01 W, 75
2026/08/10 22:36:11.552, 100 %, 24424 MiB, 200.22 W, 75
2026/08/10 22:37:11.570, 100 %, 24424 MiB, 200.39 W, 74
2026/08/10 22:38:11.590, 100 %, 24424 MiB, 199.97 W, 75
2026/08/10 22:39:11.612, 100 %, 24424 MiB, 199.95 W, 75
2026/08/10 22:40:11.633, 100 %, 24424 MiB, 199.71 W, 75
2026/08/10 22:41:11.648, 100 %, 24424 MiB, 199.98 W, 73
2026/08/10 22:42:11.666, 100 %, 24424 MiB, 200.18 W, 76
2026/08/10 22:43:11.685, 100 %, 24424 MiB, 199.98 W, 73
2026/08/10 22:44:11.717, 100 %, 24424 MiB, 199.98 W, 75
2026/08/10 22:45:11.736, 100 %, 24424 MiB, 200.39 W, 74
2026/08/10 22:46:11.754, 97 %, 24424 MiB, 199.99 W, 75
2026/08/10 22:47:11.772, 97 %, 24424 MiB, 200.02 W, 75
2026/08/10 22:48:11.788, 100 %, 24424 MiB, 199.63 W, 75
2026/08/10 22:49:11.813, 100 %, 24424 MiB, 200.04 W, 75
2026/08/10 22:50:11.827, 100 %, 24424 MiB, 200.30 W, 75
2026/08/10 22:51:11.848, 100 %, 24424 MiB, 199.95 W, 75
2026/08/10 22:52:11.867, 94 %, 24424 MiB, 199.96 W, 75
2026/08/10 22:53:11.887, 98 %, 24424 MiB, 199.97 W, 75
2026/08/10 22:54:11.911, 98 %, 24424 MiB, 199.97 W, 76
2026/08/10 22:55:11.930, 98 %, 24424 MiB, 199.92 W, 76
2026/08/10 22:56:11.963, 98 %, 24424 MiB, 199.83 W, 75
2026/08/10 22:57:11.982, 97 %, 24424 MiB, 199.69 W, 75
2026/08/10 22:58:12.010, 97 %, 24424 MiB, 199.45 W, 74
2026/08/10 22:59:12.029, 100 %, 24424 MiB, 200.29 W, 75
2026/08/10 23:00:12.050, 100 %, 24424 MiB, 200.39 W, 75
2026/08/10 23:01:12.068, 100 %, 24424 MiB, 200.08 W, 75
2026/08/10 23:02:12.086, 100 %, 24424 MiB, 199.99 W, 75
2026/08/10 23:03:12.111, 97 %, 24424 MiB, 199.75 W, 75
2026/08/10 23:04:12.130, 99 %, 24424 MiB, 200.01 W, 75
2026/08/10 23:05:12.151, 100 %, 24424 MiB, 200.05 W, 75
2026/08/10 23:06:12.171, 100 %, 24424 MiB, 199.96 W, 75
2026/08/10 23:07:12.190, 100 %, 24424 MiB, 199.95 W, 75
2026/08/10 23:08:12.218, 97 %, 24424 MiB, 199.89 W, 76
2026/08/10 23:09:12.238, 97 %, 24424 MiB, 199.59 W, 75
2026/08/10 23:10:12.258, 100 %, 24424 MiB, 200.02 W, 73
2026/08/10 23:11:12.276, 100 %, 24424 MiB, 199.98 W, 75
2026/08/10 23:12:12.292, 97 %, 24424 MiB, 199.91 W, 75
2026/08/10 23:13:12.313, 95 %, 24424 MiB, 199.61 W, 75
2026/08/10 23:14:12.325, 100 %, 24424 MiB, 199.97 W, 75
2026/08/10 23:15:12.338, 100 %, 24424 MiB, 200.27 W, 74
2026/08/10 23:16:12.354, 100 %, 24424 MiB, 199.97 W, 75
2026/08/10 23:17:12.368, 100 %, 24424 MiB, 200.01 W, 76
2026/08/10 23:18:12.387, 100 %, 24424 MiB, 199.97 W, 75
2026/08/10 23:19:12.410, 100 %, 24424 MiB, 200.04 W, 75
2026/08/10 23:20:12.430, 96 %, 24424 MiB, 199.85 W, 76
2026/08/10 23:21:12.450, 100 %, 24424 MiB, 200.22 W, 75
2026/08/10 23:22:12.468, 100 %, 24424 MiB, 200.00 W, 76
2026/08/10 23:23:12.482, 98 %, 24424 MiB, 199.73 W, 75
2026/08/10 23:24:12.505, 100 %, 24424 MiB, 200.42 W, 75
2026/08/10 23:25:12.518, 100 %, 24424 MiB, 199.98 W, 75
2026/08/10 23:26:12.533, 100 %, 24424 MiB, 200.61 W, 73
2026/08/10 23:27:12.547, 100 %, 24424 MiB, 200.03 W, 76
2026/08/10 23:28:12.566, 100 %, 24424 MiB, 200.01 W, 75
2026/08/10 23:29:12.578, 98 %, 24424 MiB, 199.73 W, 74
2026/08/10 23:30:12.593, 100 %, 24424 MiB, 200.00 W, 75
2026/08/10 23:31:12.611, 97 %, 24424 MiB, 199.85 W, 75
2026/08/10 23:32:12.630, 97 %, 24424 MiB, 199.55 W, 74
2026/08/10 23:33:12.648, 100 %, 24424 MiB, 199.65 W, 75
2026/08/10 23:34:12.664, 100 %, 24424 MiB, 200.00 W, 76
2026/08/10 23:35:12.682, 100 %, 24424 MiB, 199.98 W, 75
2026/08/10 23:36:12.711, 98 %, 24424 MiB, 200.05 W, 75
2026/08/10 23:37:12.725, 100 %, 24424 MiB, 200.03 W, 72
2026/08/10 23:38:12.741, 97 %, 24424 MiB, 200.00 W, 74
2026/08/10 23:39:12.754, 100 %, 24424 MiB, 199.88 W, 75
2026/08/10 23:40:12.768, 100 %, 24424 MiB, 199.99 W, 75
2026/08/10 23:41:12.787, 100 %, 24424 MiB, 200.04 W, 75
2026/08/10 23:42:12.811, 100 %, 24424 MiB, 200.41 W, 75
2026/08/10 23:43:12.826, 96 %, 24424 MiB, 199.96 W, 75
2026/08/10 23:44:12.841, 100 %, 24424 MiB, 199.84 W, 75
2026/08/10 23:45:12.855, 100 %, 24424 MiB, 199.61 W, 75
2026/08/10 23:46:12.869, 100 %, 24424 MiB, 200.34 W, 75
2026/08/10 23:47:12.883, 95 %, 24424 MiB, 199.95 W, 75
2026/08/10 23:48:12.905, 100 %, 24424 MiB, 200.31 W, 73
2026/08/10 23:49:12.921, 100 %, 24424 MiB, 200.06 W, 75
2026/08/10 23:50:12.937, 92 %, 24424 MiB, 199.93 W, 76
2026/08/10 23:51:12.952, 100 %, 24424 MiB, 199.87 W, 76
2026/08/10 23:52:12.964, 100 %, 24424 MiB, 200.33 W, 75
2026/08/10 23:53:12.976, 92 %, 24424 MiB, 199.87 W, 75
2026/08/10 23:54:12.988, 100 %, 24424 MiB, 200.09 W, 75
2026/08/10 23:55:13.011, 94 %, 24424 MiB, 199.95 W, 76
2026/08/10 23:56:13.025, 100 %, 24424 MiB, 199.92 W, 75
2026/08/10 23:57:13.036, 100 %, 24424 MiB, 200.06 W, 76
2026/08/10 23:58:13.047, 100 %, 24424 MiB, 200.00 W, 75
2026/08/10 23:59:13.062, 97 %, 24424 MiB, 199.96 W, 75
2026/08/11 00:00:13.074, 100 %, 24424 MiB, 200.01 W, 75
2026/08/11 00:01:13.085, 100 %, 24424 MiB, 199.98 W, 75
2026/08/11 00:02:13.107, 94 %, 24424 MiB, 200.03 W, 75
2026/08/11 00:03:13.122, 100 %, 24424 MiB, 200.15 W, 75
2026/08/11 00:04:13.135, 100 %, 24424 MiB, 199.96 W, 70
2026/08/11 00:05:13.150, 100 %, 24424 MiB, 199.93 W, 75
2026/08/11 00:06:13.161, 100 %, 24424 MiB, 199.97 W, 76
2026/08/11 00:07:13.172, 100 %, 24424 MiB, 200.25 W, 76
2026/08/11 00:08:13.183, 100 %, 24424 MiB, 199.96 W, 76
2026/08/11 00:09:13.202, 100 %, 24424 MiB, 200.09 W, 75
2026/08/11 00:10:13.211, 98 %, 24424 MiB, 199.96 W, 75
2026/08/11 00:11:13.223, 97 %, 24424 MiB, 200.00 W, 75
2026/08/11 00:12:13.234, 100 %, 24424 MiB, 200.06 W, 75
2026/08/11 00:13:13.245, 95 %, 24424 MiB, 199.96 W, 75
2026/08/11 00:14:13.255, 100 %, 24424 MiB, 199.16 W, 75
2026/08/11 00:15:13.265, 100 %, 24424 MiB, 200.01 W, 73
2026/08/11 00:16:13.275, 97 %, 24424 MiB, 199.91 W, 75
2026/08/11 00:17:13.309, 97 %, 24424 MiB, 199.98 W, 75
2026/08/11 00:18:13.317, 100 %, 24424 MiB, 199.80 W, 75
2026/08/11 00:19:13.328, 100 %, 24424 MiB, 200.01 W, 75
2026/08/11 00:20:13.338, 97 %, 24424 MiB, 199.95 W, 74
2026/08/11 00:21:13.347, 96 %, 24424 MiB, 199.97 W, 75
2026/08/11 00:22:13.355, 100 %, 24424 MiB, 199.97 W, 75
2026/08/11 00:23:13.364, 100 %, 24424 MiB, 200.01 W, 75
2026/08/11 00:24:13.374, 0 %, 24424 MiB, 27.28 W, 56
2026/08/11 00:25:13.382, 100 %, 24424 MiB, 199.90 W, 74
2026/08/11 00:26:13.389, 97 %, 24424 MiB, 199.94 W, 75
2026/08/11 00:27:13.407, 100 %, 24424 MiB, 200.00 W, 75
2026/08/11 00:28:13.417, 100 %, 24424 MiB, 199.97 W, 75
2026/08/11 00:29:13.426, 100 %, 24424 MiB, 199.80 W, 75
2026/08/11 00:30:13.435, 97 %, 24424 MiB, 200.05 W, 75
2026/08/11 00:31:13.444, 93 %, 24424 MiB, 199.97 W, 75
2026/08/11 00:32:13.454, 97 %, 24424 MiB, 199.98 W, 75
2026/08/11 00:33:13.463, 100 %, 24424 MiB, 200.02 W, 75
2026/08/11 00:34:13.470, 100 %, 24424 MiB, 199.97 W, 75
2026/08/11 00:35:13.479, 100 %, 24424 MiB, 200.11 W, 75
2026/08/11 00:36:13.488, 100 %, 24424 MiB, 199.96 W, 75
2026/08/11 00:37:13.506, 100 %, 24424 MiB, 199.76 W, 75
2026/08/11 00:38:13.515, 100 %, 24424 MiB, 200.01 W, 75
2026/08/11 00:39:13.525, 98 %, 24424 MiB, 199.96 W, 75
2026/08/11 00:40:13.533, 98 %, 24424 MiB, 199.96 W, 75
2026/08/11 00:41:13.541, 97 %, 24424 MiB, 200.02 W, 75
2026/08/11 00:42:13.551, 100 %, 24424 MiB, 200.35 W, 76
2026/08/11 00:43:13.559, 98 %, 24424 MiB, 200.00 W, 75
2026/08/11 00:44:13.568, 100 %, 24424 MiB, 199.68 W, 75
2026/08/11 00:45:13.577, 96 %, 24424 MiB, 199.98 W, 75
2026/08/11 00:46:13.585, 100 %, 24424 MiB, 199.82 W, 75
2026/08/11 00:47:13.601, 100 %, 24424 MiB, 200.02 W, 75
2026/08/11 00:48:13.609, 100 %, 24424 MiB, 200.43 W, 74
2026/08/11 00:49:13.618, 98 %, 24424 MiB, 199.98 W, 74
2026/08/11 00:50:13.626, 98 %, 24424 MiB, 199.98 W, 75
2026/08/11 00:51:13.634, 100 %, 24424 MiB, 200.05 W, 74
2026/08/11 00:52:13.642, 100 %, 24424 MiB, 200.17 W, 74
2026/08/11 00:53:13.649, 100 %, 24424 MiB, 199.97 W, 75
2026/08/11 00:54:13.657, 97 %, 24424 MiB, 199.99 W, 74
2026/08/11 00:55:13.665, 100 %, 24424 MiB, 199.62 W, 74
2026/08/11 00:56:13.674, 98 %, 24424 MiB, 200.48 W, 75
2026/08/11 00:57:13.683, 98 %, 24424 MiB, 200.01 W, 74
2026/08/11 00:58:13.691, 97 %, 24424 MiB, 199.94 W, 75
2026/08/11 00:59:13.706, 100 %, 24424 MiB, 200.10 W, 72
2026/08/11 01:00:13.716, 100 %, 24424 MiB, 199.66 W, 74
2026/08/11 01:01:13.724, 100 %, 24424 MiB, 200.22 W, 74
2026/08/11 01:02:13.732, 96 %, 24424 MiB, 200.19 W, 75
2026/08/11 01:03:13.741, 100 %, 24424 MiB, 199.92 W, 75
2026/08/11 01:04:13.750, 100 %, 24424 MiB, 199.98 W, 74
2026/08/11 01:05:13.765, 100 %, 24424 MiB, 200.02 W, 74
2026/08/11 01:06:13.773, 97 %, 24424 MiB, 199.99 W, 75
2026/08/11 01:07:13.780, 100 %, 24424 MiB, 199.70 W, 75
2026/08/11 01:08:13.789, 100 %, 24424 MiB, 200.32 W, 75
2026/08/11 01:09:13.805, 98 %, 24424 MiB, 199.98 W, 75
2026/08/11 01:10:13.812, 98 %, 24424 MiB, 200.93 W, 75
2026/08/11 01:11:13.821, 97 %, 24424 MiB, 200.03 W, 74
2026/08/11 01:12:13.830, 100 %, 24424 MiB, 200.03 W, 75
2026/08/11 01:13:13.839, 100 %, 24424 MiB, 199.96 W, 75
2026/08/11 01:14:13.848, 98 %, 24424 MiB, 199.91 W, 75
2026/08/11 01:15:13.855, 100 %, 24424 MiB, 199.94 W, 75
2026/08/11 01:16:13.863, 100 %, 24424 MiB, 199.95 W, 75
2026/08/11 01:17:13.872, 100 %, 24424 MiB, 200.23 W, 75
2026/08/11 01:18:13.879, 100 %, 24424 MiB, 200.44 W, 74
2026/08/11 01:19:13.888, 100 %, 24424 MiB, 200.06 W, 75
2026/08/11 01:20:13.904, 100 %, 24424 MiB, 200.16 W, 75
2026/08/11 01:21:13.912, 100 %, 24424 MiB, 199.94 W, 75
2026/08/11 01:22:13.919, 100 %, 24424 MiB, 199.99 W, 75
2026/08/11 01:23:13.926, 100 %, 24424 MiB, 200.07 W, 75
2026/08/11 01:24:13.934, 95 %, 24424 MiB, 199.37 W, 74
2026/08/11 01:25:13.942, 100 %, 24424 MiB, 200.00 W, 75
2026/08/11 01:26:13.950, 100 %, 24424 MiB, 199.93 W, 72
2026/08/11 01:27:13.958, 100 %, 24424 MiB, 199.99 W, 74
2026/08/11 01:28:13.966, 100 %, 24424 MiB, 199.79 W, 75
2026/08/11 01:29:13.974, 98 %, 24424 MiB, 199.67 W, 75
2026/08/11 01:30:13.983, 100 %, 24424 MiB, 200.04 W, 74
2026/08/11 01:31:13.991, 100 %, 24424 MiB, 200.00 W, 75
2026/08/11 01:32:14.007, 97 %, 24424 MiB, 199.88 W, 75
2026/08/11 01:33:14.016, 100 %, 24424 MiB, 200.05 W, 74
2026/08/11 01:34:14.023, 100 %, 24424 MiB, 200.46 W, 75
2026/08/11 01:35:14.030, 97 %, 24424 MiB, 199.62 W, 75
2026/08/11 01:36:14.038, 100 %, 24424 MiB, 200.73 W, 74
2026/08/11 01:37:14.046, 100 %, 24424 MiB, 199.94 W, 74
2026/08/11 01:38:14.053, 100 %, 24424 MiB, 200.05 W, 74
2026/08/11 01:39:14.060, 100 %, 24424 MiB, 200.42 W, 75
2026/08/11 01:40:14.068, 100 %, 24424 MiB, 199.96 W, 74
2026/08/11 01:41:14.075, 100 %, 24424 MiB, 199.97 W, 74
2026/08/11 01:42:14.083, 100 %, 24424 MiB, 200.00 W, 74
2026/08/11 01:43:14.091, 100 %, 24424 MiB, 199.95 W, 74
2026/08/11 01:44:14.106, 100 %, 24424 MiB, 200.16 W, 75
2026/08/11 01:45:14.113, 97 %, 24424 MiB, 200.47 W, 75
2026/08/11 01:46:14.121, 98 %, 24424 MiB, 199.69 W, 75
2026/08/11 01:47:14.128, 100 %, 24424 MiB, 200.40 W, 75
2026/08/11 01:48:14.136, 100 %, 24424 MiB, 200.07 W, 75
2026/08/11 01:49:14.144, 97 %, 24424 MiB, 199.91 W, 75
2026/08/11 01:50:14.151, 96 %, 24424 MiB, 199.38 W, 75
2026/08/11 01:51:14.158, 97 %, 24424 MiB, 199.74 W, 75
2026/08/11 01:52:14.165, 100 %, 24424 MiB, 200.15 W, 74
2026/08/11 01:53:14.173, 100 %, 24424 MiB, 200.45 W, 69
2026/08/11 01:54:14.180, 100 %, 24424 MiB, 199.99 W, 74
2026/08/11 01:55:14.187, 100 %, 24424 MiB, 200.19 W, 75
2026/08/11 01:56:14.201, 100 %, 24424 MiB, 199.90 W, 74
2026/08/11 01:57:14.208, 100 %, 24424 MiB, 199.95 W, 75
2026/08/11 01:58:14.216, 98 %, 24424 MiB, 199.70 W, 75
2026/08/11 01:59:14.223, 98 %, 24424 MiB, 199.94 W, 74
2026/08/11 02:00:14.230, 97 %, 24424 MiB, 199.74 W, 75
2026/08/11 02:01:14.238, 100 %, 24424 MiB, 200.14 W, 74
2026/08/11 02:02:14.246, 100 %, 24424 MiB, 199.92 W, 75
2026/08/11 02:03:14.255, 100 %, 24424 MiB, 200.03 W, 75
2026/08/11 02:04:14.261, 100 %, 24424 MiB, 200.00 W, 75
2026/08/11 02:05:14.269, 100 %, 24424 MiB, 199.99 W, 74
2026/08/11 02:06:14.279, 100 %, 24424 MiB, 199.97 W, 75
2026/08/11 02:07:14.287, 94 %, 24424 MiB, 199.41 W, 75
2026/08/11 02:08:14.301, 100 %, 24424 MiB, 200.18 W, 75
2026/08/11 02:09:14.317, 100 %, 24424 MiB, 199.94 W, 74
2026/08/11 02:10:14.324, 100 %, 24424 MiB, 200.02 W, 75
2026/08/11 02:11:14.332, 100 %, 24424 MiB, 200.04 W, 74
2026/08/11 02:12:14.339, 100 %, 24424 MiB, 200.01 W, 75
2026/08/11 02:13:14.347, 97 %, 24424 MiB, 199.90 W, 75
2026/08/11 02:14:14.353, 95 %, 24424 MiB, 199.59 W, 75
2026/08/11 02:15:14.362, 100 %, 24424 MiB, 199.92 W, 75
2026/08/11 02:16:14.370, 100 %, 24424 MiB, 199.71 W, 75
2026/08/11 02:17:14.377, 100 %, 24424 MiB, 199.88 W, 75
2026/08/11 02:18:14.385, 100 %, 24424 MiB, 200.00 W, 75
2026/08/11 02:19:14.393, 100 %, 24424 MiB, 199.98 W, 75
2026/08/11 02:20:14.406, 0 %, 24424 MiB, 27.57 W, 57
2026/08/11 02:21:14.413, 100 %, 24424 MiB, 199.97 W, 74
2026/08/11 02:22:14.420, 100 %, 24424 MiB, 200.18 W, 74
2026/08/11 02:23:14.427, 98 %, 24424 MiB, 199.83 W, 75
2026/08/11 02:24:14.434, 98 %, 24424 MiB, 199.98 W, 74
2026/08/11 02:25:14.441, 100 %, 24424 MiB, 200.43 W, 74
2026/08/11 02:26:14.449, 100 %, 24424 MiB, 199.98 W, 75
2026/08/11 02:27:14.455, 97 %, 24424 MiB, 199.80 W, 75
2026/08/11 02:28:14.463, 97 %, 24424 MiB, 199.99 W, 74
2026/08/11 02:29:14.470, 100 %, 24424 MiB, 200.39 W, 75
2026/08/11 02:30:14.476, 100 %, 24424 MiB, 199.96 W, 75
2026/08/11 02:31:14.483, 98 %, 24424 MiB, 199.92 W, 75
2026/08/11 02:32:14.491, 100 %, 24424 MiB, 200.02 W, 75
2026/08/11 02:33:14.507, 99 %, 24424 MiB, 200.65 W, 75
2026/08/11 02:34:14.514, 98 %, 24424 MiB, 199.76 W, 75
2026/08/11 02:35:14.521, 97 %, 24424 MiB, 199.98 W, 75
2026/08/11 02:36:14.528, 100 %, 24424 MiB, 200.02 W, 74
2026/08/11 02:37:14.535, 100 %, 24424 MiB, 200.45 W, 75
2026/08/11 02:38:14.542, 100 %, 24424 MiB, 200.43 W, 75
2026/08/11 02:39:14.550, 95 %, 24424 MiB, 199.87 W, 75
2026/08/11 02:40:14.557, 100 %, 24424 MiB, 200.00 W, 74
2026/08/11 02:41:14.564, 100 %, 24424 MiB, 200.04 W, 75
2026/08/11 02:42:14.572, 100 %, 24424 MiB, 199.99 W, 74
2026/08/11 02:43:14.580, 97 %, 24424 MiB, 199.91 W, 75
2026/08/11 02:44:14.587, 100 %, 24424 MiB, 199.94 W, 74
2026/08/11 02:45:14.603, 100 %, 24424 MiB, 199.96 W, 75
2026/08/11 02:46:14.615, 100 %, 24424 MiB, 200.01 W, 75
2026/08/11 02:47:14.622, 99 %, 24424 MiB, 199.99 W, 75
2026/08/11 02:48:14.629, 100 %, 24424 MiB, 200.35 W, 74
2026/08/11 02:49:14.635, 100 %, 24424 MiB, 199.97 W, 74
2026/08/11 02:50:14.643, 100 %, 24424 MiB, 199.98 W, 75
2026/08/11 02:51:14.651, 97 %, 24424 MiB, 199.80 W, 75
2026/08/11 02:52:14.659, 100 %, 24424 MiB, 200.11 W, 75
2026/08/11 02:53:14.666, 100 %, 24424 MiB, 200.01 W, 75
2026/08/11 02:54:14.673, 100 %, 24424 MiB, 199.95 W, 75
2026/08/11 02:55:14.679, 97 %, 24424 MiB, 199.58 W, 75
2026/08/11 02:56:14.686, 100 %, 24424 MiB, 200.31 W, 75
2026/08/11 02:57:14.694, 100 %, 24424 MiB, 199.98 W, 74
2026/08/11 02:58:14.705, 100 %, 24424 MiB, 199.97 W, 75
2026/08/11 02:59:14.712, 97 %, 24424 MiB, 199.81 W, 75
2026/08/11 03:00:14.720, 95 %, 24424 MiB, 199.15 W, 73
2026/08/11 03:01:14.726, 98 %, 24424 MiB, 199.80 W, 75
2026/08/11 03:02:14.734, 100 %, 24424 MiB, 200.11 W, 74
2026/08/11 03:03:14.742, 100 %, 24424 MiB, 199.96 W, 75
2026/08/11 03:04:14.748, 100 %, 24424 MiB, 200.00 W, 75
2026/08/11 03:05:14.755, 100 %, 24424 MiB, 200.01 W, 74
2026/08/11 03:06:14.763, 100 %, 24424 MiB, 199.96 W, 75
2026/08/11 03:07:14.770, 100 %, 24424 MiB, 199.96 W, 74
2026/08/11 03:08:14.777, 94 %, 24424 MiB, 199.72 W, 75
2026/08/11 03:09:14.786, 100 %, 24424 MiB, 200.00 W, 74
2026/08/11 03:10:14.793, 100 %, 24424 MiB, 199.99 W, 75
2026/08/11 03:11:14.806, 100 %, 24424 MiB, 199.58 W, 74
2026/08/11 03:12:14.814, 100 %, 24424 MiB, 200.15 W, 74
2026/08/11 03:13:14.822, 100 %, 24424 MiB, 199.96 W, 75
2026/08/11 03:14:14.831, 100 %, 24424 MiB, 199.97 W, 74
2026/08/11 03:15:14.838, 100 %, 24424 MiB, 200.02 W, 73
2026/08/11 03:16:14.846, 98 %, 24424 MiB, 199.68 W, 75
2026/08/11 03:17:14.854, 100 %, 24424 MiB, 200.05 W, 74
2026/08/11 03:18:14.862, 100 %, 24424 MiB, 200.30 W, 74
2026/08/11 03:19:14.870, 100 %, 24424 MiB, 199.95 W, 74
2026/08/11 03:20:14.877, 100 %, 24424 MiB, 199.99 W, 74
2026/08/11 03:21:14.885, 98 %, 24424 MiB, 199.80 W, 75
2026/08/11 03:22:14.893, 96 %, 24424 MiB, 199.89 W, 75
2026/08/11 03:23:14.906, 100 %, 24424 MiB, 200.01 W, 75
2026/08/11 03:24:14.913, 98 %, 24424 MiB, 199.66 W, 75
2026/08/11 03:25:14.920, 93 %, 24424 MiB, 199.17 W, 75
2026/08/11 03:26:14.927, 97 %, 24424 MiB, 199.56 W, 75
2026/08/11 03:27:14.935, 100 %, 24424 MiB, 200.01 W, 74
2026/08/11 03:28:14.942, 100 %, 24424 MiB, 200.01 W, 74
2026/08/11 03:29:14.949, 100 %, 24424 MiB, 200.00 W, 75
2026/08/11 03:30:14.956, 100 %, 24424 MiB, 200.08 W, 75
2026/08/11 03:31:14.963, 100 %, 24424 MiB, 199.96 W, 75
2026/08/11 03:32:14.970, 100 %, 24424 MiB, 200.01 W, 75
2026/08/11 03:33:14.978, 96 %, 24424 MiB, 199.87 W, 75
2026/08/11 03:34:14.986, 100 %, 24424 MiB, 200.10 W, 74
2026/08/11 03:35:15.004, 100 %, 24424 MiB, 199.96 W, 75
2026/08/11 03:36:15.011, 100 %, 24424 MiB, 199.96 W, 75
2026/08/11 03:37:15.018, 100 %, 24424 MiB, 199.99 W, 75
2026/08/11 03:38:15.025, 100 %, 24424 MiB, 199.99 W, 75
2026/08/11 03:39:15.031, 98 %, 24424 MiB, 199.74 W, 75
2026/08/11 03:40:15.037, 96 %, 24424 MiB, 199.38 W, 75
2026/08/11 03:41:15.045, 100 %, 24424 MiB, 200.22 W, 75
2026/08/11 03:42:15.053, 100 %, 24424 MiB, 199.96 W, 72
2026/08/11 03:43:15.060, 98 %, 24424 MiB, 199.72 W, 75
2026/08/11 03:44:15.066, 98 %, 24424 MiB, 200.00 W, 74
2026/08/11 03:45:15.073, 98 %, 24424 MiB, 199.77 W, 74
2026/08/11 03:46:15.081, 100 %, 24424 MiB, 200.02 W, 75
2026/08/11 03:47:15.089, 100 %, 24424 MiB, 199.97 W, 74
2026/08/11 03:48:15.105, 100 %, 24424 MiB, 199.93 W, 75
2026/08/11 03:49:15.111, 100 %, 24424 MiB, 199.98 W, 75
2026/08/11 03:50:15.118, 100 %, 24424 MiB, 200.02 W, 74
2026/08/11 03:51:15.126, 100 %, 24424 MiB, 199.99 W, 74
2026/08/11 03:52:15.132, 100 %, 24424 MiB, 200.10 W, 75
2026/08/11 03:53:15.140, 100 %, 24424 MiB, 199.98 W, 75
2026/08/11 03:54:15.147, 97 %, 24424 MiB, 199.75 W, 75
2026/08/11 03:55:15.156, 97 %, 24424 MiB, 199.98 W, 74
2026/08/11 03:56:15.164, 100 %, 24424 MiB, 199.98 W, 74
2026/08/11 03:57:15.171, 100 %, 24424 MiB, 199.96 W, 75
2026/08/11 03:58:15.178, 97 %, 24424 MiB, 199.93 W, 75
2026/08/11 03:59:15.185, 100 %, 24424 MiB, 200.04 W, 75
2026/08/11 04:00:15.201, 100 %, 24424 MiB, 199.99 W, 75
2026/08/11 04:01:15.209, 97 %, 24424 MiB, 199.99 W, 75
2026/08/11 04:02:15.216, 97 %, 24424 MiB, 199.81 W, 75
2026/08/11 04:03:15.224, 100 %, 24424 MiB, 200.08 W, 75
2026/08/11 04:04:15.231, 98 %, 24424 MiB, 199.70 W, 75
2026/08/11 04:05:15.239, 100 %, 24424 MiB, 200.01 W, 74
2026/08/11 04:06:15.246, 100 %, 24424 MiB, 200.24 W, 75
2026/08/11 04:07:15.253, 97 %, 24424 MiB, 199.83 W, 75
2026/08/11 04:08:15.261, 98 %, 24424 MiB, 199.84 W, 72
2026/08/11 04:09:15.270, 100 %, 24424 MiB, 200.03 W, 71
2026/08/11 04:10:15.278, 100 %, 24424 MiB, 200.14 W, 74
2026/08/11 04:11:15.286, 100 %, 24424 MiB, 199.97 W, 74
2026/08/11 04:12:15.301, 95 %, 24424 MiB, 199.73 W, 75
2026/08/11 04:13:15.310, 97 %, 24424 MiB, 199.65 W, 74
2026/08/11 04:14:15.317, 100 %, 24424 MiB, 200.02 W, 74
2026/08/11 04:15:15.325, 100 %, 24424 MiB, 200.59 W, 74
2026/08/11 04:16:15.332, 100 %, 24424 MiB, 199.98 W, 75
2026/08/11 04:17:15.339, 97 %, 24424 MiB, 199.99 W, 75
2026/08/11 04:18:15.347, 97 %, 24424 MiB, 199.93 W, 74
2026/08/11 04:19:15.354, 100 %, 24424 MiB, 200.07 W, 75
2026/08/11 04:20:15.360, 100 %, 24424 MiB, 199.95 W, 75
2026/08/11 04:21:15.367, 100 %, 24424 MiB, 200.03 W, 75
2026/08/11 04:22:15.375, 100 %, 24424 MiB, 200.02 W, 75
2026/08/11 04:23:15.382, 100 %, 24424 MiB, 199.96 W, 75
2026/08/11 04:24:15.390, 97 %, 24424 MiB, 199.75 W, 75
2026/08/11 04:25:15.405, 98 %, 24424 MiB, 199.59 W, 75
2026/08/11 04:26:15.412, 100 %, 24424 MiB, 200.22 W, 74
2026/08/11 04:27:15.419, 100 %, 24424 MiB, 199.96 W, 75
2026/08/11 04:28:15.426, 100 %, 24424 MiB, 199.91 W, 75
2026/08/11 04:29:15.434, 100 %, 24424 MiB, 200.03 W, 75
2026/08/11 04:30:15.441, 100 %, 24424 MiB, 199.93 W, 74
2026/08/11 04:31:15.448, 100 %, 24424 MiB, 200.00 W, 75
2026/08/11 04:32:15.456, 100 %, 24424 MiB, 200.31 W, 74
2026/08/11 04:33:15.463, 100 %, 24424 MiB, 199.97 W, 74
2026/08/11 04:34:15.470, 100 %, 24424 MiB, 199.96 W, 75
2026/08/11 04:35:15.479, 100 %, 24424 MiB, 199.98 W, 74
2026/08/11 04:36:15.488, 100 %, 24424 MiB, 200.34 W, 68
2026/08/11 04:37:15.503, 97 %, 24424 MiB, 199.92 W, 72
2026/08/11 04:38:15.510, 100 %, 24424 MiB, 200.22 W, 75
2026/08/11 04:39:15.517, 100 %, 24424 MiB, 199.99 W, 75
2026/08/11 04:40:15.525, 100 %, 24424 MiB, 199.98 W, 75
2026/08/11 04:41:15.532, 100 %, 24424 MiB, 200.04 W, 75
2026/08/11 04:42:15.538, 100 %, 24424 MiB, 200.05 W, 74
2026/08/11 04:43:15.546, 100 %, 24424 MiB, 199.98 W, 75
2026/08/11 04:44:15.553, 100 %, 24424 MiB, 199.96 W, 75
2026/08/11 04:45:15.560, 97 %, 24424 MiB, 199.71 W, 75
2026/08/11 04:46:15.566, 98 %, 24424 MiB, 199.66 W, 74
2026/08/11 04:47:15.572, 97 %, 24424 MiB, 199.73 W, 75
2026/08/11 04:48:15.580, 100 %, 24424 MiB, 200.18 W, 75
2026/08/11 04:49:15.587, 100 %, 24424 MiB, 200.39 W, 75
2026/08/11 04:50:15.603, 100 %, 24424 MiB, 200.00 W, 75
2026/08/11 04:51:15.611, 98 %, 24424 MiB, 188.99 W, 75
2026/08/11 04:52:15.619, 98 %, 24424 MiB, 199.65 W, 74
2026/08/11 04:53:15.626, 100 %, 24424 MiB, 200.02 W, 75
2026/08/11 04:54:15.632, 100 %, 24424 MiB, 200.42 W, 75
2026/08/11 04:55:15.641, 100 %, 24424 MiB, 199.95 W, 75
2026/08/11 04:56:15.648, 100 %, 24424 MiB, 199.99 W, 75
2026/08/11 04:57:15.654, 97 %, 24424 MiB, 199.88 W, 75
2026/08/11 04:58:15.662, 100 %, 24424 MiB, 200.01 W, 74
2026/08/11 04:59:15.670, 94 %, 24424 MiB, 199.10 W, 74
2026/08/11 05:00:15.678, 98 %, 24424 MiB, 199.71 W, 75
2026/08/11 05:01:15.684, 95 %, 24424 MiB, 199.66 W, 75
2026/08/11 05:02:15.691, 100 %, 24424 MiB, 200.23 W, 75
2026/08/11 05:03:15.705, 0 %, 24424 MiB, 27.87 W, 57
2026/08/11 05:04:15.713, 100 %, 24424 MiB, 200.01 W, 74
2026/08/11 05:05:15.719, 98 %, 24424 MiB, 199.75 W, 72
2026/08/11 05:06:15.726, 96 %, 24424 MiB, 199.99 W, 75
2026/08/11 05:07:15.734, 100 %, 24424 MiB, 199.56 W, 75
2026/08/11 05:08:15.740, 97 %, 24424 MiB, 199.56 W, 75
2026/08/11 05:09:15.747, 97 %, 24424 MiB, 199.62 W, 75
2026/08/11 05:10:15.753, 100 %, 24424 MiB, 200.08 W, 75
2026/08/11 05:11:15.759, 100 %, 24424 MiB, 200.00 W, 75
2026/08/11 05:12:15.896, 100 %, 24424 MiB, 200.20 W, 75
2026/08/11 05:13:15.906, 100 %, 24424 MiB, 199.96 W, 74
2026/08/11 05:14:15.914, 100 %, 24424 MiB, 200.43 W, 75
2026/08/11 05:15:15.922, 96 %, 24424 MiB, 199.99 W, 75
2026/08/11 05:16:15.929, 100 %, 24424 MiB, 199.72 W, 75
2026/08/11 05:17:15.936, 100 %, 24424 MiB, 199.91 W, 75
2026/08/11 05:18:15.946, 100 %, 24424 MiB, 199.64 W, 75
2026/08/11 05:19:15.955, 100 %, 24424 MiB, 200.15 W, 75
2026/08/11 05:20:15.962, 97 %, 24424 MiB, 199.96 W, 75
2026/08/11 05:21:15.969, 97 %, 24424 MiB, 200.01 W, 75
2026/08/11 05:22:15.975, 100 %, 24424 MiB, 199.91 W, 75
2026/08/11 05:23:15.982, 100 %, 24424 MiB, 200.19 W, 75
2026/08/11 05:24:15.989, 100 %, 24424 MiB, 199.65 W, 75
2026/08/11 05:25:16.006, 100 %, 24424 MiB, 200.30 W, 75
2026/08/11 05:26:16.014, 100 %, 24424 MiB, 200.24 W, 75
2026/08/11 05:27:16.021, 95 %, 24424 MiB, 199.99 W, 75
2026/08/11 05:28:16.029, 98 %, 24424 MiB, 199.98 W, 75
2026/08/11 05:29:16.037, 97 %, 24424 MiB, 199.83 W, 75
2026/08/11 05:30:16.045, 99 %, 24424 MiB, 200.03 W, 75
2026/08/11 05:31:16.052, 100 %, 24424 MiB, 199.56 W, 72
2026/08/11 05:32:16.060, 100 %, 24424 MiB, 199.97 W, 74
2026/08/11 05:33:16.068, 100 %, 24424 MiB, 199.97 W, 74
2026/08/11 05:34:16.075, 100 %, 24424 MiB, 200.20 W, 75
2026/08/11 05:35:16.085, 98 %, 24424 MiB, 199.99 W, 75
2026/08/11 05:36:16.093, 100 %, 24424 MiB, 199.83 W, 75
2026/08/11 05:37:16.106, 100 %, 24424 MiB, 200.05 W, 74
2026/08/11 05:38:16.113, 100 %, 24424 MiB, 200.02 W, 75
2026/08/11 05:39:16.121, 98 %, 24424 MiB, 200.03 W, 76
2026/08/11 05:40:16.129, 99 %, 24424 MiB, 199.88 W, 75
2026/08/11 05:41:16.137, 100 %, 24424 MiB, 199.71 W, 74
2026/08/11 05:42:16.143, 100 %, 24424 MiB, 199.95 W, 75
2026/08/11 05:43:16.151, 100 %, 24424 MiB, 199.96 W, 75
2026/08/11 05:44:16.157, 100 %, 24424 MiB, 200.71 W, 75
2026/08/11 05:45:16.164, 98 %, 24424 MiB, 199.98 W, 75
2026/08/11 05:46:16.171, 97 %, 24424 MiB, 199.97 W, 75
2026/08/11 05:47:16.180, 100 %, 24424 MiB, 199.74 W, 75
2026/08/11 05:48:16.187, 100 %, 24424 MiB, 200.10 W, 75
2026/08/11 05:49:16.202, 98 %, 24424 MiB, 199.96 W, 75
2026/08/11 05:50:16.209, 98 %, 24424 MiB, 199.93 W, 75
2026/08/11 05:51:16.216, 100 %, 24424 MiB, 200.18 W, 75
2026/08/11 05:52:16.226, 97 %, 24424 MiB, 199.98 W, 75
2026/08/11 05:53:16.234, 100 %, 24424 MiB, 199.81 W, 75
2026/08/11 05:54:16.241, 100 %, 24424 MiB, 199.72 W, 75
2026/08/11 05:55:16.249, 100 %, 24424 MiB, 200.04 W, 75
2026/08/11 05:56:16.256, 100 %, 24424 MiB, 199.96 W, 75
2026/08/11 05:57:16.263, 97 %, 24424 MiB, 199.91 W, 75
2026/08/11 05:58:16.270, 97 %, 24424 MiB, 199.93 W, 74
2026/08/11 05:59:16.277, 100 %, 24424 MiB, 199.95 W, 75
2026/08/11 06:00:16.285, 100 %, 24424 MiB, 199.96 W, 74
2026/08/11 06:01:16.293, 100 %, 24424 MiB, 199.81 W, 75
2026/08/11 06:02:16.307, 100 %, 24424 MiB, 199.81 W, 75
2026/08/11 06:03:16.314, 100 %, 24424 MiB, 199.98 W, 75
2026/08/11 06:04:16.321, 100 %, 24424 MiB, 199.79 W, 75
2026/08/11 06:05:16.327, 100 %, 24424 MiB, 199.80 W, 75
2026/08/11 06:06:16.336, 100 %, 24424 MiB, 200.16 W, 75
2026/08/11 06:07:16.344, 98 %, 24424 MiB, 199.97 W, 75
2026/08/11 06:08:16.351, 98 %, 24424 MiB, 199.97 W, 75
2026/08/11 06:09:16.358, 95 %, 24424 MiB, 200.02 W, 75
2026/08/11 06:10:16.366, 100 %, 24424 MiB, 199.83 W, 76
2026/08/11 06:11:16.373, 100 %, 24424 MiB, 200.07 W, 75
2026/08/11 06:12:16.382, 100 %, 24424 MiB, 200.27 W, 75
2026/08/11 06:13:16.390, 98 %, 24424 MiB, 199.95 W, 75
2026/08/11 06:14:16.405, 100 %, 24424 MiB, 199.63 W, 75
2026/08/11 06:15:16.413, 100 %, 24424 MiB, 200.02 W, 75
2026/08/11 06:16:16.420, 100 %, 24424 MiB, 200.01 W, 75
2026/08/11 06:17:16.429, 98 %, 24424 MiB, 199.98 W, 75
2026/08/11 06:18:16.437, 100 %, 24424 MiB, 199.99 W, 74
2026/08/11 06:19:16.445, 100 %, 24424 MiB, 199.97 W, 75
2026/08/11 06:20:16.451, 100 %, 24424 MiB, 200.09 W, 75
2026/08/11 06:21:16.460, 98 %, 24424 MiB, 199.99 W, 75
2026/08/11 06:22:16.469, 100 %, 24424 MiB, 199.35 W, 75
2026/08/11 06:23:16.477, 100 %, 24424 MiB, 199.98 W, 75
2026/08/11 06:24:16.485, 98 %, 24424 MiB, 199.97 W, 75
2026/08/11 06:25:16.493, 97 %, 24424 MiB, 199.97 W, 72
2026/08/11 06:26:16.506, 97 %, 24424 MiB, 199.85 W, 75
2026/08/11 06:27:16.514, 100 %, 24424 MiB, 199.73 W, 75
2026/08/11 06:28:16.521, 100 %, 24424 MiB, 200.40 W, 75
2026/08/11 06:29:16.530, 100 %, 24424 MiB, 199.99 W, 75
2026/08/11 06:30:16.536, 100 %, 24424 MiB, 199.82 W, 75
2026/08/11 06:31:16.544, 100 %, 24424 MiB, 199.23 W, 74
2026/08/11 06:32:16.551, 100 %, 24424 MiB, 200.00 W, 75
2026/08/11 06:33:16.557, 95 %, 24424 MiB, 200.32 W, 74
2026/08/11 06:34:16.565, 100 %, 24424 MiB, 199.77 W, 75
2026/08/11 06:35:16.574, 100 %, 24424 MiB, 200.03 W, 75
2026/08/11 06:36:16.582, 100 %, 24424 MiB, 199.50 W, 75
2026/08/11 06:37:16.614, 97 %, 24424 MiB, 200.46 W, 75
2026/08/11 06:38:16.635, 97 %, 24424 MiB, 199.98 W, 75
2026/08/11 06:39:16.643, 100 %, 24424 MiB, 199.79 W, 75
2026/08/11 06:40:16.651, 100 %, 24424 MiB, 200.02 W, 75
2026/08/11 06:41:16.658, 100 %, 24424 MiB, 200.54 W, 75
2026/08/11 06:42:16.667, 100 %, 24424 MiB, 199.99 W, 75
2026/08/11 06:43:16.673, 94 %, 24424 MiB, 199.95 W, 75
2026/08/11 06:44:16.679, 97 %, 24424 MiB, 200.07 W, 75
2026/08/11 06:45:16.688, 100 %, 24424 MiB, 199.93 W, 75
2026/08/11 06:46:16.702, 100 %, 24424 MiB, 199.69 W, 75
2026/08/11 06:47:16.710, 100 %, 24424 MiB, 200.29 W, 75
2026/08/11 06:48:16.717, 100 %, 24424 MiB, 199.97 W, 75
2026/08/11 06:49:16.724, 97 %, 24424 MiB, 199.95 W, 75
2026/08/11 06:50:16.731, 100 %, 24424 MiB, 200.00 W, 75
2026/08/11 06:51:16.738, 100 %, 24424 MiB, 200.45 W, 75
2026/08/11 06:52:16.746, 100 %, 24424 MiB, 200.04 W, 70
2026/08/11 06:53:16.754, 100 %, 24424 MiB, 199.73 W, 74
2026/08/11 06:54:16.762, 100 %, 24424 MiB, 199.61 W, 74
2026/08/11 06:55:16.770, 100 %, 24424 MiB, 200.49 W, 75
2026/08/11 06:56:16.777, 97 %, 24424 MiB, 199.94 W, 75
2026/08/11 06:57:16.784, 98 %, 24424 MiB, 199.99 W, 75
2026/08/11 06:58:16.792, 100 %, 24424 MiB, 199.62 W, 75
2026/08/11 06:59:16.806, 99 %, 24424 MiB, 200.34 W, 75
2026/08/11 07:00:16.814, 97 %, 24424 MiB, 199.99 W, 75
2026/08/11 07:01:16.821, 100 %, 24424 MiB, 199.82 W, 75
2026/08/11 07:02:16.829, 100 %, 24424 MiB, 199.49 W, 73
2026/08/11 07:03:16.837, 97 %, 24424 MiB, 200.01 W, 76
2026/08/11 07:04:16.845, 100 %, 24424 MiB, 199.65 W, 75
2026/08/11 07:05:16.853, 100 %, 24424 MiB, 200.09 W, 75
2026/08/11 07:06:16.864, 100 %, 24424 MiB, 199.79 W, 76
2026/08/11 07:07:16.871, 100 %, 24424 MiB, 200.01 W, 75
2026/08/11 07:08:16.904, 100 %, 24424 MiB, 200.02 W, 75
2026/08/11 07:09:16.911, 100 %, 24424 MiB, 199.71 W, 76
2026/08/11 07:10:16.919, 100 %, 24424 MiB, 200.34 W, 75
2026/08/11 07:11:16.927, 100 %, 24424 MiB, 199.60 W, 76
2026/08/11 07:12:16.934, 100 %, 24424 MiB, 200.00 W, 76
2026/08/11 07:13:16.941, 100 %, 24424 MiB, 199.51 W, 75
2026/08/11 07:14:16.948, 100 %, 24424 MiB, 200.29 W, 75
2026/08/11 07:15:16.956, 97 %, 24424 MiB, 200.04 W, 76
2026/08/11 07:16:16.963, 100 %, 24424 MiB, 200.10 W, 75
2026/08/11 07:17:16.970, 100 %, 24424 MiB, 199.91 W, 76
2026/08/11 07:18:16.977, 100 %, 24424 MiB, 200.02 W, 75
2026/08/11 07:19:16.984, 100 %, 24424 MiB, 200.24 W, 68
2026/08/11 07:20:16.992, 100 %, 24424 MiB, 199.54 W, 74
2026/08/11 07:21:17.008, 100 %, 24424 MiB, 200.43 W, 75
2026/08/11 07:22:17.016, 97 %, 24424 MiB, 199.99 W, 75
2026/08/11 07:23:17.022, 100 %, 24424 MiB, 199.64 W, 75
2026/08/11 07:24:17.030, 100 %, 24424 MiB, 200.05 W, 75
2026/08/11 07:25:17.036, 95 %, 24424 MiB, 199.85 W, 76
2026/08/11 07:26:17.043, 100 %, 24424 MiB, 200.35 W, 75
2026/08/11 07:27:17.050, 100 %, 24424 MiB, 200.43 W, 75
2026/08/11 07:28:17.058, 97 %, 24424 MiB, 199.98 W, 75
2026/08/11 07:29:17.064, 100 %, 24424 MiB, 200.00 W, 75
2026/08/11 07:30:17.070, 100 %, 24424 MiB, 199.98 W, 75
2026/08/11 07:31:17.076, 100 %, 24424 MiB, 200.25 W, 75
2026/08/11 07:32:17.083, 94 %, 24424 MiB, 200.25 W, 75
2026/08/11 07:33:17.089, 98 %, 24424 MiB, 200.00 W, 75
2026/08/11 07:34:17.102, 100 %, 24424 MiB, 199.81 W, 75
2026/08/11 07:35:17.110, 100 %, 24424 MiB, 199.89 W, 73
2026/08/11 07:36:17.116, 100 %, 24424 MiB, 200.00 W, 75
2026/08/11 07:37:17.123, 100 %, 24424 MiB, 200.25 W, 74
2026/08/11 07:38:17.130, 100 %, 24424 MiB, 200.44 W, 75
2026/08/11 07:39:17.137, 98 %, 24424 MiB, 199.96 W, 75
2026/08/11 07:40:17.143, 97 %, 24424 MiB, 199.97 W, 74
2026/08/11 07:41:17.150, 97 %, 24424 MiB, 199.98 W, 75
2026/08/11 07:42:17.157, 100 %, 24424 MiB, 200.01 W, 75
2026/08/11 07:43:17.165, 100 %, 24424 MiB, 200.29 W, 75
2026/08/11 07:44:17.173, 100 %, 24424 MiB, 199.37 W, 75
2026/08/11 07:45:17.182, 100 %, 24424 MiB, 200.40 W, 75
2026/08/11 07:46:17.189, 2 %, 24424 MiB, 28.73 W, 58
2026/08/11 07:47:17.203, 100 %, 24424 MiB, 199.84 W, 75
2026/08/11 07:48:17.210, 100 %, 24424 MiB, 200.00 W, 75
2026/08/11 07:49:17.218, 100 %, 24424 MiB, 199.96 W, 75
2026/08/11 07:50:17.225, 100 %, 24424 MiB, 200.13 W, 75
2026/08/11 07:51:17.233, 98 %, 24424 MiB, 199.98 W, 75
2026/08/11 07:52:17.240, 100 %, 24424 MiB, 200.04 W, 74
2026/08/11 07:53:17.247, 100 %, 24424 MiB, 200.11 W, 75
2026/08/11 07:54:17.255, 100 %, 24424 MiB, 199.96 W, 75
2026/08/11 07:55:17.262, 100 %, 24424 MiB, 199.58 W, 75
2026/08/11 07:56:17.270, 100 %, 24424 MiB, 200.34 W, 75
2026/08/11 07:57:17.279, 100 %, 24424 MiB, 200.31 W, 75
2026/08/11 07:58:17.287, 98 %, 24424 MiB, 199.88 W, 76
2026/08/11 07:59:17.302, 100 %, 24424 MiB, 200.03 W, 75
2026/08/11 08:00:17.310, 100 %, 24424 MiB, 199.65 W, 75
2026/08/11 08:01:17.317, 100 %, 24424 MiB, 200.01 W, 75
2026/08/11 08:02:17.325, 98 %, 24424 MiB, 200.00 W, 75
2026/08/11 08:03:17.335, 98 %, 24424 MiB, 199.93 W, 76
2026/08/11 08:04:17.342, 97 %, 24424 MiB, 199.98 W, 75
2026/08/11 08:05:17.349, 100 %, 24424 MiB, 199.97 W, 76
2026/08/11 08:06:17.356, 100 %, 24424 MiB, 200.05 W, 75
2026/08/11 08:07:17.364, 100 %, 24424 MiB, 200.39 W, 75
2026/08/11 08:08:17.372, 96 %, 24424 MiB, 199.97 W, 75
2026/08/11 08:09:17.378, 100 %, 24424 MiB, 200.19 W, 75
2026/08/11 08:10:17.385, 100 %, 24424 MiB, 200.34 W, 75
2026/08/11 08:11:17.399, 97 %, 24424 MiB, 200.01 W, 75
2026/08/11 08:12:17.406, 100 %, 24424 MiB, 200.03 W, 75
2026/08/11 08:13:17.414, 100 %, 24424 MiB, 200.27 W, 75
2026/08/11 08:14:17.422, 100 %, 24424 MiB, 200.00 W, 74
2026/08/11 08:15:17.429, 100 %, 24424 MiB, 199.97 W, 74
2026/08/11 08:16:17.437, 100 %, 24424 MiB, 199.95 W, 75
2026/08/11 08:17:17.444, 97 %, 24424 MiB, 199.97 W, 75
2026/08/11 08:18:17.451, 100 %, 24424 MiB, 199.85 W, 75
2026/08/11 08:19:17.459, 100 %, 24424 MiB, 200.13 W, 73
2026/08/11 08:20:17.466, 100 %, 24424 MiB, 200.38 W, 75
2026/08/11 08:21:17.473, 98 %, 24424 MiB, 200.29 W, 75
2026/08/11 08:22:17.480, 100 %, 24424 MiB, 199.70 W, 76
2026/08/11 08:23:17.488, 100 %, 24424 MiB, 200.19 W, 74
2026/08/11 08:24:17.504, 100 %, 24424 MiB, 199.98 W, 75
2026/08/11 08:25:17.511, 98 %, 24424 MiB, 199.97 W, 75
2026/08/11 08:26:17.520, 100 %, 24424 MiB, 199.96 W, 74
2026/08/11 08:27:17.527, 100 %, 24424 MiB, 200.03 W, 75
2026/08/11 08:28:17.535, 100 %, 24424 MiB, 199.87 W, 75
2026/08/11 08:29:17.543, 100 %, 24424 MiB, 200.22 W, 74
2026/08/11 08:30:17.550, 100 %, 24424 MiB, 199.99 W, 75
2026/08/11 08:31:17.559, 100 %, 24424 MiB, 200.56 W, 76
2026/08/11 08:32:17.567, 100 %, 24424 MiB, 199.71 W, 75
2026/08/11 08:33:17.574, 100 %, 24424 MiB, 200.33 W, 75
2026/08/11 08:34:17.582, 100 %, 24424 MiB, 200.02 W, 75
2026/08/11 08:35:17.601, 100 %, 24424 MiB, 200.21 W, 75
2026/08/11 08:36:17.609, 98 %, 24424 MiB, 199.98 W, 75
2026/08/11 08:37:17.616, 99 %, 24424 MiB, 199.92 W, 75
2026/08/11 08:38:17.624, 100 %, 24424 MiB, 200.00 W, 75
2026/08/11 08:39:17.632, 100 %, 24424 MiB, 200.15 W, 75
2026/08/11 08:40:17.640, 100 %, 24424 MiB, 200.70 W, 75
2026/08/11 08:41:17.646, 100 %, 24424 MiB, 199.71 W, 73
2026/08/11 08:42:17.653, 98 %, 24424 MiB, 199.98 W, 74
2026/08/11 08:43:17.660, 98 %, 24424 MiB, 200.03 W, 75
2026/08/11 08:44:17.668, 100 %, 24424 MiB, 200.00 W, 75
2026/08/11 08:45:17.676, 100 %, 24424 MiB, 199.98 W, 75
2026/08/11 08:46:17.683, 98 %, 24424 MiB, 200.01 W, 75
2026/08/11 08:47:17.691, 100 %, 24424 MiB, 199.67 W, 75
2026/08/11 08:48:17.703, 97 %, 24424 MiB, 199.99 W, 75
2026/08/11 08:49:17.710, 100 %, 24424 MiB, 199.96 W, 75
2026/08/11 08:50:17.718, 97 %, 24424 MiB, 199.99 W, 76
2026/08/11 08:51:17.726, 100 %, 24424 MiB, 200.04 W, 75
2026/08/11 08:52:17.734, 98 %, 24424 MiB, 199.96 W, 75
2026/08/11 08:53:17.741, 100 %, 24424 MiB, 199.98 W, 75
2026/08/11 08:54:17.749, 100 %, 24424 MiB, 200.18 W, 73
2026/08/11 08:55:17.757, 97 %, 24424 MiB, 199.97 W, 75
2026/08/11 08:56:17.764, 100 %, 24424 MiB, 199.65 W, 75
2026/08/11 08:57:17.773, 100 %, 24424 MiB, 199.66 W, 75
2026/08/11 08:58:17.781, 99 %, 24424 MiB, 199.98 W, 75
2026/08/11 08:59:17.790, 99 %, 24424 MiB, 199.96 W, 76
2026/08/11 09:00:17.805, 100 %, 24424 MiB, 200.36 W, 75
2026/08/11 09:01:17.812, 97 %, 24424 MiB, 199.93 W, 75
2026/08/11 09:02:17.819, 100 %, 24424 MiB, 199.98 W, 75
2026/08/11 09:03:17.827, 100 %, 24424 MiB, 199.99 W, 75
2026/08/11 09:04:17.833, 98 %, 24424 MiB, 200.13 W, 75
2026/08/11 09:05:17.842, 100 %, 24424 MiB, 199.65 W, 76
2026/08/11 09:06:17.849, 100 %, 24424 MiB, 200.08 W, 75
2026/08/11 09:07:17.857, 97 %, 24424 MiB, 199.93 W, 75
2026/08/11 09:08:17.865, 100 %, 24424 MiB, 200.30 W, 72
2026/08/11 09:09:17.874, 100 %, 24424 MiB, 200.21 W, 74
2026/08/11 09:10:17.881, 100 %, 24424 MiB, 200.13 W, 75
2026/08/11 09:11:17.889, 93 %, 24424 MiB, 200.33 W, 75
2026/08/11 09:12:17.903, 98 %, 24424 MiB, 200.02 W, 75
2026/08/11 09:13:17.910, 100 %, 24424 MiB, 199.72 W, 75
2026/08/11 09:14:17.918, 100 %, 24424 MiB, 199.56 W, 73
2026/08/11 09:15:17.927, 100 %, 24424 MiB, 200.31 W, 76
2026/08/11 09:16:17.933, 100 %, 24424 MiB, 200.37 W, 75
2026/08/11 09:17:17.941, 97 %, 24424 MiB, 199.99 W, 75
2026/08/11 09:18:17.950, 100 %, 24424 MiB, 200.14 W, 75
2026/08/11 09:19:17.958, 97 %, 24424 MiB, 199.95 W, 75
2026/08/11 09:20:17.964, 100 %, 24424 MiB, 199.64 W, 75
2026/08/11 09:21:17.971, 100 %, 24424 MiB, 200.04 W, 75
2026/08/11 09:22:17.979, 100 %, 24424 MiB, 199.84 W, 76
2026/08/11 09:23:17.987, 100 %, 24424 MiB, 200.01 W, 76
2026/08/11 09:24:18.003, 100 %, 24424 MiB, 200.05 W, 75
2026/08/11 09:25:18.010, 98 %, 24424 MiB, 200.36 W, 75
2026/08/11 09:26:18.018, 100 %, 24424 MiB, 199.77 W, 76
2026/08/11 09:27:18.025, 100 %, 24424 MiB, 200.18 W, 75
2026/08/11 09:28:18.032, 100 %, 24424 MiB, 199.98 W, 76
2026/08/11 09:29:18.040, 100 %, 24424 MiB, 199.65 W, 75
2026/08/11 09:30:18.047, 100 %, 24424 MiB, 200.00 W, 75
2026/08/11 09:31:18.055, 100 %, 24424 MiB, 199.97 W, 75
2026/08/11 09:32:18.064, 100 %, 24424 MiB, 199.96 W, 75
2026/08/11 09:33:18.073, 97 %, 24424 MiB, 199.72 W, 75
2026/08/11 09:34:18.080, 100 %, 24424 MiB, 200.29 W, 75
2026/08/11 09:35:18.087, 96 %, 24424 MiB, 199.36 W, 69
2026/08/11 09:36:18.102, 100 %, 24424 MiB, 199.99 W, 75
2026/08/11 09:37:18.110, 100 %, 24424 MiB, 199.99 W, 75
2026/08/11 09:38:18.116, 100 %, 24424 MiB, 200.19 W, 75
2026/08/11 09:39:18.124, 0 %, 24424 MiB, 27.08 W, 56
2026/08/11 09:40:18.131, 0 %, 2 MiB, 4.65 W, 42
2026/08/11 09:41:18.138, 0 %, 2 MiB, 4.32 W, 37
2026/08/11 09:42:18.146, 0 %, 2 MiB, 4.03 W, 34
