step,tokens,elapsed_s,unix_ts,loss,grad_norm,lr_mult,tok_s
0,0,69.7,1786107816.7,9.2084,10.539,0.0003,0
20,5242880,232.9,1786107979.9,9.0489,10.138,0.0070,32125
40,10485760,361.5,1786108108.5,8.6008,8.005,0.0137,40765
60,15728640,490.2,1786108237.2,8.1888,3.954,0.0203,40745
80,20971520,618.9,1786108365.8,7.8508,1.807,0.0270,40741
100,26214400,747.5,1786108494.5,7.5977,1.271,0.0337,40741
120,31457280,876.1,1786108623.1,7.3350,2.893,0.0403,40777
140,36700160,1005.5,1786108752.5,7.0663,3.876,0.0470,40528
160,41943040,1134.3,1786108881.2,6.7580,4.449,0.0537,40714
180,47185920,1263.0,1786109010.0,6.5004,4.012,0.0603,40716
200,52428800,1391.8,1786109138.8,6.2128,4.830,0.0670,40713
220,57671680,1520.6,1786109267.5,6.0635,4.965,0.0737,40719
240,62914560,1649.4,1786109396.3,5.8687,4.162,0.0803,40704
260,68157440,1796.7,1786109543.7,5.7416,4.343,0.0870,35592
280,73400320,1925.3,1786109672.3,5.6262,4.595,0.0937,40745
300,78643200,2054.1,1786109801.1,5.4422,4.679,0.1003,40725
320,83886080,2182.9,1786109929.9,5.3405,5.974,0.1070,40700
340,89128960,2311.7,1786110058.7,5.1618,5.479,0.1137,40711
360,94371840,2440.5,1786110187.4,5.0869,5.417,0.1203,40714
380,99614720,2569.4,1786110316.4,4.9054,5.993,0.1270,40661
400,104857600,2698.1,1786110445.1,4.7464,4.529,0.1337,40743
420,110100480,2826.8,1786110573.8,4.7555,4.078,0.1403,40736
440,115343360,2955.6,1786110702.6,4.6836,4.408,0.1470,40695
460,120586240,3084.3,1786110831.3,4.6103,3.694,0.1537,40744
480,125829120,3213.1,1786110960.1,4.5086,3.444,0.1603,40714
500,131072000,3341.9,1786111088.9,4.4618,2.818,0.1670,40690
520,136314880,3487.2,1786111234.1,4.4606,3.046,0.1737,36097
540,141557760,3616.1,1786111363.0,4.4171,2.424,0.1803,40672
560,146800640,3744.9,1786111491.8,4.4007,2.491,0.1870,40709
580,152043520,3873.7,1786111620.7,4.3177,2.204,0.1937,40681
600,157286400,4002.6,1786111749.6,4.2457,2.181,0.2003,40691
620,162529280,4131.7,1786111878.7,4.2214,1.747,0.2070,40612
640,167772160,4260.4,1786112007.4,4.1641,1.662,0.2137,40731
660,173015040,4389.2,1786112136.2,4.0915,1.609,0.2203,40709
680,178257920,4517.9,1786112264.9,4.1439,1.450,0.2270,40723
700,183500800,4646.8,1786112393.7,4.0810,1.670,0.2337,40696
720,188743680,4775.5,1786112522.5,4.0733,1.308,0.2403,40714
740,193986560,4904.3,1786112651.3,3.9816,1.302,0.2470,40721
760,199229440,5049.9,1786112796.9,4.0197,1.173,0.2537,35993
780,204472320,5178.8,1786112925.8,4.0073,1.070,0.2603,40683
800,209715200,5307.7,1786113054.7,3.9536,1.120,0.2670,40682
820,214958080,5436.5,1786113183.5,3.9106,1.187,0.2737,40713
840,220200960,5565.3,1786113312.3,3.9676,0.969,0.2803,40681
860,225443840,5694.5,1786113441.5,3.8733,0.880,0.2870,40591
880,230686720,5823.3,1786113570.3,3.9176,0.819,0.2937,40695
900,235929600,5952.1,1786113699.1,3.8923,0.904,0.3003,40709
920,241172480,6081.0,1786113828.0,3.8702,0.780,0.3070,40690
940,246415360,6209.9,1786113956.8,3.8253,0.702,0.3137,40685
960,251658240,6338.7,1786114085.7,3.7747,0.635,0.3203,40686
980,256901120,6467.6,1786114214.6,3.7387,0.767,0.3270,40664
1000,262144000,6596.5,1786114343.5,3.7374,0.692,0.3337,40673
1020,267386880,6742.8,1786114489.8,3.7791,0.694,0.3403,35841
1040,272629760,6871.6,1786114618.6,3.8077,0.629,0.3470,40704
1060,277872640,7000.5,1786114747.4,3.7431,0.666,0.3537,40695
1080,283115520,7129.3,1786114876.3,3.7321,0.541,0.3603,40691
1100,288358400,7258.1,1786115005.1,3.7048,0.536,0.3670,40694
1120,293601280,7387.2,1786115134.2,3.6665,0.520,0.3737,40627
1140,298844160,7516.0,1786115263.0,3.6538,0.494,0.3803,40701
1160,304087040,7644.8,1786115391.7,3.6926,0.462,0.3870,40722
1180,309329920,7773.4,1786115520.3,3.7188,0.469,0.3937,40771
1200,314572800,7902.0,1786115649.0,3.6701,0.517,0.4003,40755
1220,319815680,8030.7,1786115777.7,3.6664,0.564,0.4070,40733
1240,325058560,8159.5,1786115906.4,3.6560,0.461,0.4137,40721
1260,330301440,8306.2,1786116053.2,3.6261,0.428,0.4203,35725
1280,335544320,8435.0,1786116181.9,3.6734,0.452,0.4270,40724
1300,340787200,8563.6,1786116310.5,3.6126,0.412,0.4337,40768
1320,346030080,8692.2,1786116439.2,3.6120,0.428,0.4403,40753
1340,351272960,8820.7,1786116567.7,3.5710,0.408,0.4470,40790
1360,356515840,8949.6,1786116696.6,3.5629,0.399,0.4537,40683
1380,361758720,9078.4,1786116825.3,3.5484,0.412,0.4603,40725
1400,367001600,9207.0,1786116954.0,3.5680,0.398,0.4670,40746
1420,372244480,9335.6,1786117082.6,3.5315,0.373,0.4737,40771
1440,377487360,9464.4,1786117211.4,3.5380,0.376,0.4803,40721
1460,382730240,9593.0,1786117340.0,3.5749,0.374,0.4870,40770
1480,387973120,9721.6,1786117468.6,3.6326,0.333,0.4937,40749
1500,393216000,9850.3,1786117597.3,3.5402,0.324,0.5003,40741
1520,398458880,9996.6,1786117743.6,3.5689,0.350,0.5070,35831
1540,403701760,10125.2,1786117872.2,3.5290,0.346,0.5137,40773
1560,408944640,10253.8,1786118000.8,3.5052,0.352,0.5203,40770
1580,414187520,10382.5,1786118129.5,3.4900,0.297,0.5270,40747
1600,419430400,10511.6,1786118258.6,3.4966,0.303,0.5337,40609
1620,424673280,10640.4,1786118387.4,3.4670,0.304,0.5403,40709
1640,429916160,10769.3,1786118516.2,3.4668,0.319,0.5470,40687
1660,435159040,10898.1,1786118645.1,3.5375,0.336,0.5537,40691
1680,440401920,11027.0,1786118774.0,3.4735,0.263,0.5603,40681
1700,445644800,11155.9,1786118902.9,3.4531,0.264,0.5670,40670
1720,450887680,11284.7,1786119031.7,3.5004,0.287,0.5737,40687
1740,456130560,11413.5,1786119160.5,3.5023,0.306,0.5803,40712
1760,461373440,11558.1,1786119305.1,3.4480,0.279,0.5870,36255
1780,466616320,11686.9,1786119433.9,3.4483,0.271,0.5937,40710
1800,471859200,11815.6,1786119562.6,3.4434,0.273,0.6003,40733
1820,477102080,11944.3,1786119691.3,3.4984,0.285,0.6070,40736
1840,482344960,12073.5,1786119820.4,3.4606,0.260,0.6137,40606
1860,487587840,12202.2,1786119949.1,3.4622,0.261,0.6203,40740
1880,492830720,12331.0,1786120078.0,3.4382,0.256,0.6270,40692
1900,498073600,12459.9,1786120206.9,3.3801,0.236,0.6337,40675
1920,503316480,12588.8,1786120335.8,3.4392,0.250,0.6403,40670
1940,508559360,12717.8,1786120464.7,3.4404,0.259,0.6470,40655
1960,513802240,12846.7,1786120593.6,3.4702,0.234,0.6537,40673
1980,519045120,12975.6,1786120722.6,3.4246,0.241,0.6603,40672
2000,524288000,13104.4,1786120851.4,3.3981,0.263,0.6670,40689
2020,529530880,13249.5,1786120996.5,3.4746,0.228,0.6737,36136
2040,534773760,13378.4,1786121125.4,3.4180,0.234,0.6803,40682
2060,540016640,13507.4,1786121254.4,3.4618,0.244,0.6870,40638
2080,545259520,13636.4,1786121383.4,3.4157,0.240,0.6937,40642
2100,550502400,13765.7,1786121512.6,3.3777,0.261,0.7003,40564
2120,555745280,13894.7,1786121641.7,3.4428,0.228,0.7070,40635
2140,560988160,14023.5,1786121770.5,3.3602,0.218,0.7137,40694
2160,566231040,14152.4,1786121899.4,3.3586,0.210,0.7203,40682
2180,571473920,14281.4,1786122028.3,3.3561,0.231,0.7270,40654
2200,576716800,14410.2,1786122157.2,3.2919,0.234,0.7337,40680
2220,581959680,14539.2,1786122286.2,3.3469,0.223,0.7403,40652
2240,587202560,14668.1,1786122415.1,3.3203,0.213,0.7470,40671
2260,592445440,14813.4,1786122560.4,3.3588,0.204,0.7537,36089
2280,597688320,14942.3,1786122689.2,3.3848,0.219,0.7603,40686
2300,602931200,15071.2,1786122818.2,3.3715,0.230,0.7670,40660
2320,608174080,15200.2,1786122947.1,3.3031,0.196,0.7737,40656
2340,613416960,15329.2,1786123076.2,3.3571,0.228,0.7803,40615
2360,618659840,15458.2,1786123205.2,3.3095,0.194,0.7870,40656
2380,623902720,15587.1,1786123334.1,3.3400,0.198,0.7937,40681
2400,629145600,15715.9,1786123462.9,3.3255,0.221,0.8003,40699
2420,634388480,15844.7,1786123591.6,3.3444,0.205,0.8070,40715
2440,639631360,15973.4,1786123720.4,3.3672,0.189,0.8137,40726
2460,644874240,16102.2,1786123849.2,3.3065,0.197,0.8203,40702
2480,650117120,16231.0,1786123978.0,3.3642,0.216,0.8270,40701
2500,655360000,16359.9,1786124106.9,3.3074,0.204,0.8337,40679
2520,660602880,16506.8,1786124253.7,3.3398,0.194,0.8403,35703
2540,665845760,16635.5,1786124382.5,3.2940,0.188,0.8470,40716
2560,671088640,16764.3,1786124511.3,3.3185,0.187,0.8537,40701
2580,676331520,16893.4,1786124640.3,3.3121,0.196,0.8603,40638
2600,681574400,17022.1,1786124769.1,3.3218,0.198,0.8670,40714
2620,686817280,17150.8,1786124897.8,3.3457,0.183,0.8737,40737
2640,692060160,17279.5,1786125026.4,3.2919,0.193,0.8803,40759
2660,697303040,17408.0,1786125155.0,3.2968,0.188,0.8870,40782
2680,702545920,17536.7,1786125283.7,3.3566,0.187,0.8937,40743
2700,707788800,17665.4,1786125412.4,3.3113,0.187,0.9003,40740
2720,713031680,17794.1,1786125541.1,3.2764,0.184,0.9070,40736
2740,718274560,17922.8,1786125669.8,3.2883,0.176,0.9137,40740
2760,723517440,18069.0,1786125816.0,3.2493,0.171,0.9203,35853
2780,728760320,18197.5,1786125944.5,3.3101,0.179,0.9270,40809
2800,734003200,18326.2,1786126073.2,3.2836,0.170,0.9337,40740
2820,739246080,18455.2,1786126202.2,3.2567,0.175,0.9403,40639
2840,744488960,18584.1,1786126331.1,3.3031,0.171,0.9470,40659
2860,749731840,18713.0,1786126460.0,3.2920,0.163,0.9537,40673
2880,754974720,18841.9,1786126588.9,3.3291,0.171,0.9603,40675
2900,760217600,18970.9,1786126717.9,3.2339,0.172,0.9670,40659
2920,765460480,19099.9,1786126846.9,3.2693,0.166,0.9737,40642
2940,770703360,19228.9,1786126975.9,3.3008,0.178,0.9803,40648
2960,775946240,19357.9,1786127104.9,3.3680,0.198,0.9870,40635
2980,781189120,19487.0,1786127234.0,3.2930,0.158,0.9937,40599
3000,786432000,19616.0,1786127363.0,3.1573,0.162,1.0000,40644
3020,791674880,19762.5,1786127509.5,3.2854,0.169,1.0000,35800
3040,796917760,19891.5,1786127638.5,3.2174,0.166,1.0000,40643
3060,802160640,20020.4,1786127767.4,3.2774,0.145,1.0000,40663
3080,807403520,20149.7,1786127896.7,3.2505,0.148,1.0000,40554
3100,812646400,20278.6,1786128025.6,3.2409,0.150,1.0000,40668
3120,817889280,20407.5,1786128154.5,3.2695,0.158,1.0000,40681
3140,823132160,20536.3,1786128283.3,3.2601,0.152,1.0000,40690
3160,828375040,20665.3,1786128412.3,3.2430,0.140,1.0000,40653
3180,833617920,20794.2,1786128541.2,3.2935,0.156,1.0000,40668
3200,838860800,20923.1,1786128670.1,3.1668,0.155,1.0000,40681
3220,844103680,21052.0,1786128799.0,3.2713,0.143,1.0000,40676
3240,849346560,21181.1,1786128928.1,3.2067,0.136,1.0000,40616
3260,854589440,21327.7,1786129074.7,3.2670,0.149,1.0000,35752
3280,859832320,21456.7,1786129203.6,3.2271,0.148,1.0000,40668
3300,865075200,21585.5,1786129332.5,3.2285,0.140,1.0000,40698
3320,870318080,21714.7,1786129461.7,3.2272,0.141,1.0000,40556
3340,875560960,21843.7,1786129590.6,3.2568,0.146,1.0000,40673
3360,880803840,21972.6,1786129719.6,3.2375,0.130,1.0000,40651
3380,886046720,22101.5,1786129848.5,3.2261,0.145,1.0000,40680
3400,891289600,22230.5,1786129977.5,3.2602,0.136,1.0000,40637
3420,896532480,22359.5,1786130106.5,3.1394,0.145,1.0000,40644
3440,901775360,22488.6,1786130235.5,3.1446,0.141,1.0000,40630
3460,907018240,22617.5,1786130364.5,3.1474,0.126,1.0000,40651
3480,912261120,22746.5,1786130493.5,3.1966,0.138,1.0000,40661
3500,917504000,22875.4,1786130622.3,3.2165,0.146,1.0000,40681
3520,922746880,23021.1,1786130768.1,3.1729,0.132,1.0000,35972
3540,927989760,23150.1,1786130897.1,3.2134,0.134,1.0000,40649
3560,933232640,23279.3,1786131026.3,3.1404,0.129,1.0000,40572
3580,938475520,23408.2,1786131155.2,3.2001,0.127,1.0000,40667
3600,943718400,23537.1,1786131284.0,3.2328,0.131,1.0000,40692
3620,948961280,23666.0,1786131412.9,3.1753,0.128,1.0000,40678
3640,954204160,23794.8,1786131541.8,3.2162,0.130,1.0000,40682
3660,959447040,23923.7,1786131670.7,3.1383,0.123,1.0000,40684
3680,964689920,24052.6,1786131799.6,3.1520,0.127,1.0000,40658
3700,969932800,24181.6,1786131928.6,3.1279,0.130,1.0000,40653
3720,975175680,24310.6,1786132057.6,3.1308,0.129,1.0000,40655
3740,980418560,24439.5,1786132186.4,3.1917,0.129,1.0000,40681
3760,985661440,24585.3,1786132332.3,3.1092,0.118,1.0000,35943
3780,990904320,24714.2,1786132461.2,3.1352,0.128,1.0000,40669
3800,996147200,24843.2,1786132590.1,3.2440,0.123,1.0000,40668
3820,1001390080,24972.3,1786132719.3,3.1475,0.127,1.0000,40592
3840,1006632960,25101.1,1786132848.1,3.1466,0.122,1.0000,40694
3860,1011875840,25230.0,1786132977.0,3.1463,0.128,1.0000,40676
3880,1017118720,25359.0,1786133106.0,3.1190,0.128,1.0000,40655
3900,1022361600,25487.9,1786133234.9,3.1050,0.122,1.0000,40679
3920,1027604480,25616.8,1786133363.8,3.1585,0.116,1.0000,40667
3940,1032847360,25745.7,1786133492.7,3.1085,0.118,1.0000,40669
3960,1038090240,25874.5,1786133621.5,3.1013,0.124,1.0000,40709
3980,1043333120,26003.3,1786133750.2,3.1650,0.128,1.0000,40720
4000,1048576000,26132.2,1786133879.1,3.2488,0.119,1.0000,40676
4020,1053818880,26279.2,1786134026.2,3.1280,0.118,1.0000,35659
4040,1059061760,26408.0,1786134155.0,3.2186,0.122,1.0000,40693
4060,1064304640,26537.1,1786134284.1,3.1481,0.120,1.0000,40604
4080,1069547520,26666.0,1786134413.0,3.1236,0.126,1.0000,40687
4100,1074790400,26794.8,1786134541.8,3.1539,0.125,1.0000,40716
4120,1080033280,26923.6,1786134670.5,3.1496,0.115,1.0000,40709
4140,1085276160,27052.4,1786134799.4,3.2052,0.116,1.0000,40689
4160,1090519040,27181.2,1786134928.1,3.1228,0.121,1.0000,40721
4180,1095761920,27310.0,1786135057.0,3.0963,0.117,1.0000,40699
4200,1101004800,27438.8,1786135185.8,3.0883,0.115,1.0000,40688
4220,1106247680,27567.7,1786135314.7,3.0958,0.120,1.0000,40689
4240,1111490560,27696.6,1786135443.6,3.1613,0.121,1.0000,40676
4260,1116733440,27843.7,1786135590.7,3.0417,0.113,1.0000,35639
4280,1121976320,27972.7,1786135719.6,3.0786,0.115,1.0000,40658
4300,1127219200,28101.9,1786135848.9,3.1243,0.118,1.0000,40571
4320,1132462080,28230.8,1786135977.8,3.0896,0.121,1.0000,40656
4340,1137704960,28359.8,1786136106.8,3.1944,0.114,1.0000,40645
4360,1142947840,28488.8,1786136235.8,3.0643,0.114,1.0000,40645
4380,1148190720,28617.8,1786136364.8,3.1795,0.126,1.0000,40644
4400,1153433600,28746.8,1786136493.8,3.0873,0.116,1.0000,40633
4420,1158676480,28875.9,1786136622.9,3.0482,0.114,1.0000,40628
4440,1163919360,29004.9,1786136751.9,3.0657,0.115,1.0000,40626
4460,1169162240,29133.9,1786136880.9,3.1086,0.122,1.0000,40658
4480,1174405120,29262.8,1786137009.8,3.1061,0.116,1.0000,40668
4500,1179648000,29391.7,1786137138.7,3.1279,0.118,1.0000,40679
4520,1184890880,29539.3,1786137286.3,3.1154,0.112,1.0000,35511
4540,1190133760,29668.5,1786137415.5,3.1143,0.117,1.0000,40596
4560,1195376640,29797.4,1786137544.4,3.1261,0.113,1.0000,40680
4580,1200619520,29926.3,1786137673.3,3.1186,0.113,1.0000,40670
4600,1205862400,30055.2,1786137802.1,3.1016,0.118,1.0000,40681
4620,1211105280,30184.1,1786137931.0,3.1059,0.109,1.0000,40677
4640,1216348160,30312.9,1786138059.9,3.0741,0.113,1.0000,40691
4660,1221591040,30441.6,1786138188.6,3.0811,0.108,1.0000,40729
4680,1226833920,30570.5,1786138317.5,3.1021,0.115,1.0000,40681
4700,1232076800,30699.4,1786138446.4,3.0984,0.118,1.0000,40668
4720,1237319680,30828.3,1786138575.2,3.1107,0.116,1.0000,40698
4740,1242562560,30957.0,1786138704.0,3.0465,0.114,1.0000,40727
4760,1247805440,31104.6,1786138851.6,3.0759,0.109,1.0000,35505
4780,1253048320,31233.7,1786138980.7,3.1058,0.115,1.0000,40617
4800,1258291200,31362.6,1786139109.5,3.0631,0.109,1.0000,40696
4820,1263534080,31491.4,1786139238.3,3.0496,0.108,1.0000,40707
4840,1268776960,31620.1,1786139367.1,3.1295,0.112,1.0000,40712
4860,1274019840,31749.0,1786139496.0,3.1235,0.117,1.0000,40684
4880,1279262720,31877.8,1786139624.8,3.1005,0.115,1.0000,40692
4900,1284505600,32006.7,1786139753.7,3.0806,0.113,1.0000,40688
4920,1289748480,32135.5,1786139882.5,3.0476,0.110,1.0000,40704
4940,1294991360,32264.4,1786140011.3,3.0135,0.105,1.0000,40687
4960,1300234240,32393.2,1786140140.2,3.0802,0.116,1.0000,40690
4980,1305477120,32522.0,1786140269.0,3.0790,0.109,1.0000,40698
5000,1310720000,32650.9,1786140397.9,3.0436,0.108,1.0000,40684
5020,1315962880,32798.1,1786140545.1,3.0252,0.109,1.0000,35616
5040,1321205760,32927.0,1786140674.0,3.0263,0.112,1.0000,40666
5060,1326448640,33055.8,1786140802.8,3.0976,0.110,1.0000,40723
5080,1331691520,33184.6,1786140931.6,3.0756,0.109,1.0000,40688
5100,1336934400,33313.4,1786141060.4,3.0764,0.107,1.0000,40725
5120,1342177280,33442.2,1786141189.2,3.0521,0.105,1.0000,40702
5140,1347420160,33571.0,1786141318.0,3.0641,0.110,1.0000,40702
5160,1352663040,33699.8,1786141446.8,3.0326,0.109,1.0000,40707
5180,1357905920,33828.6,1786141575.6,3.0703,0.108,1.0000,40694
5200,1363148800,33957.4,1786141704.4,3.0651,0.106,1.0000,40706
5220,1368391680,34086.1,1786141833.1,3.0511,0.106,1.0000,40753
5240,1373634560,34214.9,1786141961.9,3.0532,0.104,1.0000,40693
5260,1378877440,34362.1,1786142109.0,3.0962,0.114,1.0000,35630
5280,1384120320,34491.1,1786142238.1,3.1247,0.109,1.0000,40627
5300,1389363200,34619.9,1786142366.9,3.0292,0.101,1.0000,40706
5320,1394606080,34748.7,1786142495.7,3.0515,0.110,1.0000,40706
5340,1399848960,34877.5,1786142624.4,3.0132,0.108,1.0000,40720
5360,1405091840,35006.3,1786142753.2,2.9917,0.104,1.0000,40710
5380,1410334720,35135.0,1786142882.0,3.1305,0.112,1.0000,40709
5400,1415577600,35263.8,1786143010.8,3.1288,0.104,1.0000,40716
5420,1420820480,35392.6,1786143139.5,3.0468,0.106,1.0000,40721
5440,1426063360,35521.3,1786143268.3,3.0521,0.104,1.0000,40720
5460,1431306240,35650.1,1786143397.0,3.0227,0.106,1.0000,40722
5480,1436549120,35778.9,1786143525.9,3.0242,0.108,1.0000,40700
5500,1441792000,35907.7,1786143654.7,3.0821,0.118,1.0000,40693
5520,1447034880,36054.2,1786143801.2,3.0232,0.107,1.0000,35783
5540,1452277760,36183.0,1786143929.9,3.0410,0.107,1.0000,40728
5560,1457520640,36311.8,1786144058.8,3.1125,0.112,1.0000,40692
5580,1462763520,36440.7,1786144187.7,3.0595,0.105,1.0000,40663
5600,1468006400,36569.6,1786144316.6,2.9908,0.105,1.0000,40683
5620,1473249280,36698.5,1786144445.4,3.0481,0.111,1.0000,40693
5640,1478492160,36827.3,1786144574.3,2.9962,0.105,1.0000,40688
5660,1483735040,36956.1,1786144703.1,2.9938,0.104,1.0000,40709
5680,1488977920,37084.9,1786144831.9,3.0460,0.105,1.0000,40711
5700,1494220800,37213.6,1786144960.5,3.0424,0.110,1.0000,40740
5720,1499463680,37342.3,1786145089.3,3.0410,0.108,1.0000,40731
5740,1504706560,37471.2,1786145218.1,3.0038,0.101,1.0000,40681
5760,1509949440,37618.2,1786145365.1,3.0252,0.103,1.0000,35669
5780,1515192320,37747.3,1786145494.2,3.0572,0.103,1.0000,40611
5800,1520435200,37876.1,1786145623.0,3.0805,0.105,1.0000,40705
5820,1525678080,38004.9,1786145751.9,3.0047,0.100,1.0000,40700
5840,1530920960,38133.7,1786145880.6,3.0897,0.108,1.0000,40712
5860,1536163840,38262.5,1786146009.4,2.9992,0.101,1.0000,40706
5880,1541406720,38391.2,1786146138.1,3.0224,0.101,1.0000,40733
5900,1546649600,38519.8,1786146266.8,3.0173,0.107,1.0000,40763
5920,1551892480,38648.4,1786146395.4,3.0321,0.103,1.0000,40749
5940,1557135360,38777.1,1786146524.1,2.9587,0.102,1.0000,40750
5960,1562378240,38905.9,1786146652.9,3.0428,0.106,1.0000,40711
5980,1567621120,39034.6,1786146781.6,3.0052,0.103,1.0000,40718
6000,1572864000,39163.3,1786146910.2,3.0327,0.103,1.0000,40765
6020,1578106880,39309.8,1786147056.8,3.0781,0.103,1.0000,35773
6040,1583349760,39438.6,1786147185.6,3.0549,0.104,1.0000,40706
6060,1588592640,39567.4,1786147314.4,2.9707,0.105,1.0000,40699
6080,1593835520,39696.3,1786147443.3,2.9907,0.100,1.0000,40692
6100,1599078400,39825.2,1786147572.1,3.0289,0.101,1.0000,40682
6120,1604321280,39954.0,1786147701.0,2.9829,0.099,1.0000,40694
6140,1609564160,40082.7,1786147829.7,3.0266,0.105,1.0000,40731
6160,1614807040,40211.4,1786147958.4,2.9861,0.105,1.0000,40730
6180,1620049920,40340.2,1786148087.2,3.0175,0.106,1.0000,40722
6200,1625292800,40469.1,1786148216.1,3.0264,0.101,1.0000,40674
6220,1630535680,40597.9,1786148344.9,2.9841,0.096,1.0000,40691
6240,1635778560,40726.8,1786148473.7,2.9882,0.099,1.0000,40697
6260,1641021440,40873.7,1786148620.7,3.0079,0.099,1.0000,35679
6280,1646264320,41002.5,1786148749.5,3.0560,0.103,1.0000,40701
6300,1651507200,41131.4,1786148878.3,3.0328,0.099,1.0000,40690
6320,1656750080,41260.2,1786149007.2,2.9661,0.098,1.0000,40682
6340,1661992960,41389.1,1786149136.1,2.9945,0.106,1.0000,40689
6360,1667235840,41517.9,1786149264.9,3.0645,0.100,1.0000,40694
6380,1672478720,41646.8,1786149393.8,3.0265,0.103,1.0000,40684
6400,1677721600,41775.7,1786149522.7,2.9873,0.102,1.0000,40676
6420,1682964480,41904.5,1786149651.5,2.9901,0.100,1.0000,40693
6440,1688207360,42033.2,1786149780.2,2.9927,0.103,1.0000,40740
6460,1693450240,42162.0,1786149909.0,3.0064,0.098,1.0000,40715
6480,1698693120,42290.7,1786150037.7,3.0055,0.104,1.0000,40727
6500,1703936000,42419.6,1786150166.6,3.0505,0.097,1.0000,40674
6520,1709178880,42566.0,1786150313.0,3.0332,0.097,1.0000,35814
6540,1714421760,42694.9,1786150441.9,2.9966,0.104,1.0000,40682
6560,1719664640,42823.8,1786150570.8,2.9903,0.095,1.0000,40673
6580,1724907520,42952.7,1786150699.7,2.9626,0.105,1.0000,40679
6600,1730150400,43081.7,1786150828.6,3.0651,0.105,1.0000,40652
6620,1735393280,43210.6,1786150957.6,2.9508,0.096,1.0000,40659
6640,1740636160,43339.5,1786151086.5,3.0457,0.102,1.0000,40681
6660,1745879040,43468.3,1786151215.3,2.9496,0.098,1.0000,40685
6680,1751121920,43597.3,1786151344.3,3.0278,0.103,1.0000,40660
6700,1756364800,43726.2,1786151473.2,2.9829,0.103,1.0000,40665
6720,1761607680,43855.1,1786151602.1,2.9749,0.106,1.0000,40688
6740,1766850560,43983.9,1786151730.9,2.9353,0.098,1.0000,40688
6760,1772093440,44128.8,1786151875.8,3.0117,0.096,1.0000,36186
6780,1777336320,44257.8,1786152004.8,2.9307,0.098,1.0000,40652
6800,1782579200,44386.8,1786152133.8,2.9616,0.101,1.0000,40646
6820,1787822080,44515.8,1786152262.8,3.0093,0.099,1.0000,40633
6840,1793064960,44645.0,1786152391.9,2.9753,0.097,1.0000,40595
6860,1798307840,44774.1,1786152521.1,3.0079,0.101,1.0000,40595
6880,1803550720,44903.1,1786152650.1,2.9977,0.100,1.0000,40631
6900,1808793600,45032.2,1786152779.2,2.9749,0.095,1.0000,40617
6920,1814036480,45161.2,1786152908.1,2.9799,0.100,1.0000,40662
6940,1819279360,45290.2,1786153037.2,2.9876,0.093,1.0000,40625
6960,1824522240,45419.3,1786153166.2,2.9839,0.098,1.0000,40629
6980,1829765120,45548.3,1786153295.3,3.0237,0.098,1.0000,40637
7000,1835008000,45677.5,1786153424.5,3.0462,0.106,1.0000,40562
7020,1840250880,45823.0,1786153569.9,2.9477,0.098,1.0000,36054
7040,1845493760,45951.8,1786153698.8,2.9861,0.103,1.0000,40699
7060,1850736640,46080.6,1786153827.6,3.0190,0.096,1.0000,40697
7080,1855979520,46209.5,1786153956.5,3.0157,0.099,1.0000,40671
7100,1861222400,46338.4,1786154085.4,3.0049,0.099,1.0000,40674
7120,1866465280,46467.4,1786154214.4,2.9154,0.099,1.0000,40640
7140,1871708160,46596.4,1786154343.4,2.9674,0.100,1.0000,40633
7160,1876951040,46725.5,1786154472.5,2.9251,0.095,1.0000,40633
7180,1882193920,46854.5,1786154601.5,2.9170,0.093,1.0000,40626
7200,1887436800,46983.6,1786154730.6,2.9443,0.094,1.0000,40623
7220,1892679680,47112.6,1786154859.6,2.9684,0.094,1.0000,40631
7240,1897922560,47241.7,1786154988.7,2.9502,0.096,1.0000,40605
7260,1903165440,47388.0,1786155135.0,3.0071,0.096,1.0000,35850
7280,1908408320,47517.0,1786155264.0,3.0090,0.097,1.0000,40644
7300,1913651200,47646.0,1786155393.0,2.9726,0.098,1.0000,40625
7320,1918894080,47775.1,1786155522.1,3.0262,0.096,1.0000,40620
7340,1924136960,47904.2,1786155651.1,3.0352,0.095,1.0000,40625
7360,1929379840,48033.1,1786155780.1,2.9868,0.095,1.0000,40667
7380,1934622720,48161.9,1786155908.9,2.9507,0.096,1.0000,40691
7400,1939865600,48291.0,1786156038.0,2.9590,0.095,1.0000,40617
7420,1945108480,48420.0,1786156167.0,2.9688,0.097,1.0000,40648
7440,1950351360,48548.9,1786156295.9,3.0179,0.094,1.0000,40678
7460,1955594240,48677.8,1786156424.8,2.9624,0.097,1.0000,40661
7480,1960837120,48807.1,1786156554.0,3.0655,0.097,1.0000,40572
7500,1966080000,48936.0,1786156683.0,2.9461,0.095,1.0000,40652
7520,1971322880,49082.8,1786156829.8,2.9051,0.093,1.0000,35715
7540,1976565760,49211.8,1786156958.7,2.9423,0.092,1.0000,40660
7560,1981808640,49340.8,1786157087.8,2.9365,0.095,1.0000,40622
7580,1987051520,49469.8,1786157216.8,2.9700,0.094,1.0000,40641
7600,1992294400,49598.8,1786157345.8,2.9535,0.097,1.0000,40662
7620,1997537280,49727.8,1786157474.8,2.9493,0.096,1.0000,40639
7640,2002780160,49856.9,1786157603.9,2.9971,0.098,1.0000,40614
7660,2008023040,49985.8,1786157732.8,2.9628,0.093,1.0000,40655
7680,2013265920,50114.9,1786157861.9,2.9882,0.098,1.0000,40615
7700,2018508800,50244.1,1786157991.1,2.9881,0.097,1.0000,40590
7720,2023751680,50373.3,1786158120.3,2.9657,0.095,1.0000,40565
7740,2028994560,50502.7,1786158249.7,2.9967,0.097,1.0000,40517
7760,2034237440,50649.5,1786158396.4,2.9677,0.092,1.0000,35733
7780,2039480320,50778.5,1786158525.5,2.8894,0.092,1.0000,40627
7800,2044723200,50907.6,1786158654.6,3.0445,0.096,1.0000,40604
7820,2049966080,51036.6,1786158783.6,2.9454,0.103,1.0000,40649
7840,2055208960,51165.7,1786158912.6,2.8970,0.094,1.0000,40629
7860,2060451840,51294.8,1786159041.8,2.9556,0.094,1.0000,40600
7880,2065694720,51423.9,1786159170.8,2.9501,0.094,1.0000,40621
7900,2070937600,51552.9,1786159299.9,2.9452,0.094,1.0000,40619
7920,2076180480,51681.9,1786159428.9,2.9195,0.094,1.0000,40639
7940,2081423360,51810.9,1786159557.8,2.9715,0.093,1.0000,40670
7960,2086666240,51939.8,1786159686.8,3.0049,0.093,1.0000,40650
7980,2091909120,52069.2,1786159816.2,2.9688,0.094,1.0000,40529
8000,2097152000,52198.4,1786159945.3,3.0114,0.092,1.0000,40590
8020,2102394880,52345.1,1786160092.1,2.9555,0.100,1.0000,35727
8040,2107637760,52474.2,1786160221.1,2.9396,0.093,1.0000,40625
8060,2112880640,52603.2,1786160350.2,2.9772,0.093,1.0000,40630
8080,2118123520,52732.4,1786160479.3,2.9382,0.093,1.0000,40594
8100,2123366400,52861.5,1786160608.4,2.9533,0.092,1.0000,40610
8120,2128609280,52990.6,1786160737.6,2.9822,0.090,1.0000,40584
8140,2133852160,53119.8,1786160866.8,2.9795,0.092,1.0000,40594
8160,2139095040,53248.9,1786160995.9,2.9590,0.092,1.0000,40605
8180,2144337920,53378.0,1786161125.0,2.9562,0.090,1.0000,40611
8200,2149580800,53507.1,1786161254.1,2.9206,0.093,1.0000,40628
8220,2154823680,53636.3,1786161383.3,2.9990,0.097,1.0000,40555
8240,2160066560,53765.3,1786161512.2,2.9391,0.093,1.0000,40671
8260,2165309440,53911.5,1786161658.5,2.9281,0.090,1.0000,35846
8280,2170552320,54040.5,1786161787.4,2.9779,0.095,1.0000,40658
8300,2175795200,54169.5,1786161916.4,2.9920,0.094,1.0000,40647
8320,2181038080,54298.5,1786162045.4,2.9388,0.090,1.0000,40643
8340,2186280960,54427.4,1786162174.4,2.9061,0.093,1.0000,40646
8360,2191523840,54556.4,1786162303.4,2.9433,0.093,1.0000,40650
8380,2196766720,54685.3,1786162432.3,2.9321,0.088,1.0000,40681
8400,2202009600,54814.3,1786162561.3,2.9543,0.094,1.0000,40644
8420,2207252480,54943.3,1786162690.3,2.9032,0.094,1.0000,40641
8440,2212495360,55072.3,1786162819.2,2.9278,0.092,1.0000,40655
8460,2217738240,55201.2,1786162948.2,2.9983,0.092,1.0000,40660
8480,2222981120,55330.4,1786163077.4,2.9158,0.095,1.0000,40568
8500,2228224000,55459.4,1786163206.3,2.9068,0.092,1.0000,40668
8520,2233466880,55604.5,1786163351.5,2.8943,0.090,1.0000,36119
8540,2238709760,55733.5,1786163480.5,2.9851,0.094,1.0000,40644
8560,2243952640,55862.4,1786163609.4,2.9462,0.093,1.0000,40659
8580,2249195520,55991.3,1786163738.3,2.9035,0.088,1.0000,40676
8600,2254438400,56120.2,1786163867.2,2.9119,0.097,1.0000,40680
8620,2259681280,56249.1,1786163996.1,2.9114,0.090,1.0000,40679
8640,2264924160,56378.0,1786164125.0,2.9257,0.091,1.0000,40675
8660,2270167040,56506.8,1786164253.8,2.9734,0.090,1.0000,40692
8680,2275409920,56635.8,1786164382.8,2.8871,0.095,1.0000,40660
8700,2280652800,56764.7,1786164511.7,2.9389,0.093,1.0000,40677
8720,2285895680,56893.8,1786164640.7,3.0068,0.092,1.0000,40616
8740,2291138560,57022.5,1786164769.5,2.9108,0.094,1.0000,40720
8760,2296381440,57169.6,1786164916.6,2.9558,0.091,1.0000,35638
8780,2301624320,57298.4,1786165045.4,2.9547,0.089,1.0000,40708
8800,2306867200,57427.4,1786165174.4,2.9405,0.089,1.0000,40655
8820,2312110080,57556.3,1786165303.3,2.8787,0.092,1.0000,40678
8840,2317352960,57685.1,1786165432.1,2.9575,0.091,1.0000,40681
8860,2322595840,57814.2,1786165561.2,2.8971,0.090,1.0000,40632
8880,2327838720,57943.3,1786165690.2,2.9620,0.090,1.0000,40619
8900,2333081600,58072.2,1786165819.2,2.9053,0.090,1.0000,40657
8920,2338324480,58201.2,1786165948.1,2.9199,0.088,1.0000,40658
8940,2343567360,58330.1,1786166077.1,2.9761,0.090,1.0000,40666
8960,2348810240,58459.3,1786166206.2,2.8695,0.089,1.0000,40586
8980,2354053120,58588.2,1786166335.2,2.9527,0.091,1.0000,40671
9000,2359296000,58717.1,1786166464.0,3.0017,0.088,1.0000,40680
9020,2364538880,58863.4,1786166610.3,2.9150,0.093,1.0000,35835
9040,2369781760,58992.2,1786166739.2,3.0065,0.089,1.0000,40680
9060,2375024640,59121.2,1786166868.2,2.9820,0.088,1.0000,40657
9080,2380267520,59250.1,1786166997.0,2.9337,0.091,1.0000,40683
9100,2385510400,59379.0,1786167126.0,2.9553,0.087,1.0000,40669
9120,2390753280,59507.8,1786167254.8,2.9066,0.094,1.0000,40694
9140,2395996160,59636.8,1786167383.7,2.9274,0.088,1.0000,40662
9160,2401239040,59765.7,1786167512.7,2.8826,0.088,1.0000,40665
9180,2406481920,59894.6,1786167641.6,2.9776,0.088,1.0000,40671
9200,2411724800,60023.5,1786167770.5,2.9540,0.087,1.0000,40679
9220,2416967680,60152.6,1786167899.6,2.9067,0.088,1.0000,40591
9240,2422210560,60281.6,1786168028.6,2.9336,0.089,1.0000,40647
9260,2427453440,60428.2,1786168175.2,2.9565,0.088,1.0000,35775
9280,2432696320,60557.1,1786168304.1,2.9699,0.088,1.0000,40663
9300,2437939200,60686.1,1786168433.1,2.9137,0.089,1.0000,40641
9320,2443182080,60815.0,1786168562.0,2.9921,0.094,1.0000,40669
9340,2448424960,60943.8,1786168690.8,2.9528,0.092,1.0000,40713
9360,2453667840,61072.7,1786168819.7,2.8683,0.088,1.0000,40684
9380,2458910720,61201.6,1786168948.6,2.8821,0.086,1.0000,40666
9400,2464153600,61330.6,1786169077.6,2.9315,0.090,1.0000,40643
9420,2469396480,61459.5,1786169206.4,2.9503,0.090,1.0000,40686
9440,2474639360,61588.2,1786169335.2,2.9482,0.087,1.0000,40727
9460,2479882240,61717.2,1786169464.2,2.9424,0.092,1.0000,40630
9480,2485125120,61846.0,1786169592.9,2.9627,0.088,1.0000,40730
9500,2490368000,61974.8,1786169721.8,2.9027,0.089,1.0000,40692
9520,2495610880,62121.4,1786169868.3,2.8516,0.090,1.0000,35775
9540,2500853760,62250.3,1786169997.3,2.8554,0.096,1.0000,40650
9560,2506096640,62379.4,1786170126.4,2.9172,0.089,1.0000,40627
9580,2511339520,62508.5,1786170255.5,2.9412,0.087,1.0000,40611
9600,2516582400,62637.6,1786170384.5,2.8748,0.089,1.0000,40621
9620,2521825280,62766.6,1786170513.6,2.8989,0.087,1.0000,40630
9640,2527068160,62895.6,1786170642.6,2.8478,0.089,1.0000,40626
9660,2532311040,63024.5,1786170771.5,2.9763,0.090,1.0000,40680
9680,2537553920,63153.5,1786170900.5,2.9293,0.087,1.0000,40660
9700,2542796800,63282.7,1786171029.6,2.9395,0.088,1.0000,40581
9720,2548039680,63411.9,1786171158.8,2.9487,0.090,1.0000,40584
9740,2553282560,63541.4,1786171288.4,2.9231,0.088,1.0000,40478
9760,2558525440,63687.9,1786171434.9,2.8765,0.085,1.0000,35778
9780,2563768320,63817.6,1786171564.6,2.8942,0.086,1.0000,40427
9800,2569011200,63947.4,1786171694.4,2.9378,0.089,1.0000,40397
9820,2574254080,64077.1,1786171824.1,2.9294,0.091,1.0000,40429
9840,2579496960,64206.6,1786171953.6,2.9141,0.090,1.0000,40472
9860,2584739840,64336.1,1786172083.1,2.9047,0.086,1.0000,40489
9880,2589982720,64465.5,1786172212.5,2.9048,0.086,1.0000,40505
9900,2595225600,64595.0,1786172342.0,2.9298,0.088,1.0000,40506
9920,2600468480,64724.3,1786172471.3,2.9428,0.089,1.0000,40526
9940,2605711360,64854.1,1786172601.1,2.9092,0.085,1.0000,40410
9960,2610954240,64983.5,1786172730.5,2.9172,0.085,1.0000,40519
9980,2616197120,65112.8,1786172859.7,2.9042,0.086,1.0000,40557
10000,2621440000,65241.9,1786172988.9,2.8948,0.085,1.0000,40604
10020,2626682880,65388.4,1786173135.3,2.9269,0.088,1.0000,35790
10040,2631925760,65517.2,1786173264.2,2.9003,0.086,1.0000,40684
10060,2637168640,65646.1,1786173393.1,2.9441,0.086,1.0000,40676
10080,2642411520,65775.0,1786173521.9,2.8613,0.083,1.0000,40694
10100,2647654400,65903.8,1786173650.8,2.9018,0.087,1.0000,40691
10120,2652897280,66032.6,1786173779.6,2.8839,0.085,1.0000,40706
10140,2658140160,66161.5,1786173908.5,2.8770,0.085,1.0000,40666
10160,2663383040,66290.5,1786174037.5,2.8656,0.085,1.0000,40651
10180,2668625920,66419.8,1786174166.8,2.9171,0.087,1.0000,40556
10200,2673868800,66549.0,1786174296.0,2.9402,0.086,1.0000,40578
10220,2679111680,66678.3,1786174425.3,2.9023,0.087,1.0000,40551
10240,2684354560,66807.6,1786174554.6,2.8909,0.084,1.0000,40546
10260,2689597440,66954.4,1786174701.4,2.9131,0.084,1.0000,35718
10280,2694840320,67083.4,1786174830.3,2.8892,0.085,1.0000,40649
10300,2700083200,67212.4,1786174959.4,2.9324,0.084,1.0000,40615
10320,2705326080,67341.4,1786175088.4,2.9537,0.086,1.0000,40642
10340,2710568960,67470.6,1786175217.5,2.8534,0.084,1.0000,40607
10360,2715811840,67599.8,1786175346.8,2.8623,0.088,1.0000,40566
10380,2721054720,67729.0,1786175476.0,2.9328,0.085,1.0000,40584
10400,2726297600,67858.1,1786175605.1,2.9778,0.086,1.0000,40594
10420,2731540480,67987.4,1786175734.3,2.9699,0.086,1.0000,40576
10440,2736783360,68116.7,1786175863.7,2.9496,0.090,1.0000,40526
10460,2742026240,68246.0,1786175993.0,2.9365,0.089,1.0000,40558
10480,2747269120,68375.1,1786176122.1,2.8760,0.090,1.0000,40613
10500,2752512000,68504.2,1786176251.2,2.9277,0.084,1.0000,40601
10520,2757754880,68650.3,1786176397.3,2.8791,0.089,1.0000,35894
10540,2762997760,68779.5,1786176526.4,2.8781,0.083,1.0000,40589
10560,2768240640,68908.6,1786176655.6,2.8904,0.086,1.0000,40591
10580,2773483520,69037.6,1786176784.6,2.8273,0.082,1.0000,40656
10600,2778726400,69166.5,1786176913.5,2.8413,0.085,1.0000,40672
10620,2783969280,69295.4,1786177042.4,2.8581,0.084,1.0000,40664
10640,2789212160,69424.5,1786177171.5,2.9042,0.083,1.0000,40606
10660,2794455040,69553.7,1786177300.7,2.8881,0.085,1.0000,40578
10680,2799697920,69683.1,1786177430.1,2.8967,0.083,1.0000,40530
10700,2804940800,69812.3,1786177559.3,2.8877,0.083,1.0000,40584
10720,2810183680,69941.5,1786177688.5,2.8613,0.084,1.0000,40580
10740,2815426560,70070.7,1786177817.7,2.9382,0.083,1.0000,40568
10760,2820669440,70215.8,1786177962.8,2.8690,0.083,1.0000,36135
10780,2825912320,70345.1,1786178092.0,2.8589,0.082,1.0000,40566
10800,2831155200,70474.3,1786178221.3,2.9039,0.085,1.0000,40563
10820,2836398080,70603.6,1786178350.6,2.8893,0.084,1.0000,40546
10840,2841640960,70732.8,1786178479.8,2.8319,0.082,1.0000,40568
10860,2846883840,70862.2,1786178609.1,2.7897,0.086,1.0000,40543
10880,2852126720,70991.5,1786178738.5,2.8844,0.082,1.0000,40523
10900,2857369600,71120.9,1786178867.9,2.9203,0.084,1.0000,40537
10920,2862612480,71250.3,1786178997.3,2.8974,0.084,1.0000,40505
10940,2867855360,71379.6,1786179126.6,2.8759,0.086,1.0000,40559
10960,2873098240,71508.9,1786179255.9,2.8860,0.086,1.0000,40539
10980,2878341120,71638.3,1786179385.3,2.8948,0.086,1.0000,40514
11000,2883584000,71767.9,1786179514.8,2.8583,0.088,1.0000,40473
11020,2888826880,71914.1,1786179661.0,2.9069,0.088,1.0000,35864
11040,2894069760,72043.5,1786179790.5,2.8794,0.083,1.0000,40499
11060,2899312640,72173.0,1786179920.0,2.9627,0.083,1.0000,40480
11080,2904555520,72302.6,1786180049.5,2.8556,0.084,1.0000,40478
11100,2909798400,72432.1,1786180179.1,2.9033,0.090,1.0000,40475
11120,2915041280,72561.5,1786180308.5,2.8664,0.083,1.0000,40513
11140,2920284160,72690.9,1786180437.9,2.8719,0.085,1.0000,40508
11160,2925527040,72820.4,1786180567.3,2.8969,0.082,1.0000,40507
11180,2930769920,72950.1,1786180697.0,2.9280,0.082,1.0000,40424
11200,2936012800,73079.5,1786180826.5,2.8493,0.083,1.0000,40510
11220,2941255680,73208.8,1786180955.8,2.9118,0.083,1.0000,40528
11240,2946498560,73338.1,1786181085.1,2.9124,0.082,1.0000,40548
11260,2951741440,73483.1,1786181230.1,2.8881,0.083,1.0000,36172
11280,2956984320,73612.3,1786181359.3,2.8856,0.088,1.0000,40573
11300,2962227200,73741.5,1786181488.5,2.9123,0.085,1.0000,40580
11320,2967470080,73870.8,1786181617.8,2.9126,0.082,1.0000,40557
11340,2972712960,74000.1,1786181747.1,2.8570,0.085,1.0000,40546
11360,2977955840,74129.4,1786181876.4,2.8998,0.083,1.0000,40536
11380,2983198720,74258.7,1786182005.6,2.8854,0.081,1.0000,40565
11400,2988441600,74388.0,1786182135.0,2.8839,0.082,1.0000,40544
11420,2993684480,74517.6,1786182264.5,2.9171,0.081,1.0000,40457
11440,2998927360,74647.0,1786182394.0,2.9330,0.084,1.0000,40503
11460,3004170240,74776.3,1786182523.3,2.9302,0.083,1.0000,40541
11480,3009413120,74905.5,1786182652.5,2.9037,0.084,1.0000,40577
11500,3014656000,75034.9,1786182781.9,2.8325,0.083,1.0000,40527
11520,3019898880,75180.5,1786182927.5,2.9068,0.081,1.0000,36016
11540,3025141760,75309.8,1786183056.8,2.9147,0.081,1.0000,40548
11560,3030384640,75439.1,1786183186.1,2.9309,0.084,1.0000,40536
11580,3035627520,75568.5,1786183315.5,2.9132,0.082,1.0000,40513
11600,3040870400,75698.0,1786183444.9,2.8679,0.083,1.0000,40507
11620,3046113280,75827.4,1786183574.4,2.9036,0.081,1.0000,40513
11640,3051356160,75956.8,1786183703.8,2.8840,0.083,1.0000,40513
11660,3056599040,76086.5,1786183833.5,2.9005,0.081,1.0000,40424
11680,3061841920,76215.9,1786183962.9,2.8628,0.083,1.0000,40511
11700,3067084800,76345.3,1786184092.3,2.8893,0.083,1.0000,40514
11720,3072327680,76474.6,1786184221.6,2.9098,0.083,1.0000,40547
11740,3077570560,76603.9,1786184350.9,2.9136,0.085,1.0000,40553
11760,3082813440,76749.1,1786184496.1,2.8349,0.082,1.0000,36111
11780,3088056320,76878.3,1786184625.3,2.9604,0.083,1.0000,40576
11800,3093299200,77007.7,1786184754.6,2.8693,0.082,1.0000,40531
11820,3098542080,77136.9,1786184883.9,2.8529,0.081,1.0000,40557
11840,3103784960,77266.2,1786185013.2,2.9004,0.083,1.0000,40562
11860,3109027840,77395.3,1786185142.3,2.8701,0.084,1.0000,40602
11880,3114270720,77524.4,1786185271.4,2.8085,0.077,1.0000,40604
11900,3119513600,77653.9,1786185400.9,2.8700,0.082,1.0000,40486
11920,3124756480,77783.5,1786185530.5,2.9237,0.082,1.0000,40471
11940,3129999360,77912.8,1786185659.8,2.9461,0.083,1.0000,40536
11960,3135242240,78042.4,1786185789.4,2.8856,0.084,1.0000,40468
11980,3140485120,78171.9,1786185918.9,2.9242,0.085,1.0000,40464
12000,3145728000,78301.7,1786186048.6,2.8756,0.084,1.0000,40415
12020,3150970880,78446.8,1786186193.8,2.8794,0.080,1.0000,36116
12040,3156213760,78576.4,1786186323.4,2.9183,0.082,1.0000,40465
12060,3161456640,78705.9,1786186452.9,2.8801,0.083,1.0000,40481
12080,3166699520,78835.4,1786186582.4,2.9241,0.084,1.0000,40481
12100,3171942400,78965.1,1786186712.0,2.8999,0.082,1.0000,40444
12120,3177185280,79094.5,1786186841.5,2.8958,0.081,1.0000,40501
12140,3182428160,79223.9,1786186970.9,2.9411,0.266,1.0000,40507
12160,3187671040,79353.8,1786187100.8,2.8852,0.082,1.0000,40379
12180,3192913920,79483.4,1786187230.4,2.9365,0.081,1.0000,40440
12200,3198156800,79613.1,1786187360.1,2.8627,0.082,1.0000,40434
12220,3203399680,79742.7,1786187489.7,2.9305,0.081,1.0000,40444
12240,3208642560,79872.4,1786187619.4,2.8728,0.079,1.0000,40429
12260,3213885440,80018.0,1786187765.0,2.8755,0.084,1.0000,36000
12280,3219128320,80147.7,1786187894.7,2.8687,0.083,1.0000,40426
12300,3224371200,80277.4,1786188024.4,2.8473,0.080,1.0000,40431
12320,3229614080,80407.1,1786188154.1,2.8407,0.081,1.0000,40436
12340,3234856960,80536.7,1786188283.7,2.8831,0.080,1.0000,40439
12360,3240099840,80666.3,1786188413.3,2.8906,0.082,1.0000,40448
12380,3245342720,80796.0,1786188543.0,2.8741,0.081,1.0000,40435
12400,3250585600,80926.0,1786188673.0,2.8589,0.080,1.0000,40336
12420,3255828480,81055.7,1786188802.6,2.8948,0.080,1.0000,40429
12440,3261071360,81185.3,1786188932.3,2.8405,0.081,1.0000,40442
12460,3266314240,81314.8,1786189061.8,2.8494,0.080,1.0000,40481
12480,3271557120,81444.5,1786189191.4,2.8118,0.078,1.0000,40443
12500,3276800000,81574.2,1786189321.2,2.8722,0.080,1.0000,40395
12520,3282042880,81720.5,1786189467.5,2.8585,0.079,1.0000,35843
12540,3287285760,81850.3,1786189597.2,2.9193,0.080,1.0000,40412
12560,3292528640,81980.0,1786189727.0,2.8237,0.081,1.0000,40405
12580,3297771520,82109.7,1786189856.7,2.8506,0.078,1.0000,40428
12600,3303014400,82239.5,1786189986.5,2.8182,0.078,1.0000,40393
12620,3308257280,82369.2,1786190116.1,2.8473,0.081,1.0000,40430
12640,3313500160,82499.3,1786190246.2,2.8601,0.079,1.0000,40300
12660,3318743040,82629.0,1786190376.0,2.8802,0.080,1.0000,40402
12680,3323985920,82758.8,1786190505.8,2.8327,0.085,1.0000,40408
12700,3329228800,82888.6,1786190635.6,2.9324,0.079,1.0000,40383
12720,3334471680,83018.4,1786190765.4,2.8868,0.081,1.0000,40397
12740,3339714560,83148.3,1786190895.2,2.8516,0.079,1.0000,40372
12760,3344957440,83294.6,1786191041.5,2.8962,0.079,1.0000,35836
12780,3350200320,83424.3,1786191171.2,2.8570,0.082,1.0000,40426
12800,3355443200,83554.0,1786191301.0,2.8111,0.078,1.0000,40418
12820,3360686080,83683.6,1786191430.6,2.8848,0.078,1.0000,40448
12840,3365928960,83813.1,1786191560.1,2.8983,0.080,1.0000,40473
12860,3371171840,83942.7,1786191689.7,2.8811,0.079,1.0000,40466
12880,3376414720,84072.4,1786191819.4,2.8891,0.081,1.0000,40408
12900,3381657600,84202.0,1786191949.0,2.8946,0.080,1.0000,40473
12920,3386900480,84331.6,1786192078.6,2.9120,0.080,1.0000,40457
12940,3392143360,84461.2,1786192208.2,2.8912,0.078,1.0000,40449
12960,3397386240,84590.8,1786192337.8,2.9069,0.081,1.0000,40440
12980,3402629120,84720.5,1786192467.5,2.8374,0.079,1.0000,40430
13000,3407872000,84850.1,1786192597.1,2.9239,0.082,1.0000,40446
13020,3413114880,84997.0,1786192744.0,2.8665,0.079,1.0000,35701
13040,3418357760,85126.7,1786192873.7,2.8750,0.078,1.0000,40429
13060,3423600640,85256.3,1786193003.3,2.8777,0.081,1.0000,40449
13080,3428843520,85385.8,1786193132.8,2.8465,0.077,1.0000,40483
13100,3434086400,85515.3,1786193262.3,2.8257,0.081,1.0000,40476
13120,3439329280,85645.0,1786193392.0,2.8696,0.079,1.0000,40444
13140,3444572160,85774.9,1786193521.9,2.8216,0.077,1.0000,40352
13160,3449815040,85904.3,1786193651.3,2.8791,0.078,1.0000,40503
13180,3455057920,86033.8,1786193780.8,2.9348,0.077,1.0000,40493
13200,3460300800,86163.4,1786193910.4,2.8952,0.080,1.0000,40466
13220,3465543680,86293.1,1786194040.1,2.8813,0.078,1.0000,40407
13240,3470786560,86422.8,1786194169.8,2.9003,0.079,1.0000,40432
13260,3476029440,86568.9,1786194315.8,2.9088,0.077,1.0000,35897
13280,3481272320,86698.4,1786194445.4,2.8523,0.082,1.0000,40459
13300,3486515200,86828.3,1786194575.3,2.8545,0.080,1.0000,40380
13320,3491758080,86958.1,1786194705.1,2.9037,0.081,1.0000,40389
13340,3497000960,87087.8,1786194834.8,2.8307,0.077,1.0000,40420
13360,3502243840,87217.5,1786194964.4,2.8632,0.083,1.0000,40434
13380,3507486720,87347.2,1786195094.1,2.8492,0.079,1.0000,40423
13400,3512729600,87476.4,1786195223.4,2.8452,0.078,1.0000,40569
13420,3517972480,87605.6,1786195352.6,2.8417,0.078,1.0000,40581
13440,3523215360,87734.6,1786195481.6,2.8521,0.079,1.0000,40628
13460,3528458240,87863.7,1786195610.7,2.8952,0.079,1.0000,40620
13480,3533701120,87992.8,1786195739.8,2.8237,0.079,1.0000,40621
13500,3538944000,88121.8,1786195868.8,2.8372,0.079,1.0000,40637
13520,3544186880,88268.3,1786196015.3,2.8295,0.081,1.0000,35786
13540,3549429760,88397.4,1786196144.4,2.8307,0.080,1.0000,40606
13560,3554672640,88526.4,1786196273.4,2.8613,0.077,1.0000,40654
13580,3559915520,88655.3,1786196402.3,2.8859,0.079,1.0000,40658
13600,3565158400,88784.3,1786196531.3,2.8941,0.080,1.0000,40643
13620,3570401280,88913.7,1786196660.7,2.7950,0.078,1.0000,40517
13640,3575644160,89042.7,1786196789.6,2.8580,0.078,1.0000,40668
13660,3580887040,89171.6,1786196918.6,2.9043,0.078,1.0000,40645
13680,3586129920,89300.7,1786197047.6,2.7972,0.078,1.0000,40638
13700,3591372800,89429.5,1786197176.5,2.8896,0.079,1.0000,40695
13720,3596615680,89558.5,1786197305.5,2.9442,0.080,1.0000,40643
13740,3601858560,89687.2,1786197434.2,2.8351,0.078,1.0000,40723
13760,3607101440,89834.5,1786197581.5,2.8798,0.077,1.0000,35607
13780,3612344320,89963.4,1786197710.3,2.8199,0.077,1.0000,40681
13800,3617587200,90092.2,1786197839.2,2.8477,0.076,1.0000,40687
13820,3622830080,90221.1,1786197968.1,2.9257,0.078,1.0000,40671
13840,3628072960,90350.0,1786198097.0,2.9013,0.079,1.0000,40677
13860,3633315840,90479.2,1786198226.2,2.9119,0.078,1.0000,40592
13880,3638558720,90608.2,1786198355.1,2.8540,0.077,1.0000,40648
13900,3643801600,90737.5,1786198484.5,2.8598,0.075,1.0000,40527
13920,3649044480,90866.9,1786198613.9,2.8426,0.075,1.0000,40514
13940,3654287360,90996.2,1786198743.2,2.8538,0.076,1.0000,40563
13960,3659530240,91125.3,1786198872.3,2.8438,0.076,1.0000,40599
13980,3664773120,91254.4,1786199001.4,2.8517,0.078,1.0000,40612
14000,3670016000,91383.5,1786199130.5,2.8350,0.076,1.0000,40618
14020,3675258880,91529.7,1786199276.7,2.8209,0.077,1.0000,35860
14040,3680501760,91658.6,1786199405.6,2.8408,0.078,1.0000,40664
14060,3685744640,91787.6,1786199534.6,2.8936,0.078,1.0000,40659
14080,3690987520,91916.5,1786199663.5,2.9143,0.078,1.0000,40671
14100,3696230400,92045.5,1786199792.4,2.8353,0.077,1.0000,40653
14120,3701473280,92174.6,1786199921.6,2.9170,0.080,1.0000,40582
14140,3706716160,92303.6,1786200050.6,2.8257,0.076,1.0000,40661
14160,3711959040,92432.6,1786200179.6,2.9332,0.077,1.0000,40644
14180,3717201920,92561.5,1786200308.5,2.8532,0.079,1.0000,40660
14200,3722444800,92690.5,1786200437.5,2.8551,0.077,1.0000,40649
14220,3727687680,92819.5,1786200566.5,2.7752,0.076,1.0000,40631
14240,3732930560,92948.5,1786200695.5,2.8667,0.076,1.0000,40644
14260,3738173440,93094.1,1786200841.1,2.8611,0.077,1.0000,36007
14280,3743416320,93223.1,1786200970.1,2.8533,0.075,1.0000,40651
14300,3748659200,93352.1,1786201099.0,2.7900,0.076,1.0000,40663
14320,3753902080,93481.0,1786201228.0,2.8039,0.075,1.0000,40656
14340,3759144960,93610.0,1786201356.9,2.8506,0.075,1.0000,40659
14360,3764387840,93739.1,1786201486.1,2.8120,0.076,1.0000,40584
14380,3769630720,93868.1,1786201615.1,2.8495,0.077,1.0000,40659
14400,3774873600,93997.0,1786201744.0,2.8782,0.078,1.0000,40662
14420,3780116480,94125.9,1786201872.9,2.8243,0.077,1.0000,40674
14440,3785359360,94255.0,1786202001.9,2.8628,0.077,1.0000,40636
14460,3790602240,94384.2,1786202131.1,2.8313,0.075,1.0000,40578
14480,3795845120,94513.4,1786202260.4,2.9375,0.079,1.0000,40560
14500,3801088000,94642.6,1786202389.5,2.8330,0.078,1.0000,40598
14520,3806330880,94788.0,1786202535.0,2.8752,0.077,1.0000,36051
14540,3811573760,94916.9,1786202663.9,2.7758,0.075,1.0000,40675
14560,3816816640,95046.0,1786202793.0,2.8614,0.076,1.0000,40616
14580,3822059520,95175.1,1786202922.1,2.7918,0.076,1.0000,40598
14600,3827302400,95304.7,1786203051.6,2.8583,0.076,1.0000,40473
14620,3832545280,95433.7,1786203180.7,2.8201,0.077,1.0000,40632
14640,3837788160,95562.7,1786203309.6,2.8760,0.076,1.0000,40654
14660,3843031040,95691.6,1786203438.6,2.8669,0.078,1.0000,40648
14680,3848273920,95820.7,1786203567.6,2.8607,0.075,1.0000,40634
14700,3853516800,95949.9,1786203696.9,2.8468,0.077,1.0000,40561
14720,3858759680,96079.3,1786203826.3,2.8317,0.077,1.0000,40528
14740,3864002560,96208.6,1786203955.6,2.8756,0.075,1.0000,40539
14760,3869245440,96350.5,1786204097.5,2.8512,0.075,1.0000,36938
14780,3874488320,96479.8,1786204226.7,2.7823,0.077,1.0000,40578
14800,3879731200,96609.0,1786204355.9,2.8461,0.077,1.0000,40578
14820,3884974080,96737.9,1786204484.9,2.8316,0.075,1.0000,40653
14840,3890216960,96866.9,1786204613.8,2.8887,0.077,1.0000,40661
14860,3895459840,96996.0,1786204743.0,2.8163,0.074,1.0000,40604
14880,3900702720,97125.0,1786204872.0,2.7915,0.076,1.0000,40641
14900,3905945600,97254.0,1786205001.0,2.8436,0.075,1.0000,40627
14920,3911188480,97383.0,1786205129.9,2.8844,0.076,1.0000,40672
14940,3916431360,97511.8,1786205258.8,2.8168,0.077,1.0000,40691
14960,3921674240,97640.7,1786205387.7,2.7953,0.075,1.0000,40682
14980,3926917120,97769.6,1786205516.6,2.8140,0.077,1.0000,40666
15000,3932160000,97898.5,1786205645.5,2.8200,0.078,1.0000,40679
15020,3937402880,98045.2,1786205792.2,2.8904,0.076,1.0000,35723
15040,3942645760,98174.1,1786205921.0,2.8851,0.076,1.0000,40702
15060,3947888640,98302.7,1786206049.7,2.8168,0.074,1.0000,40743
15080,3953131520,98431.4,1786206178.4,2.8118,0.076,1.0000,40745
15100,3958374400,98560.5,1786206307.4,2.7787,0.077,1.0000,40628
15120,3963617280,98689.3,1786206436.3,2.8327,0.076,1.0000,40697
15140,3968860160,98818.0,1786206565.0,2.8428,0.078,1.0000,40721
15160,3974103040,98946.8,1786206693.8,2.8715,0.074,1.0000,40708
15180,3979345920,99075.7,1786206822.7,2.8162,0.077,1.0000,40692
15200,3984588800,99204.6,1786206951.6,2.8600,0.074,1.0000,40665
15220,3989831680,99333.5,1786207080.5,2.8232,0.074,1.0000,40666
15240,3995074560,99462.3,1786207209.3,2.8594,0.074,1.0000,40705
15260,4000317440,99608.7,1786207355.7,2.8336,0.075,1.0000,35826
15280,4005560320,99737.6,1786207484.5,2.8720,0.076,1.0000,40678
15300,4010803200,99866.4,1786207613.4,2.9036,0.076,1.0000,40688
15320,4016046080,99995.3,1786207742.2,2.8247,0.077,1.0000,40694
15340,4021288960,100124.4,1786207871.4,2.7855,0.073,1.0000,40597
15360,4026531840,100253.4,1786208000.4,2.8013,0.075,1.0000,40645
15380,4031774720,100382.2,1786208129.2,2.8970,0.076,1.0000,40692
15400,4037017600,100511.2,1786208258.1,2.8830,0.077,1.0000,40666
15420,4042260480,100640.1,1786208387.1,2.8364,0.076,1.0000,40658
15440,4047503360,100769.1,1786208516.0,2.8692,0.075,1.0000,40658
15460,4052746240,100898.0,1786208644.9,2.7699,0.075,1.0000,40674
15480,4057989120,101026.8,1786208773.8,2.8614,0.077,1.0000,40682
15500,4063232000,101155.7,1786208902.7,2.8217,0.075,1.0000,40687
15520,4068474880,101302.9,1786209049.8,2.8240,0.075,1.0000,35623
15540,4073717760,101431.7,1786209178.7,2.8020,0.075,1.0000,40703
15560,4078960640,101560.7,1786209307.7,2.7741,0.075,1.0000,40639
15580,4084203520,101690.1,1786209437.0,2.8906,0.075,1.0000,40529
15600,4089446400,101819.0,1786209566.0,2.8385,0.075,1.0000,40658
15620,4094689280,101948.1,1786209695.1,2.7758,0.076,1.0000,40618
15640,4099932160,102077.2,1786209824.1,2.7623,0.074,1.0000,40618
15660,4105175040,102206.2,1786209953.2,2.8424,0.074,1.0000,40623
15680,4110417920,102335.4,1786210082.3,2.8585,0.074,1.0000,40597
15700,4115660800,102464.6,1786210211.6,2.8099,0.077,1.0000,40555
15720,4120903680,102593.9,1786210340.9,2.8392,0.074,1.0000,40553
15740,4126146560,102723.1,1786210470.0,2.8543,0.075,1.0000,40602
15760,4131389440,102867.5,1786210614.5,2.7983,0.074,1.0000,36295
15780,4136632320,102996.3,1786210743.3,2.7876,0.075,1.0000,40716
15800,4141875200,103125.1,1786210872.1,2.7651,0.074,1.0000,40702
15820,4147118080,103253.9,1786211000.9,2.8600,0.075,1.0000,40710
15840,4152360960,103382.9,1786211129.9,2.7704,0.074,1.0000,40637
15860,4157603840,103511.7,1786211258.7,2.8256,0.073,1.0000,40689
15880,4162846720,103640.6,1786211387.6,2.8271,0.079,1.0000,40696
15900,4168089600,103769.3,1786211516.3,2.8030,0.073,1.0000,40726
15920,4173332480,103898.1,1786211645.1,2.8099,0.074,1.0000,40716
15940,4178575360,104026.9,1786211773.9,2.7647,0.074,1.0000,40684
15960,4183818240,104155.7,1786211902.6,2.8157,0.073,1.0000,40730
15980,4189061120,104284.4,1786212031.3,2.8795,0.075,1.0000,40742
16000,4194304000,104413.3,1786212160.3,2.8086,0.073,1.0000,40663
16020,4199546880,104558.0,1786212305.0,2.8048,0.075,1.0000,36233
16040,4204789760,104686.7,1786212433.6,2.8000,0.073,1.0000,40747
16060,4210032640,104815.5,1786212562.5,2.8299,0.074,1.0000,40686
16080,4215275520,104944.7,1786212691.6,2.7692,0.072,1.0000,40601
16100,4220518400,105073.4,1786212820.4,2.8268,0.072,1.0000,40706
16120,4225761280,105202.4,1786212949.4,2.8231,0.073,1.0000,40664
16140,4231004160,105331.2,1786213078.2,2.8049,0.074,1.0000,40684
16160,4236247040,105460.0,1786213207.0,2.8136,0.075,1.0000,40709
16180,4241489920,105588.8,1786213335.8,2.8446,0.074,1.0000,40718
16200,4246732800,105717.6,1786213464.5,2.8843,0.073,1.0000,40721
16220,4251975680,105846.3,1786213593.3,2.8189,0.073,1.0000,40730
16240,4257218560,105975.1,1786213722.0,2.8583,0.074,1.0000,40708
16260,4262461440,106120.3,1786213867.3,2.8463,0.074,1.0000,36101
16280,4267704320,106249.2,1786213996.2,2.8211,0.075,1.0000,40676
16300,4272947200,106378.1,1786214125.1,2.9271,0.074,1.0000,40656
16320,4278190080,106507.3,1786214254.3,2.8037,0.073,1.0000,40590
16340,4283432960,106636.2,1786214383.1,2.7927,0.077,1.0000,40691
16360,4288675840,106765.0,1786214512.0,2.8136,0.073,1.0000,40694
16380,4293918720,106893.9,1786214640.8,2.8508,0.075,1.0000,40681
16400,4299161600,107022.6,1786214769.6,2.8615,0.076,1.0000,40727
16420,4304404480,107151.4,1786214898.4,2.8563,0.075,1.0000,40710
16440,4309647360,107280.2,1786215027.2,2.8189,0.072,1.0000,40700
16460,4314890240,107408.9,1786215155.9,2.8756,0.073,1.0000,40725
16480,4320133120,107537.7,1786215284.7,2.8107,0.071,1.0000,40721
16500,4325376000,107666.6,1786215413.6,2.8335,0.075,1.0000,40677
16520,4330618880,107811.9,1786215558.9,2.8121,0.072,1.0000,36072
16540,4335861760,107940.7,1786215687.7,2.8168,0.072,1.0000,40715
16560,4341104640,108069.8,1786215816.8,2.7896,0.074,1.0000,40596
16580,4346347520,108198.7,1786215945.7,2.8717,0.075,1.0000,40675
16600,4351590400,108327.6,1786216074.6,2.8094,0.073,1.0000,40680
16620,4356833280,108456.4,1786216203.4,2.8632,0.073,1.0000,40701
16640,4362076160,108585.2,1786216332.2,2.8294,0.071,1.0000,40726
16660,4367319040,108713.9,1786216460.8,2.8340,0.072,1.0000,40746
16680,4372561920,108842.7,1786216589.6,2.7720,0.074,1.0000,40702
16700,4377804800,108971.4,1786216718.4,2.8372,0.072,1.0000,40727
16720,4383047680,109100.3,1786216847.3,2.7834,0.073,1.0000,40681
16740,4388290560,109229.1,1786216976.1,2.8526,0.071,1.0000,40701
16760,4393533440,109375.0,1786217122.0,2.8133,0.073,1.0000,35934
16780,4398776320,109503.6,1786217250.6,2.8451,0.072,1.0000,40760
16800,4404019200,109632.3,1786217379.3,2.8036,0.072,1.0000,40750
16820,4409262080,109761.2,1786217508.2,2.7813,0.073,1.0000,40654
16840,4414504960,109890.0,1786217636.9,2.7782,0.075,1.0000,40734
16860,4419747840,110018.7,1786217765.6,2.7955,0.072,1.0000,40732
16880,4424990720,110147.4,1786217894.4,2.8396,0.073,1.0000,40732
16900,4430233600,110276.0,1786218023.0,2.8297,0.071,1.0000,40749
16920,4435476480,110404.8,1786218151.7,2.8213,0.072,1.0000,40732
16940,4440719360,110533.6,1786218280.5,2.8553,0.078,1.0000,40707
16960,4445962240,110662.4,1786218409.4,2.7648,0.072,1.0000,40680
16980,4451205120,110791.3,1786218538.3,2.8403,0.072,1.0000,40682
17000,4456448000,110920.3,1786218667.3,2.8169,0.073,1.0000,40655
17020,4461690880,111066.4,1786218813.4,2.7995,0.073,1.0000,35872
17040,4466933760,111195.4,1786218942.4,2.8733,0.076,1.0000,40659
17060,4472176640,111324.5,1786219071.5,2.7935,0.072,1.0000,40598
17080,4477419520,111453.5,1786219200.5,2.8295,0.073,1.0000,40650
17100,4482662400,111582.5,1786219329.5,2.7731,0.073,1.0000,40630
17120,4487905280,111711.5,1786219458.5,2.8315,0.077,1.0000,40643
17140,4493148160,111840.5,1786219587.5,2.7992,0.071,1.0000,40662
17160,4498391040,111969.3,1786219716.3,2.8425,0.073,1.0000,40705
17180,4503633920,112098.1,1786219845.1,2.8555,0.071,1.0000,40691
17200,4508876800,112227.0,1786219973.9,2.8416,0.072,1.0000,40690
17220,4514119680,112355.9,1786220102.9,2.7781,0.071,1.0000,40657
17240,4519362560,112484.9,1786220231.9,2.7586,0.071,1.0000,40642
17260,4524605440,112632.2,1786220379.2,2.8445,0.074,1.0000,35604
17280,4529848320,112761.1,1786220508.1,2.7782,0.071,1.0000,40673
17300,4535091200,112890.3,1786220637.3,2.7968,0.073,1.0000,40582
17320,4540334080,113019.3,1786220766.2,2.8138,0.071,1.0000,40643
17340,4545576960,113148.3,1786220895.3,2.8504,0.074,1.0000,40632
17360,4550819840,113277.3,1786221024.3,2.7816,0.073,1.0000,40649
17380,4556062720,113406.2,1786221153.2,2.8808,0.074,1.0000,40660
17400,4561305600,113535.1,1786221282.1,2.7625,0.073,1.0000,40675
17420,4566548480,113664.2,1786221411.1,2.7881,0.070,1.0000,40633
17440,4571791360,113793.2,1786221540.2,2.8158,0.070,1.0000,40621
17460,4577034240,113922.2,1786221669.1,2.8320,0.070,1.0000,40659
17480,4582277120,114051.1,1786221798.1,2.7869,0.074,1.0000,40664
17500,4587520000,114180.0,1786221926.9,2.8075,0.072,1.0000,40687
17520,4592762880,114325.3,1786222072.3,2.8473,0.070,1.0000,36078
17540,4598005760,114454.3,1786222201.3,2.8619,0.074,1.0000,40644
17560,4603248640,114583.5,1786222330.5,2.7793,0.073,1.0000,40560
17580,4608491520,114712.6,1786222459.5,2.8167,0.072,1.0000,40633
17600,4613734400,114841.5,1786222588.5,2.8136,0.072,1.0000,40663
17620,4618977280,114970.4,1786222717.4,2.8236,0.072,1.0000,40665
17640,4624220160,115099.3,1786222846.3,2.7948,0.072,1.0000,40687
17660,4629463040,115228.1,1786222975.1,2.7934,0.071,1.0000,40689
17680,4634705920,115357.0,1786223104.0,2.7496,0.071,1.0000,40691
17700,4639948800,115486.0,1786223232.9,2.8023,0.074,1.0000,40651
17720,4645191680,115614.9,1786223361.9,2.7995,0.071,1.0000,40651
17740,4650434560,115744.0,1786223490.9,2.7907,0.072,1.0000,40632
17760,4655677440,115890.1,1786223637.1,2.8843,0.072,1.0000,35882
17780,4660920320,116019.3,1786223766.2,2.8131,0.071,1.0000,40588
17800,4666163200,116148.8,1786223895.8,2.8052,0.071,1.0000,40456
17820,4671406080,116278.2,1786224025.2,2.8111,0.071,1.0000,40539
17840,4676648960,116407.6,1786224154.5,2.8430,0.072,1.0000,40522
17860,4681891840,116536.9,1786224283.9,2.7352,0.072,1.0000,40527
17880,4687134720,116666.3,1786224413.2,2.7802,0.071,1.0000,40539
17900,4692377600,116795.6,1786224542.6,2.8366,0.070,1.0000,40529
17920,4697620480,116924.9,1786224671.9,2.8038,0.073,1.0000,40562
17940,4702863360,117054.2,1786224801.2,2.8397,0.070,1.0000,40548
17960,4708106240,117183.5,1786224930.5,2.8472,0.073,1.0000,40538
17980,4713349120,117312.8,1786225059.8,2.7906,0.071,1.0000,40554
18000,4718592000,117441.9,1786225188.9,2.7852,0.072,1.0000,40600
18020,4723834880,117587.6,1786225334.5,2.7726,0.070,1.0000,35999
18040,4729077760,117717.1,1786225464.1,2.7341,0.071,1.0000,40483
18060,4734320640,117846.4,1786225593.4,2.8164,0.072,1.0000,40528
18080,4739563520,117975.8,1786225722.8,2.8516,0.071,1.0000,40513
18100,4744806400,118105.2,1786225852.2,2.7723,0.073,1.0000,40530
18120,4750049280,118234.5,1786225981.5,2.8182,0.070,1.0000,40540
18140,4755292160,118363.8,1786226110.8,2.8616,0.072,1.0000,40547
18160,4760535040,118493.1,1786226240.1,2.8151,0.072,1.0000,40547
18180,4765777920,118622.4,1786226369.4,2.8277,0.072,1.0000,40547
18200,4771020800,118751.7,1786226498.7,2.8056,0.070,1.0000,40558
18220,4776263680,118881.0,1786226628.0,2.7953,0.070,1.0000,40541
18240,4781506560,119010.4,1786226757.3,2.8377,0.072,1.0000,40542
18260,4786749440,119155.4,1786226902.4,2.8047,0.072,1.0000,36142
18280,4791992320,119284.9,1786227031.9,2.8448,0.072,1.0000,40482
18300,4797235200,119414.3,1786227161.2,2.8662,0.070,1.0000,40537
18320,4802478080,119543.5,1786227290.5,2.7814,0.072,1.0000,40555
18340,4807720960,119672.9,1786227419.8,2.7977,0.073,1.0000,40543
18360,4812963840,119802.1,1786227549.1,2.8416,0.076,1.0000,40556
18380,4818206720,119931.5,1786227678.4,2.7876,0.070,1.0000,40540
18400,4823449600,120060.8,1786227807.8,2.8010,0.070,1.0000,40522
18420,4828692480,120190.3,1786227937.3,2.8203,0.071,1.0000,40504
18440,4833935360,120319.7,1786228066.7,2.7842,0.069,1.0000,40499
18460,4839178240,120449.3,1786228196.2,2.8277,0.073,1.0000,40481
18480,4844421120,120578.6,1786228325.6,2.9144,0.070,1.0000,40528
18500,4849664000,120708.2,1786228455.1,2.7480,0.070,1.0000,40476
18520,4854906880,120853.7,1786228600.6,2.7705,0.071,1.0000,36033
18540,4860149760,120983.4,1786228730.3,2.7995,0.073,1.0000,40424
18560,4865392640,121112.9,1786228859.9,2.8116,0.070,1.0000,40477
18580,4870635520,121242.2,1786228989.2,2.7405,0.071,1.0000,40536
18600,4875878400,121371.6,1786229118.6,2.7799,0.069,1.0000,40521
18620,4881121280,121501.0,1786229248.0,2.8417,0.071,1.0000,40503
18640,4886364160,121630.5,1786229377.5,2.8417,0.071,1.0000,40488
18660,4891607040,121760.1,1786229507.1,2.8587,0.071,1.0000,40468
18680,4896849920,121889.6,1786229636.5,2.8322,0.068,1.0000,40495
18700,4902092800,122019.1,1786229766.1,2.7728,0.069,1.0000,40468
18720,4907335680,122148.6,1786229895.5,2.8020,0.070,1.0000,40506
18740,4912578560,122278.1,1786230025.1,2.7590,0.070,1.0000,40479
18760,4917821440,122423.5,1786230170.5,2.8678,0.070,1.0000,36054
18780,4923064320,122553.2,1786230300.2,2.7530,0.069,1.0000,40407
18800,4928307200,122682.8,1786230429.8,2.7986,0.071,1.0000,40462
18820,4933550080,122812.3,1786230559.3,2.8300,0.071,1.0000,40489
18840,4938792960,122941.7,1786230688.7,2.8275,0.071,1.0000,40521
18860,4944035840,123071.0,1786230818.0,2.8034,0.073,1.0000,40540
18880,4949278720,123200.4,1786230947.4,2.8315,0.073,1.0000,40527
18900,4954521600,123329.9,1786231076.8,2.8721,0.072,1.0000,40496
18920,4959764480,123459.6,1786231206.6,2.8135,0.070,1.0000,40413
18940,4965007360,123589.8,1786231336.8,2.7925,0.070,1.0000,40254
18960,4970250240,123720.7,1786231467.7,2.8438,0.069,1.0000,40064
18980,4975493120,123851.7,1786231598.7,2.8340,0.072,1.0000,40020
19000,4980736000,123982.9,1786231729.9,2.8295,0.070,1.0000,39951
19020,4985978880,124131.4,1786231878.4,2.8102,0.071,1.0000,35306
19040,4991221760,124262.4,1786232009.4,2.8027,0.070,1.0000,40016
19060,4996464640,124393.4,1786232140.4,2.7888,0.071,1.0000,40039
19080,5001707520,124525.7,1786232272.7,2.8099,0.071,1.0000,39628
19100,5006950400,124657.2,1786232404.2,2.8046,0.070,1.0000,39869
19120,5012193280,124788.8,1786232535.8,2.7484,0.070,1.0000,39840
19140,5017436160,124920.2,1786232667.2,2.7760,0.070,1.0000,39905
19160,5022679040,125051.9,1786232798.9,2.7989,0.071,1.0000,39790
19180,5027921920,125183.6,1786232930.6,2.8341,0.069,1.0000,39821
19200,5033164800,125315.1,1786233062.1,2.8387,0.071,1.0000,39859
19220,5038407680,125446.8,1786233193.7,2.7923,0.071,1.0000,39831
19240,5043650560,125578.1,1786233325.1,2.7638,0.068,1.0000,39909
19260,5048893440,125727.0,1786233474.0,2.8259,0.071,1.0000,35223
19280,5054136320,125858.5,1786233605.4,2.7915,0.073,1.0000,39880
19300,5059379200,125990.0,1786233737.0,2.8341,0.070,1.0000,39854
19320,5064622080,126121.4,1786233868.3,2.8203,0.070,1.0000,39914
19340,5069864960,126252.5,1786233999.5,2.8015,0.070,1.0000,39984
19360,5075107840,126383.6,1786234130.6,2.8058,0.070,1.0000,39986
19380,5080350720,126514.8,1786234261.7,2.7976,0.070,1.0000,39972
19400,5085593600,126645.7,1786234392.6,2.7676,0.069,1.0000,40055
19420,5090836480,126776.5,1786234523.5,2.7090,0.068,1.0000,40064
19440,5096079360,126907.4,1786234654.4,2.7967,0.074,1.0000,40050
19460,5101322240,127038.3,1786234785.3,2.9097,0.074,1.0000,40063
19480,5106565120,127169.1,1786234916.1,2.7601,0.067,1.0000,40082
19500,5111808000,127300.1,1786235047.1,2.7973,0.071,1.0000,40013
19520,5117050880,127447.0,1786235194.0,2.8060,0.069,1.0000,35702
19540,5122293760,127577.9,1786235324.9,2.8244,0.069,1.0000,40038
19560,5127536640,127708.8,1786235455.8,2.8322,0.068,1.0000,40047
19580,5132779520,127839.8,1786235586.8,2.7902,0.067,1.0000,40021
19600,5138022400,127970.8,1786235717.7,2.7958,0.071,1.0000,40050
19620,5143265280,128101.7,1786235848.7,2.8050,0.070,1.0000,40044
19640,5148508160,128232.4,1786235979.4,2.8230,0.071,1.0000,40099
19660,5153751040,128363.1,1786236110.1,2.7786,0.070,1.0000,40124
19680,5158993920,128493.9,1786236240.9,2.8164,0.070,1.0000,40080
19700,5164236800,128624.7,1786236371.6,2.7285,0.067,1.0000,40098
19720,5169479680,128755.3,1786236502.3,2.7802,0.070,1.0000,40117
19740,5174722560,128886.1,1786236633.1,2.7624,0.070,1.0000,40097
19760,5179965440,129034.4,1786236781.4,2.8119,0.070,1.0000,35353
19780,5185208320,129164.7,1786236911.7,2.7669,0.071,1.0000,40237
19800,5190451200,129295.2,1786237042.2,2.8137,0.069,1.0000,40182
19820,5195694080,129425.7,1786237172.6,2.8416,0.069,1.0000,40182
19840,5200936960,129556.1,1786237303.1,2.8015,0.070,1.0000,40189
19860,5206179840,129686.6,1786237433.6,2.8345,0.068,1.0000,40176
19880,5211422720,129817.2,1786237564.2,2.8096,0.069,1.0000,40147
19900,5216665600,129947.6,1786237694.6,2.7961,0.068,1.0000,40214
19920,5221908480,130078.7,1786237825.7,2.7541,0.069,1.0000,39975
19940,5227151360,130208.9,1786237955.9,2.7994,0.071,1.0000,40269
19960,5232394240,130339.2,1786238086.2,2.8714,0.070,1.0000,40250
19980,5237637120,130469.3,1786238216.3,2.8093,0.070,1.0000,40290
20000,5242880000,130599.6,1786238346.6,2.7881,0.070,1.0000,40240
20020,5248122880,130745.3,1786238492.2,2.7951,0.069,1.0000,35996
20040,5253365760,130875.2,1786238622.2,2.8163,0.072,1.0000,40356
20060,5258608640,131005.4,1786238752.4,2.8620,0.070,1.0000,40250
20080,5263851520,131135.7,1786238882.7,2.8249,0.069,1.0000,40240
20100,5269094400,131265.9,1786239012.9,2.8324,0.068,1.0000,40278
20120,5274337280,131396.0,1786239143.0,2.8347,0.070,1.0000,40303
20140,5279580160,131525.9,1786239272.8,2.8149,0.068,1.0000,40363
20160,5284823040,131655.7,1786239402.7,2.8559,0.068,1.0000,40375
20180,5290065920,131785.5,1786239532.5,2.8106,0.069,1.0000,40386
20200,5295308800,131915.4,1786239662.4,2.7447,0.069,1.0000,40366
20220,5300551680,132046.4,1786239793.4,2.8033,0.070,1.0000,40027
20240,5305794560,132176.6,1786239923.6,2.8189,0.068,1.0000,40258
20260,5311037440,132323.3,1786240070.3,2.8389,0.069,1.0000,35739
20280,5316280320,132453.4,1786240200.4,2.7307,0.068,1.0000,40312
20300,5321523200,132583.3,1786240330.3,2.7825,0.070,1.0000,40362
20320,5326766080,132713.0,1786240460.0,2.7723,0.068,1.0000,40416
20340,5332008960,132842.8,1786240589.7,2.7536,0.071,1.0000,40412
20360,5337251840,132972.4,1786240719.4,2.7710,0.069,1.0000,40440
20380,5342494720,133102.0,1786240849.0,2.7079,0.070,1.0000,40444
20400,5347737600,133231.8,1786240978.8,2.8187,0.069,1.0000,40393
20420,5352980480,133361.5,1786241108.5,2.7925,0.067,1.0000,40418
20440,5358223360,133491.3,1786241238.3,2.7710,0.069,1.0000,40402
20460,5363466240,133621.2,1786241368.2,2.8150,0.069,1.0000,40363
20480,5368709120,133751.2,1786241498.2,2.8223,0.068,1.0000,40335
20500,5373952000,133881.4,1786241628.4,2.8113,0.068,1.0000,40268
20520,5379194880,134026.1,1786241773.1,2.7803,0.067,1.0000,36220
20540,5384437760,134155.9,1786241902.9,2.7831,0.068,1.0000,40400
20560,5389680640,134285.6,1786242032.6,2.7286,0.069,1.0000,40423
20580,5394923520,134415.3,1786242162.3,2.7989,0.069,1.0000,40430
20600,5400166400,134545.1,1786242292.0,2.8276,0.071,1.0000,40403
20620,5405409280,134674.6,1786242421.6,2.7224,0.069,1.0000,40478
20640,5410652160,134804.1,1786242551.1,2.8845,0.068,1.0000,40471
20660,5415895040,134933.6,1786242680.6,2.7756,0.071,1.0000,40482
20680,5421137920,135063.0,1786242810.0,2.7949,0.068,1.0000,40528
20700,5426380800,135192.5,1786242939.5,2.7779,0.067,1.0000,40478
20720,5431623680,135322.0,1786243069.0,2.8129,0.069,1.0000,40486
20740,5436866560,135451.6,1786243198.6,2.8172,0.068,1.0000,40454
20760,5442109440,135597.9,1786243344.8,2.8049,0.066,1.0000,35851
20780,5447352320,135727.3,1786243474.3,2.8036,0.069,1.0000,40500
20800,5452595200,135856.8,1786243603.8,2.8109,0.068,1.0000,40478
20820,5457838080,135986.2,1786243733.2,2.7367,0.067,1.0000,40521
20840,5463080960,136115.7,1786243862.7,2.7623,0.068,1.0000,40490
20860,5468323840,136245.3,1786243992.2,2.7842,0.068,1.0000,40470
20880,5473566720,136374.8,1786244121.8,2.7921,0.067,1.0000,40474
20900,5478809600,136504.2,1786244251.2,2.8042,0.069,1.0000,40521
20920,5484052480,136633.4,1786244380.4,2.8414,0.069,1.0000,40579
20940,5489295360,136762.9,1786244509.9,2.8036,0.073,1.0000,40474
20960,5494538240,136892.3,1786244639.3,2.8222,0.066,1.0000,40521
20980,5499781120,137022.0,1786244769.0,2.7830,0.068,1.0000,40422
21000,5505024000,137151.4,1786244898.3,2.7025,0.068,1.0000,40534
21020,5510266880,137296.7,1786245043.7,2.7863,0.070,1.0000,36066
21040,5515509760,137426.0,1786245173.0,2.8355,0.070,1.0000,40552
21060,5520752640,137555.3,1786245302.3,2.7787,0.067,1.0000,40557
21080,5525995520,137684.6,1786245431.5,2.8243,0.071,1.0000,40556
21100,5531238400,137813.8,1786245560.7,2.7710,0.068,1.0000,40581
21120,5536481280,137943.0,1786245690.0,2.7584,0.068,1.0000,40560
21140,5541724160,138072.3,1786245819.3,2.7876,0.069,1.0000,40543
21160,5546967040,138201.6,1786245948.6,2.7787,0.068,1.0000,40555
21180,5552209920,138330.9,1786246077.9,2.7319,0.067,1.0000,40553
21200,5557452800,138460.4,1786246207.4,2.8106,0.068,1.0000,40490
21220,5562695680,138591.1,1786246338.1,2.7528,0.067,1.0000,40106
21240,5567938560,138722.0,1786246469.0,2.7816,0.068,1.0000,40060
21260,5573181440,138871.3,1786246618.3,2.7757,0.069,1.0000,35106
21280,5578424320,139002.0,1786246749.0,2.8006,0.069,1.0000,40134
21300,5583667200,139132.6,1786246879.6,2.7800,0.068,1.0000,40142
21320,5588910080,139263.0,1786247009.9,2.8093,0.068,1.0000,40212
21340,5594152960,139393.5,1786247140.5,2.7227,0.066,1.0000,40153
21360,5599395840,139525.3,1786247272.3,2.7948,0.069,1.0000,39790
21380,5604638720,139655.7,1786247402.7,2.7410,0.066,1.0000,40192
21400,5609881600,139786.2,1786247533.1,2.7793,0.068,1.0000,40201
21420,5615124480,139916.6,1786247663.6,2.7943,0.068,1.0000,40180
21440,5620367360,140046.9,1786247793.9,2.8137,0.070,1.0000,40246
21460,5625610240,140177.3,1786247924.3,2.7803,0.067,1.0000,40217
21480,5630853120,140307.8,1786248054.8,2.7528,0.067,1.0000,40155
21500,5636096000,140438.1,1786248185.0,2.8104,0.067,1.0000,40262
21520,5641338880,140586.4,1786248333.3,2.7310,0.066,1.0000,35353
21540,5646581760,140716.4,1786248463.4,2.7659,0.068,1.0000,40316
21560,5651824640,140846.6,1786248593.6,2.8081,0.068,1.0000,40277
21580,5657067520,140977.0,1786248724.0,2.7875,0.068,1.0000,40198
21600,5662310400,141107.5,1786248854.5,2.7716,0.067,1.0000,40169
21620,5667553280,141239.4,1786248986.4,2.7342,0.068,1.0000,39764
21640,5672796160,141369.6,1786249116.6,2.9035,0.067,1.0000,40260
21660,5678039040,141499.7,1786249246.7,2.8344,0.067,1.0000,40291
21680,5683281920,141629.9,1786249376.9,2.7860,0.067,1.0000,40278
21700,5688524800,141760.1,1786249507.0,2.8106,0.070,1.0000,40279
21720,5693767680,141890.3,1786249637.2,2.7314,0.068,1.0000,40267
21740,5699010560,142020.2,1786249767.1,2.8145,0.069,1.0000,40362
21760,5704253440,142167.6,1786249914.6,2.7990,0.070,1.0000,35551
21780,5709496320,142297.4,1786250044.4,2.7300,0.066,1.0000,40394
21800,5714739200,142427.3,1786250174.3,2.7837,0.068,1.0000,40374
21820,5719982080,142557.2,1786250304.2,2.7345,0.067,1.0000,40345
21840,5725224960,142686.9,1786250433.9,2.7925,0.068,1.0000,40426
21860,5730467840,142816.9,1786250563.9,2.7885,0.066,1.0000,40328
21880,5735710720,142946.7,1786250693.7,2.7960,0.067,1.0000,40397
21900,5740953600,143076.6,1786250823.5,2.7522,0.065,1.0000,40378
21920,5746196480,143206.4,1786250953.3,2.7911,0.066,1.0000,40391
21940,5751439360,143336.1,1786251083.1,2.7398,0.066,1.0000,40398
21960,5756682240,143466.2,1786251213.1,2.8335,0.068,1.0000,40324
21980,5761925120,143595.8,1786251342.8,2.7958,0.066,1.0000,40432
22000,5767168000,143725.4,1786251472.4,2.7611,0.066,1.0000,40459
22020,5772410880,143873.4,1786251620.4,2.7751,0.067,1.0000,35424
22040,5777653760,144003.1,1786251750.1,2.7794,0.068,1.0000,40436
22060,5782896640,144132.7,1786251879.6,2.7633,0.068,1.0000,40462
22080,5788139520,144262.4,1786252009.4,2.7574,0.067,1.0000,40415
22100,5793382400,144392.0,1786252139.0,2.8329,0.066,1.0000,40446
22120,5798625280,144522.2,1786252269.2,2.7942,0.066,1.0000,40263
22140,5803868160,144651.7,1786252398.7,2.8024,0.067,1.0000,40481
22160,5809111040,144781.4,1786252528.4,2.7238,0.068,1.0000,40436
22180,5814353920,144912.2,1786252659.2,2.7982,0.067,1.0000,40071
22200,5819596800,145043.2,1786252790.2,2.7997,0.066,1.0000,40024
22220,5824839680,145173.3,1786252920.2,2.7802,0.069,1.0000,40323
22240,5830082560,145303.0,1786253050.0,2.7910,0.069,1.0000,40417
22260,5835325440,145449.0,1786253196.0,2.6868,0.067,1.0000,35910
22280,5840568320,145578.6,1786253325.6,2.7833,0.067,1.0000,40435
22300,5845811200,145708.3,1786253455.3,2.7527,0.068,1.0000,40442
22320,5851054080,145837.8,1786253584.8,2.7721,0.066,1.0000,40465
22340,5856296960,145967.4,1786253714.4,2.7810,0.066,1.0000,40462
22360,5861539840,146096.9,1786253843.9,2.7748,0.066,1.0000,40485
22380,5866782720,146226.4,1786253973.4,2.7734,0.065,1.0000,40486
22400,5872025600,146356.1,1786254103.1,2.8101,0.067,1.0000,40425
22420,5877268480,146485.8,1786254232.8,2.7967,0.066,1.0000,40434
22440,5882511360,146615.4,1786254362.4,2.7696,0.066,1.0000,40439
22460,5887754240,146745.3,1786254492.3,2.7724,0.065,1.0000,40372
22480,5892997120,146875.1,1786254622.1,2.7754,0.067,1.0000,40387
22500,5898240000,147005.0,1786254752.0,2.7820,0.068,1.0000,40362
22520,5903482880,147152.0,1786254899.0,2.8577,0.069,1.0000,35666
22540,5908725760,147282.1,1786255029.1,2.7829,0.066,1.0000,40302
22560,5913968640,147412.2,1786255159.2,2.7983,0.066,1.0000,40301
22580,5919211520,147542.4,1786255289.3,2.7859,0.066,1.0000,40278
22600,5924454400,147672.6,1786255419.6,2.6651,0.066,1.0000,40244
22620,5929697280,147802.8,1786255549.8,2.7192,0.067,1.0000,40271
22640,5934940160,147932.9,1786255679.9,2.7666,0.066,1.0000,40292
22660,5940183040,148063.1,1786255810.1,2.7787,0.065,1.0000,40273
22680,5945425920,148193.2,1786255940.2,2.6956,0.066,1.0000,40294
22700,5950668800,148323.7,1786256070.7,2.7713,0.068,1.0000,40193
22720,5955911680,148453.8,1786256200.8,2.7861,0.065,1.0000,40294
22740,5961154560,148583.9,1786256330.9,2.7956,0.066,1.0000,40297
22760,5966397440,148730.8,1786256477.8,2.7660,0.066,1.0000,35681
22780,5971640320,148860.7,1786256607.7,2.8031,0.066,1.0000,40361
22800,5976883200,148990.8,1786256737.8,2.7664,0.065,1.0000,40319
22820,5982126080,149120.9,1786256867.9,2.7974,0.067,1.0000,40280
22840,5987368960,149250.8,1786256997.8,2.7875,0.065,1.0000,40369
22860,5992611840,149380.7,1786257127.7,2.7925,0.065,1.0000,40361
22880,5997854720,149510.8,1786257257.8,2.7719,0.067,1.0000,40311
22900,6003097600,149640.8,1786257387.8,2.7482,0.067,1.0000,40318
22920,6008340480,149770.9,1786257517.8,2.7916,0.068,1.0000,40314
22940,6013583360,149901.1,1786257648.1,2.7580,0.066,1.0000,40248
22960,6018826240,150031.1,1786257778.1,2.7814,0.067,1.0000,40333
22980,6024069120,150176.1,1786257923.1,2.7453,0.068,1.0000,36157
23000,6029312000,150306.0,1786258053.0,2.7979,0.068,1.0000,40361
23020,6034554880,150453.2,1786258200.2,2.7555,0.067,1.0000,35622
23040,6039797760,150583.2,1786258330.2,2.7948,0.066,1.0000,40325
23060,6045040640,150713.3,1786258460.2,2.7411,0.066,1.0000,40319
23080,6050283520,150843.2,1786258590.2,2.7594,0.065,1.0000,40349
23100,6055526400,150973.0,1786258720.0,2.7517,0.065,1.0000,40376
23120,6060769280,151102.9,1786258849.9,2.7761,0.067,1.0000,40362
23140,6066012160,151233.1,1786258980.0,2.7580,0.067,1.0000,40292
23160,6071255040,151363.3,1786259110.3,2.8256,0.065,1.0000,40255
23180,6076497920,151493.8,1786259240.8,2.7450,0.065,1.0000,40164
23200,6081740800,151624.1,1786259371.1,2.8148,0.067,1.0000,40257
23220,6086983680,151754.4,1786259501.3,2.7504,0.066,1.0000,40242
23240,6092226560,151884.6,1786259631.6,2.7498,0.069,1.0000,40252
23260,6097469440,152031.3,1786259778.3,2.7280,0.065,1.0000,35736
23280,6102712320,152161.5,1786259908.4,2.7773,0.066,1.0000,40286
23300,6107955200,152291.5,1786260038.5,2.7596,0.065,1.0000,40315
23320,6113198080,152421.6,1786260168.6,2.8021,0.066,1.0000,40289
23340,6118440960,152551.9,1786260298.9,2.7440,0.066,1.0000,40251
23360,6123683840,152682.1,1786260429.1,2.7541,0.066,1.0000,40272
23380,6128926720,152812.2,1786260559.1,2.7398,0.066,1.0000,40305
23400,6134169600,152942.1,1786260689.0,2.7606,0.068,1.0000,40361
23420,6139412480,153071.9,1786260818.9,2.8046,0.066,1.0000,40387
23440,6144655360,153202.0,1786260949.0,2.7764,0.066,1.0000,40299
23460,6149898240,153331.7,1786261078.7,2.7950,0.066,1.0000,40410
23480,6155141120,153461.4,1786261208.4,2.7704,0.065,1.0000,40429
23500,6160384000,153591.1,1786261338.1,2.7918,0.067,1.0000,40412
23520,6165626880,153738.2,1786261485.2,2.7158,0.066,1.0000,35642
23540,6170869760,153867.9,1786261614.9,2.7601,0.065,1.0000,40437
23560,6176112640,153997.7,1786261744.7,2.8137,0.067,1.0000,40386
23580,6181355520,154127.4,1786261874.4,2.7562,0.064,1.0000,40421
23600,6186598400,154257.2,1786262004.2,2.8381,0.067,1.0000,40406
23620,6191841280,154386.8,1786262133.8,2.7429,0.066,1.0000,40434
23640,6197084160,154516.6,1786262263.6,2.7324,0.066,1.0000,40398
23660,6202327040,154647.0,1786262394.0,2.7183,0.065,1.0000,40220
23680,6207569920,154777.0,1786262524.0,2.7760,0.065,1.0000,40327
23700,6212812800,154906.8,1786262653.8,2.8229,0.067,1.0000,40375
23720,6218055680,155036.8,1786262783.8,2.7344,0.065,1.0000,40344
23740,6223298560,155166.7,1786262913.7,2.7778,0.066,1.0000,40364
23760,6228541440,155313.8,1786263060.8,2.7478,0.065,1.0000,35626
23780,6233784320,155443.6,1786263190.6,2.7596,0.064,1.0000,40402
23800,6239027200,155573.4,1786263320.4,2.7712,0.065,1.0000,40390
23820,6244270080,155703.3,1786263450.3,2.8515,0.065,1.0000,40373
23840,6249512960,155833.1,1786263580.1,2.8306,0.067,1.0000,40379
23860,6254755840,155963.0,1786263709.9,2.7938,0.065,1.0000,40379
23880,6259998720,156092.8,1786263839.8,2.7726,0.065,1.0000,40372
23900,6265241600,156222.7,1786263969.7,2.8186,0.066,1.0000,40378
23920,6270484480,156352.9,1786264099.8,2.8481,0.067,1.0000,40272
23940,6275727360,156482.7,1786264229.7,2.6984,0.065,1.0000,40365
23960,6280970240,156612.5,1786264359.4,2.7223,0.071,1.0000,40421
23980,6286213120,156742.3,1786264489.3,2.7660,0.064,1.0000,40380
24000,6291456000,156872.1,1786264619.1,2.7945,0.067,1.0000,40377
24020,6296698880,157019.0,1786264766.0,2.7774,0.065,1.0000,35694
24040,6301941760,157148.8,1786264895.8,2.7308,0.066,1.0000,40403
24060,6307184640,157278.6,1786265025.6,2.7652,0.068,1.0000,40380
24080,6312427520,157408.5,1786265155.5,2.7910,0.065,1.0000,40373
24100,6317670400,157538.2,1786265285.2,2.7703,0.067,1.0000,40417
24120,6322913280,157668.0,1786265415.0,2.8019,0.064,1.0000,40402
24140,6328156160,157797.8,1786265544.8,2.7663,0.065,1.0000,40386
24160,6333399040,157927.8,1786265674.7,2.7994,0.066,1.0000,40338
24180,6338641920,158057.4,1786265804.4,2.7917,0.064,1.0000,40447
24200,6343884800,158187.1,1786265934.0,2.7899,0.064,1.0000,40430
24220,6349127680,158316.9,1786266063.8,2.7073,0.064,1.0000,40393
24240,6354370560,158446.6,1786266193.6,2.8020,0.065,1.0000,40418
24260,6359613440,158593.4,1786266340.4,2.8073,0.066,1.0000,35700
24280,6364856320,158723.2,1786266470.2,2.8388,0.066,1.0000,40400
24300,6370099200,158853.0,1786266600.0,2.7966,0.064,1.0000,40393
24320,6375342080,158982.8,1786266729.8,2.7311,0.064,1.0000,40400
24340,6380584960,159112.6,1786266859.6,2.8036,0.071,1.0000,40376
24360,6385827840,159242.5,1786266989.5,2.7810,0.065,1.0000,40374
24380,6391070720,159372.2,1786267119.2,2.7403,0.066,1.0000,40409
24400,6396313600,159501.9,1786267248.9,2.7478,0.064,1.0000,40421
24420,6401556480,159632.0,1786267379.0,2.7665,0.065,1.0000,40314
24440,6406799360,159761.8,1786267508.8,2.8672,0.065,1.0000,40376
24460,6412042240,159891.7,1786267638.7,2.8367,0.064,1.0000,40365
24480,6417285120,160022.7,1786267769.7,2.7466,0.067,1.0000,40033
24500,6422528000,160152.6,1786267899.6,2.7183,0.066,1.0000,40367
24520,6427770880,160300.0,1786268047.0,2.7941,0.066,1.0000,35571
24540,6433013760,160429.7,1786268176.7,2.8672,0.067,1.0000,40399
24560,6438256640,160559.4,1786268306.4,2.8034,0.065,1.0000,40430
24580,6443499520,160689.3,1786268436.3,2.8006,0.065,1.0000,40369
24600,6448742400,160819.1,1786268566.1,2.7886,0.066,1.0000,40400
24620,6453985280,160948.8,1786268695.8,2.7243,0.065,1.0000,40400
24640,6459228160,161078.6,1786268825.6,2.8230,0.064,1.0000,40406
24660,6464471040,161208.7,1786268955.7,2.7851,0.068,1.0000,40289
24680,6469713920,161338.6,1786269085.5,2.7763,0.064,1.0000,40384
24700,6474956800,161468.5,1786269215.5,2.8195,0.065,1.0000,40346
24720,6480199680,161598.3,1786269345.3,2.7618,0.064,1.0000,40402
24740,6485442560,161728.2,1786269475.2,2.8403,0.066,1.0000,40344
24760,6490685440,161873.5,1786269620.5,2.7911,0.064,1.0000,36095
24780,6495928320,162003.3,1786269750.2,2.7729,0.063,1.0000,40399
24800,6501171200,162133.0,1786269880.0,2.7590,0.065,1.0000,40405
24820,6506414080,162262.8,1786270009.7,2.7828,0.065,1.0000,40408
24840,6511656960,162392.6,1786270139.6,2.7553,0.066,1.0000,40379
24860,6516899840,162522.3,1786270269.3,2.7586,0.067,1.0000,40414
24880,6522142720,162652.1,1786270399.1,2.7813,0.067,1.0000,40392
24900,6527385600,162782.2,1786270529.2,2.7660,0.068,1.0000,40305
24920,6532628480,162912.0,1786270659.0,2.7416,0.065,1.0000,40402
24940,6537871360,163041.8,1786270788.8,2.8288,0.066,1.0000,40383
24960,6543114240,163171.6,1786270918.6,2.7077,0.068,1.0000,40386
24980,6548357120,163301.4,1786271048.4,2.7712,0.064,1.0000,40395
25000,6553600000,163431.1,1786271178.1,2.7230,0.062,1.0000,40429
25020,6558842880,163578.1,1786271325.1,2.7859,0.064,1.0000,35659
25040,6564085760,163707.9,1786271454.9,2.8015,0.068,1.0000,40406
25060,6569328640,163837.6,1786271584.6,2.7693,0.066,1.0000,40405
25080,6574571520,163967.4,1786271714.4,2.7576,0.065,1.0000,40402
25100,6579814400,164097.2,1786271844.2,2.7709,0.063,1.0000,40396
25120,6585057280,164227.0,1786271974.0,2.7326,0.066,1.0000,40391
25140,6590300160,164356.8,1786272103.7,2.7691,0.065,1.0000,40405
25160,6595543040,164486.8,1786272233.8,2.7640,0.067,1.0000,40324
25180,6600785920,164616.5,1786272363.5,2.8290,0.066,1.0000,40403
25200,6606028800,164746.3,1786272493.3,2.8129,0.065,1.0000,40412
25220,6611271680,164875.9,1786272622.9,2.7609,0.065,1.0000,40446
25240,6616514560,165005.6,1786272752.5,2.7722,0.063,1.0000,40441
25260,6621757440,165153.1,1786272900.0,2.7682,0.065,1.0000,35543
25280,6627000320,165282.8,1786273029.8,2.7776,0.065,1.0000,40413
25300,6632243200,165412.5,1786273159.5,2.7514,0.065,1.0000,40408
25320,6637486080,165542.3,1786273289.3,2.7688,0.065,1.0000,40394
25340,6642728960,165672.1,1786273419.1,2.7500,0.063,1.0000,40406
25360,6647971840,165801.9,1786273548.8,2.7515,0.063,1.0000,40403
25380,6653214720,165931.6,1786273678.6,2.7232,0.064,1.0000,40415
25400,6658457600,166061.5,1786273808.5,2.7623,0.065,1.0000,40343
25420,6663700480,166191.2,1786273938.2,2.7839,0.064,1.0000,40435
25440,6668943360,166320.8,1786274067.8,2.7294,0.065,1.0000,40456
25460,6674186240,166450.3,1786274197.3,2.8201,0.065,1.0000,40479
25480,6679429120,166579.9,1786274326.9,2.7710,0.065,1.0000,40464
25500,6684672000,166709.5,1786274456.4,2.7544,0.063,1.0000,40461
25520,6689914880,166868.9,1786274615.9,2.7823,0.065,1.0000,32887
25540,6695157760,166998.4,1786274745.4,2.7138,0.063,1.0000,40488
25560,6700400640,167128.0,1786274875.0,2.7792,0.064,1.0000,40454
25580,6705643520,167257.5,1786275004.5,2.7581,0.063,1.0000,40473
25600,6710886400,167387.0,1786275134.0,2.7271,0.066,1.0000,40478
25620,6716129280,167516.8,1786275263.7,2.7689,0.065,1.0000,40413
25640,6721372160,167646.7,1786275393.7,2.7726,0.065,1.0000,40346
25660,6726615040,167776.4,1786275523.4,2.7238,0.065,1.0000,40427
25680,6731857920,167906.0,1786275653.0,2.7549,0.065,1.0000,40447
25700,6737100800,168035.7,1786275782.7,2.7661,0.067,1.0000,40425
25720,6742343680,168165.4,1786275912.4,2.7520,0.065,1.0000,40435
25740,6747586560,168295.1,1786276042.0,2.7756,0.067,1.0000,40432
25760,6752829440,168441.0,1786276187.9,2.8124,0.065,1.0000,35934
25780,6758072320,168570.5,1786276317.5,2.7264,0.064,1.0000,40475
25800,6763315200,168700.2,1786276447.2,2.7941,0.063,1.0000,40427
25820,6768558080,168829.8,1786276576.8,2.7347,0.067,1.0000,40434
25840,6773800960,168959.5,1786276706.5,2.7169,0.065,1.0000,40435
25860,6779043840,169089.2,1786276836.2,2.7561,0.066,1.0000,40426
25880,6784286720,169218.9,1786276965.9,2.7531,0.065,1.0000,40427
25900,6789529600,169348.8,1786277095.8,2.6686,0.064,1.0000,40344
25920,6794772480,169478.6,1786277225.6,2.7401,0.063,1.0000,40409
25940,6800015360,169608.3,1786277355.2,2.7377,0.065,1.0000,40435
25960,6805258240,169737.9,1786277484.9,2.8079,0.065,1.0000,40430
25980,6810501120,169867.6,1786277614.6,2.7099,0.062,1.0000,40427
26000,6815744000,169997.3,1786277744.3,2.7845,0.064,1.0000,40437
26020,6820986880,170143.6,1786277890.6,2.7733,0.064,1.0000,35832
26040,6826229760,170273.3,1786278020.3,2.7348,0.064,1.0000,40415
26060,6831472640,170403.0,1786278150.0,2.7781,0.062,1.0000,40427
26080,6836715520,170532.7,1786278279.7,2.7532,0.064,1.0000,40413
26100,6841958400,170662.4,1786278409.4,2.7533,0.065,1.0000,40428
26120,6847201280,170792.1,1786278539.1,2.8243,0.066,1.0000,40424
26140,6852444160,170922.1,1786278669.1,2.7018,0.063,1.0000,40327
26160,6857687040,171051.9,1786278798.9,2.8050,0.065,1.0000,40410
26180,6862929920,171181.6,1786278928.6,2.7363,0.064,1.0000,40416
26200,6868172800,171311.1,1786279058.1,2.7515,0.063,1.0000,40475
26220,6873415680,171440.7,1786279187.7,2.7527,0.062,1.0000,40470
26240,6878658560,171570.3,1786279317.3,2.7161,0.063,1.0000,40436
26260,6883901440,171717.2,1786279464.2,2.7202,0.062,1.0000,35703
26280,6889144320,171846.8,1786279593.8,2.7180,0.064,1.0000,40458
26300,6894387200,171976.3,1786279723.3,2.7494,0.065,1.0000,40467
26320,6899630080,172106.0,1786279853.0,2.7802,0.063,1.0000,40435
26340,6904872960,172235.6,1786279982.6,2.7548,0.066,1.0000,40438
26360,6910115840,172365.2,1786280112.2,2.7097,0.066,1.0000,40454
26380,6915358720,172495.2,1786280242.2,2.7528,0.063,1.0000,40349
26400,6920601600,172624.9,1786280371.9,2.7201,0.064,1.0000,40425
26420,6925844480,172754.6,1786280501.5,2.7626,0.062,1.0000,40431
26440,6931087360,172884.3,1786280631.3,2.7389,0.063,1.0000,40405
26460,6936330240,173014.1,1786280761.1,2.7625,0.064,1.0000,40384
26480,6941573120,173143.9,1786280890.9,2.7525,0.063,1.0000,40396
26500,6946816000,173273.7,1786281020.6,2.7617,0.063,1.0000,40412
26520,6952058880,173417.4,1786281164.4,2.8330,0.064,1.0000,36477
26540,6957301760,173547.0,1786281294.0,2.8269,0.064,1.0000,40459
26560,6962544640,173676.6,1786281423.6,2.7507,0.065,1.0000,40448
26580,6967787520,173806.2,1786281553.2,2.7367,0.062,1.0000,40451
26600,6973030400,173935.8,1786281682.8,2.6912,0.065,1.0000,40452
26620,6978273280,174065.6,1786281812.6,2.8327,0.063,1.0000,40385
26640,6983516160,174195.2,1786281942.2,2.7154,0.065,1.0000,40454
26660,6988759040,174324.9,1786282071.8,2.7016,0.061,1.0000,40449
26680,6994001920,174454.5,1786282201.5,2.7962,0.063,1.0000,40442
26700,6999244800,174584.2,1786282331.2,2.8133,0.063,1.0000,40421
26720,7004487680,174713.7,1786282460.7,2.6956,0.062,1.0000,40475
26740,7009730560,174843.3,1786282590.2,2.7423,0.063,1.0000,40477
26760,7014973440,174990.1,1786282737.1,2.7288,0.064,1.0000,35706
26780,7020216320,175119.5,1786282866.5,2.7649,0.063,1.0000,40514
26800,7025459200,175249.1,1786282996.1,2.8140,0.063,1.0000,40461
26820,7030702080,175378.7,1786283125.7,2.8167,0.062,1.0000,40443
26840,7035944960,175508.3,1786283255.3,2.7858,0.062,1.0000,40457
26860,7041187840,175638.2,1786283385.2,2.7815,0.063,1.0000,40372
26880,7046430720,175767.7,1786283514.6,2.7026,0.064,1.0000,40493
26900,7051673600,175897.2,1786283644.2,2.7839,0.064,1.0000,40477
26920,7056916480,176026.7,1786283773.7,2.7315,0.064,1.0000,40471
26940,7062159360,176156.2,1786283903.2,2.7641,0.065,1.0000,40480
26960,7067402240,176285.8,1786284032.8,2.7640,0.065,1.0000,40464
26980,7072645120,176415.3,1786284162.3,2.7199,0.062,1.0000,40489
27000,7077888000,176544.9,1786284291.9,2.7807,0.063,1.0000,40447
27020,7083130880,176690.5,1786284437.5,2.7764,0.064,1.0000,36019
27040,7088373760,176820.0,1786284567.0,2.7496,0.064,1.0000,40480
27060,7093616640,176949.6,1786284696.6,2.7354,0.063,1.0000,40465
27080,7098859520,177079.1,1786284826.0,2.7427,0.063,1.0000,40487
27100,7104102400,177208.6,1786284955.6,2.7199,0.062,1.0000,40474
27120,7109345280,177338.3,1786285085.3,2.7742,0.063,1.0000,40415
27140,7114588160,177467.8,1786285214.8,2.7766,0.063,1.0000,40488
27160,7119831040,177597.4,1786285344.3,2.6742,0.064,1.0000,40473
27180,7125073920,177727.0,1786285473.9,2.7525,0.063,1.0000,40455
27200,7130316800,177856.6,1786285603.6,2.7724,0.063,1.0000,40449
27220,7135559680,177986.2,1786285733.2,2.6977,0.063,1.0000,40439
27240,7140802560,178115.8,1786285862.8,2.7913,0.062,1.0000,40446
27260,7146045440,178262.2,1786286009.2,2.7343,0.062,1.0000,35818
27280,7151288320,178391.8,1786286138.8,2.7622,0.064,1.0000,40459
27300,7156531200,178521.3,1786286268.3,2.7510,0.063,1.0000,40480
27320,7161774080,178650.8,1786286397.7,2.7424,0.062,1.0000,40503
27340,7167016960,178780.3,1786286527.3,2.7138,0.062,1.0000,40481
27360,7172259840,178910.2,1786286657.1,2.7186,0.062,1.0000,40370
27380,7177502720,179039.7,1786286786.7,2.6897,0.064,1.0000,40475
27400,7182745600,179169.2,1786286916.2,2.7829,0.063,1.0000,40486
27420,7187988480,179298.7,1786287045.7,2.8094,0.062,1.0000,40482
27440,7193231360,179428.2,1786287175.2,2.7034,0.063,1.0000,40486
27460,7198474240,179557.7,1786287304.7,2.8376,0.065,1.0000,40490
27480,7203717120,179687.2,1786287434.2,2.7585,0.064,1.0000,40481
27500,7208960000,179816.8,1786287563.8,2.7847,0.062,1.0000,40447
27520,7214202880,179962.6,1786287709.6,2.7432,0.062,1.0000,35960
27540,7219445760,180092.0,1786287839.0,2.7320,0.062,1.0000,40512
27560,7224688640,180221.5,1786287968.4,2.7883,0.064,1.0000,40510
27580,7229931520,180350.9,1786288097.9,2.7966,0.063,1.0000,40501
27600,7235174400,180480.6,1786288227.6,2.7315,0.065,1.0000,40411
27620,7240417280,180610.1,1786288357.1,2.7228,0.062,1.0000,40508
27640,7245660160,180739.5,1786288486.5,2.7987,0.062,1.0000,40504
27660,7250903040,180869.0,1786288616.0,2.7444,0.062,1.0000,40478
27680,7256145920,180998.7,1786288745.7,2.7965,0.062,1.0000,40441
27700,7261388800,181128.3,1786288875.3,2.7281,0.063,1.0000,40438
27720,7266631680,181257.9,1786289004.9,2.7164,0.063,1.0000,40451
27740,7271874560,181387.4,1786289134.4,2.8150,0.063,1.0000,40498
27760,7277117440,181532.0,1786289279.0,2.7634,0.062,1.0000,36254
27780,7282360320,181661.6,1786289408.5,2.7292,0.061,1.0000,40474
27800,7287603200,181791.0,1786289538.0,2.7011,0.065,1.0000,40490
27820,7292846080,181920.5,1786289667.5,2.7207,0.063,1.0000,40488
27840,7298088960,182050.3,1786289797.3,2.7231,0.064,1.0000,40412
27860,7303331840,182179.7,1786289926.7,2.8006,0.065,1.0000,40502
27880,7308574720,182309.2,1786290056.2,2.7803,0.065,1.0000,40488
27900,7313817600,182438.8,1786290185.8,2.7017,0.062,1.0000,40461
27920,7319060480,182568.4,1786290315.4,2.7283,0.063,1.0000,40451
27940,7324303360,182698.0,1786290445.0,2.8394,0.063,1.0000,40454
27960,7329546240,182827.7,1786290574.6,2.7165,0.063,1.0000,40441
27980,7334789120,182957.3,1786290704.2,2.7559,0.062,1.0000,40454
28000,7340032000,183086.8,1786290833.8,2.8025,0.064,1.0000,40458
28020,7345274880,183231.6,1786290978.6,2.7209,0.064,1.0000,36218
28040,7350517760,183361.2,1786291108.2,2.7641,0.063,1.0000,40457
28060,7355760640,183490.8,1786291237.8,2.7644,0.063,1.0000,40451
28080,7361003520,183620.4,1786291367.4,2.7651,0.061,1.0000,40453
28100,7366246400,183750.3,1786291497.3,2.7837,0.061,1.0000,40361
28120,7371489280,183879.9,1786291626.9,2.7061,0.061,1.0000,40444
28140,7376732160,184009.6,1786291756.5,2.7562,0.062,1.0000,40449
28160,7381975040,184139.2,1786291886.2,2.6617,0.061,1.0000,40431
28180,7387217920,184268.9,1786292015.9,2.7756,0.066,1.0000,40421
28200,7392460800,184398.6,1786292145.6,2.8116,0.063,1.0000,40433
28220,7397703680,184528.1,1786292275.1,2.7770,0.062,1.0000,40480
28240,7402946560,184657.8,1786292404.7,2.7874,0.063,1.0000,40440
28260,7408189440,184803.4,1786292550.4,2.7757,0.061,1.0000,35988
28280,7413432320,184932.9,1786292679.9,2.7880,0.065,1.0000,40495
28300,7418675200,185062.3,1786292809.3,2.7310,0.062,1.0000,40512
28320,7423918080,185191.8,1786292938.8,2.7856,0.064,1.0000,40491
28340,7429160960,185321.7,1786293068.7,2.7045,0.063,1.0000,40357
28360,7434403840,185451.4,1786293198.3,2.8056,0.065,1.0000,40443
28380,7439646720,185580.9,1786293327.9,2.6678,0.062,1.0000,40470
28400,7444889600,185710.4,1786293457.4,2.7745,0.064,1.0000,40486
28420,7450132480,185840.0,1786293587.0,2.7123,0.064,1.0000,40462
28440,7455375360,185969.5,1786293716.5,2.7477,0.062,1.0000,40487
28460,7460618240,186099.0,1786293846.0,2.7659,0.062,1.0000,40488
28480,7465861120,186228.5,1786293975.4,2.6897,0.063,1.0000,40490
28500,7471104000,186357.9,1786294104.9,2.7689,0.062,1.0000,40493
28520,7476346880,186502.6,1786294249.6,2.7296,0.063,1.0000,36232
28540,7481589760,186632.3,1786294379.3,2.7742,0.063,1.0000,40445
28560,7486832640,186761.8,1786294508.8,2.7422,0.062,1.0000,40471
28580,7492075520,186891.6,1786294638.6,2.7613,0.062,1.0000,40391
28600,7497318400,187021.1,1786294768.1,2.7195,0.061,1.0000,40487
28620,7502561280,187150.7,1786294897.7,2.7175,0.066,1.0000,40447
28640,7507804160,187280.4,1786295027.4,2.7438,0.064,1.0000,40442
28660,7513047040,187409.9,1786295156.9,2.7533,0.061,1.0000,40483
28680,7518289920,187539.4,1786295286.4,2.8216,0.062,1.0000,40479
28700,7523532800,187668.9,1786295415.9,2.7702,0.061,1.0000,40480
28720,7528775680,187798.4,1786295545.4,2.7569,0.062,1.0000,40481
28740,7534018560,187928.1,1786295675.0,2.7028,0.061,1.0000,40451
28760,7539261440,188074.6,1786295821.6,2.7493,0.060,1.0000,35775
28780,7544504320,188204.0,1786295951.0,2.7420,0.063,1.0000,40507
28800,7549747200,188333.5,1786296080.5,2.8230,0.066,1.0000,40494
28820,7554990080,188462.9,1786296209.9,2.7968,0.062,1.0000,40514
28840,7560232960,188592.7,1786296339.7,2.7125,0.061,1.0000,40391
28860,7565475840,188722.2,1786296469.2,2.7105,0.063,1.0000,40492
28880,7570718720,188851.8,1786296598.8,2.6929,0.063,1.0000,40451
28900,7575961600,188981.4,1786296728.4,2.7383,0.061,1.0000,40459
28920,7581204480,189110.9,1786296857.9,2.7602,0.062,1.0000,40489
28940,7586447360,189240.4,1786296987.4,2.7436,0.064,1.0000,40485
28960,7591690240,189369.8,1786297116.8,2.7455,0.061,1.0000,40509
28980,7596933120,189499.4,1786297246.4,2.7433,0.062,1.0000,40453
29000,7602176000,189629.0,1786297376.0,2.6784,0.062,1.0000,40462
29020,7607418880,189775.0,1786297522.0,2.7476,0.062,1.0000,35904
29040,7612661760,189904.5,1786297651.5,2.7367,0.066,1.0000,40488
29060,7617904640,190034.1,1786297781.0,2.7654,0.062,1.0000,40471
29080,7623147520,190163.9,1786297910.9,2.7647,0.064,1.0000,40375
29100,7628390400,190293.5,1786298040.5,2.7937,0.063,1.0000,40463
29120,7633633280,190423.1,1786298170.0,2.6747,0.062,1.0000,40461
29140,7638876160,190552.6,1786298299.6,2.7341,0.062,1.0000,40481
29160,7644119040,190682.2,1786298429.1,2.6831,0.061,1.0000,40457
29180,7649361920,190811.6,1786298558.6,2.7524,0.062,1.0000,40491
29200,7654604800,190941.1,1786298688.1,2.7202,0.061,1.0000,40510
29220,7659847680,191070.6,1786298817.6,2.6886,0.061,1.0000,40466
29240,7665090560,191200.0,1786298947.0,2.7558,0.061,1.0000,40518
29260,7670333440,191346.3,1786299093.3,2.6789,0.060,1.0000,35833
29280,7675576320,191475.8,1786299222.8,2.7802,0.061,1.0000,40485
29300,7680819200,191605.4,1786299352.4,2.8083,0.062,1.0000,40464
29320,7686062080,191735.2,1786299482.2,2.7349,0.062,1.0000,40392
29340,7691304960,191864.6,1786299611.5,2.7846,0.064,1.0000,40530
29360,7696547840,191994.0,1786299740.9,2.7553,0.061,1.0000,40517
29380,7701790720,192123.5,1786299870.5,2.7244,0.062,1.0000,40478
29400,7707033600,192253.1,1786300000.0,2.7606,0.062,1.0000,40463
29420,7712276480,192382.6,1786300129.6,2.7366,0.072,1.0000,40484
29440,7717519360,192512.0,1786300259.0,2.7669,0.063,1.0000,40501
29460,7722762240,192641.6,1786300388.6,2.7072,0.061,1.0000,40469
29480,7728005120,192771.1,1786300518.1,2.6994,0.060,1.0000,40478
29500,7733248000,192900.5,1786300647.5,2.7548,0.063,1.0000,40519
29520,7738490880,193046.8,1786300793.7,2.6940,0.061,1.0000,35843
29540,7743733760,193176.3,1786300923.3,2.7263,0.062,1.0000,40472
29560,7748976640,193306.1,1786301053.1,2.7382,0.063,1.0000,40394
29580,7754219520,193435.6,1786301182.6,2.7062,0.061,1.0000,40486
29600,7759462400,193565.0,1786301312.0,2.7821,0.063,1.0000,40512
29620,7764705280,193694.6,1786301441.6,2.6728,0.062,1.0000,40467
29640,7769948160,193824.1,1786301571.1,2.7444,0.062,1.0000,40485
29660,7775191040,193953.6,1786301700.6,2.7041,0.065,1.0000,40470
29680,7780433920,194083.1,1786301830.1,2.8017,0.061,1.0000,40480
29700,7785676800,194212.7,1786301959.7,2.7391,0.061,1.0000,40470
29720,7790919680,194342.3,1786302089.3,2.7240,0.065,1.0000,40449
29740,7796162560,194471.8,1786302218.8,2.8050,0.061,1.0000,40488
29760,7801405440,194616.1,1786302363.0,2.7853,0.065,1.0000,36345
29780,7806648320,194745.5,1786302492.5,2.7047,0.061,1.0000,40501
29800,7811891200,194875.1,1786302622.1,2.7261,0.061,1.0000,40461
29820,7817134080,195004.9,1786302751.9,2.7874,0.066,1.0000,40389
29840,7822376960,195134.4,1786302881.3,2.7139,0.061,1.0000,40500
29860,7827619840,195263.8,1786303010.8,2.7617,0.060,1.0000,40486
29880,7832862720,195393.4,1786303140.4,2.7672,0.061,1.0000,40467
29900,7838105600,195523.0,1786303270.0,2.7849,0.062,1.0000,40465
29920,7843348480,195652.5,1786303399.4,2.7021,0.061,1.0000,40493
29940,7848591360,195781.9,1786303528.9,2.7785,0.063,1.0000,40500
29960,7853834240,195911.4,1786303658.3,2.7416,0.062,1.0000,40501
29980,7859077120,196040.9,1786303787.8,2.7474,0.061,1.0000,40484
30000,7864320000,196170.4,1786303917.4,2.6797,0.061,1.0000,40474
30020,7869562880,196316.7,1786304063.7,2.7563,0.060,1.0000,35827
30040,7874805760,196446.1,1786304193.1,2.7048,0.061,1.0000,40520
30060,7880048640,196575.9,1786304322.9,2.7191,0.061,1.0000,40405
30080,7885291520,196705.2,1786304452.2,2.7037,0.062,1.0000,40535
30100,7890534400,196834.5,1786304581.5,2.7448,0.061,1.0000,40548
30120,7895777280,196964.0,1786304711.0,2.7044,0.061,1.0000,40499
30140,7901020160,197093.4,1786304840.4,2.7334,0.061,1.0000,40499
30160,7906263040,197222.8,1786304969.8,2.7911,0.061,1.0000,40536
30180,7911505920,197352.0,1786305099.0,2.7493,0.060,1.0000,40564
30200,7916748800,197481.3,1786305228.3,2.7459,0.063,1.0000,40549
30220,7921991680,197610.6,1786305357.6,2.7483,0.062,1.0000,40563
30240,7927234560,197739.9,1786305486.9,2.7735,0.060,1.0000,40546
30260,7932477440,197886.2,1786305633.1,2.7360,0.060,1.0000,35845
30280,7937720320,198015.3,1786305762.3,2.7897,0.061,1.0000,40584
30300,7942963200,198145.0,1786305892.0,2.7736,0.060,1.0000,40426
30320,7948206080,198274.5,1786306021.4,2.7375,0.061,1.0000,40509
30340,7953448960,198403.9,1786306150.8,2.7486,0.067,1.0000,40514
30360,7958691840,198533.3,1786306280.3,2.7517,0.062,1.0000,40511
30380,7963934720,198662.6,1786306409.6,2.7811,0.063,1.0000,40528
30400,7969177600,198792.0,1786306539.0,2.7181,0.060,1.0000,40536
30420,7974420480,198921.3,1786306668.2,2.6756,0.063,1.0000,40559
30440,7979663360,199050.6,1786306797.6,2.7708,0.063,1.0000,40526
30460,7984906240,199179.9,1786306926.9,2.7625,0.063,1.0000,40542
30480,7990149120,199309.2,1786307056.2,2.7109,0.063,1.0000,40552
30500,7995392000,199438.7,1786307185.7,2.6870,0.060,1.0000,40481
30520,8000634880,199584.5,1786307331.5,2.7730,0.062,1.0000,35976
30540,8005877760,199714.3,1786307461.2,2.7321,0.062,1.0000,40397
30560,8011120640,199843.7,1786307590.7,2.7728,0.060,1.0000,40490
30580,8016363520,199973.1,1786307720.1,2.7651,0.062,1.0000,40526
30600,8021606400,200102.6,1786307849.6,2.6785,0.059,1.0000,40480
30620,8026849280,200232.2,1786307979.2,2.7532,0.060,1.0000,40468
30640,8032092160,200361.7,1786308108.7,2.7624,0.060,1.0000,40477
30660,8037335040,200491.2,1786308238.2,2.7117,0.062,1.0000,40489
30680,8042577920,200620.7,1786308367.7,2.7893,0.061,1.0000,40495
30700,8047820800,200750.1,1786308497.1,2.7190,0.061,1.0000,40500
30720,8053063680,200879.6,1786308626.6,2.7195,0.062,1.0000,40498
30740,8058306560,201009.0,1786308756.0,2.7449,0.062,1.0000,40503
30760,8063549440,201154.6,1786308901.6,2.6766,0.061,1.0000,36018
30780,8068792320,201284.0,1786309031.0,2.7365,0.060,1.0000,40503
30800,8074035200,201413.6,1786309160.6,2.6478,0.061,1.0000,40457
30820,8079278080,201543.2,1786309290.1,2.7580,0.061,1.0000,40476
30840,8084520960,201672.7,1786309419.7,2.6889,0.063,1.0000,40471
30860,8089763840,201802.2,1786309549.2,2.7803,0.062,1.0000,40482
30880,8095006720,201931.8,1786309678.7,2.7556,0.061,1.0000,40474
30900,8100249600,202061.2,1786309808.2,2.7063,0.060,1.0000,40508
30920,8105492480,202190.6,1786309937.6,2.7007,0.060,1.0000,40516
30940,8110735360,202319.9,1786310066.9,2.7779,0.063,1.0000,40537
30960,8115978240,202449.2,1786310196.2,2.8002,0.061,1.0000,40554
30980,8121221120,202578.5,1786310325.5,2.7116,0.062,1.0000,40538
31000,8126464000,202708.0,1786310455.0,2.7063,0.060,1.0000,40498
31020,8131706880,202854.0,1786310601.0,2.6942,0.063,1.0000,35912
31040,8136949760,202983.7,1786310730.7,2.7700,0.060,1.0000,40411
31060,8142192640,203113.3,1786310860.2,2.7365,0.062,1.0000,40481
31080,8147435520,203242.7,1786310989.7,2.7439,0.060,1.0000,40496
31100,8152678400,203372.2,1786311119.2,2.7379,0.063,1.0000,40483
31120,8157921280,203501.8,1786311248.7,2.7403,0.060,1.0000,40475
31140,8163164160,203631.2,1786311378.2,2.6770,0.061,1.0000,40497
31160,8168407040,203760.7,1786311507.7,2.7548,0.059,1.0000,40497
31180,8173649920,203890.1,1786311637.1,2.7053,0.060,1.0000,40502
31200,8178892800,204019.7,1786311766.6,2.7587,0.059,1.0000,40479
31220,8184135680,204149.2,1786311896.2,2.7229,0.060,1.0000,40478
31240,8189378560,204278.7,1786312025.7,2.7354,0.062,1.0000,40481
31260,8194621440,204424.8,1786312171.8,2.7611,0.060,1.0000,35875
31280,8199864320,204554.5,1786312301.5,2.7261,0.060,1.0000,40421
31300,8205107200,204684.0,1786312431.0,2.7879,0.062,1.0000,40495
31320,8210350080,204813.4,1786312560.4,2.6567,0.060,1.0000,40511
31340,8215592960,204942.9,1786312689.9,2.7532,0.062,1.0000,40496
31360,8220835840,205073.3,1786312820.3,2.7423,0.059,1.0000,40204
31380,8226078720,205202.7,1786312949.7,2.7255,0.061,1.0000,40518
31400,8231321600,205332.1,1786313079.1,2.7076,0.059,1.0000,40513
31420,8236564480,205461.4,1786313208.4,2.7347,0.059,1.0000,40539
31440,8241807360,205590.9,1786313337.9,2.8104,0.060,1.0000,40507
31460,8247050240,205720.4,1786313467.4,2.7465,0.061,1.0000,40476
31480,8252293120,205849.9,1786313596.9,2.7485,0.060,1.0000,40487
31500,8257536000,205979.4,1786313726.4,2.7698,0.059,1.0000,40478
31520,8262778880,206124.6,1786313871.5,2.7135,0.060,1.0000,36123
31540,8268021760,206254.3,1786314001.3,2.7919,0.059,1.0000,40400
31560,8273264640,206383.9,1786314130.8,2.7733,0.060,1.0000,40477
31580,8278507520,206513.4,1786314260.4,2.7638,0.061,1.0000,40479
31600,8283750400,206642.9,1786314389.9,2.7426,0.061,1.0000,40478
31620,8288993280,206772.3,1786314519.3,2.7713,0.061,1.0000,40509
31640,8294236160,206901.7,1786314648.7,2.7538,0.061,1.0000,40519
31660,8299479040,207031.1,1786314778.1,2.7056,0.061,1.0000,40511
31680,8304721920,207160.6,1786314907.6,2.6983,0.059,1.0000,40491
31700,8309964800,207290.1,1786315037.1,2.7584,0.060,1.0000,40486
31720,8315207680,207419.6,1786315166.6,2.7455,0.058,1.0000,40487
31740,8320450560,207549.1,1786315296.1,2.7313,0.061,1.0000,40499
31760,8325693440,207695.9,1786315442.9,2.7493,0.060,1.0000,35705
31780,8330936320,207825.6,1786315572.6,2.7362,0.060,1.0000,40424
31800,8336179200,207955.1,1786315702.1,2.7301,0.059,1.0000,40495
31820,8341422080,208084.6,1786315831.6,2.6709,0.064,1.0000,40489
31840,8346664960,208214.1,1786315961.1,2.7497,0.063,1.0000,40480
31860,8351907840,208343.5,1786316090.5,2.7597,0.061,1.0000,40513
31880,8357150720,208473.0,1786316219.9,2.7815,0.060,1.0000,40503
31900,8362393600,208602.5,1786316349.4,2.6754,0.060,1.0000,40480
31920,8367636480,208731.9,1786316478.9,2.7160,0.061,1.0000,40500
31940,8372879360,208861.4,1786316608.4,2.7451,0.059,1.0000,40482
31960,8378122240,208990.8,1786316737.8,2.7184,0.064,1.0000,40529
31980,8383365120,209120.2,1786316867.2,2.7653,0.065,1.0000,40519
32000,8388608000,209249.7,1786316996.7,2.7453,0.061,1.0000,40489
32020,8393850880,209395.2,1786317142.1,2.7423,0.060,1.0000,36037
32040,8399093760,209524.6,1786317271.6,2.7728,0.061,1.0000,40507
32060,8404336640,209654.1,1786317401.0,2.7473,0.060,1.0000,40496
32080,8409579520,209783.6,1786317530.5,2.7176,0.060,1.0000,40487
32100,8414822400,209913.0,1786317660.0,2.7149,0.059,1.0000,40490
32120,8420065280,210042.5,1786317789.5,2.7351,0.059,1.0000,40486
32140,8425308160,210172.0,1786317919.0,2.6500,0.059,1.0000,40492
32160,8430551040,210301.5,1786318048.4,2.7519,0.061,1.0000,40501
32180,8435793920,210430.8,1786318177.8,2.7576,0.059,1.0000,40532
32200,8441036800,210560.2,1786318307.2,2.7314,0.061,1.0000,40508
32220,8446279680,210689.6,1786318436.5,2.7171,0.061,1.0000,40546
32240,8451522560,210819.0,1786318566.0,2.7222,0.062,1.0000,40489
32260,8456765440,210965.3,1786318712.2,2.7402,0.060,1.0000,35857
32280,8462008320,211094.6,1786318841.6,2.7692,0.060,1.0000,40523
32300,8467251200,211223.9,1786318970.9,2.6857,0.062,1.0000,40553
32320,8472494080,211353.3,1786319100.2,2.7170,0.058,1.0000,40537
32340,8477736960,211482.7,1786319229.7,2.7956,0.061,1.0000,40503
32360,8482979840,211612.2,1786319359.1,2.7680,0.059,1.0000,40499
32380,8488222720,211741.6,1786319488.6,2.7751,0.061,1.0000,40495
32400,8493465600,211871.1,1786319618.1,2.7057,0.060,1.0000,40498
32420,8498708480,212000.6,1786319747.6,2.7494,0.059,1.0000,40488
32440,8503951360,212130.0,1786319877.0,2.7371,0.060,1.0000,40497
32460,8509194240,212259.5,1786320006.4,2.6625,0.061,1.0000,40510
32480,8514437120,212388.9,1786320135.9,2.7551,0.060,1.0000,40505
32500,8519680000,212518.3,1786320265.3,2.7581,0.059,1.0000,40504
32520,8524922880,212662.7,1786320409.7,2.7426,0.063,1.0000,36318
32540,8530165760,212792.2,1786320539.2,2.7757,0.062,1.0000,40495
32560,8535408640,212921.6,1786320668.6,2.6554,0.059,1.0000,40497
32580,8540651520,213051.1,1786320798.0,2.7115,0.060,1.0000,40510
32600,8545894400,213180.5,1786320927.5,2.7148,0.059,1.0000,40510
32620,8551137280,213309.8,1786321056.8,2.6778,0.061,1.0000,40537
32640,8556380160,213439.1,1786321186.1,2.7190,0.060,1.0000,40560
32660,8561623040,213568.2,1786321315.2,2.6488,0.059,1.0000,40609
32680,8566865920,213697.3,1786321444.3,2.7276,0.060,1.0000,40599
32700,8572108800,213826.3,1786321573.3,2.7471,0.060,1.0000,40637
32720,8577351680,213955.3,1786321702.2,2.7507,0.060,1.0000,40667
32740,8582594560,214084.2,1786321831.2,2.7600,0.068,1.0000,40654
32760,8587837440,214230.9,1786321977.9,2.6621,0.059,1.0000,35744
32780,8593080320,214359.8,1786322106.8,2.6902,0.059,1.0000,40666
32800,8598323200,214488.7,1786322235.7,2.7215,0.059,1.0000,40690
32820,8603566080,214617.6,1786322364.6,2.7961,0.060,1.0000,40659
32840,8608808960,214746.7,1786322493.6,2.6881,0.058,1.0000,40631
32860,8614051840,214875.7,1786322622.7,2.7048,0.061,1.0000,40623
32880,8619294720,215004.5,1786322751.5,2.7595,0.059,1.0000,40712
32900,8624537600,215133.4,1786322880.4,2.7322,0.058,1.0000,40669
32920,8629780480,215262.4,1786323009.3,2.6900,0.060,1.0000,40664
32940,8635023360,215391.2,1786323138.1,2.6978,0.059,1.0000,40706
32960,8640266240,215520.0,1786323267.0,2.6695,0.061,1.0000,40680
32980,8645509120,215649.0,1786323395.9,2.7329,0.058,1.0000,40666
33000,8650752000,215778.2,1786323525.1,2.7717,0.059,1.0000,40580
33020,8655994880,215923.7,1786323670.7,2.7441,0.060,1.0000,36014
33040,8661237760,216052.7,1786323799.6,2.7057,0.060,1.0000,40667
33060,8666480640,216181.6,1786323928.6,2.6732,0.060,1.0000,40664
33080,8671723520,216310.5,1786324057.5,2.7291,0.060,1.0000,40668
33100,8676966400,216439.4,1786324186.3,2.7108,0.059,1.0000,40692
33120,8682209280,216568.3,1786324315.3,2.8276,0.061,1.0000,40666
33140,8687452160,216697.2,1786324444.1,2.7385,0.060,1.0000,40682
33160,8692695040,216826.1,1786324573.1,2.7178,0.058,1.0000,40660
33180,8697937920,216955.1,1786324702.0,2.7013,0.059,1.0000,40656
33200,8703180800,217084.0,1786324830.9,2.7694,0.060,1.0000,40673
33220,8708423680,217212.9,1786324959.8,2.6704,0.061,1.0000,40672
33240,8713666560,217342.0,1786325089.0,2.7896,0.059,1.0000,40595
33260,8718909440,217487.0,1786325234.0,2.7846,0.060,1.0000,36166
33280,8724152320,217615.9,1786325362.9,2.7145,0.059,1.0000,40661
33300,8729395200,217744.9,1786325491.9,2.7066,0.060,1.0000,40649
33320,8734638080,217873.9,1786325620.8,2.6520,0.058,1.0000,40657
33340,8739880960,218002.8,1786325749.8,2.7571,0.062,1.0000,40666
33360,8745123840,218131.7,1786325878.6,2.7459,0.061,1.0000,40680
33380,8750366720,218260.4,1786326007.4,2.6691,0.059,1.0000,40714
33400,8755609600,218389.3,1786326136.3,2.6897,0.060,1.0000,40675
33420,8760852480,218518.2,1786326265.2,2.7516,0.059,1.0000,40671
33440,8766095360,218647.2,1786326394.1,2.7814,0.063,1.0000,40670
33460,8771338240,218776.0,1786326523.0,2.7616,0.060,1.0000,40681
33480,8776581120,218904.8,1786326651.8,2.7017,0.061,1.0000,40715
33500,8781824000,219033.9,1786326780.9,2.7917,0.061,1.0000,40603
33520,8787066880,219180.2,1786326927.1,2.6603,0.059,1.0000,35854
33540,8792309760,219309.0,1786327056.0,2.7304,0.061,1.0000,40696
33560,8797552640,219437.8,1786327184.8,2.7414,0.059,1.0000,40690
33580,8802795520,219566.7,1786327313.7,2.7299,0.062,1.0000,40673
33600,8808038400,219695.6,1786327442.6,2.7742,0.059,1.0000,40683
33620,8813281280,219824.5,1786327571.5,2.6536,0.060,1.0000,40686
33640,8818524160,219953.3,1786327700.3,2.7436,0.062,1.0000,40689
33660,8823767040,220082.1,1786327829.1,2.7558,0.058,1.0000,40699
33680,8829009920,220210.8,1786327957.8,2.7374,0.063,1.0000,40740
33700,8834252800,220339.5,1786328086.5,2.7059,0.059,1.0000,40753
33720,8839495680,220468.1,1786328215.1,2.7661,0.062,1.0000,40752
33740,8844738560,220597.1,1786328344.0,2.7836,0.062,1.0000,40668
33760,8849981440,220743.2,1786328490.2,2.7542,0.068,1.0000,35869
33780,8855224320,220872.0,1786328618.9,2.7609,0.060,1.0000,40727
33800,8860467200,221000.8,1786328747.7,2.6849,0.062,1.0000,40710
33820,8865710080,221129.4,1786328876.4,2.7490,0.061,1.0000,40747
33840,8870952960,221258.2,1786329005.2,2.7561,0.060,1.0000,40720
33860,8876195840,221387.0,1786329134.0,2.7042,0.066,1.0000,40683
33880,8881438720,221515.9,1786329262.9,2.6213,0.062,1.0000,40685
33900,8886681600,221644.7,1786329391.7,2.7228,0.063,1.0000,40704
33920,8891924480,221773.6,1786329520.6,2.7403,0.061,1.0000,40665
33940,8897167360,221902.6,1786329649.6,2.7067,0.058,1.0000,40666
33960,8902410240,222031.5,1786329778.5,2.7290,0.060,1.0000,40674
33980,8907653120,222160.6,1786329907.6,2.7176,0.059,1.0000,40604
34000,8912896000,222289.4,1786330036.4,2.7067,0.059,1.0000,40699
34020,8918138880,222435.4,1786330182.4,2.6452,0.058,1.0000,35914
34040,8923381760,222564.2,1786330311.2,2.7202,0.060,1.0000,40715
34060,8928624640,222692.8,1786330439.8,2.7646,0.063,1.0000,40746
34080,8933867520,222821.5,1786330568.5,2.7586,0.063,1.0000,40741
34100,8939110400,222950.2,1786330697.2,2.7679,0.066,1.0000,40737
34120,8944353280,223078.9,1786330825.9,2.7050,0.060,1.0000,40744
34140,8949596160,223207.6,1786330954.6,2.6994,0.059,1.0000,40737
34160,8954839040,223336.4,1786331083.4,2.8290,0.060,1.0000,40701
34180,8960081920,223465.2,1786331212.2,2.7239,0.059,1.0000,40700
34200,8965324800,223594.1,1786331341.1,2.7003,0.060,1.0000,40684
34220,8970567680,223723.0,1786331470.0,2.7124,0.058,1.0000,40681
34240,8975810560,223852.1,1786331599.1,2.7391,0.061,1.0000,40611
34260,8981053440,223997.1,1786331744.0,2.7215,0.061,1.0000,36166
34280,8986296320,224125.9,1786331872.9,2.7331,0.060,1.0000,40696
34300,8991539200,224254.7,1786332001.7,2.7164,0.061,1.0000,40707
34320,8996782080,224383.4,1786332130.4,2.7316,0.064,1.0000,40729
34340,9002024960,224512.1,1786332259.1,2.7507,0.059,1.0000,40746
34360,9007267840,224640.8,1786332387.8,2.6832,0.058,1.0000,40725
34380,9012510720,224769.7,1786332516.7,2.7784,0.062,1.0000,40674
34400,9017753600,224898.7,1786332645.7,2.6661,0.060,1.0000,40647
34420,9022996480,225027.8,1786332774.7,2.7674,0.061,1.0000,40623
34440,9028239360,225157.0,1786332904.0,2.7546,0.058,1.0000,40555
34460,9033482240,225286.0,1786333033.0,2.7537,0.059,1.0000,40663
34480,9038725120,225415.2,1786333162.2,2.6916,0.062,1.0000,40563
34500,9043968000,225544.2,1786333291.1,2.6835,0.059,1.0000,40662
34520,9049210880,225690.8,1786333437.8,2.6991,0.059,1.0000,35747
34540,9054453760,225819.7,1786333566.7,2.6981,0.062,1.0000,40677
34560,9059696640,225948.6,1786333695.6,2.7538,0.058,1.0000,40682
34580,9064939520,226077.5,1786333824.5,2.7200,0.059,1.0000,40672
34600,9070182400,226206.4,1786333953.4,2.7541,0.059,1.0000,40676
34620,9075425280,226335.4,1786334082.4,2.7331,0.061,1.0000,40646
34640,9080668160,226464.4,1786334211.4,2.6652,0.061,1.0000,40644
34660,9085911040,226593.3,1786334340.3,2.7170,0.058,1.0000,40660
34680,9091153920,226722.3,1786334469.3,2.7007,0.063,1.0000,40652
34700,9096396800,226851.3,1786334598.3,2.6970,0.060,1.0000,40641
34720,9101639680,226980.6,1786334727.6,2.6857,0.059,1.0000,40555
34740,9106882560,227109.6,1786334856.5,2.6976,0.061,1.0000,40650
34760,9112125440,227254.7,1786335001.7,2.7480,0.059,1.0000,36115
34780,9117368320,227383.6,1786335130.6,2.7419,0.058,1.0000,40678
34800,9122611200,227512.5,1786335259.5,2.7488,0.060,1.0000,40669
34820,9127854080,227641.6,1786335388.6,2.7678,0.058,1.0000,40623
34840,9133096960,227770.5,1786335517.5,2.6771,0.058,1.0000,40659
34860,9138339840,227899.5,1786335646.5,2.7400,0.060,1.0000,40655
34880,9143582720,228028.4,1786335775.4,2.7035,0.057,1.0000,40666
34900,9148825600,228157.4,1786335904.3,2.7101,0.060,1.0000,40663
34920,9154068480,228286.2,1786336033.2,2.7360,0.060,1.0000,40681
34940,9159311360,228415.2,1786336162.2,2.6884,0.063,1.0000,40662
34960,9164554240,228544.1,1786336291.1,2.6674,0.059,1.0000,40661
34980,9169797120,228673.3,1786336420.3,2.7321,0.060,1.0000,40578
35000,9175040000,228802.3,1786336549.3,2.7377,0.059,1.0000,40636
35020,9180282880,228948.4,1786336695.4,2.6774,0.058,1.0000,35895
35040,9185525760,229077.4,1786336824.3,2.8090,0.062,1.0000,40657
35060,9190768640,229206.3,1786336953.3,2.7296,0.059,1.0000,40649
35080,9196011520,229335.3,1786337082.3,2.7148,0.059,1.0000,40652
35100,9201254400,229464.4,1786337211.4,2.7521,0.058,1.0000,40610
35120,9206497280,229593.4,1786337340.4,2.7307,0.059,1.0000,40645
35140,9211740160,229722.4,1786337469.4,2.7106,0.061,1.0000,40647
35160,9216983040,229851.4,1786337598.4,2.7451,0.061,1.0000,40641
35180,9222225920,229980.5,1786337727.5,2.6877,0.059,1.0000,40604
35200,9227468800,230109.6,1786337856.5,2.6891,0.061,1.0000,40627
35220,9232711680,230238.9,1786337985.9,2.7215,0.061,1.0000,40530
35240,9237954560,230368.0,1786338115.0,2.7474,0.060,1.0000,40628
35260,9243197440,230512.8,1786338259.8,2.7623,0.058,1.0000,36198
35280,9248440320,230641.7,1786338388.6,2.7124,0.058,1.0000,40691
35300,9253683200,230770.4,1786338517.4,2.7772,0.061,1.0000,40728
35320,9258926080,230899.1,1786338646.1,2.6856,0.058,1.0000,40735
35340,9264168960,231027.8,1786338774.8,2.7572,0.059,1.0000,40726
35360,9269411840,231156.6,1786338903.6,2.7555,0.060,1.0000,40723
35380,9274654720,231285.4,1786339032.4,2.7492,0.060,1.0000,40686
35400,9279897600,231414.3,1786339161.3,2.6881,0.057,1.0000,40677
35420,9285140480,231543.2,1786339290.2,2.7589,0.060,1.0000,40674
35440,9290383360,231672.1,1786339419.0,2.7380,0.057,1.0000,40695
35460,9295626240,231801.2,1786339548.2,2.6985,0.060,1.0000,40606
35480,9300869120,231930.1,1786339677.1,2.7276,0.059,1.0000,40665
35500,9306112000,232059.0,1786339806.0,2.6787,0.064,1.0000,40666
35520,9311354880,232204.8,1786339951.8,2.6645,0.058,1.0000,35966
35540,9316597760,232333.7,1786340080.7,2.7589,0.057,1.0000,40674
35560,9321840640,232462.6,1786340209.6,2.7624,0.060,1.0000,40675
35580,9327083520,232591.4,1786340338.4,2.6924,0.058,1.0000,40696
35600,9332326400,232720.3,1786340467.3,2.7469,0.057,1.0000,40689
35620,9337569280,232849.2,1786340596.2,2.7030,0.058,1.0000,40662
35640,9342812160,232978.3,1786340725.2,2.7031,0.057,1.0000,40631
35660,9348055040,233107.3,1786340854.3,2.7511,0.058,1.0000,40629
35680,9353297920,233236.3,1786340983.2,2.7100,0.057,1.0000,40654
35700,9358540800,233365.5,1786341112.4,2.6642,0.057,1.0000,40585
35720,9363783680,233494.4,1786341241.3,2.7891,0.058,1.0000,40669
35740,9369026560,233623.3,1786341370.3,2.7557,0.057,1.0000,40659
35760,9374269440,233768.6,1786341515.5,2.7137,0.057,1.0000,36096
35780,9379512320,233897.4,1786341644.4,2.7107,0.058,1.0000,40696
35800,9384755200,234026.3,1786341773.3,2.7043,0.058,1.0000,40675
35820,9389998080,234155.3,1786341902.3,2.7043,0.057,1.0000,40642
35840,9395240960,234284.2,1786342031.2,2.7055,0.058,1.0000,40679
35860,9400483840,234413.1,1786342160.1,2.7199,0.058,1.0000,40660
35880,9405726720,234542.1,1786342289.1,2.6936,0.058,1.0000,40642
35900,9410969600,234671.1,1786342418.1,2.7560,0.059,1.0000,40639
35920,9416212480,234800.0,1786342547.0,2.6945,0.059,1.0000,40674
35940,9421455360,234929.3,1786342676.3,2.7083,0.056,1.0000,40552
35960,9426698240,235058.3,1786342805.3,2.7395,0.061,1.0000,40647
35980,9431941120,235187.3,1786342934.3,2.7470,0.057,1.0000,40647
36000,9437184000,235316.3,1786343063.2,2.7067,0.057,1.0000,40655
36020,9442426880,235460.8,1786343207.8,2.6668,0.063,1.0000,36275
36040,9447669760,235589.8,1786343336.8,2.7578,0.057,1.0000,40632
36060,9452912640,235718.9,1786343465.8,2.6922,0.060,1.0000,40626
36080,9458155520,235847.9,1786343594.9,2.6991,0.064,1.0000,40631
36100,9463398400,235976.9,1786343723.9,2.7360,0.058,1.0000,40635
36120,9468641280,236106.0,1786343852.9,2.6235,0.057,1.0000,40635
36140,9473884160,236235.0,1786343982.0,2.6667,0.060,1.0000,40636
36160,9479127040,236364.0,1786344111.0,2.6552,0.058,1.0000,40629
36180,9484369920,236493.1,1786344240.0,2.7511,0.059,1.0000,40628
36200,9489612800,236622.3,1786344369.3,2.7420,0.059,1.0000,40558
36220,9494855680,236751.4,1786344498.3,2.7011,0.058,1.0000,40633
36240,9500098560,236880.4,1786344627.4,2.6815,0.057,1.0000,40627
36260,9505341440,237026.1,1786344773.1,2.7356,0.059,1.0000,35986
36280,9510584320,237155.1,1786344902.0,2.7320,0.060,1.0000,40658
36300,9515827200,237284.0,1786345031.0,2.7383,0.058,1.0000,40649
36320,9521070080,237413.0,1786345160.0,2.7252,0.060,1.0000,40652
36340,9526312960,237541.9,1786345288.9,2.6821,0.060,1.0000,40674
36360,9531555840,237670.8,1786345417.8,2.6945,0.058,1.0000,40681
36380,9536798720,237799.7,1786345546.7,2.6820,0.058,1.0000,40665
36400,9542041600,237928.8,1786345675.7,2.6685,0.056,1.0000,40627
36420,9547284480,238057.8,1786345804.8,2.7346,0.056,1.0000,40622
36440,9552527360,238187.1,1786345934.0,2.7904,0.059,1.0000,40568
36460,9557770240,238316.0,1786346063.0,2.7514,0.061,1.0000,40664
36480,9563013120,238445.1,1786346192.1,2.7394,0.058,1.0000,40616
36500,9568256000,238574.2,1786346321.2,2.7463,0.059,1.0000,40613
36520,9573498880,238719.9,1786346466.9,2.7358,0.059,1.0000,35966
36540,9578741760,238848.8,1786346595.8,2.7247,0.059,1.0000,40676
36560,9583984640,238977.8,1786346724.7,2.7590,0.058,1.0000,40666
36580,9589227520,239106.8,1786346853.8,2.7751,0.063,1.0000,40630
36600,9594470400,239235.9,1786346982.8,2.7708,0.059,1.0000,40626
36620,9599713280,239364.9,1786347111.9,2.7058,0.058,1.0000,40627
36640,9604956160,239493.9,1786347240.9,2.6806,0.057,1.0000,40632
36660,9610199040,239623.0,1786347370.0,2.7553,0.057,1.0000,40613
36680,9615441920,239752.2,1786347499.2,2.7069,0.059,1.0000,40591
36700,9620684800,239881.3,1786347628.2,2.6795,0.058,1.0000,40624
36720,9625927680,240010.4,1786347757.4,2.7340,0.057,1.0000,40596
36740,9631170560,240139.5,1786347886.5,2.7394,0.061,1.0000,40618
36760,9636413440,240284.9,1786348031.9,2.6810,0.057,1.0000,36049
36780,9641656320,240413.8,1786348160.8,2.7011,0.059,1.0000,40667
36800,9646899200,240542.8,1786348289.7,2.6868,0.063,1.0000,40668
36820,9652142080,240671.8,1786348418.8,2.7114,0.056,1.0000,40625
36840,9657384960,240800.9,1786348547.9,2.7237,0.058,1.0000,40620
36860,9662627840,240929.9,1786348676.8,2.7782,0.059,1.0000,40650
36880,9667870720,241058.8,1786348805.8,2.7192,0.057,1.0000,40663
36900,9673113600,241187.7,1786348934.7,2.7341,0.058,1.0000,40660
36920,9678356480,241317.3,1786349064.3,2.7721,0.059,1.0000,40461
36940,9683599360,241446.4,1786349193.3,2.7261,0.056,1.0000,40629
36960,9688842240,241575.4,1786349322.4,2.7269,0.057,1.0000,40628
36980,9694085120,241704.6,1786349451.6,2.7342,0.058,1.0000,40591
37000,9699328000,241833.8,1786349580.8,2.6655,0.058,1.0000,40559
37020,9704570880,241979.1,1786349726.1,2.7655,0.058,1.0000,36084
37040,9709813760,242108.4,1786349855.3,2.7045,0.068,1.0000,40573
37060,9715056640,242237.5,1786349984.5,2.7280,0.059,1.0000,40595
37080,9720299520,242366.6,1786350113.6,2.6900,0.057,1.0000,40619
37100,9725542400,242495.6,1786350242.6,2.7345,0.058,1.0000,40632
37120,9730785280,242624.7,1786350371.7,2.7373,0.058,1.0000,40624
37140,9736028160,242753.7,1786350500.7,2.7056,0.057,1.0000,40625
37160,9741271040,242882.8,1786350629.8,2.7421,0.058,1.0000,40620
37180,9746513920,243012.1,1786350759.1,2.7436,0.058,1.0000,40536
37200,9751756800,243141.2,1786350888.2,2.6872,0.059,1.0000,40627
37220,9756999680,243270.1,1786351017.1,2.6438,0.058,1.0000,40667
37240,9762242560,243399.0,1786351146.0,2.7369,0.060,1.0000,40685
37260,9767485440,243544.7,1786351291.7,2.7945,0.057,1.0000,35967
37280,9772728320,243673.8,1786351420.8,2.7077,0.061,1.0000,40611
37300,9777971200,243803.0,1786351550.0,2.7168,0.058,1.0000,40584
37320,9783214080,243932.4,1786351679.4,2.6794,0.058,1.0000,40516
37340,9788456960,244061.8,1786351808.8,2.7526,0.059,1.0000,40527
37360,9793699840,244191.0,1786351938.0,2.7010,0.060,1.0000,40588
37380,9798942720,244320.1,1786352067.1,2.7462,0.058,1.0000,40610
37400,9804185600,244449.2,1786352196.1,2.6918,0.059,1.0000,40620
37420,9809428480,244578.5,1786352325.4,2.7640,0.057,1.0000,40545
37440,9814671360,244707.6,1786352454.5,2.7096,0.058,1.0000,40613
37460,9819914240,244836.6,1786352583.6,2.7816,0.059,1.0000,40614
37480,9825157120,244965.7,1786352712.7,2.7691,0.059,1.0000,40622
37500,9830400000,245094.7,1786352841.7,2.7717,0.060,1.0000,40634
37520,9835642880,245241.1,1786352988.1,2.7299,0.060,1.0000,35819
37540,9840885760,245370.1,1786353117.1,2.6788,0.056,1.0000,40641
37560,9846128640,245499.1,1786353246.1,2.7273,0.067,1.0000,40645
37580,9851371520,245628.1,1786353375.1,2.7371,0.060,1.0000,40644
37600,9856614400,245757.1,1786353504.1,2.6896,0.062,1.0000,40641
37620,9861857280,245886.1,1786353633.1,2.6750,0.057,1.0000,40648
37640,9867100160,246015.0,1786353762.0,2.6860,0.061,1.0000,40656
37660,9872343040,246144.3,1786353891.3,2.7284,0.059,1.0000,40573
37680,9877585920,246273.1,1786354020.1,2.6745,0.057,1.0000,40689
37700,9882828800,246402.1,1786354149.0,2.7594,0.059,1.0000,40662
37720,9888071680,246531.0,1786354278.0,2.6961,0.057,1.0000,40671
37740,9893314560,246659.9,1786354406.9,2.6922,0.056,1.0000,40661
37760,9898557440,246805.8,1786354552.7,2.6732,0.057,1.0000,35946
37780,9903800320,246934.7,1786354681.6,2.6769,0.057,1.0000,40675
37800,9909043200,247063.6,1786354810.6,2.6567,0.057,1.0000,40665
37820,9914286080,247192.6,1786354939.6,2.6963,0.061,1.0000,40646
37840,9919528960,247321.4,1786355068.4,2.7065,0.058,1.0000,40700
37860,9924771840,247450.3,1786355197.2,2.7834,0.060,1.0000,40688
37880,9930014720,247579.2,1786355326.2,2.7267,0.057,1.0000,40665
37900,9935257600,247708.1,1786355455.1,2.6997,0.057,1.0000,40663
37920,9940500480,247837.4,1786355584.4,2.6881,0.061,1.0000,40561
37940,9945743360,247966.4,1786355713.4,2.6922,0.059,1.0000,40622
37960,9950986240,248095.5,1786355842.5,2.7443,0.058,1.0000,40627
37980,9956229120,248224.6,1786355971.6,2.6684,0.057,1.0000,40614
38000,9961472000,248353.8,1786356100.8,2.7234,0.056,1.0000,40564
38020,9966714880,248499.6,1786356246.6,2.6589,0.058,1.0000,35970
38040,9971957760,248628.7,1786356375.7,2.7316,0.057,1.0000,40593
38060,9977200640,248757.9,1786356504.9,2.7759,0.059,1.0000,40599
38080,9982443520,248887.2,1786356634.2,2.6418,0.056,1.0000,40551
38100,9987686400,249016.5,1786356763.5,2.6705,0.058,1.0000,40543
38120,9992929280,249145.7,1786356892.7,2.6474,0.057,1.0000,40571
38140,9998172160,249274.9,1786357021.9,2.6956,0.059,1.0000,40574
38160,10003415040,249404.5,1786357151.5,2.6850,0.056,1.0000,40472
38180,10008657920,249533.7,1786357280.7,2.7100,0.058,1.0000,40562
38200,10013900800,249662.9,1786357409.9,2.7636,0.057,1.0000,40597
38220,10019143680,249792.0,1786357539.0,2.6648,0.059,1.0000,40604
38240,10024386560,249921.2,1786357668.2,2.7446,0.056,1.0000,40580
38260,10029629440,250066.0,1786357813.0,2.6996,0.057,1.0000,36210
38280,10034872320,250195.1,1786357942.1,2.7259,0.057,1.0000,40600
38300,10040115200,250324.4,1786358071.3,2.6767,0.059,1.0000,40571
38320,10045358080,250453.7,1786358200.6,2.7345,0.058,1.0000,40545
38340,10050600960,250583.0,1786358330.0,2.6538,0.059,1.0000,40542
38360,10055843840,250712.3,1786358459.3,2.6782,0.058,1.0000,40547
38380,10061086720,250841.5,1786358588.5,2.7051,0.058,1.0000,40586
38400,10066329600,250971.0,1786358718.0,2.7671,0.058,1.0000,40462
38420,10071572480,251100.4,1786358847.4,2.7111,0.058,1.0000,40537
38440,10076815360,251229.7,1786358976.7,2.6673,0.057,1.0000,40536
38460,10082058240,251359.0,1786359106.0,2.6841,0.058,1.0000,40552
38480,10087301120,251488.1,1786359235.1,2.7637,0.064,1.0000,40600
38500,10092544000,251617.3,1786359364.2,2.6695,0.058,1.0000,40604
38520,10097786880,251762.3,1786359509.3,2.7069,0.056,1.0000,36148
38540,10103029760,251891.3,1786359638.3,2.7462,0.060,1.0000,40647
38560,10108272640,252020.3,1786359767.2,2.7688,0.058,1.0000,40653
38580,10113515520,252149.2,1786359896.2,2.7052,0.056,1.0000,40669
38600,10118758400,252278.1,1786360025.1,2.6723,0.060,1.0000,40661
38620,10124001280,252407.0,1786360154.0,2.7740,0.059,1.0000,40680
38640,10129244160,252536.2,1786360283.2,2.7138,0.057,1.0000,40588
38660,10134487040,252664.9,1786360411.9,2.6871,0.056,1.0000,40715
38680,10139729920,252793.8,1786360540.8,2.6976,0.057,1.0000,40685
38700,10144972800,252922.8,1786360669.7,2.8126,0.057,1.0000,40657
38720,10150215680,253051.6,1786360798.6,2.7289,0.059,1.0000,40682
38740,10155458560,253180.5,1786360927.5,2.7353,0.057,1.0000,40678
38760,10160701440,253324.6,1786361071.6,2.6518,0.056,1.0000,36392
38780,10165944320,253453.3,1786361200.3,2.6766,0.057,1.0000,40725
38800,10171187200,253582.1,1786361329.1,2.7698,0.058,1.0000,40713
38820,10176430080,253711.0,1786361458.0,2.7103,0.059,1.0000,40665
38840,10181672960,253839.9,1786361586.8,2.7588,0.057,1.0000,40702
38860,10186915840,253968.7,1786361715.7,2.6355,0.055,1.0000,40688
38880,10192158720,254097.6,1786361844.6,2.7010,0.057,1.0000,40661
38900,10197401600,254226.9,1786361973.9,2.6971,0.056,1.0000,40571
38920,10202644480,254355.8,1786362102.8,2.7106,0.057,1.0000,40657
38940,10207887360,254484.8,1786362231.8,2.7209,0.058,1.0000,40655
38960,10213130240,254613.7,1786362360.6,2.7608,0.057,1.0000,40686
38980,10218373120,254742.5,1786362489.5,2.7005,0.058,1.0000,40695
39000,10223616000,254871.4,1786362618.4,2.6744,0.056,1.0000,40670
39020,10228858880,255017.4,1786362764.4,2.6800,0.058,1.0000,35913
39040,10234101760,255146.2,1786362893.2,2.6998,0.059,1.0000,40698
39060,10239344640,255275.1,1786363022.0,2.6469,0.056,1.0000,40693
39080,10244587520,255403.9,1786363150.9,2.7126,0.057,1.0000,40686
39100,10249830400,255532.8,1786363279.7,2.6991,0.058,1.0000,40691
39120,10255073280,255661.7,1786363408.6,2.7115,0.057,1.0000,40673
39140,10260316160,255790.8,1786363537.8,2.6989,0.059,1.0000,40598
39160,10265559040,255919.7,1786363666.7,2.6819,0.060,1.0000,40664
39180,10270801920,256048.7,1786363795.7,2.7032,0.060,1.0000,40656
39200,10276044800,256177.7,1786363924.6,2.7022,0.055,1.0000,40655
39220,10281287680,256306.6,1786364053.6,2.7116,0.059,1.0000,40650
39240,10286530560,256435.6,1786364182.6,2.7070,0.058,1.0000,40649
39260,10291773440,256581.0,1786364327.9,2.7050,0.059,1.0000,36068
39280,10297016320,256709.9,1786364456.9,2.7563,0.057,1.0000,40673
39300,10302259200,256838.7,1786364585.7,2.7707,0.060,1.0000,40695
39320,10307502080,256967.5,1786364714.5,2.6934,0.060,1.0000,40705
39340,10312744960,257096.4,1786364843.4,2.6576,0.057,1.0000,40674
39360,10317987840,257225.3,1786364972.3,2.7371,0.060,1.0000,40671
39380,10323230720,257354.4,1786365101.4,2.6954,0.059,1.0000,40609
39400,10328473600,257483.3,1786365230.3,2.7564,0.057,1.0000,40687
39420,10333716480,257612.2,1786365359.2,2.6957,0.058,1.0000,40673
39440,10338959360,257741.2,1786365488.2,2.7280,0.056,1.0000,40640
39460,10344202240,257870.2,1786365617.2,2.6461,0.056,1.0000,40649
39480,10349445120,257999.2,1786365746.1,2.7473,0.058,1.0000,40644
39500,10354688000,258128.1,1786365875.1,2.6928,0.060,1.0000,40655
39520,10359930880,258273.8,1786366020.8,2.6649,0.057,1.0000,35994
39540,10365173760,258402.7,1786366149.7,2.7130,0.058,1.0000,40657
39560,10370416640,258531.7,1786366278.7,2.7347,0.059,1.0000,40640
39580,10375659520,258660.7,1786366407.7,2.7090,0.056,1.0000,40650
39600,10380902400,258789.6,1786366536.6,2.6757,0.068,1.0000,40679
39620,10386145280,258918.8,1786366665.8,2.7739,0.057,1.0000,40590
39640,10391388160,259047.7,1786366794.7,2.7623,0.057,1.0000,40659
39660,10396631040,259176.7,1786366923.7,2.7144,0.056,1.0000,40656
39680,10401873920,259305.7,1786367052.6,2.6860,0.056,1.0000,40652
39700,10407116800,259434.5,1786367181.5,2.6627,0.059,1.0000,40676
39720,10412359680,259563.5,1786367310.5,2.7027,0.058,1.0000,40647
39740,10417602560,259692.4,1786367439.3,2.7466,0.059,1.0000,40695
39760,10422845440,259835.4,1786367582.4,2.6879,0.057,1.0000,36653
39780,10428088320,259964.3,1786367711.3,2.6914,0.058,1.0000,40666
39800,10433331200,260093.3,1786367840.2,2.7059,0.059,1.0000,40663
39820,10438574080,260222.3,1786367969.2,2.6674,0.057,1.0000,40647
39840,10443816960,260351.2,1786368098.2,2.6895,0.056,1.0000,40662
39860,10449059840,260480.1,1786368227.1,2.6531,0.057,1.0000,40669
39880,10454302720,260609.2,1786368356.2,2.7498,0.057,1.0000,40605
39900,10459545600,260738.1,1786368485.1,2.6716,0.056,1.0000,40666
39920,10464788480,260867.1,1786368614.1,2.7214,0.055,1.0000,40645
39940,10470031360,260996.1,1786368743.1,2.6910,0.056,1.0000,40647
39960,10475274240,261125.1,1786368872.1,2.6470,0.055,1.0000,40658
39980,10480517120,261254.1,1786369001.1,2.6774,0.057,1.0000,40638
40000,10485760000,261383.2,1786369130.2,2.7280,0.058,1.0000,40614
40020,10491002880,261530.0,1786369277.0,2.6631,0.059,1.0000,35714
40040,10496245760,261659.0,1786369406.0,2.6743,0.065,1.0000,40644
40060,10501488640,261788.1,1786369535.1,2.7036,0.058,1.0000,40601
40080,10506731520,261917.2,1786369664.2,2.6935,0.055,1.0000,40608
40100,10511974400,262046.3,1786369793.2,2.7816,0.057,1.0000,40630
40120,10517217280,262175.6,1786369922.5,2.7271,0.059,1.0000,40548
40140,10522460160,262304.9,1786370051.9,2.7237,0.061,1.0000,40544
40160,10527703040,262434.2,1786370181.2,2.6889,0.057,1.0000,40527
40180,10532945920,262563.6,1786370310.5,2.6860,0.057,1.0000,40541
40200,10538188800,262692.9,1786370439.9,2.7317,0.056,1.0000,40521
40220,10543431680,262822.3,1786370569.3,2.6983,0.059,1.0000,40525
40240,10548674560,262951.6,1786370698.6,2.6857,0.055,1.0000,40557
40260,10553917440,263096.9,1786370843.9,2.6980,0.056,1.0000,36087
40280,10559160320,263226.3,1786370973.2,2.6859,0.056,1.0000,40520
40300,10564403200,263355.7,1786371102.6,2.6770,0.056,1.0000,40517
40320,10569646080,263485.1,1786371232.1,2.7458,0.059,1.0000,40511
40340,10574888960,263614.4,1786371361.4,2.7236,0.061,1.0000,40551
40360,10580131840,263743.8,1786371490.8,2.7346,0.058,1.0000,40504
40380,10585374720,263872.9,1786371619.8,2.7457,0.061,1.0000,40627
40400,10590617600,264001.7,1786371748.7,2.6489,0.057,1.0000,40684
40420,10595860480,264130.8,1786371877.7,2.6633,0.059,1.0000,40635
40440,10601103360,264259.7,1786372006.7,2.6992,0.059,1.0000,40661
40460,10606346240,264388.8,1786372135.7,2.6823,0.056,1.0000,40621
40480,10611589120,264517.6,1786372264.6,2.7061,0.055,1.0000,40680
40500,10616832000,264646.6,1786372393.6,2.7117,0.057,1.0000,40664
40520,10622074880,264792.6,1786372539.6,2.6910,0.063,1.0000,35906
40540,10627317760,264921.5,1786372668.5,2.7478,0.059,1.0000,40673
40560,10632560640,265050.6,1786372797.5,2.6782,0.057,1.0000,40626
40580,10637803520,265179.5,1786372926.4,2.7152,0.056,1.0000,40672
40600,10643046400,265308.5,1786373055.4,2.6771,0.059,1.0000,40640
40620,10648289280,265437.8,1786373184.8,2.7221,0.057,1.0000,40538
40640,10653532160,265566.9,1786373313.9,2.7606,0.058,1.0000,40616
40660,10658775040,265695.9,1786373442.9,2.7528,0.058,1.0000,40621
40680,10664017920,265825.0,1786373572.0,2.6519,0.058,1.0000,40620
40700,10669260800,265954.1,1786373701.1,2.6915,0.057,1.0000,40619
40720,10674503680,266083.2,1786373830.2,2.7319,0.056,1.0000,40614
40740,10679746560,266212.2,1786373959.2,2.7387,0.057,1.0000,40627
40760,10684989440,266358.1,1786374105.1,2.7122,0.058,1.0000,35931
40780,10690232320,266487.1,1786374234.1,2.7218,0.056,1.0000,40659
40800,10695475200,266616.1,1786374363.1,2.6479,0.056,1.0000,40630
40820,10700718080,266745.2,1786374492.1,2.7095,0.054,1.0000,40635
40840,10705960960,266874.2,1786374621.2,2.6259,0.055,1.0000,40628
40860,10711203840,267003.5,1786374750.5,2.7591,0.060,1.0000,40542
40880,10716446720,267132.6,1786374879.5,2.6562,0.056,1.0000,40632
40900,10721689600,267261.6,1786375008.6,2.7091,0.055,1.0000,40633
40920,10726932480,267390.6,1786375137.6,2.6832,0.057,1.0000,40636
40940,10732175360,267519.6,1786375266.6,2.7629,0.057,1.0000,40639
40960,10737418240,267648.6,1786375395.6,2.6764,0.055,1.0000,40639
40980,10742661120,267777.6,1786375524.6,2.7204,0.062,1.0000,40640
41000,10747904000,267906.7,1786375653.6,2.7559,0.056,1.0000,40635
41020,10753146880,268051.4,1786375798.4,2.7334,0.057,1.0000,36224
41040,10758389760,268180.4,1786375927.4,2.7395,0.055,1.0000,40633
41060,10763632640,268309.4,1786376056.4,2.7410,0.056,1.0000,40639
41080,10768875520,268438.4,1786376185.4,2.7026,0.057,1.0000,40654
41100,10774118400,268567.6,1786376314.6,2.7296,0.058,1.0000,40567
41120,10779361280,268696.6,1786376443.6,2.6709,0.059,1.0000,40642
41140,10784604160,268825.6,1786376572.6,2.7053,0.056,1.0000,40645
41160,10789847040,268954.6,1786376701.6,2.7159,0.057,1.0000,40643
41180,10795089920,269083.6,1786376830.6,2.7210,0.060,1.0000,40659
41200,10800332800,269212.6,1786376959.6,2.7083,0.059,1.0000,40638
41220,10805575680,269341.6,1786377088.6,2.7099,0.056,1.0000,40636
41240,10810818560,269470.6,1786377217.6,2.7271,0.066,1.0000,40641
41260,10816061440,269616.6,1786377363.6,2.6950,0.059,1.0000,35906
41280,10821304320,269745.6,1786377492.6,2.7539,0.058,1.0000,40652
41300,10826547200,269874.6,1786377621.6,2.7201,0.057,1.0000,40641
41320,10831790080,270003.6,1786377750.6,2.7450,0.057,1.0000,40635
41340,10837032960,270132.9,1786377879.9,2.7666,0.057,1.0000,40550
41360,10842275840,270262.0,1786378009.0,2.7103,0.058,1.0000,40621
41380,10847518720,270391.0,1786378138.0,2.7129,0.057,1.0000,40640
41400,10852761600,270520.1,1786378267.1,2.7339,0.056,1.0000,40620
41420,10858004480,270649.1,1786378396.0,2.6868,0.057,1.0000,40647
41440,10863247360,270778.1,1786378525.0,2.6462,0.057,1.0000,40641
41460,10868490240,270907.0,1786378654.0,2.7085,0.057,1.0000,40656
41480,10873733120,271036.1,1786378783.1,2.7248,0.058,1.0000,40620
41500,10878976000,271165.2,1786378912.2,2.7120,0.057,1.0000,40616
41520,10884218880,271310.0,1786379056.9,2.6997,0.055,1.0000,36214
41540,10889461760,271439.0,1786379185.9,2.7154,0.058,1.0000,40638
41560,10894704640,271568.0,1786379315.0,2.7407,0.060,1.0000,40627
41580,10899947520,271697.1,1786379444.0,2.7008,0.057,1.0000,40628
41600,10905190400,271826.3,1786379573.3,2.6983,0.056,1.0000,40558
41620,10910433280,271955.3,1786379702.3,2.7371,0.057,1.0000,40643
41640,10915676160,272084.3,1786379831.3,2.6777,0.057,1.0000,40637
41660,10920919040,272213.4,1786379960.4,2.6707,0.057,1.0000,40625
41680,10926161920,272342.5,1786380089.4,2.7307,0.057,1.0000,40622
41700,10931404800,272471.5,1786380218.5,2.7554,0.057,1.0000,40626
41720,10936647680,272600.6,1786380347.6,2.7064,0.058,1.0000,40614
41740,10941890560,272729.7,1786380476.6,2.6718,0.055,1.0000,40625
41760,10947133440,272875.0,1786380622.0,2.6473,0.055,1.0000,36067
41780,10952376320,273004.0,1786380751.0,2.6923,0.056,1.0000,40644
41800,10957619200,273133.0,1786380880.0,2.6151,0.055,1.0000,40637
41820,10962862080,273262.1,1786381009.1,2.6465,0.056,1.0000,40622
41840,10968104960,273391.4,1786381138.4,2.7279,0.056,1.0000,40550
41860,10973347840,273520.5,1786381267.4,2.6412,0.055,1.0000,40623
41880,10978590720,273649.5,1786381396.5,2.7535,0.057,1.0000,40637
41900,10983833600,273778.4,1786381525.4,2.6559,0.057,1.0000,40657
41920,10989076480,273907.5,1786381654.4,2.6628,0.057,1.0000,40635
41940,10994319360,274036.5,1786381783.5,2.6814,0.055,1.0000,40626
41960,10999562240,274165.6,1786381912.5,2.6891,0.055,1.0000,40624
41980,11004805120,274294.6,1786382041.6,2.7440,0.057,1.0000,40634
42000,11010048000,274423.5,1786382170.5,2.7867,0.058,1.0000,40669
42020,11015290880,274569.5,1786382316.5,2.7249,0.056,1.0000,35913
42040,11020533760,274698.5,1786382445.5,2.6676,0.056,1.0000,40634
42060,11025776640,274827.6,1786382574.5,2.7109,0.057,1.0000,40630
42080,11031019520,274956.9,1786382703.9,2.6745,0.056,1.0000,40538
42100,11036262400,275085.9,1786382832.9,2.7180,0.056,1.0000,40649
42120,11041505280,275214.9,1786382961.9,2.7222,0.055,1.0000,40641
42140,11046748160,275343.8,1786383090.8,2.6649,0.056,1.0000,40676
42160,11051991040,275472.8,1786383219.8,2.7561,0.057,1.0000,40641
42180,11057233920,275601.8,1786383348.8,2.7477,0.057,1.0000,40633
42200,11062476800,275730.8,1786383477.8,2.7030,0.058,1.0000,40638
42220,11067719680,275859.9,1786383606.8,2.7267,0.056,1.0000,40634
42240,11072962560,275988.9,1786383735.9,2.7001,0.062,1.0000,40614
42260,11078205440,276135.4,1786383882.4,2.6442,0.055,1.0000,35795
42280,11083448320,276264.4,1786384011.4,2.6428,0.059,1.0000,40648
42300,11088691200,276393.4,1786384140.4,2.7378,0.057,1.0000,40630
42320,11093934080,276522.7,1786384269.7,2.7502,0.057,1.0000,40554
42340,11099176960,276651.7,1786384398.6,2.7487,0.057,1.0000,40661
42360,11104419840,276780.5,1786384527.5,2.6404,0.058,1.0000,40683
42380,11109662720,276909.6,1786384656.6,2.6842,0.056,1.0000,40625
42400,11114905600,277038.6,1786384785.6,2.6388,0.056,1.0000,40626
42420,11120148480,277167.7,1786384914.6,2.7133,0.056,1.0000,40634
42440,11125391360,277296.7,1786385043.7,2.6880,0.063,1.0000,40634
42460,11130634240,277425.8,1786385172.7,2.6474,0.056,1.0000,40620
42480,11135877120,277554.9,1786385301.9,2.6425,0.057,1.0000,40606
42500,11141120000,277684.0,1786385431.0,2.6932,0.059,1.0000,40605
42520,11146362880,277829.6,1786385576.6,2.6767,0.058,1.0000,35998
42540,11151605760,277958.6,1786385705.6,2.7765,0.057,1.0000,40641
42560,11156848640,278087.7,1786385834.7,2.6536,0.055,1.0000,40629
42580,11162091520,278217.0,1786385964.0,2.6839,0.055,1.0000,40533
42600,11167334400,278346.3,1786386093.2,2.7463,0.057,1.0000,40573
42620,11172577280,278475.5,1786386222.5,2.6595,0.058,1.0000,40567
42640,11177820160,278604.8,1786386351.8,2.6525,0.055,1.0000,40555
42660,11183063040,278734.1,1786386481.0,2.7784,0.055,1.0000,40553
42680,11188305920,278863.3,1786386610.3,2.7522,0.058,1.0000,40563
42700,11193548800,278992.7,1786386739.7,2.7310,0.057,1.0000,40528
42720,11198791680,279122.0,1786386869.0,2.6632,0.056,1.0000,40537
42740,11204034560,279251.3,1786386998.2,2.6973,0.056,1.0000,40565
42760,11209277440,279397.8,1786387144.7,2.7234,0.056,1.0000,35788
42780,11214520320,279527.0,1786387274.0,2.7098,0.056,1.0000,40572
42800,11219763200,279656.1,1786387403.1,2.7279,0.056,1.0000,40590
42820,11225006080,279785.6,1786387532.6,2.7344,0.055,1.0000,40504
42840,11230248960,279914.8,1786387661.8,2.7138,0.055,1.0000,40583
42860,11235491840,280043.9,1786387790.9,2.6922,0.055,1.0000,40607
42880,11240734720,280172.9,1786387919.9,2.7471,0.056,1.0000,40633
42900,11245977600,280301.9,1786388048.9,2.6620,0.056,1.0000,40648
42920,11251220480,280430.9,1786388177.8,2.6874,0.058,1.0000,40656
42940,11256463360,280559.9,1786388306.9,2.6533,0.055,1.0000,40632
42960,11261706240,280689.1,1786388436.0,2.6963,0.061,1.0000,40591
42980,11266949120,280818.3,1786388565.2,2.6750,0.055,1.0000,40578
43000,11272192000,280947.4,1786388694.4,2.6643,0.058,1.0000,40589
43020,11277434880,281093.3,1786388840.3,2.6850,0.058,1.0000,35951
43040,11282677760,281222.4,1786388969.4,2.6850,0.055,1.0000,40604
43060,11287920640,281351.7,1786389098.7,2.6998,0.063,1.0000,40536
43080,11293163520,281480.8,1786389227.8,2.7168,0.058,1.0000,40617
43100,11298406400,281609.9,1786389356.9,2.7451,0.058,1.0000,40624
43120,11303649280,281738.9,1786389485.9,2.6252,0.057,1.0000,40638
43140,11308892160,281867.9,1786389614.9,2.7185,0.055,1.0000,40626
43160,11314135040,281996.9,1786389743.9,2.6382,0.057,1.0000,40651
43180,11319377920,282126.1,1786389873.1,2.6916,0.061,1.0000,40572
43200,11324620800,282255.3,1786390002.3,2.6951,0.055,1.0000,40586
43220,11329863680,282384.5,1786390131.4,2.6625,0.057,1.0000,40598
43240,11335106560,282513.7,1786390260.7,2.6648,0.057,1.0000,40569
43260,11340349440,282660.2,1786390407.2,2.6815,0.058,1.0000,35778
43280,11345592320,282789.3,1786390536.3,2.7086,0.062,1.0000,40611
43300,11350835200,282918.8,1786390665.8,2.6851,0.060,1.0000,40495
43320,11356078080,283048.0,1786390795.0,2.7521,0.059,1.0000,40587
43340,11361320960,283177.2,1786390924.1,2.6503,0.056,1.0000,40587
43360,11366563840,283306.2,1786391053.2,2.7276,0.060,1.0000,40630
43380,11371806720,283435.2,1786391182.1,2.6479,0.055,1.0000,40651
43400,11377049600,283564.2,1786391311.2,2.6435,0.056,1.0000,40638
43420,11382292480,283693.1,1786391440.1,2.6687,0.056,1.0000,40666
43440,11387535360,283822.1,1786391569.1,2.6664,0.055,1.0000,40630
43460,11392778240,283951.3,1786391698.3,2.7289,0.056,1.0000,40581
43480,11398021120,284080.6,1786391827.6,2.7297,0.058,1.0000,40549
43500,11403264000,284209.9,1786391956.9,2.6480,0.058,1.0000,40546
43520,11408506880,284356.4,1786392103.4,2.6583,0.068,1.0000,35790
43540,11413749760,284485.5,1786392232.5,2.7242,0.057,1.0000,40610
43560,11418992640,284615.1,1786392362.1,2.6542,0.055,1.0000,40465
43580,11424235520,284744.2,1786392491.2,2.6399,0.056,1.0000,40620
43600,11429478400,284873.3,1786392620.3,2.7686,0.057,1.0000,40605
43620,11434721280,285002.5,1786392749.5,2.7184,0.057,1.0000,40569
43640,11439964160,285131.8,1786392878.7,2.7095,0.056,1.0000,40566
43660,11445207040,285260.9,1786393007.9,2.6573,0.057,1.0000,40589
43680,11450449920,285390.1,1786393137.1,2.6100,0.055,1.0000,40578
43700,11455692800,285519.2,1786393266.2,2.6604,0.060,1.0000,40610
43720,11460935680,285648.4,1786393395.4,2.6614,0.055,1.0000,40602
43740,11466178560,285777.6,1786393524.6,2.6526,0.054,1.0000,40565
43760,11471421440,285923.3,1786393670.3,2.6663,0.056,1.0000,35995
43780,11476664320,286052.3,1786393799.3,2.7374,0.057,1.0000,40631
43800,11481907200,286181.6,1786393928.6,2.6660,0.056,1.0000,40557
43820,11487150080,286310.6,1786394057.6,2.6651,0.058,1.0000,40624
43840,11492392960,286439.7,1786394186.6,2.7515,0.058,1.0000,40638
43860,11497635840,286568.7,1786394315.7,2.6837,0.058,1.0000,40626
43880,11502878720,286697.7,1786394444.7,2.7042,0.057,1.0000,40635
43900,11508121600,286826.8,1786394573.8,2.6890,0.057,1.0000,40620
43920,11513364480,286955.8,1786394702.7,2.6820,0.056,1.0000,40658
43940,11518607360,287084.8,1786394831.8,2.6946,0.060,1.0000,40635
43960,11523850240,287213.8,1786394960.8,2.6545,0.054,1.0000,40628
43980,11529093120,287342.8,1786395089.7,2.6892,0.056,1.0000,40659
44000,11534336000,287471.7,1786395218.7,2.6766,0.056,1.0000,40672
44020,11539578880,287618.4,1786395365.3,2.7476,0.056,1.0000,35740
44040,11544821760,287747.7,1786395494.6,2.6781,0.058,1.0000,40551
44060,11550064640,287876.7,1786395623.6,2.6304,0.066,1.0000,40643
44080,11555307520,288005.7,1786395752.7,2.6984,0.058,1.0000,40621
44100,11560550400,288134.8,1786395881.7,2.6759,0.064,1.0000,40631
44120,11565793280,288263.8,1786396010.8,2.6727,0.055,1.0000,40628
44140,11571036160,288392.8,1786396139.8,2.6723,0.053,1.0000,40633
44160,11576279040,288521.8,1786396268.8,2.6847,0.056,1.0000,40645
44180,11581521920,288650.7,1786396397.7,2.6790,0.056,1.0000,40672
44200,11586764800,288779.7,1786396526.7,2.7020,0.056,1.0000,40651
44220,11592007680,288908.8,1786396655.8,2.7190,0.054,1.0000,40616
44240,11597250560,289037.8,1786396784.8,2.6596,0.055,1.0000,40632
44260,11602493440,289182.0,1786396928.9,2.7504,0.055,1.0000,36377
44280,11607736320,289311.2,1786397058.1,2.7025,0.057,1.0000,40575
44300,11612979200,289440.6,1786397187.5,2.7088,0.058,1.0000,40519
44320,11618222080,289569.9,1786397316.8,2.6243,0.054,1.0000,40546
44340,11623464960,289699.0,1786397446.0,2.7174,0.058,1.0000,40590
44360,11628707840,289828.0,1786397575.0,2.6842,0.055,1.0000,40640
44380,11633950720,289957.0,1786397704.0,2.7094,0.060,1.0000,40651
44400,11639193600,290086.0,1786397833.0,2.6659,0.054,1.0000,40632
44420,11644436480,290215.0,1786397962.0,2.6585,0.058,1.0000,40645
44440,11649679360,290344.0,1786398091.0,2.6495,0.058,1.0000,40643
44460,11654922240,290473.1,1786398220.1,2.6927,0.055,1.0000,40619
44480,11660165120,290602.2,1786398349.2,2.6235,0.056,1.0000,40608
44500,11665408000,290731.4,1786398478.4,2.6756,0.055,1.0000,40584
44520,11670650880,290878.2,1786398625.2,2.6917,0.057,1.0000,35707
44540,11675893760,291007.6,1786398754.6,2.7379,0.057,1.0000,40526
44560,11681136640,291136.6,1786398883.6,2.7310,0.055,1.0000,40654
44580,11686379520,291265.6,1786399012.6,2.6885,0.060,1.0000,40638
44600,11691622400,291394.5,1786399141.5,2.6746,0.054,1.0000,40662
44620,11696865280,291523.5,1786399270.5,2.6365,0.059,1.0000,40650
44640,11702108160,291652.5,1786399399.5,2.7458,0.056,1.0000,40645
44660,11707351040,291781.5,1786399528.5,2.7135,0.058,1.0000,40641
44680,11712593920,291910.4,1786399657.4,2.6969,0.056,1.0000,40667
44700,11717836800,292039.4,1786399786.4,2.6952,0.054,1.0000,40640
44720,11723079680,292168.4,1786399915.4,2.7021,0.055,1.0000,40646
44740,11728322560,292297.4,1786400044.4,2.6440,0.056,1.0000,40653
44760,11733565440,292444.4,1786400191.3,2.6661,0.062,1.0000,35671
44780,11738808320,292573.4,1786400320.4,2.7149,0.056,1.0000,40636
44800,11744051200,292702.4,1786400449.3,2.6592,0.063,1.0000,40653
44820,11749294080,292831.3,1786400578.3,2.6749,0.056,1.0000,40648
44840,11754536960,292960.2,1786400707.2,2.6072,0.056,1.0000,40677
44860,11759779840,293089.2,1786400836.2,2.6482,0.056,1.0000,40639
44880,11765022720,293218.2,1786400965.2,2.7232,0.056,1.0000,40655
44900,11770265600,293347.1,1786401094.1,2.7078,0.059,1.0000,40677
44920,11775508480,293476.1,1786401223.0,2.7047,0.055,1.0000,40650
44940,11780751360,293605.1,1786401352.0,2.6496,0.055,1.0000,40645
44960,11785994240,293734.0,1786401481.0,2.6619,0.056,1.0000,40650
44980,11791237120,293863.0,1786401610.0,2.7145,0.056,1.0000,40641
45000,11796480000,293992.0,1786401739.0,2.7636,0.054,1.0000,40641
45020,11801722880,294138.8,1786401885.8,2.6932,0.054,1.0000,35732
45040,11806965760,294267.8,1786402014.8,2.7063,0.061,1.0000,40638
45060,11812208640,294396.8,1786402143.8,2.7083,0.057,1.0000,40631
45080,11817451520,294525.8,1786402272.8,2.6687,0.054,1.0000,40638
45100,11822694400,294654.8,1786402401.8,2.7202,0.056,1.0000,40658
45120,11827937280,294783.7,1786402530.7,2.7511,0.055,1.0000,40658
45140,11833180160,294912.7,1786402659.7,2.6556,0.056,1.0000,40644
45160,11838423040,295041.7,1786402788.7,2.6578,0.057,1.0000,40646
45180,11843665920,295170.8,1786402917.7,2.7274,0.053,1.0000,40630
45200,11848908800,295299.8,1786403046.8,2.6497,0.055,1.0000,40618
45220,11854151680,295428.8,1786403175.8,2.7024,0.055,1.0000,40650
45240,11859394560,295557.8,1786403304.8,2.6553,0.058,1.0000,40645
45260,11864637440,295703.1,1786403450.1,2.7022,0.058,1.0000,36077
45280,11869880320,295832.1,1786403579.1,2.7187,0.056,1.0000,40637
45300,11875123200,295961.2,1786403708.2,2.6571,0.055,1.0000,40626
45320,11880366080,296090.4,1786403837.4,2.7414,0.055,1.0000,40586
45340,11885608960,296219.8,1786403966.7,2.7162,0.055,1.0000,40524
45360,11890851840,296349.1,1786404096.0,2.6762,0.057,1.0000,40549
45380,11896094720,296478.2,1786404225.2,2.6969,0.056,1.0000,40582
45400,11901337600,296607.4,1786404354.4,2.7001,0.057,1.0000,40591
45420,11906580480,296736.5,1786404483.5,2.6988,0.055,1.0000,40598
45440,11911823360,296865.7,1786404612.7,2.7504,0.054,1.0000,40588
45460,11917066240,296994.8,1786404741.8,2.6954,0.056,1.0000,40615
45480,11922309120,297123.9,1786404870.9,2.6610,0.057,1.0000,40603
45500,11927552000,297253.1,1786405000.1,2.7091,0.054,1.0000,40593
45520,11932794880,297399.7,1786405146.7,2.7053,0.054,1.0000,35766
45540,11938037760,297528.6,1786405275.6,2.6691,0.057,1.0000,40661
45560,11943280640,297657.7,1786405404.7,2.7119,0.055,1.0000,40622
45580,11948523520,297786.8,1786405533.7,2.7038,0.055,1.0000,40617
45600,11953766400,297915.9,1786405662.9,2.6583,0.055,1.0000,40602
45620,11959009280,298045.1,1786405792.0,2.7674,0.055,1.0000,40586
45640,11964252160,298174.2,1786405921.2,2.6829,0.056,1.0000,40588
45660,11969495040,298303.5,1786406050.5,2.6963,0.060,1.0000,40560
45680,11974737920,298432.7,1786406179.7,2.6904,0.054,1.0000,40585
45700,11979980800,298561.7,1786406308.7,2.6397,0.055,1.0000,40625
45720,11985223680,298690.9,1786406437.9,2.6385,0.056,1.0000,40589
45740,11990466560,298820.1,1786406567.1,2.7212,0.056,1.0000,40581
45760,11995709440,298965.6,1786406712.6,2.7268,0.061,1.0000,36043
45780,12000952320,299094.9,1786406841.9,2.6920,0.057,1.0000,40536
45800,12006195200,299224.2,1786406971.2,2.6478,0.057,1.0000,40544
45820,12011438080,299353.3,1786407100.3,2.7339,0.058,1.0000,40605
45840,12016680960,299482.5,1786407229.5,2.6435,0.055,1.0000,40590
45860,12021923840,299611.6,1786407358.6,2.6986,0.055,1.0000,40605
45880,12027166720,299740.7,1786407487.7,2.6929,0.056,1.0000,40609
45900,12032409600,299869.8,1786407616.8,2.6715,0.055,1.0000,40623
45920,12037652480,299998.9,1786407745.9,2.6237,0.055,1.0000,40596
45940,12042895360,300142.5,1786407889.5,2.7340,0.057,0.9991,36515
45960,12048138240,300271.6,1786408018.5,2.7303,0.056,0.9956,40629
45980,12053381120,300400.8,1786408147.8,2.6929,0.054,0.9921,40571
46000,12058624000,300530.3,1786408277.3,2.6955,0.058,0.9885,40470
46020,12063866880,300674.4,1786408421.4,2.6622,0.058,0.9850,36398
46040,12069109760,300803.7,1786408550.6,2.6541,0.055,0.9815,40559
46060,12074352640,300932.9,1786408679.8,2.6957,0.055,0.9780,40576
46080,12079595520,301062.0,1786408809.0,2.6277,0.056,0.9744,40604
46100,12084838400,301191.1,1786408938.1,2.6560,0.057,0.9709,40597
46120,12090081280,301320.3,1786409067.3,2.7401,0.055,0.9674,40580
46140,12095324160,301449.5,1786409196.5,2.7338,0.060,0.9638,40576
46160,12100567040,301579.7,1786409326.7,2.6704,0.056,0.9603,40272
46180,12105809920,301708.9,1786409455.8,2.6470,0.057,0.9568,40598
46200,12111052800,301838.0,1786409585.0,2.6488,0.054,0.9533,40589
46220,12116295680,301967.1,1786409714.1,2.7062,0.059,0.9497,40608
46240,12121538560,302096.5,1786409843.5,2.7080,0.055,0.9462,40526
46260,12126781440,302243.7,1786409990.7,2.6177,0.054,0.9427,35629
46280,12132024320,302372.8,1786410119.8,2.7277,0.055,0.9392,40611
46300,12137267200,302501.9,1786410248.9,2.6262,0.057,0.9356,40604
46320,12142510080,302631.0,1786410378.0,2.6940,0.058,0.9321,40611
46340,12147752960,302760.1,1786410507.1,2.7134,0.057,0.9286,40603
46360,12152995840,302889.2,1786410636.2,2.6839,0.055,0.9250,40624
46380,12158238720,303018.3,1786410765.3,2.6511,0.056,0.9215,40600
46400,12163481600,303147.4,1786410894.4,2.6659,0.053,0.9180,40613
46420,12168724480,303276.5,1786411023.5,2.6920,0.055,0.9145,40602
46440,12173967360,303405.7,1786411152.6,2.7145,0.061,0.9109,40599
46460,12179210240,303534.8,1786411281.8,2.6820,0.057,0.9074,40598
46480,12184453120,303663.9,1786411410.9,2.7079,0.055,0.9039,40609
46500,12189696000,303793.3,1786411540.3,2.6524,0.056,0.9004,40528
46520,12194938880,303939.6,1786411686.6,2.7130,0.056,0.8968,35826
46540,12200181760,304068.7,1786411815.7,2.6381,0.055,0.8933,40618
46560,12205424640,304197.8,1786411944.8,2.6732,0.055,0.8898,40612
46580,12210667520,304327.0,1786412074.0,2.6883,0.054,0.8862,40583
46600,12215910400,304456.2,1786412203.2,2.7322,0.054,0.8827,40584
46620,12221153280,304585.3,1786412332.3,2.6778,0.058,0.8792,40601
46640,12226396160,304714.4,1786412461.4,2.6789,0.057,0.8757,40608
46660,12231639040,304843.6,1786412590.5,2.7414,0.054,0.8721,40599
46680,12236881920,304972.6,1786412719.6,2.6092,0.055,0.8686,40618
46700,12242124800,305101.7,1786412848.7,2.7340,0.054,0.8651,40617
46720,12247367680,305230.8,1786412977.8,2.7488,0.062,0.8616,40613
46740,12252610560,305360.2,1786413107.2,2.6668,0.057,0.8580,40517
46760,12257853440,305506.7,1786413253.7,2.6771,0.055,0.8545,35780
46780,12263096320,305635.8,1786413382.8,2.6971,0.056,0.8510,40626
46800,12268339200,305764.8,1786413511.8,2.6297,0.059,0.8474,40640
46820,12273582080,305893.8,1786413640.8,2.6432,0.057,0.8439,40629
46840,12278824960,306022.9,1786413769.9,2.6356,0.055,0.8404,40616
46860,12284067840,306152.1,1786413899.1,2.7145,0.063,0.8369,40579
46880,12289310720,306281.2,1786414028.2,2.6322,0.053,0.8333,40622
46900,12294553600,306410.3,1786414157.3,2.6906,0.057,0.8298,40612
46920,12299796480,306539.4,1786414286.3,2.7186,0.053,0.8263,40622
46940,12305039360,306668.5,1786414415.5,2.7278,0.058,0.8228,40582
46960,12310282240,306797.6,1786414544.6,2.6466,0.053,0.8192,40620
46980,12315525120,306927.2,1786414674.2,2.6360,0.062,0.8157,40457
47000,12320768000,307056.3,1786414803.3,2.7186,0.055,0.8122,40616
47020,12326010880,307200.8,1786414947.8,2.6601,0.054,0.8086,36274
47040,12331253760,307329.9,1786415076.9,2.7171,0.062,0.8051,40607
47060,12336496640,307459.0,1786415206.0,2.6359,0.054,0.8016,40614
47080,12341739520,307588.1,1786415335.1,2.6966,0.056,0.7981,40617
47100,12346982400,307717.2,1786415464.2,2.6662,0.054,0.7945,40617
47120,12352225280,307846.1,1786415593.1,2.6383,0.057,0.7910,40674
47140,12357468160,307975.0,1786415722.0,2.6261,0.055,0.7875,40662
47160,12362711040,308104.1,1786415851.1,2.6830,0.054,0.7840,40616
47180,12367953920,308233.2,1786415980.2,2.6678,0.054,0.7804,40624
47200,12373196800,308362.3,1786416109.2,2.6334,0.055,0.7769,40618
47220,12378439680,308491.6,1786416238.5,2.6702,0.054,0.7734,40546
47240,12383682560,308620.6,1786416367.6,2.6483,0.053,0.7698,40628
47260,12388925440,308766.5,1786416513.5,2.7226,0.054,0.7663,35928
47280,12394168320,308895.6,1786416642.6,2.6758,0.056,0.7628,40619
47300,12399411200,309024.7,1786416771.7,2.7334,0.057,0.7593,40622
47320,12404654080,309153.8,1786416900.8,2.6354,0.056,0.7557,40609
47340,12409896960,309282.9,1786417029.8,2.7111,0.056,0.7522,40614
47360,12415139840,309411.9,1786417158.9,2.7097,0.054,0.7487,40631
47380,12420382720,309540.9,1786417287.8,2.6575,0.054,0.7451,40654
47400,12425625600,309670.0,1786417417.0,2.6600,0.056,0.7416,40604
47420,12430868480,309799.1,1786417546.0,2.6598,0.054,0.7381,40621
47440,12436111360,309928.2,1786417675.2,2.6810,0.053,0.7346,40603
47460,12441354240,310057.3,1786417804.2,2.6823,0.054,0.7310,40616
47480,12446597120,310186.5,1786417933.5,2.6473,0.054,0.7275,40553
47500,12451840000,310315.6,1786418062.6,2.6832,0.059,0.7240,40625
47520,12457082880,310461.9,1786418208.9,2.6849,0.055,0.7205,35827
47540,12462325760,310591.0,1786418338.0,2.7047,0.056,0.7169,40633
47560,12467568640,310719.9,1786418466.9,2.6723,0.054,0.7134,40658
47580,12472811520,310848.8,1786418595.8,2.6263,0.054,0.7099,40678
47600,12478054400,310977.7,1786418724.7,2.6841,0.055,0.7063,40673
47620,12483297280,311106.7,1786418853.7,2.6605,0.056,0.7028,40646
47640,12488540160,311235.7,1786418982.7,2.6673,0.057,0.6993,40637
47660,12493783040,311364.7,1786419111.7,2.6951,0.054,0.6958,40657
47680,12499025920,311493.7,1786419240.7,2.5778,0.053,0.6922,40622
47700,12504268800,311622.8,1786419369.8,2.7424,0.055,0.6887,40631
47720,12509511680,311752.1,1786419499.1,2.6636,0.065,0.6852,40544
47740,12514754560,311881.1,1786419628.1,2.7190,0.056,0.6817,40633
47760,12519997440,312027.5,1786419774.5,2.6892,0.059,0.6781,35812
47780,12525240320,312156.6,1786419903.6,2.6441,0.055,0.6746,40625
47800,12530483200,312285.6,1786420032.6,2.6724,0.053,0.6711,40634
47820,12535726080,312414.7,1786420161.6,2.7228,0.054,0.6675,40624
47840,12540968960,312543.7,1786420290.7,2.6735,0.054,0.6640,40634
47860,12546211840,312672.7,1786420419.7,2.6673,0.057,0.6605,40626
47880,12551454720,312801.8,1786420548.8,2.6535,0.053,0.6570,40617
47900,12556697600,312930.9,1786420677.9,2.6425,0.055,0.6534,40623
47920,12561940480,313060.0,1786420807.0,2.6931,0.054,0.6499,40596
47940,12567183360,313189.2,1786420936.2,2.6526,0.054,0.6464,40595
47960,12572426240,313318.4,1786421065.4,2.6852,0.057,0.6429,40560
47980,12577669120,313447.6,1786421194.5,2.7087,0.055,0.6393,40607
48000,12582912000,313576.7,1786421323.6,2.6619,0.057,0.6358,40607
48020,12588154880,313722.9,1786421469.9,2.5537,0.054,0.6323,35844
48040,12593397760,313852.0,1786421599.0,2.6091,0.057,0.6287,40619
48060,12598640640,313981.1,1786421728.0,2.6362,0.053,0.6252,40628
48080,12603883520,314110.1,1786421857.1,2.6273,0.055,0.6217,40614
48100,12609126400,314239.2,1786421986.2,2.6236,0.054,0.6182,40613
48120,12614369280,314368.4,1786422115.4,2.6351,0.055,0.6146,40588
48140,12619612160,314497.6,1786422244.6,2.6678,0.056,0.6111,40591
48160,12624855040,314626.6,1786422373.6,2.6469,0.052,0.6076,40629
48180,12630097920,314755.7,1786422502.7,2.6882,0.055,0.6041,40609
48200,12635340800,314884.9,1786422631.8,2.7278,0.053,0.6005,40599
48220,12640583680,315014.0,1786422761.0,2.6575,0.054,0.5970,40585
48240,12645826560,315143.1,1786422890.1,2.6769,0.055,0.5935,40615
48260,12651069440,315289.1,1786423036.1,2.6457,0.059,0.5899,35925
48280,12656312320,315418.1,1786423165.1,2.6616,0.055,0.5864,40634
48300,12661555200,315547.1,1786423294.1,2.6380,0.059,0.5829,40631
48320,12666798080,315676.2,1786423423.2,2.7245,0.054,0.5794,40624
48340,12672040960,315805.2,1786423552.2,2.6285,0.054,0.5758,40627
48360,12677283840,315934.2,1786423681.2,2.5704,0.063,0.5723,40656
48380,12682526720,316063.2,1786423810.2,2.6273,0.055,0.5688,40638
48400,12687769600,316192.7,1786423939.7,2.6953,0.055,0.5653,40487
48420,12693012480,316321.8,1786424068.7,2.6788,0.054,0.5617,40630
48440,12698255360,316450.8,1786424197.8,2.6161,0.053,0.5582,40631
48460,12703498240,316580.1,1786424327.1,2.6243,0.054,0.5547,40545
48480,12708741120,316709.0,1786424456.0,2.6851,0.057,0.5511,40674
48500,12713984000,316837.9,1786424584.9,2.6580,0.055,0.5476,40681
48520,12719226880,316983.3,1786424730.2,2.7219,0.057,0.5441,36061
48540,12724469760,317112.2,1786424859.2,2.6497,0.056,0.5406,40671
48560,12729712640,317241.1,1786424988.1,2.6719,0.054,0.5370,40661
48580,12734955520,317370.1,1786425117.1,2.7289,0.056,0.5335,40649
48600,12740198400,317499.0,1786425246.0,2.6006,0.054,0.5300,40657
48620,12745441280,317628.1,1786425375.0,2.6637,0.058,0.5265,40640
48640,12750684160,317757.0,1786425504.0,2.5965,0.066,0.5229,40657
48660,12755927040,317886.1,1786425633.1,2.6571,0.054,0.5194,40621
48680,12761169920,318015.2,1786425762.1,2.6019,0.054,0.5159,40618
48700,12766412800,318144.5,1786425891.5,2.6599,0.054,0.5123,40526
48720,12771655680,318273.5,1786426020.5,2.6797,0.057,0.5088,40638
48740,12776898560,318402.5,1786426149.5,2.6351,0.055,0.5053,40648
48760,12782141440,318548.8,1786426295.8,2.6624,0.054,0.5018,35833
48780,12787384320,318677.8,1786426424.8,2.6484,0.054,0.4982,40649
48800,12792627200,318806.8,1786426553.8,2.6296,0.054,0.4947,40656
48820,12797870080,318935.9,1786426682.8,2.6681,0.057,0.4912,40615
48840,12803112960,319064.9,1786426811.9,2.7295,0.055,0.4877,40619
48860,12808355840,319194.0,1786426941.0,2.6265,0.057,0.4841,40618
48880,12813598720,319323.0,1786427070.0,2.6873,0.056,0.4806,40648
48900,12818841600,319452.0,1786427199.0,2.6402,0.064,0.4771,40632
48920,12824084480,319581.1,1786427328.1,2.6556,0.054,0.4735,40619
48940,12829327360,319710.4,1786427457.4,2.6581,0.053,0.4700,40555
48960,12834570240,319839.4,1786427586.4,2.6622,0.057,0.4665,40636
48980,12839813120,319968.4,1786427715.4,2.6514,0.056,0.4630,40635
49000,12845056000,320097.5,1786427844.5,2.6256,0.055,0.4594,40621
49020,12850298880,320243.6,1786427990.6,2.6083,0.055,0.4559,35880
49040,12855541760,320372.6,1786428119.6,2.6598,0.054,0.4524,40643
49060,12860784640,320501.5,1786428248.5,2.6055,0.055,0.4489,40669
49080,12866027520,320630.5,1786428377.5,2.7071,0.056,0.4453,40642
49100,12871270400,320759.6,1786428506.6,2.6654,0.055,0.4418,40626
49120,12876513280,320888.6,1786428635.6,2.6868,0.053,0.4383,40636
49140,12881756160,321017.7,1786428764.7,2.6562,0.058,0.4347,40620
49160,12886999040,321146.7,1786428893.7,2.6528,0.056,0.4312,40633
49180,12892241920,321275.7,1786429022.7,2.6870,0.055,0.4277,40638
49200,12897484800,321405.0,1786429152.0,2.6334,0.054,0.4242,40552
49220,12902727680,321534.1,1786429281.1,2.7025,0.055,0.4206,40620
49240,12907970560,321663.2,1786429410.2,2.6354,0.056,0.4171,40601
49260,12913213440,321809.9,1786429556.9,2.6155,0.053,0.4136,35738
49280,12918456320,321939.0,1786429686.0,2.6607,0.053,0.4101,40622
49300,12923699200,322068.1,1786429815.0,2.6541,0.055,0.4065,40616
49320,12928942080,322197.1,1786429944.1,2.5966,0.053,0.4030,40615
49340,12934184960,322326.2,1786430073.2,2.6406,0.054,0.3995,40609
49360,12939427840,322455.3,1786430202.3,2.6673,0.056,0.3959,40612
49380,12944670720,322584.5,1786430331.4,2.6479,0.055,0.3924,40609
49400,12949913600,322713.4,1786430460.4,2.5733,0.058,0.3889,40647
49420,12955156480,322842.5,1786430589.5,2.7090,0.053,0.3854,40632
49440,12960399360,322971.8,1786430718.8,2.6488,0.056,0.3818,40527
49460,12965642240,323100.9,1786430847.8,2.6591,0.054,0.3783,40633
49480,12970885120,323229.9,1786430976.9,2.6817,0.054,0.3748,40624
49500,12976128000,323359.0,1786431106.0,2.6659,0.055,0.3713,40620
49520,12981370880,323505.6,1786431252.5,2.6394,0.055,0.3677,35771
49540,12986613760,323634.6,1786431381.6,2.6559,0.055,0.3642,40619
49560,12991856640,323763.7,1786431510.7,2.6510,0.055,0.3607,40617
49580,12997099520,323892.8,1786431639.8,2.6553,0.053,0.3571,40608
49600,13002342400,324022.0,1786431769.0,2.6186,0.054,0.3536,40596
49620,13007585280,324151.2,1786431898.1,2.5622,0.056,0.3501,40585
49640,13012828160,324280.3,1786432027.3,2.6925,0.054,0.3466,40588
49660,13018071040,324409.6,1786432156.6,2.6041,0.053,0.3430,40562
49680,13023313920,324539.0,1786432286.0,2.6788,0.054,0.3395,40516
49700,13028556800,324668.2,1786432415.2,2.7084,0.057,0.3360,40570
49720,13033799680,324797.5,1786432544.5,2.6068,0.055,0.3325,40557
49740,13039042560,324926.7,1786432673.7,2.6400,0.054,0.3289,40566
49760,13044285440,325072.5,1786432819.5,2.6175,0.055,0.3254,35962
49780,13049528320,325201.6,1786432948.6,2.6418,0.053,0.3219,40606
49800,13054771200,325330.8,1786433077.8,2.6766,0.053,0.3183,40584
49820,13060014080,325460.0,1786433207.0,2.6208,0.055,0.3148,40578
49840,13065256960,325589.2,1786433336.2,2.6325,0.054,0.3113,40580
49860,13070499840,325718.3,1786433465.3,2.6715,0.054,0.3078,40621
49880,13075742720,325847.3,1786433594.2,2.7023,0.056,0.3042,40656
49900,13080985600,325976.3,1786433723.3,2.6184,0.053,0.3007,40622
49920,13086228480,326105.6,1786433852.6,2.6175,0.055,0.2972,40560
49940,13091471360,326234.6,1786433981.6,2.6172,0.056,0.2937,40639
49960,13096714240,326363.6,1786434110.6,2.7070,0.054,0.2901,40641
49980,13101957120,326492.6,1786434239.6,2.6659,0.055,0.2866,40642
50000,13107200000,326621.7,1786434368.7,2.6045,0.055,0.2831,40616
50020,13112442880,326768.9,1786434515.9,2.6865,0.055,0.2795,35618
50040,13117685760,326898.0,1786434644.9,2.5711,0.053,0.2760,40616
50060,13122928640,327027.0,1786434774.0,2.6871,0.054,0.2725,40624
50080,13128171520,327156.1,1786434903.1,2.5923,0.054,0.2690,40608
50100,13133414400,327285.3,1786435032.2,2.5808,0.055,0.2654,40605
50120,13138657280,327414.4,1786435161.3,2.6136,0.055,0.2619,40611
50140,13143900160,327543.5,1786435290.5,2.6524,0.055,0.2584,40606
50160,13149143040,327672.8,1786435419.8,2.6372,0.054,0.2549,40538
50180,13154385920,327801.9,1786435548.9,2.5738,0.053,0.2513,40622
50200,13159628800,327930.9,1786435677.9,2.6403,0.056,0.2478,40624
50220,13164871680,328060.1,1786435807.1,2.6836,0.055,0.2443,40585
50240,13170114560,328189.2,1786435936.2,2.6564,0.054,0.2407,40603
50260,13175357440,328335.5,1786436082.4,2.6399,0.054,0.2372,35854
50280,13180600320,328464.5,1786436211.5,2.5718,0.056,0.2337,40629
50300,13185843200,328593.6,1786436340.6,2.6714,0.056,0.2302,40612
50320,13191086080,328722.7,1786436469.7,2.6568,0.053,0.2266,40619
50340,13196328960,328851.8,1786436598.8,2.6033,0.054,0.2231,40606
50360,13201571840,328980.9,1786436727.9,2.6734,0.066,0.2196,40603
50380,13206814720,329110.1,1786436857.0,2.6410,0.054,0.2160,40603
50400,13212057600,329239.2,1786436986.2,2.6353,0.054,0.2125,40592
50420,13217300480,329368.7,1786437115.7,2.6739,0.053,0.2090,40491
50440,13222543360,329497.8,1786437244.8,2.6792,0.054,0.2055,40608
50460,13227786240,329626.9,1786437373.9,2.6345,0.054,0.2019,40620
50480,13233029120,329755.8,1786437502.8,2.6469,0.053,0.1984,40651
50500,13238272000,329884.9,1786437631.9,2.7326,0.060,0.1949,40628
50520,13243514880,330032.4,1786437779.4,2.6478,0.055,0.1914,35530
50540,13248757760,330161.5,1786437908.5,2.5859,0.054,0.1878,40620
50560,13254000640,330290.7,1786438037.7,2.6510,0.055,0.1843,40593
50580,13259243520,330419.8,1786438166.8,2.6771,0.054,0.1808,40594
50600,13264486400,330549.0,1786438296.0,2.6385,0.053,0.1772,40598
50620,13269729280,330678.1,1786438425.1,2.5774,0.053,0.1737,40593
50640,13274972160,330807.3,1786438554.3,2.5548,0.052,0.1702,40578
50660,13280215040,330936.8,1786438683.8,2.6806,0.055,0.1667,40504
50680,13285457920,331066.0,1786438813.0,2.6460,0.053,0.1631,40572
50700,13290700800,331195.2,1786438942.2,2.6138,0.056,0.1596,40578
50720,13295943680,331324.4,1786439071.3,2.6378,0.055,0.1561,40595
50740,13301186560,331453.6,1786439200.5,2.6371,0.052,0.1526,40580
50760,13306429440,331600.8,1786439347.8,2.6916,0.054,0.1490,35598
50780,13311672320,331729.8,1786439476.8,2.6790,0.053,0.1455,40653
50800,13316915200,331858.9,1786439605.9,2.5993,0.054,0.1420,40603
50820,13322158080,331987.9,1786439734.9,2.6129,0.057,0.1384,40646
50840,13327400960,332117.0,1786439864.0,2.6022,0.054,0.1349,40609
50860,13332643840,332246.2,1786439993.2,2.6374,0.053,0.1314,40574
50880,13337886720,332375.5,1786440122.5,2.5875,0.053,0.1279,40555
50900,13343129600,332505.0,1786440252.0,2.7238,0.054,0.1243,40478
50920,13348372480,332634.2,1786440381.1,2.5853,0.054,0.1208,40607
50940,13353615360,332763.3,1786440510.3,2.6979,0.054,0.1173,40598
50960,13358858240,332892.4,1786440639.4,2.6148,0.054,0.1138,40601
50980,13364101120,333021.6,1786440768.5,2.6529,0.054,0.1102,40603
51000,13369344000,333150.7,1786440897.7,2.6368,0.054,0.1067,40587
51020,13374586880,333296.7,1786441043.7,2.6416,0.054,0.1032,35916
