step,tokens,elapsed_s,unix_ts,loss,grad_norm,lr_mult,tok_s
0,0,34.6,1785918667.4,9.1176,6.748,0.0003,0
20,5242880,78.1,1785918711.0,9.0339,6.201,0.0070,120372
40,10485760,103.4,1785918736.2,8.8192,5.293,0.0137,207570
60,15728640,128.7,1785918761.6,8.5412,3.887,0.0203,206709
80,20971520,154.2,1785918787.0,8.2853,2.146,0.0270,206301
100,26214400,179.6,1785918812.5,8.0853,1.176,0.0337,205913
120,31457280,205.1,1785918838.0,7.9348,1.053,0.0403,205759
140,36700160,230.6,1785918863.5,7.7684,1.326,0.0470,205236
160,41943040,256.1,1785918889.0,7.6027,1.572,0.0537,205668
180,47185920,281.7,1785918914.5,7.4480,1.718,0.0603,205506
200,52428800,307.2,1785918940.0,7.2484,2.553,0.0670,205421
220,57671680,332.7,1785918965.6,6.9632,2.337,0.0737,205203
240,62914560,358.3,1785918991.2,6.8364,2.772,0.0803,204969
260,68157440,388.0,1785919020.8,6.6540,2.846,0.0870,176714
280,73400320,413.5,1785919046.3,6.4936,2.628,0.0937,205466
300,78643200,439.0,1785919071.8,6.3438,2.997,0.1003,205613
320,83886080,464.5,1785919097.3,6.2698,3.495,0.1070,205836
340,89128960,489.9,1785919122.8,6.1061,3.669,0.1137,205695
360,94371840,515.5,1785919148.3,5.9801,4.530,0.1203,205503
380,99614720,540.9,1785919173.8,5.7995,4.024,0.1270,205802
400,104857600,566.5,1785919199.3,5.6831,4.661,0.1337,205426
420,110100480,592.0,1785919224.8,5.5975,4.126,0.1403,205594
440,115343360,617.5,1785919250.3,5.4946,4.333,0.1470,205380
460,120586240,643.0,1785919275.9,5.3804,4.264,0.1537,205458
480,125829120,668.5,1785919301.4,5.3001,2.849,0.1603,205354
500,131072000,694.1,1785919326.9,5.1825,3.322,0.1670,205349
520,136314880,723.4,1785919356.2,5.1415,2.792,0.1737,178973
540,141557760,748.9,1785919381.8,5.0923,2.608,0.1803,204893
560,146800640,774.5,1785919407.4,4.9629,2.717,0.1870,205104
580,152043520,800.0,1785919432.9,4.9758,2.621,0.1937,205339
600,157286400,825.6,1785919458.4,4.8717,2.224,0.2003,205383
620,162529280,851.2,1785919484.1,4.8151,2.028,0.2070,204524
640,167772160,876.8,1785919509.6,4.8430,2.116,0.2137,205005
660,173015040,902.3,1785919535.2,4.7323,1.779,0.2203,205079
680,178257920,927.9,1785919560.8,4.7487,2.279,0.2270,205114
700,183500800,953.4,1785919586.3,4.6498,1.671,0.2337,205461
720,188743680,978.9,1785919611.8,4.6490,1.474,0.2403,205423
740,193986560,1004.5,1785919637.3,4.5544,1.385,0.2470,205273
760,199229440,1034.1,1785919667.0,4.5437,1.349,0.2537,176976
780,204472320,1059.6,1785919692.5,4.4992,1.257,0.2603,205550
800,209715200,1085.1,1785919718.0,4.4948,1.371,0.2670,205746
820,214958080,1110.6,1785919743.5,4.5022,1.221,0.2737,205437
840,220200960,1136.1,1785919769.0,4.4199,1.322,0.2803,205687
860,225443840,1161.6,1785919794.5,4.3976,1.289,0.2870,205454
880,230686720,1187.1,1785919820.0,4.3288,1.145,0.2937,205601
900,235929600,1212.6,1785919845.5,4.3535,1.229,0.3003,205486
920,241172480,1238.2,1785919871.0,4.3041,1.043,0.3070,205445
940,246415360,1263.7,1785919896.5,4.3011,0.962,0.3137,205371
960,251658240,1289.2,1785919922.1,4.2864,0.916,0.3203,205388
980,256901120,1314.7,1785919947.6,4.3134,0.906,0.3270,205585
1000,262144000,1340.2,1785919973.1,4.2282,0.878,0.3337,205439
1020,267386880,1369.9,1785920002.7,4.2486,0.883,0.3403,177021
1040,272629760,1395.4,1785920028.3,4.2113,0.896,0.3470,205169
1060,277872640,1421.0,1785920053.8,4.1145,0.837,0.3537,205182
1080,283115520,1446.5,1785920079.3,4.2399,0.799,0.3603,205357
1100,288358400,1472.0,1785920104.9,4.1733,0.770,0.3670,205529
1120,293601280,1497.6,1785920130.4,4.1221,0.717,0.3737,205087
1140,298844160,1523.1,1785920156.0,4.0727,0.686,0.3803,205310
1160,304087040,1548.6,1785920181.5,4.0264,0.607,0.3870,205403
1180,309329920,1574.1,1785920207.0,4.1443,0.731,0.3937,205483
1200,314572800,1599.7,1785920232.5,4.0291,0.618,0.4003,205533
1220,319815680,1625.2,1785920258.0,4.0685,0.655,0.4070,205320
1240,325058560,1650.7,1785920283.5,4.0174,0.601,0.4137,205658
1260,330301440,1680.0,1785920312.9,4.0804,0.657,0.4203,178812
1280,335544320,1705.5,1785920338.4,4.0420,0.650,0.4270,205371
1300,340787200,1731.1,1785920363.9,3.9974,0.652,0.4337,205237
1320,346030080,1756.6,1785920389.5,4.0439,0.565,0.4403,205234
1340,351272960,1782.2,1785920415.0,4.0688,0.593,0.4470,205043
1360,356515840,1807.7,1785920440.6,3.9817,0.567,0.4537,205154
1380,361758720,1833.3,1785920466.1,3.9550,0.494,0.4603,205435
1400,367001600,1858.8,1785920491.7,3.9347,0.577,0.4670,205329
1420,372244480,1884.3,1785920517.2,3.9377,0.518,0.4737,205361
1440,377487360,1909.9,1785920542.7,3.9629,0.524,0.4803,205407
1460,382730240,1935.4,1785920568.2,3.8840,0.525,0.4870,205356
1480,387973120,1960.9,1785920593.7,4.0053,0.495,0.4937,205695
1500,393216000,1986.4,1785920619.3,3.9386,0.472,0.5003,205031
1520,398458880,2016.3,1785920649.1,3.9386,0.446,0.5070,175877
1540,403701760,2041.8,1785920674.7,3.9032,0.444,0.5137,205184
1560,408944640,2067.4,1785920700.2,3.9366,0.462,0.5203,205235
1580,414187520,2092.9,1785920725.7,3.8985,0.509,0.5270,205384
1600,419430400,2118.4,1785920751.3,3.8648,0.480,0.5337,205319
1620,424673280,2144.0,1785920776.8,3.9074,0.479,0.5403,205284
1640,429916160,2169.5,1785920802.3,3.8715,0.411,0.5470,205339
1660,435159040,2195.0,1785920827.9,3.8219,0.440,0.5537,205146
1680,440401920,2220.6,1785920853.4,3.8449,0.415,0.5603,205301
1700,445644800,2246.2,1785920879.0,3.8646,0.395,0.5670,204738
1720,450887680,2271.7,1785920904.6,3.7940,0.384,0.5737,205525
1740,456130560,2297.2,1785920930.1,3.8839,0.409,0.5803,205364
1760,461373440,2327.1,1785920959.9,3.8394,0.391,0.5870,175749
1780,466616320,2352.6,1785920985.4,3.8680,0.404,0.5937,205619
1800,471859200,2378.1,1785921011.0,3.8169,0.358,0.6003,205284
1820,477102080,2403.6,1785921036.5,3.8687,0.387,0.6070,205567
1840,482344960,2429.2,1785921062.0,3.7929,0.375,0.6137,205027
1860,487587840,2454.7,1785921087.5,3.8333,0.371,0.6203,205759
1880,492830720,2480.2,1785921113.0,3.7957,0.380,0.6270,205650
1900,498073600,2505.7,1785921138.6,3.8348,0.343,0.6337,205010
1920,503316480,2531.3,1785921164.1,3.7771,0.379,0.6403,205221
1940,508559360,2556.8,1785921189.6,3.8678,0.364,0.6470,205496
1960,513802240,2582.3,1785921215.2,3.7648,0.350,0.6537,205271
1980,519045120,2607.9,1785921240.7,3.8296,0.345,0.6603,205134
2000,524288000,2633.5,1785921266.3,3.8052,0.348,0.6670,205006
2020,529530880,2663.3,1785921296.1,3.7723,0.357,0.6737,175786
2040,534773760,2688.8,1785921321.7,3.7999,0.351,0.6803,205440
2060,540016640,2714.3,1785921347.2,3.7735,0.321,0.6870,205473
2080,545259520,2739.8,1785921372.7,3.6950,0.344,0.6937,205437
2100,550502400,2765.4,1785921398.2,3.7682,0.339,0.7003,205531
2120,555745280,2790.9,1785921423.8,3.7182,0.337,0.7070,204928
2140,560988160,2816.5,1785921449.3,3.7646,0.286,0.7137,205126
2160,566231040,2842.0,1785921474.9,3.7424,0.278,0.7203,205550
2180,571473920,2867.5,1785921500.4,3.7122,0.311,0.7270,205274
2200,576716800,2893.1,1785921526.0,3.7224,0.312,0.7337,205104
2220,581959680,2918.6,1785921551.5,3.7331,0.320,0.7403,205306
2240,587202560,2944.2,1785921577.0,3.6655,0.295,0.7470,205476
2260,592445440,2973.7,1785921606.6,3.5823,0.298,0.7537,177367
2280,597688320,2999.3,1785921632.1,3.6690,0.309,0.7603,205031
2300,602931200,3024.8,1785921657.7,3.7111,0.318,0.7670,205399
2320,608174080,3050.3,1785921683.2,3.6956,0.290,0.7737,205416
2340,613416960,3075.9,1785921708.8,3.6732,0.284,0.7803,204949
2360,618659840,3101.5,1785921734.4,3.6347,0.291,0.7870,204852
2380,623902720,3127.1,1785921759.9,3.6359,0.258,0.7937,205039
2400,629145600,3152.6,1785921785.5,3.7096,0.290,0.8003,205089
2420,634388480,3178.2,1785921811.1,3.6584,0.298,0.8070,205152
2440,639631360,3203.8,1785921836.6,3.7048,0.283,0.8137,204997
2460,644874240,3229.4,1785921862.3,3.6072,0.268,0.8203,204628
2480,650117120,3255.0,1785921887.9,3.7251,0.249,0.8270,204441
2500,655360000,3280.7,1785921913.6,3.7185,0.262,0.8337,204259
2520,660602880,3310.3,1785921943.2,3.6625,0.284,0.8403,176935
2540,665845760,3336.0,1785921968.9,3.6722,0.293,0.8470,204100
2560,671088640,3361.7,1785921994.5,3.6494,0.264,0.8537,204574
2580,676331520,3387.3,1785922020.2,3.5358,0.237,0.8603,204108
2600,681574400,3413.1,1785922045.9,3.6509,0.245,0.8670,203845
2620,686817280,3438.8,1785922071.6,3.6637,0.250,0.8737,204107
2640,692060160,3464.4,1785922097.3,3.6849,0.254,0.8803,204124
2660,697303040,3490.1,1785922122.9,3.6569,0.254,0.8870,204500
2680,702545920,3515.7,1785922148.6,3.6263,0.244,0.8937,204366
2700,707788800,3541.4,1785922174.3,3.6485,0.245,0.9003,204244
2720,713031680,3567.0,1785922199.8,3.6289,0.238,0.9070,204937
2740,718274560,3592.6,1785922225.5,3.6462,0.245,0.9137,204670
2760,723517440,3622.1,1785922255.0,3.6482,0.230,0.9203,177418
2780,728760320,3647.7,1785922280.6,3.5675,0.241,0.9270,204927
2800,734003200,3673.3,1785922306.2,3.6329,0.247,0.9337,204950
2820,739246080,3698.9,1785922331.8,3.6948,0.223,0.9403,204593
2840,744488960,3724.5,1785922357.4,3.6588,0.219,0.9470,204755
2860,749731840,3750.2,1785922383.1,3.6586,0.226,0.9537,204239
2880,754974720,3775.8,1785922408.7,3.6279,0.233,0.9603,204695
2900,760217600,3801.4,1785922434.3,3.6135,0.215,0.9670,204747
2920,765460480,3827.0,1785922459.9,3.6443,0.230,0.9737,204814
2940,770703360,3852.6,1785922485.5,3.6363,0.215,0.9803,204852
2960,775946240,3878.2,1785922511.1,3.6680,0.221,0.9870,204794
2980,781189120,3903.8,1785922536.7,3.6406,0.230,0.9937,205021
3000,786432000,3929.4,1785922562.2,3.5548,0.211,1.0000,205010
3020,791674880,3958.8,1785922591.6,3.6146,0.216,1.0000,178372
3040,796917760,3984.3,1785922617.2,3.6383,0.206,1.0000,205016
3060,802160640,4009.9,1785922642.8,3.5690,0.235,1.0000,204861
3080,807403520,4035.5,1785922668.3,3.5914,0.193,1.0000,205108
3100,812646400,4061.1,1785922693.9,3.5990,0.212,1.0000,205086
3120,817889280,4086.6,1785922719.5,3.6158,0.214,1.0000,205219
3140,823132160,4112.2,1785922745.0,3.5987,0.215,1.0000,205150
3160,828375040,4137.7,1785922770.6,3.5878,0.211,1.0000,205185
3180,833617920,4163.3,1785922796.1,3.5683,0.222,1.0000,205061
3200,838860800,4188.9,1785922821.7,3.5689,0.223,1.0000,205054
3220,844103680,4214.4,1785922847.3,3.5535,0.186,1.0000,205149
3240,849346560,4240.0,1785922872.9,3.5283,0.202,1.0000,204718
3260,854589440,4269.7,1785922902.6,3.5311,0.182,1.0000,176630
3280,859832320,4295.3,1785922928.2,3.5644,0.207,1.0000,204747
3300,865075200,4320.9,1785922953.8,3.5877,0.175,1.0000,204767
3320,870318080,4346.5,1785922979.4,3.5446,0.187,1.0000,204681
3340,875560960,4372.1,1785923005.0,3.5830,0.196,1.0000,204751
3360,880803840,4397.7,1785923030.6,3.5487,0.199,1.0000,204928
3380,886046720,4423.3,1785923056.2,3.5631,0.187,1.0000,204847
3400,891289600,4448.9,1785923081.8,3.6357,0.184,1.0000,204732
3420,896532480,4474.6,1785923107.4,3.5397,0.188,1.0000,204313
3440,901775360,4500.2,1785923133.0,3.5689,0.175,1.0000,204765
3460,907018240,4525.8,1785923158.7,3.5293,0.194,1.0000,204544
3480,912261120,4551.4,1785923184.3,3.4588,0.180,1.0000,204610
3500,917504000,4577.1,1785923210.0,3.5335,0.191,1.0000,204342
3520,922746880,4606.9,1785923239.7,3.5028,0.177,1.0000,176011
3540,927989760,4632.5,1785923265.4,3.5397,0.185,1.0000,204610
3560,933232640,4658.1,1785923291.0,3.5223,0.169,1.0000,204827
3580,938475520,4683.7,1785923316.6,3.5056,0.176,1.0000,204555
3600,943718400,4709.4,1785923342.3,3.5897,0.174,1.0000,204240
3620,948961280,4735.1,1785923368.0,3.5658,0.174,1.0000,204039
3640,954204160,4760.7,1785923393.6,3.4302,0.171,1.0000,204490
3660,959447040,4786.4,1785923419.2,3.5223,0.165,1.0000,204429
3680,964689920,4812.1,1785923444.9,3.4854,0.176,1.0000,204234
3700,969932800,4837.7,1785923470.6,3.5021,0.176,1.0000,204135
3720,975175680,4863.4,1785923496.2,3.5098,0.158,1.0000,204557
3740,980418560,4889.0,1785923521.9,3.5066,0.168,1.0000,204203
3760,985661440,4918.8,1785923551.6,3.5181,0.179,1.0000,176482
3780,990904320,4944.4,1785923577.3,3.4743,0.171,1.0000,204185
3800,996147200,4970.1,1785923603.0,3.4814,0.179,1.0000,204082
3820,1001390080,4995.8,1785923628.7,3.5210,0.174,1.0000,203955
3840,1006632960,5021.5,1785923654.4,3.4996,0.152,1.0000,204251
3860,1011875840,5047.1,1785923680.0,3.4498,0.172,1.0000,204669
3880,1017118720,5072.7,1785923705.6,3.5027,0.172,1.0000,204694
3900,1022361600,5098.3,1785923731.2,3.4945,0.167,1.0000,204619
3920,1027604480,5124.0,1785923756.8,3.4935,0.158,1.0000,204782
3940,1032847360,5149.5,1785923782.4,3.5385,0.168,1.0000,204899
3960,1038090240,5175.2,1785923808.0,3.4863,0.169,1.0000,204633
3980,1043333120,5200.8,1785923833.6,3.5080,0.156,1.0000,204632
4000,1048576000,5226.3,1785923859.2,3.5191,0.167,1.0000,205045
4020,1053818880,5256.2,1785923889.1,3.5228,0.178,1.0000,175585
4040,1059061760,5281.8,1785923914.6,3.4191,0.170,1.0000,205188
4060,1064304640,5307.4,1785923940.2,3.5128,0.170,1.0000,204685
4080,1069547520,5333.0,1785923965.8,3.4839,0.157,1.0000,204860
4100,1074790400,5358.6,1785923991.4,3.4963,0.160,1.0000,204656
4120,1080033280,5384.2,1785924017.1,3.4333,0.152,1.0000,204541
4140,1085276160,5409.8,1785924042.7,3.4631,0.168,1.0000,204767
4160,1090519040,5435.4,1785924068.2,3.4485,0.149,1.0000,205084
4180,1095761920,5461.0,1785924093.8,3.4878,0.166,1.0000,205004
4200,1101004800,5486.6,1785924119.4,3.5208,0.156,1.0000,204845
4220,1106247680,5512.1,1785924145.0,3.4352,0.162,1.0000,204885
4240,1111490560,5537.8,1785924170.6,3.4259,0.157,1.0000,204706
4260,1116733440,5567.7,1785924200.5,3.4631,0.141,1.0000,175381
4280,1121976320,5593.3,1785924226.1,3.4374,0.154,1.0000,204596
4300,1127219200,5618.9,1785924251.8,3.4078,0.160,1.0000,204238
4320,1132462080,5644.6,1785924277.5,3.3982,0.157,1.0000,204380
4340,1137704960,5670.3,1785924303.1,3.4678,0.156,1.0000,204230
4360,1142947840,5695.9,1785924328.7,3.5045,0.177,1.0000,204713
4380,1148190720,5721.5,1785924354.4,3.5152,0.149,1.0000,204629
4400,1153433600,5747.2,1785924380.0,3.4347,0.154,1.0000,204273
4420,1158676480,5772.8,1785924405.7,3.4860,0.153,1.0000,204477
4440,1163919360,5798.4,1785924431.3,3.4368,0.173,1.0000,204596
4460,1169162240,5824.0,1785924456.9,3.4403,0.158,1.0000,204742
4480,1174405120,5849.7,1785924482.5,3.4778,0.174,1.0000,204592
4500,1179648000,5875.3,1785924508.1,3.4350,0.157,1.0000,204713
4520,1184890880,5904.7,1785924537.6,3.3971,0.164,1.0000,177985
4540,1190133760,5930.3,1785924563.2,3.5226,0.156,1.0000,205019
4560,1195376640,5955.9,1785924588.8,3.4152,0.148,1.0000,204889
4580,1200619520,5981.5,1785924614.4,3.4137,0.155,1.0000,204750
4600,1205862400,6007.2,1785924640.0,3.4650,0.142,1.0000,204407
4620,1211105280,6032.9,1785924665.7,3.4205,0.153,1.0000,204023
4640,1216348160,6058.5,1785924691.4,3.4948,0.151,1.0000,204416
4660,1221591040,6084.1,1785924716.9,3.4765,0.162,1.0000,204835
4680,1226833920,6109.7,1785924742.5,3.4747,0.157,1.0000,204968
4700,1232076800,6135.3,1785924768.2,3.4529,0.153,1.0000,204549
4720,1237319680,6161.0,1785924793.8,3.3864,0.150,1.0000,204242
4740,1242562560,6186.7,1785924819.5,3.4803,0.140,1.0000,204037
4760,1247805440,6216.3,1785924849.2,3.3897,0.145,1.0000,176772
4780,1253048320,6242.0,1785924874.8,3.4552,0.140,1.0000,204300
4800,1258291200,6267.7,1785924900.5,3.4649,0.130,1.0000,204086
4820,1263534080,6293.4,1785924926.3,3.4280,0.147,1.0000,203868
4840,1268776960,6319.0,1785924951.9,3.4381,0.144,1.0000,204482
4860,1274019840,6344.7,1785924977.6,3.4123,0.157,1.0000,204161
4880,1279262720,6370.4,1785925003.3,3.4429,0.149,1.0000,204078
4900,1284505600,6396.1,1785925029.0,3.3886,0.141,1.0000,204079
4920,1289748480,6421.8,1785925054.6,3.4334,0.144,1.0000,204125
4940,1294991360,6447.5,1785925080.3,3.3910,0.152,1.0000,204068
4960,1300234240,6473.2,1785925106.0,3.4222,0.142,1.0000,204137
4980,1305477120,6498.9,1785925131.7,3.4276,0.147,1.0000,203948
5000,1310720000,6524.6,1785925157.4,3.4608,0.140,1.0000,203981
5020,1315962880,6554.4,1785925187.3,3.3788,0.149,1.0000,175588
5040,1321205760,6580.0,1785925212.9,3.4489,0.157,1.0000,204926
5060,1326448640,6605.6,1785925238.4,3.4061,0.143,1.0000,204987
5080,1331691520,6631.2,1785925264.1,3.4478,0.145,1.0000,204572
5100,1336934400,6656.8,1785925289.7,3.4064,0.147,1.0000,204697
5120,1342177280,6682.5,1785925315.3,3.4075,0.144,1.0000,204602
5140,1347420160,6708.0,1785925340.9,3.3866,0.139,1.0000,204930
5160,1352663040,6733.6,1785925366.5,3.4277,0.134,1.0000,204806
5180,1357905920,6759.3,1785925392.1,3.4152,0.144,1.0000,204698
5200,1363148800,6784.9,1785925417.7,3.4016,0.133,1.0000,204651
5220,1368391680,6810.5,1785925443.4,3.4411,0.153,1.0000,204503
5240,1373634560,6836.1,1785925469.0,3.3869,0.150,1.0000,204751
5260,1378877440,6865.7,1785925498.6,3.4240,0.140,1.0000,177018
5280,1384120320,6891.3,1785925524.2,3.4561,0.132,1.0000,204905
5300,1389363200,6916.9,1785925549.8,3.4036,0.142,1.0000,204914
5320,1394606080,6942.5,1785925575.3,3.4766,0.146,1.0000,204894
5340,1399848960,6968.1,1785925601.0,3.4659,0.140,1.0000,204759
5360,1405091840,6993.7,1785925626.6,3.4424,0.136,1.0000,204703
5380,1410334720,7019.3,1785925652.2,3.3677,0.130,1.0000,204779
5400,1415577600,7044.9,1785925677.8,3.4071,0.148,1.0000,204674
5420,1420820480,7070.5,1785925703.4,3.4260,0.144,1.0000,204729
5440,1426063360,7096.2,1785925729.1,3.4187,0.128,1.0000,204322
5460,1431306240,7121.8,1785925754.7,3.4005,0.132,1.0000,204751
5480,1436549120,7147.4,1785925780.2,3.3937,0.140,1.0000,204855
5500,1441792000,7173.0,1785925805.9,3.3681,0.149,1.0000,204703
5520,1447034880,7202.6,1785925835.4,3.3856,0.137,1.0000,177276
5540,1452277760,7228.2,1785925861.1,3.4182,0.136,1.0000,204487
5560,1457520640,7253.9,1785925886.7,3.4096,0.130,1.0000,204224
5580,1462763520,7279.6,1785925912.4,3.3645,0.139,1.0000,204025
5600,1468006400,7305.2,1785925938.1,3.4031,0.136,1.0000,204473
5620,1473249280,7330.8,1785925963.7,3.4460,0.143,1.0000,204817
5640,1478492160,7356.5,1785925989.3,3.3675,0.135,1.0000,204465
5660,1483735040,7382.1,1785926014.9,3.3430,0.125,1.0000,204724
5680,1488977920,7407.7,1785926040.6,3.4014,0.141,1.0000,204602
5700,1494220800,7433.3,1785926066.1,3.4464,0.133,1.0000,204902
5720,1499463680,7458.9,1785926091.8,3.3242,0.129,1.0000,204741
5740,1504706560,7484.5,1785926117.4,3.3876,0.142,1.0000,204815
5760,1509949440,7514.1,1785926147.0,3.4032,0.140,1.0000,177129
5780,1515192320,7539.7,1785926172.6,3.3935,0.135,1.0000,204716
5800,1520435200,7565.3,1785926198.2,3.3794,0.136,1.0000,204729
5820,1525678080,7591.0,1785926223.9,3.4079,0.132,1.0000,203951
5840,1530920960,7616.8,1785926249.6,3.3795,0.132,1.0000,203624
5860,1536163840,7642.5,1785926275.4,3.3462,0.135,1.0000,203751
5880,1541406720,7668.2,1785926301.0,3.3928,0.130,1.0000,204237
5900,1546649600,7693.8,1785926326.6,3.4504,0.144,1.0000,204695
5920,1551892480,7719.4,1785926352.3,3.3668,0.143,1.0000,204691
5940,1557135360,7745.0,1785926377.8,3.3781,0.127,1.0000,204883
5960,1562378240,7770.6,1785926403.4,3.3429,0.132,1.0000,204921
5980,1567621120,7796.2,1785926429.1,3.4205,0.138,1.0000,204586
6000,1572864000,7821.8,1785926454.7,3.4450,0.133,1.0000,204706
6020,1578106880,7851.7,1785926484.5,3.3699,0.128,1.0000,175690
6040,1583349760,7877.3,1785926510.1,3.2791,0.137,1.0000,204519
6060,1588592640,7902.9,1785926535.8,3.4114,0.147,1.0000,204351
6080,1593835520,7928.6,1785926561.5,3.3642,0.137,1.0000,204313
6100,1599078400,7954.2,1785926587.1,3.4022,0.135,1.0000,204566
6120,1604321280,7979.9,1785926612.7,3.3941,0.131,1.0000,204504
6140,1609564160,8005.5,1785926638.4,3.4119,0.134,1.0000,204433
6160,1614807040,8031.2,1785926664.0,3.3749,0.132,1.0000,204528
6180,1620049920,8056.8,1785926689.7,3.3696,0.132,1.0000,204417
6200,1625292800,8082.5,1785926715.3,3.4073,0.131,1.0000,204394
6220,1630535680,8108.1,1785926740.9,3.3379,0.134,1.0000,204532
6240,1635778560,8133.7,1785926766.6,3.3822,0.132,1.0000,204458
6260,1641021440,8163.7,1785926796.5,3.3005,0.135,1.0000,174990
6280,1646264320,8189.3,1785926822.1,3.3703,0.133,1.0000,204848
6300,1651507200,8214.9,1785926847.7,3.3673,0.134,1.0000,204734
6320,1656750080,8240.5,1785926873.3,3.3359,0.137,1.0000,204853
6340,1661992960,8266.1,1785926899.0,3.3851,0.123,1.0000,204688
6360,1667235840,8291.7,1785926924.6,3.3361,0.126,1.0000,204798
6380,1672478720,8317.4,1785926950.2,3.3442,0.128,1.0000,204379
6400,1677721600,8343.0,1785926975.8,3.3825,0.139,1.0000,204523
6420,1682964480,8368.6,1785927001.4,3.3433,0.128,1.0000,204748
6440,1688207360,8394.2,1785927027.1,3.3346,0.126,1.0000,204526
6460,1693450240,8419.9,1785927052.7,3.2688,0.119,1.0000,204457
6480,1698693120,8445.5,1785927078.4,3.3315,0.126,1.0000,204595
6500,1703936000,8471.1,1785927104.0,3.3661,0.135,1.0000,204490
6520,1709178880,8500.9,1785927133.8,3.3465,0.130,1.0000,175917
6540,1714421760,8526.5,1785927159.4,3.3687,0.140,1.0000,204832
6560,1719664640,8552.1,1785927185.0,3.3437,0.134,1.0000,204870
6580,1724907520,8577.7,1785927210.6,3.4186,0.131,1.0000,204634
6600,1730150400,8603.4,1785927236.2,3.3365,0.147,1.0000,204716
6620,1735393280,8629.0,1785927261.8,3.4278,0.129,1.0000,204600
6640,1740636160,8654.6,1785927287.4,3.3088,0.129,1.0000,204768
6660,1745879040,8680.2,1785927313.1,3.3636,0.130,1.0000,204360
6680,1751121920,8705.9,1785927338.7,3.3837,0.123,1.0000,204594
6700,1756364800,8731.5,1785927364.4,3.3716,0.134,1.0000,204542
6720,1761607680,8757.1,1785927390.0,3.3197,0.131,1.0000,204580
6740,1766850560,8782.8,1785927415.6,3.3585,0.128,1.0000,204539
6760,1772093440,8812.5,1785927445.4,3.3970,0.128,1.0000,176261
6780,1777336320,8838.2,1785927471.1,3.3733,0.132,1.0000,204000
6800,1782579200,8863.9,1785927496.8,3.3128,0.129,1.0000,203810
6820,1787822080,8889.7,1785927522.6,3.3496,0.119,1.0000,203447
6840,1793064960,8915.5,1785927548.3,3.3471,0.127,1.0000,203496
6860,1798307840,8941.2,1785927574.0,3.2688,0.129,1.0000,203927
6880,1803550720,8966.8,1785927599.7,3.2900,0.122,1.0000,204336
6900,1808793600,8992.5,1785927625.3,3.3395,0.126,1.0000,204304
6920,1814036480,9018.1,1785927651.0,3.3396,0.136,1.0000,204396
6940,1819279360,9043.8,1785927676.7,3.3167,0.126,1.0000,204266
6960,1824522240,9069.5,1785927702.3,3.3631,0.125,1.0000,204401
6980,1829765120,9095.1,1785927728.0,3.3941,0.130,1.0000,204158
7000,1835008000,9120.8,1785927753.7,3.3982,0.137,1.0000,203994
7020,1840250880,9150.2,1785927783.1,3.3009,0.127,1.0000,178555
7040,1845493760,9176.0,1785927808.9,3.3785,0.126,1.0000,202957
7060,1850736640,9201.9,1785927834.7,3.3601,0.131,1.0000,202830
7080,1855979520,9227.7,1785927860.6,3.3322,0.130,1.0000,202818
7100,1861222400,9253.6,1785927886.4,3.3147,0.122,1.0000,202810
7120,1866465280,9279.4,1785927912.3,3.3299,0.129,1.0000,202842
7140,1871708160,9305.3,1785927938.1,3.3306,0.122,1.0000,202766
7160,1876951040,9331.1,1785927964.0,3.3721,0.140,1.0000,202833
7180,1882193920,9357.0,1785927989.9,3.3041,0.121,1.0000,202641
7200,1887436800,9382.9,1785928015.7,3.3155,0.121,1.0000,202588
7220,1892679680,9408.8,1785928041.6,3.2811,0.125,1.0000,202739
7240,1897922560,9434.6,1785928067.4,3.3193,0.126,1.0000,202900
7260,1903165440,9464.0,1785928096.9,3.3400,0.131,1.0000,178126
7280,1908408320,9489.9,1785928122.7,3.3319,0.129,1.0000,202786
7300,1913651200,9515.7,1785928148.6,3.3863,0.130,1.0000,202758
7320,1918894080,9541.6,1785928174.5,3.2944,0.120,1.0000,202691
7340,1924136960,9567.5,1785928200.3,3.3788,0.125,1.0000,202660
7360,1929379840,9593.3,1785928226.2,3.3522,0.119,1.0000,202949
7380,1934622720,9619.2,1785928252.0,3.4170,0.130,1.0000,202774
7400,1939865600,9645.0,1785928277.9,3.3264,0.127,1.0000,202740
7420,1945108480,9670.9,1785928303.7,3.3512,0.127,1.0000,202782
7440,1950351360,9696.7,1785928329.6,3.3167,0.127,1.0000,202784
7460,1955594240,9722.6,1785928355.5,3.3616,0.125,1.0000,202346
7480,1960837120,9748.5,1785928381.3,3.2885,0.132,1.0000,202860
7500,1966080000,9774.3,1785928407.2,3.3331,0.124,1.0000,202818
7520,1971322880,9803.7,1785928436.6,3.3420,0.121,1.0000,178307
7540,1976565760,9829.6,1785928462.4,3.3011,0.124,1.0000,202801
7560,1981808640,9855.4,1785928488.3,3.3015,0.120,1.0000,202812
7580,1987051520,9881.3,1785928514.2,3.2826,0.128,1.0000,202795
7600,1992294400,9907.2,1785928540.0,3.3205,0.117,1.0000,202563
7620,1997537280,9933.0,1785928565.9,3.3660,0.129,1.0000,202716
7640,2002780160,9958.9,1785928591.7,3.3549,0.121,1.0000,202855
7660,2008023040,9984.7,1785928617.6,3.3025,0.122,1.0000,202852
7680,2013265920,10010.6,1785928643.4,3.3220,0.121,1.0000,202841
7700,2018508800,10036.4,1785928669.3,3.3421,0.126,1.0000,202768
7720,2023751680,10062.3,1785928695.2,3.2251,0.123,1.0000,202752
7740,2028994560,10088.1,1785928721.0,3.3368,0.129,1.0000,202857
7760,2034237440,10117.7,1785928750.5,3.3124,0.126,1.0000,177466
7780,2039480320,10143.5,1785928776.4,3.3542,0.117,1.0000,202832
7800,2044723200,10169.4,1785928802.2,3.3523,0.128,1.0000,202923
7820,2049966080,10195.2,1785928828.0,3.3223,0.118,1.0000,203078
7840,2055208960,10221.1,1785928853.9,3.2625,0.124,1.0000,202705
7860,2060451840,10246.9,1785928879.8,3.3375,0.126,1.0000,202712
7880,2065694720,10272.7,1785928905.6,3.3207,0.126,1.0000,203054
7900,2070937600,10298.6,1785928931.4,3.2799,0.119,1.0000,202854
7920,2076180480,10324.4,1785928957.3,3.3182,0.135,1.0000,202819
7940,2081423360,10350.3,1785928983.1,3.3285,0.122,1.0000,202893
7960,2086666240,10376.1,1785929009.0,3.3410,0.134,1.0000,202864
7980,2091909120,10401.9,1785929034.8,3.3365,0.123,1.0000,202976
8000,2097152000,10427.8,1785929060.6,3.3580,0.119,1.0000,202912
8020,2102394880,10457.2,1785929090.1,3.3500,0.122,1.0000,177948
8040,2107637760,10483.1,1785929115.9,3.3567,0.129,1.0000,203168
8060,2112880640,10508.9,1785929141.7,3.2706,0.126,1.0000,203111
8080,2118123520,10534.7,1785929167.5,3.3303,0.113,1.0000,203021
8100,2123366400,10560.4,1785929193.2,3.3390,0.120,1.0000,204240
8120,2128609280,10586.0,1785929218.9,3.3400,0.126,1.0000,204502
8140,2133852160,10611.6,1785929244.5,3.2908,0.115,1.0000,204672
8160,2139095040,10637.3,1785929270.1,3.2642,0.133,1.0000,204444
8180,2144337920,10663.0,1785929295.8,3.3468,0.124,1.0000,203948
8200,2149580800,10688.7,1785929321.5,3.3492,0.123,1.0000,203993
8220,2154823680,10714.3,1785929347.2,3.3401,0.122,1.0000,204433
8240,2160066560,10740.1,1785929372.9,3.2875,0.121,1.0000,203713
8260,2165309440,10770.0,1785929402.9,3.3003,0.119,1.0000,174903
8280,2170552320,10795.8,1785929428.6,3.2810,0.125,1.0000,203576
8300,2175795200,10821.6,1785929454.4,3.3343,0.130,1.0000,203232
8320,2181038080,10847.3,1785929480.2,3.2959,0.123,1.0000,203854
8340,2186280960,10873.0,1785929505.9,3.3250,0.120,1.0000,203701
8360,2191523840,10898.7,1785929531.6,3.3412,0.118,1.0000,203992
8380,2196766720,10924.4,1785929557.3,3.3046,0.116,1.0000,203911
8400,2202009600,10950.1,1785929583.0,3.3238,0.128,1.0000,204340
8420,2207252480,10975.7,1785929608.6,3.3025,0.117,1.0000,204781
8440,2212495360,11001.3,1785929634.2,3.2958,0.116,1.0000,204516
8460,2217738240,11027.1,1785929659.9,3.3347,0.123,1.0000,203755
8480,2222981120,11052.8,1785929685.6,3.3468,0.122,1.0000,204149
8500,2228224000,11078.4,1785929711.2,3.3162,0.125,1.0000,204495
8520,2233466880,11107.8,1785929740.7,3.4235,0.126,1.0000,178115
8540,2238709760,11133.5,1785929766.3,3.3541,0.124,1.0000,204419
8560,2243952640,11159.2,1785929792.0,3.2534,0.120,1.0000,204177
8580,2249195520,11184.8,1785929817.7,3.1935,0.111,1.0000,204207
8600,2254438400,11210.6,1785929843.4,3.2736,0.125,1.0000,203524
8620,2259681280,11236.3,1785929869.2,3.3454,0.116,1.0000,203833
8640,2264924160,11262.0,1785929894.9,3.3362,0.116,1.0000,203804
8660,2270167040,11287.8,1785929920.6,3.3123,0.116,1.0000,203564
8680,2275409920,11313.4,1785929946.3,3.2457,0.118,1.0000,204373
8700,2280652800,11339.1,1785929972.0,3.2786,0.122,1.0000,204286
8720,2285895680,11364.8,1785929997.6,3.3436,0.124,1.0000,204280
8740,2291138560,11390.4,1785930023.2,3.2922,0.131,1.0000,204649
8760,2296381440,11420.0,1785930052.9,3.3080,0.114,1.0000,177107
8780,2301624320,11445.6,1785930078.5,3.2959,0.122,1.0000,204485
8800,2306867200,11471.3,1785930104.2,3.2633,0.122,1.0000,204270
8820,2312110080,11496.9,1785930129.8,3.3765,0.129,1.0000,204553
8840,2317352960,11522.5,1785930155.4,3.3383,0.124,1.0000,204707
8860,2322595840,11548.1,1785930181.0,3.3266,0.120,1.0000,204781
8880,2327838720,11573.8,1785930206.6,3.3217,0.120,1.0000,204472
8900,2333081600,11599.4,1785930232.3,3.2609,0.117,1.0000,204533
8920,2338324480,11625.1,1785930257.9,3.2707,0.123,1.0000,204280
8940,2343567360,11650.8,1785930283.6,3.2402,0.122,1.0000,204294
8960,2348810240,11676.4,1785930309.3,3.3285,0.114,1.0000,204071
8980,2354053120,11702.1,1785930335.0,3.2700,0.111,1.0000,204341
9000,2359296000,11727.8,1785930360.6,3.2888,0.115,1.0000,204259
9020,2364538880,11757.3,1785930390.2,3.3362,0.121,1.0000,177256
9040,2369781760,11783.0,1785930415.8,3.3176,0.112,1.0000,204700
9060,2375024640,11808.6,1785930441.4,3.2320,0.115,1.0000,204678
9080,2380267520,11834.2,1785930467.0,3.3709,0.118,1.0000,204848
9100,2385510400,11859.9,1785930492.7,3.2907,0.114,1.0000,204034
9120,2390753280,11885.6,1785930518.5,3.2382,0.114,1.0000,203515
9140,2395996160,11911.4,1785930544.2,3.3084,0.122,1.0000,203625
9160,2401239040,11937.1,1785930570.0,3.2914,0.113,1.0000,203684
9180,2406481920,11962.8,1785930595.7,3.3566,0.112,1.0000,203961
9200,2411724800,11988.6,1785930621.5,3.2998,0.119,1.0000,203343
9220,2416967680,12014.4,1785930647.3,3.3457,0.122,1.0000,203174
9240,2422210560,12040.2,1785930673.1,3.2811,0.107,1.0000,202999
9260,2427453440,12070.0,1785930702.8,3.2471,0.113,1.0000,176307
9280,2432696320,12095.6,1785930728.5,3.2581,0.118,1.0000,204521
9300,2437939200,12121.2,1785930754.1,3.3355,0.119,1.0000,204568
9320,2443182080,12146.9,1785930779.7,3.2677,0.118,1.0000,204471
9340,2448424960,12172.5,1785930805.4,3.3144,0.116,1.0000,204477
9360,2453667840,12198.2,1785930831.0,3.2680,0.113,1.0000,204357
9380,2458910720,12223.8,1785930856.7,3.3525,0.116,1.0000,204431
9400,2464153600,12249.5,1785930882.3,3.2821,0.109,1.0000,204354
9420,2469396480,12275.2,1785930908.0,3.3159,0.122,1.0000,204191
9440,2474639360,12300.8,1785930933.6,3.2607,0.113,1.0000,204543
9460,2479882240,12326.4,1785930959.3,3.3065,0.119,1.0000,204341
9480,2485125120,12352.1,1785930985.0,3.3080,0.118,1.0000,204300
9500,2490368000,12377.7,1785931010.6,3.3174,0.120,1.0000,204461
9520,2495610880,12407.2,1785931040.1,3.3629,0.119,1.0000,177876
9540,2500853760,12432.9,1785931065.7,3.2411,0.111,1.0000,204482
9560,2506096640,12458.5,1785931091.4,3.3010,0.110,1.0000,204444
9580,2511339520,12484.1,1785931117.0,3.2533,0.115,1.0000,204574
9600,2516582400,12509.8,1785931142.6,3.2880,0.111,1.0000,204438
9620,2521825280,12535.4,1785931168.3,3.2964,0.117,1.0000,204296
9640,2527068160,12561.1,1785931193.9,3.3356,0.116,1.0000,204532
9660,2532311040,12586.8,1785931219.6,3.2968,0.108,1.0000,203929
9680,2537553920,12612.4,1785931245.3,3.2807,0.110,1.0000,204364
9700,2542796800,12638.1,1785931270.9,3.3261,0.112,1.0000,204418
9720,2548039680,12663.7,1785931296.6,3.2314,0.111,1.0000,204407
9740,2553282560,12689.4,1785931322.2,3.2233,0.114,1.0000,204522
9760,2558525440,12719.4,1785931352.2,3.3142,0.120,1.0000,174775
9780,2563768320,12745.0,1785931377.9,3.2459,0.115,1.0000,204219
9800,2569011200,12770.7,1785931403.6,3.3499,0.115,1.0000,204331
9820,2574254080,12796.3,1785931429.2,3.2891,0.112,1.0000,204479
9840,2579496960,12822.0,1785931454.8,3.3464,0.118,1.0000,204716
9860,2584739840,12847.6,1785931480.4,3.2800,0.111,1.0000,204556
9880,2589982720,12873.2,1785931506.1,3.3075,0.112,1.0000,204607
9900,2595225600,12898.8,1785931531.7,3.2803,0.117,1.0000,204753
9920,2600468480,12924.4,1785931557.3,3.3089,0.112,1.0000,204730
9940,2605711360,12950.1,1785931582.9,3.2625,0.118,1.0000,204399
9960,2610954240,12975.7,1785931608.6,3.3034,0.120,1.0000,204351
9980,2616197120,13001.4,1785931634.2,3.3178,0.115,1.0000,204328
10000,2621440000,13027.0,1785931659.9,3.2615,0.117,1.0000,204534
10020,2626682880,13056.6,1785931689.5,3.3455,0.113,1.0000,177240
10040,2631925760,13082.2,1785931715.1,3.2899,0.118,1.0000,204552
10060,2637168640,13107.9,1785931740.7,3.2449,0.109,1.0000,204597
10080,2642411520,13133.5,1785931766.4,3.3034,0.123,1.0000,204456
10100,2647654400,13159.1,1785931792.0,3.2922,0.107,1.0000,204632
10120,2652897280,13184.8,1785931817.6,3.3087,0.112,1.0000,204534
10140,2658140160,13210.4,1785931843.2,3.2806,0.122,1.0000,204568
10160,2663383040,13236.0,1785931868.8,3.2785,0.120,1.0000,204742
10180,2668625920,13261.6,1785931894.5,3.2976,0.120,1.0000,204696
10200,2673868800,13287.2,1785931920.1,3.2968,0.112,1.0000,204737
10220,2679111680,13312.8,1785931945.7,3.3388,0.110,1.0000,204635
10240,2684354560,13338.4,1785931971.3,3.2567,0.112,1.0000,204773
10260,2689597440,13368.3,1785932001.2,3.3368,0.115,1.0000,175316
10280,2694840320,13394.0,1785932026.8,3.3790,0.112,1.0000,204549
10300,2700083200,13419.6,1785932052.4,3.2610,0.113,1.0000,204787
10320,2705326080,13445.2,1785932078.0,3.3376,0.120,1.0000,204633
10340,2710568960,13470.8,1785932103.7,3.3219,0.112,1.0000,204625
10360,2715811840,13496.5,1785932129.3,3.2583,0.112,1.0000,204481
10380,2721054720,13522.1,1785932155.0,3.3054,0.115,1.0000,204381
10400,2726297600,13547.8,1785932180.6,3.2576,0.110,1.0000,204212
10420,2731540480,13573.4,1785932206.3,3.2995,0.111,1.0000,204419
10440,2736783360,13599.1,1785932231.9,3.2626,0.112,1.0000,204420
10460,2742026240,13624.7,1785932257.6,3.2982,0.119,1.0000,204646
10480,2747269120,13650.4,1785932283.2,3.3106,0.107,1.0000,204347
10500,2752512000,13676.0,1785932308.9,3.2586,0.107,1.0000,204413
10520,2757754880,13705.5,1785932338.4,3.2767,0.113,1.0000,177518
10540,2762997760,13731.2,1785932364.0,3.3400,0.112,1.0000,204531
10560,2768240640,13756.8,1785932389.7,3.3497,0.111,1.0000,204401
10580,2773483520,13782.5,1785932415.3,3.2945,0.114,1.0000,204410
10600,2778726400,13808.1,1785932441.0,3.2690,0.116,1.0000,204396
10620,2783969280,13833.8,1785932466.7,3.2959,0.110,1.0000,204172
10640,2789212160,13859.4,1785932492.3,3.2722,0.112,1.0000,204469
10660,2794455040,13885.1,1785932518.0,3.2748,0.107,1.0000,204048
10680,2799697920,13910.8,1785932543.7,3.2985,0.113,1.0000,204216
10700,2804940800,13936.5,1785932569.3,3.2816,0.114,1.0000,204190
10720,2810183680,13962.1,1785932595.0,3.2691,0.111,1.0000,204435
10740,2815426560,13987.7,1785932620.6,3.2714,0.112,1.0000,204656
10760,2820669440,14017.2,1785932650.1,3.2022,0.113,1.0000,177793
10780,2825912320,14042.8,1785932675.7,3.2944,0.115,1.0000,204744
10800,2831155200,14068.4,1785932701.3,3.2896,0.109,1.0000,204761
10820,2836398080,14094.1,1785932726.9,3.3309,0.109,1.0000,204620
10840,2841640960,14119.7,1785932752.6,3.2532,0.105,1.0000,204528
10860,2846883840,14145.4,1785932778.2,3.2048,0.110,1.0000,204192
10880,2852126720,14171.0,1785932803.9,3.3022,0.105,1.0000,204550
10900,2857369600,14196.6,1785932829.5,3.2722,0.111,1.0000,204702
10920,2862612480,14222.3,1785932855.1,3.3102,0.115,1.0000,204425
10940,2867855360,14248.0,1785932880.8,3.2885,0.107,1.0000,204092
10960,2873098240,14273.6,1785932906.5,3.3037,0.104,1.0000,204284
10980,2878341120,14299.3,1785932932.1,3.1774,0.113,1.0000,204340
11000,2883584000,14324.9,1785932957.7,3.3076,0.115,1.0000,204868
11020,2888826880,14354.3,1785932987.2,3.3318,0.108,1.0000,178094
11040,2894069760,14380.0,1785933012.8,3.2992,0.114,1.0000,204330
11060,2899312640,14405.6,1785933038.4,3.2231,0.113,1.0000,204620
11080,2904555520,14431.3,1785933064.1,3.2618,0.110,1.0000,204109
11100,2909798400,14456.9,1785933089.8,3.2592,0.106,1.0000,204504
11120,2915041280,14482.6,1785933115.4,3.2638,0.109,1.0000,204208
11140,2920284160,14508.2,1785933141.1,3.2269,0.106,1.0000,204373
11160,2925527040,14533.9,1785933166.8,3.3248,0.105,1.0000,204194
11180,2930769920,14559.5,1785933192.4,3.2335,0.104,1.0000,204596
11200,2936012800,14585.2,1785933218.1,3.2311,0.113,1.0000,204317
11220,2941255680,14610.8,1785933243.7,3.2912,0.106,1.0000,204638
11240,2946498560,14636.5,1785933269.3,3.3055,0.111,1.0000,204584
11260,2951741440,14665.9,1785933298.8,3.2635,0.104,1.0000,177804
11280,2956984320,14691.6,1785933324.4,3.2885,0.111,1.0000,204562
11300,2962227200,14717.2,1785933350.1,3.2860,0.107,1.0000,204375
11320,2967470080,14742.9,1785933375.7,3.2632,0.107,1.0000,204541
11340,2972712960,14768.4,1785933401.3,3.3241,0.108,1.0000,204951
11360,2977955840,14794.1,1785933427.0,3.2410,0.108,1.0000,204310
11380,2983198720,14819.7,1785933452.6,3.2550,0.111,1.0000,204420
11400,2988441600,14845.4,1785933478.2,3.2364,0.105,1.0000,204455
11420,2993684480,14871.0,1785933503.9,3.3121,0.113,1.0000,204470
11440,2998927360,14896.7,1785933529.5,3.3254,0.107,1.0000,204568
11460,3004170240,14922.3,1785933555.2,3.2401,0.112,1.0000,204307
11480,3009413120,14948.0,1785933580.8,3.2763,0.117,1.0000,204526
11500,3014656000,14973.6,1785933606.5,3.2723,0.111,1.0000,204345
11520,3019898880,15003.2,1785933636.1,3.2514,0.112,1.0000,177117
11540,3025141760,15028.9,1785933661.7,3.2593,0.120,1.0000,204314
11560,3030384640,15054.5,1785933687.4,3.2524,0.111,1.0000,204350
11580,3035627520,15080.2,1785933713.0,3.3001,0.114,1.0000,204420
11600,3040870400,15105.8,1785933738.7,3.3091,0.112,1.0000,204550
11620,3046113280,15131.4,1785933764.3,3.2629,0.106,1.0000,204613
11640,3051356160,15157.1,1785933789.9,3.2577,0.102,1.0000,204598
11660,3056599040,15182.7,1785933815.5,3.3061,0.106,1.0000,204571
11680,3061841920,15208.3,1785933841.2,3.2297,0.106,1.0000,204509
11700,3067084800,15234.0,1785933866.8,3.3037,0.110,1.0000,204469
11720,3072327680,15259.6,1785933892.4,3.3202,0.104,1.0000,204702
11740,3077570560,15285.2,1785933918.0,3.3334,0.109,1.0000,204669
11760,3082813440,15314.7,1785933947.5,3.2539,0.108,1.0000,177759
11780,3088056320,15340.3,1785933973.1,3.2927,0.104,1.0000,204832
11800,3093299200,15365.9,1785933998.7,3.2443,0.104,1.0000,204939
11820,3098542080,15391.5,1785934024.3,3.2415,0.115,1.0000,204662
11840,3103784960,15417.1,1785934050.0,3.2937,0.102,1.0000,204563
11860,3109027840,15442.8,1785934075.6,3.3048,0.104,1.0000,204195
11880,3114270720,15468.4,1785934101.3,3.2795,0.111,1.0000,204409
11900,3119513600,15494.1,1785934126.9,3.3249,0.103,1.0000,204505
11920,3124756480,15519.7,1785934152.6,3.2468,0.107,1.0000,204548
11940,3129999360,15545.4,1785934178.2,3.2574,0.111,1.0000,204434
11960,3135242240,15571.0,1785934203.9,3.2567,0.108,1.0000,204268
11980,3140485120,15596.7,1785934229.5,3.3338,0.105,1.0000,204351
12000,3145728000,15622.3,1785934255.2,3.2688,0.109,1.0000,204245
12020,3150970880,15651.8,1785934284.7,3.2547,0.108,1.0000,177977
12040,3156213760,15677.4,1785934310.3,3.2824,0.109,1.0000,204501
12060,3161456640,15703.1,1785934336.0,3.2748,0.110,1.0000,204212
12080,3166699520,15728.8,1785934361.7,3.2659,0.109,1.0000,204094
12100,3171942400,15754.5,1785934387.4,3.2321,0.108,1.0000,203955
12120,3177185280,15780.2,1785934413.0,3.1719,0.108,1.0000,204185
12140,3182428160,15805.9,1785934438.7,3.2465,0.105,1.0000,204251
12160,3187671040,15831.5,1785934464.4,3.1892,0.102,1.0000,204384
12180,3192913920,15857.2,1785934490.1,3.2253,0.111,1.0000,204023
12200,3198156800,15882.9,1785934515.7,3.2305,0.107,1.0000,204246
12220,3203399680,15908.5,1785934541.4,3.3070,0.108,1.0000,204387
12240,3208642560,15934.2,1785934567.0,3.2496,0.107,1.0000,204278
12260,3213885440,15963.7,1785934596.5,3.2309,0.110,1.0000,177808
12280,3219128320,15989.3,1785934622.2,3.2929,0.116,1.0000,204356
12300,3224371200,16015.0,1785934647.8,3.2162,0.110,1.0000,204327
12320,3229614080,16040.7,1785934673.5,3.2818,0.112,1.0000,204226
12340,3234856960,16066.4,1785934699.2,3.2460,0.112,1.0000,204128
12360,3240099840,16092.0,1785934724.8,3.2878,0.108,1.0000,204523
12380,3245342720,16117.7,1785934750.5,3.3287,0.114,1.0000,204234
12400,3250585600,16143.3,1785934776.1,3.2979,0.105,1.0000,204547
12420,3255828480,16168.9,1785934801.8,3.3366,0.110,1.0000,204505
12440,3261071360,16194.6,1785934827.5,3.2614,0.110,1.0000,204176
12460,3266314240,16220.3,1785934853.1,3.2585,0.104,1.0000,204271
12480,3271557120,16245.9,1785934878.8,3.2813,0.106,1.0000,204510
12500,3276800000,16271.5,1785934904.4,3.2732,0.114,1.0000,204628
12520,3282042880,16301.0,1785934933.8,3.2832,0.107,1.0000,178083
12540,3287285760,16326.6,1785934959.4,3.2705,0.109,1.0000,204637
12560,3292528640,16352.2,1785934985.1,3.3109,0.109,1.0000,204413
12580,3297771520,16377.8,1785935010.7,3.2692,0.106,1.0000,204808
12600,3303014400,16403.5,1785935036.3,3.2572,0.110,1.0000,204593
12620,3308257280,16429.1,1785935061.9,3.2110,0.107,1.0000,204621
12640,3313500160,16454.7,1785935087.6,3.1955,0.109,1.0000,204495
12660,3318743040,16480.4,1785935113.2,3.2234,0.113,1.0000,204366
12680,3323985920,16506.0,1785935138.9,3.2251,0.105,1.0000,204350
12700,3329228800,16531.7,1785935164.5,3.2705,0.106,1.0000,204413
12720,3334471680,16557.3,1785935190.1,3.2250,0.107,1.0000,204893
12740,3339714560,16582.9,1785935215.8,3.2916,0.107,1.0000,204338
12760,3344957440,16612.6,1785935245.4,3.2193,0.103,1.0000,176812
12780,3350200320,16638.2,1785935271.0,3.2247,0.110,1.0000,204913
12800,3355443200,16663.8,1785935296.6,3.2441,0.110,1.0000,204590
12820,3360686080,16689.4,1785935322.3,3.2624,0.101,1.0000,204459
12840,3365928960,16715.1,1785935347.9,3.2325,0.105,1.0000,204524
12860,3371171840,16740.7,1785935373.6,3.2564,0.111,1.0000,204500
12880,3376414720,16766.4,1785935399.2,3.2329,0.103,1.0000,204251
12900,3381657600,16792.0,1785935424.9,3.2984,0.102,1.0000,204355
12920,3386900480,16817.7,1785935450.5,3.2623,0.104,1.0000,204325
12940,3392143360,16843.3,1785935476.2,3.2356,0.107,1.0000,204555
12960,3397386240,16869.0,1785935501.8,3.2212,0.110,1.0000,204510
12980,3402629120,16894.6,1785935527.4,3.3071,0.109,1.0000,204628
13000,3407872000,16920.2,1785935553.1,3.2547,0.103,1.0000,204297
13020,3413114880,16949.9,1785935582.8,3.2510,0.115,1.0000,176657
13040,3418357760,16975.6,1785935608.4,3.3265,0.105,1.0000,204495
13060,3423600640,17001.2,1785935634.0,3.2253,0.110,1.0000,204680
13080,3428843520,17026.8,1785935659.6,3.2834,0.101,1.0000,204726
13100,3434086400,17052.4,1785935685.3,3.2200,0.104,1.0000,204608
13120,3439329280,17078.1,1785935710.9,3.2040,0.102,1.0000,204340
13140,3444572160,17103.7,1785935736.5,3.3159,0.107,1.0000,204718
13160,3449815040,17129.3,1785935762.2,3.1856,0.103,1.0000,204414
13180,3455057920,17155.0,1785935787.8,3.2581,0.110,1.0000,204353
13200,3460300800,17180.6,1785935813.5,3.2803,0.106,1.0000,204453
13220,3465543680,17206.2,1785935839.1,3.2678,0.105,1.0000,204601
13240,3470786560,17231.8,1785935864.7,3.2381,0.108,1.0000,204858
13260,3476029440,17261.3,1785935894.1,3.1832,0.103,1.0000,178078
13280,3481272320,17286.9,1785935919.7,3.2621,0.105,1.0000,204785
13300,3486515200,17312.5,1785935945.3,3.2220,0.102,1.0000,204726
13320,3491758080,17338.1,1785935971.0,3.2434,0.103,1.0000,204678
13340,3497000960,17363.7,1785935996.6,3.3157,0.105,1.0000,204554
13360,3502243840,17389.4,1785936022.2,3.2219,0.107,1.0000,204540
13380,3507486720,17415.0,1785936047.9,3.1934,0.108,1.0000,204316
13400,3512729600,17440.7,1785936073.6,3.2954,0.105,1.0000,204253
13420,3517972480,17466.3,1785936099.2,3.2045,0.103,1.0000,204433
13440,3523215360,17492.0,1785936124.8,3.3181,0.111,1.0000,204650
13460,3528458240,17517.6,1785936150.5,3.2109,0.104,1.0000,204540
13480,3533701120,17543.3,1785936176.1,3.2433,0.103,1.0000,204341
13500,3538944000,17568.9,1785936201.8,3.2714,0.103,1.0000,204417
13520,3544186880,17598.8,1785936231.6,3.2786,0.104,1.0000,175434
13540,3549429760,17624.4,1785936257.3,3.2580,0.106,1.0000,204533
13560,3554672640,17650.1,1785936282.9,3.2625,0.105,1.0000,204486
13580,3559915520,17675.7,1785936308.6,3.2733,0.104,1.0000,204370
13600,3565158400,17701.3,1785936334.2,3.2153,0.102,1.0000,204745
13620,3570401280,17726.9,1785936359.8,3.2243,0.096,1.0000,204726
13640,3575644160,17752.6,1785936385.4,3.2694,0.099,1.0000,204550
13660,3580887040,17778.2,1785936411.1,3.2572,0.111,1.0000,204478
13680,3586129920,17803.8,1785936436.7,3.2140,0.106,1.0000,204637
13700,3591372800,17829.4,1785936462.3,3.1846,0.104,1.0000,204628
13720,3596615680,17855.1,1785936487.9,3.2776,0.106,1.0000,204548
13740,3601858560,17880.7,1785936513.5,3.2025,0.104,1.0000,204832
13760,3607101440,17910.4,1785936543.2,3.2287,0.099,1.0000,176632
13780,3612344320,17936.0,1785936568.8,3.2332,0.112,1.0000,204510
13800,3617587200,17961.6,1785936594.5,3.2545,0.104,1.0000,204394
13820,3622830080,17987.3,1785936620.2,3.1897,0.103,1.0000,204288
13840,3628072960,18013.0,1785936645.8,3.2787,0.107,1.0000,204270
13860,3633315840,18038.6,1785936671.5,3.2409,0.100,1.0000,204325
13880,3638558720,18064.2,1785936697.1,3.2085,0.107,1.0000,204667
13900,3643801600,18089.9,1785936722.7,3.1728,0.105,1.0000,204497
13920,3649044480,18115.5,1785936748.4,3.2552,0.107,1.0000,204450
13940,3654287360,18141.2,1785936774.0,3.2263,0.100,1.0000,204399
13960,3659530240,18166.8,1785936799.7,3.2470,0.104,1.0000,204296
13980,3664773120,18192.5,1785936825.3,3.2201,0.102,1.0000,204555
14000,3670016000,18218.1,1785936851.0,3.2484,0.104,1.0000,204429
14020,3675258880,18247.8,1785936880.7,3.2607,0.109,1.0000,176676
14040,3680501760,18273.4,1785936906.3,3.2062,0.097,1.0000,204529
14060,3685744640,18299.0,1785936931.9,3.2963,0.100,1.0000,204772
14080,3690987520,18324.6,1785936957.5,3.1867,0.105,1.0000,204721
14100,3696230400,18350.3,1785936983.1,3.3014,0.108,1.0000,204430
14120,3701473280,18375.9,1785937008.7,3.2513,0.102,1.0000,204764
14140,3706716160,18401.5,1785937034.3,3.2637,0.102,1.0000,204820
14160,3711959040,18427.1,1785937060.0,3.2786,0.104,1.0000,204547
14180,3717201920,18452.8,1785937085.6,3.2833,0.101,1.0000,204489
14200,3722444800,18478.4,1785937111.2,3.2475,0.100,1.0000,204597
14220,3727687680,18504.0,1785937136.9,3.2584,0.105,1.0000,204687
14240,3732930560,18529.6,1785937162.5,3.2795,0.106,1.0000,204661
14260,3738173440,18559.3,1785937192.2,3.2362,0.101,1.0000,176577
14280,3743416320,18584.9,1785937217.8,3.2129,0.100,1.0000,204517
14300,3748659200,18610.6,1785937243.4,3.2807,0.103,1.0000,204420
14320,3753902080,18636.2,1785937269.1,3.2004,0.097,1.0000,204566
14340,3759144960,18661.8,1785937294.7,3.2189,0.103,1.0000,204679
14360,3764387840,18687.4,1785937320.3,3.1971,0.104,1.0000,204781
14380,3769630720,18713.0,1785937345.9,3.2146,0.109,1.0000,204790
14400,3774873600,18738.7,1785937371.6,3.2545,0.107,1.0000,204329
14420,3780116480,18764.3,1785937397.2,3.3112,0.102,1.0000,204546
14440,3785359360,18790.0,1785937422.9,3.2367,0.105,1.0000,204137
14460,3790602240,18815.7,1785937448.5,3.2845,0.099,1.0000,204445
14480,3795845120,18841.3,1785937474.1,3.2187,0.099,1.0000,204709
14500,3801088000,18866.9,1785937499.8,3.2443,0.107,1.0000,204368
14520,3806330880,18896.3,1785937529.2,3.2297,0.106,1.0000,178217
14540,3811573760,18922.0,1785937554.9,3.2453,0.108,1.0000,204304
14560,3816816640,18947.6,1785937580.5,3.2456,0.100,1.0000,204583
14580,3822059520,18973.2,1785937606.1,3.2444,0.101,1.0000,204747
14600,3827302400,18998.8,1785937631.7,3.2782,0.100,1.0000,204816
14620,3832545280,19024.4,1785937657.3,3.2245,0.102,1.0000,204792
14640,3837788160,19050.1,1785937683.0,3.2203,0.097,1.0000,204325
14660,3843031040,19075.7,1785937708.6,3.2975,0.115,1.0000,204414
14680,3848273920,19101.4,1785937734.2,3.3140,0.104,1.0000,204655
14700,3853516800,19127.0,1785937759.8,3.2421,0.101,1.0000,204592
14720,3858759680,19152.6,1785937785.5,3.1497,0.105,1.0000,204580
14740,3864002560,19178.3,1785937811.1,3.1794,0.103,1.0000,204520
14760,3869245440,19208.0,1785937840.9,3.2418,0.097,1.0000,176190
14780,3874488320,19233.6,1785937866.5,3.2674,0.098,1.0000,204612
14800,3879731200,19259.3,1785937892.1,3.2770,0.098,1.0000,204327
14820,3884974080,19285.0,1785937917.8,3.2307,0.099,1.0000,204236
14840,3890216960,19310.6,1785937943.5,3.2625,0.102,1.0000,204134
14860,3895459840,19336.3,1785937969.1,3.1742,0.104,1.0000,204455
14880,3900702720,19361.9,1785937994.8,3.1897,0.101,1.0000,204663
14900,3905945600,19387.5,1785938020.4,3.2662,0.110,1.0000,204577
14920,3911188480,19413.1,1785938046.0,3.2431,0.095,1.0000,204773
14940,3916431360,19438.8,1785938071.6,3.2248,0.107,1.0000,204573
14960,3921674240,19464.4,1785938097.2,3.2295,0.104,1.0000,204719
14980,3926917120,19490.0,1785938122.9,3.3126,0.101,1.0000,204407
15000,3932160000,19515.7,1785938148.5,3.2411,0.104,1.0000,204361
15020,3937402880,19545.3,1785938178.1,3.2587,0.109,1.0000,177089
15040,3942645760,19571.0,1785938203.9,3.2345,0.103,1.0000,203855
15060,3947888640,19596.8,1785938229.6,3.2110,0.095,1.0000,203651
15080,3953131520,19622.5,1785938255.3,3.2060,0.097,1.0000,203739
15100,3958374400,19648.3,1785938281.1,3.2280,0.100,1.0000,203464
15120,3963617280,19674.0,1785938306.9,3.2296,0.096,1.0000,203473
15140,3968860160,19699.8,1785938332.6,3.1823,0.102,1.0000,203706
15160,3974103040,19725.5,1785938358.3,3.2656,0.100,1.0000,204017
15180,3979345920,19751.2,1785938384.1,3.2257,0.104,1.0000,203401
15200,3984588800,19777.1,1785938409.9,3.2456,0.100,1.0000,202768
15220,3989831680,19802.9,1785938435.8,3.2410,0.099,1.0000,203109
15240,3995074560,19828.7,1785938461.6,3.2427,0.102,1.0000,202950
15260,4000317440,19858.0,1785938490.9,3.2558,0.104,1.0000,178975
15280,4005560320,19883.8,1785938516.6,3.2989,0.101,1.0000,203768
15300,4010803200,19909.4,1785938542.3,3.2651,0.101,1.0000,204086
15320,4016046080,19935.1,1785938568.0,3.3036,0.097,1.0000,204394
15340,4021288960,19960.8,1785938593.6,3.2191,0.101,1.0000,204337
15360,4026531840,19986.4,1785938619.3,3.1827,0.102,1.0000,204440
15380,4031774720,20012.1,1785938644.9,3.1924,0.092,1.0000,204373
15400,4037017600,20037.7,1785938670.6,3.2004,0.093,1.0000,204192
15420,4042260480,20063.4,1785938696.3,3.2440,0.099,1.0000,204178
15440,4047503360,20089.1,1785938721.9,3.2683,0.101,1.0000,204153
15460,4052746240,20114.8,1785938747.6,3.2919,0.105,1.0000,204183
15480,4057989120,20140.4,1785938773.3,3.1963,0.100,1.0000,204168
15500,4063232000,20166.1,1785938799.0,3.2031,0.101,1.0000,204151
15520,4068474880,20195.9,1785938828.7,3.2427,0.106,1.0000,176274
15540,4073717760,20221.5,1785938854.3,3.2470,0.098,1.0000,204775
15560,4078960640,20247.1,1785938879.9,3.1726,0.103,1.0000,204813
15580,4084203520,20272.7,1785938905.5,3.2458,0.109,1.0000,204768
15600,4089446400,20298.3,1785938931.1,3.3071,0.097,1.0000,204743
15620,4094689280,20323.9,1785938956.8,3.2313,0.098,1.0000,204598
15640,4099932160,20349.5,1785938982.4,3.2091,0.105,1.0000,204581
15660,4105175040,20375.2,1785939008.0,3.2269,0.095,1.0000,204597
15680,4110417920,20400.8,1785939033.6,3.1860,0.100,1.0000,204646
15700,4115660800,20426.5,1785939059.3,3.2103,0.104,1.0000,204122
15720,4120903680,20452.1,1785939085.0,3.2035,0.108,1.0000,204157
15740,4126146560,20477.8,1785939110.7,3.2191,0.103,1.0000,204301
15760,4131389440,20507.3,1785939140.1,3.2284,0.102,1.0000,178085
15780,4136632320,20533.1,1785939165.9,3.2177,0.104,1.0000,203104
15800,4141875200,20558.8,1785939191.6,3.2424,0.102,1.0000,203789
15820,4147118080,20584.5,1785939217.3,3.2387,0.094,1.0000,204302
15840,4152360960,20610.1,1785939243.0,3.2606,0.098,1.0000,204264
15860,4157603840,20635.8,1785939268.6,3.2358,0.094,1.0000,204314
15880,4162846720,20661.4,1785939294.3,3.2218,0.097,1.0000,204319
15900,4168089600,20687.1,1785939320.0,3.1439,0.108,1.0000,204088
15920,4173332480,20712.8,1785939345.6,3.1906,0.099,1.0000,204358
15940,4178575360,20738.4,1785939371.3,3.2604,0.099,1.0000,204422
15960,4183818240,20764.0,1785939396.9,3.1935,0.096,1.0000,204720
15980,4189061120,20789.7,1785939422.5,3.2651,0.101,1.0000,204638
16000,4194304000,20815.3,1785939448.1,3.1646,0.100,1.0000,204550
16020,4199546880,20844.7,1785939477.6,3.2426,0.099,1.0000,178293
16040,4204789760,20870.4,1785939503.2,3.2733,0.090,1.0000,204394
16060,4210032640,20896.0,1785939528.9,3.2467,0.100,1.0000,204258
16080,4215275520,20921.7,1785939554.6,3.1719,0.100,1.0000,204153
16100,4220518400,20947.4,1785939580.2,3.2180,0.104,1.0000,204271
16120,4225761280,20973.0,1785939605.9,3.2586,0.095,1.0000,204452
16140,4231004160,20998.7,1785939631.5,3.2579,0.102,1.0000,204259
16160,4236247040,21024.3,1785939657.2,3.2477,0.101,1.0000,204249
16180,4241489920,21050.0,1785939682.9,3.2191,0.111,1.0000,204254
16200,4246732800,21075.7,1785939708.6,3.2688,0.095,1.0000,204158
16220,4251975680,21101.4,1785939734.2,3.2233,0.100,1.0000,204217
16240,4257218560,21127.1,1785939759.9,3.1943,0.092,1.0000,204086
16260,4262461440,21156.9,1785939789.7,3.2156,0.100,1.0000,175804
16280,4267704320,21182.5,1785939815.3,3.2238,0.105,1.0000,204729
16300,4272947200,21208.1,1785939841.0,3.1704,0.098,1.0000,204648
16320,4278190080,21233.7,1785939866.6,3.2156,0.099,1.0000,204634
16340,4283432960,21259.4,1785939892.2,3.2279,0.106,1.0000,204425
16360,4288675840,21285.0,1785939917.9,3.3129,0.106,1.0000,204383
16380,4293918720,21310.6,1785939943.5,3.2423,0.098,1.0000,204692
16400,4299161600,21336.3,1785939969.1,3.2124,0.099,1.0000,204506
16420,4304404480,21361.9,1785939994.7,3.2894,0.100,1.0000,204741
16440,4309647360,21387.5,1785940020.4,3.2642,0.101,1.0000,204573
16460,4314890240,21413.2,1785940046.0,3.1854,0.099,1.0000,204454
16480,4320133120,21438.8,1785940071.7,3.1671,0.097,1.0000,204193
16500,4325376000,21464.5,1785940097.3,3.2392,0.092,1.0000,204568
16520,4330618880,21494.2,1785940127.0,3.2475,0.096,1.0000,176358
16540,4335861760,21519.8,1785940152.7,3.1827,0.099,1.0000,204369
16560,4341104640,21545.5,1785940178.3,3.2542,0.098,1.0000,204674
16580,4346347520,21571.1,1785940204.0,3.2076,0.093,1.0000,204230
16600,4351590400,21596.8,1785940229.6,3.2043,0.097,1.0000,204512
16620,4356833280,21622.4,1785940255.3,3.1818,0.098,1.0000,204543
16640,4362076160,21648.1,1785940281.0,3.2229,0.095,1.0000,203964
16660,4367319040,21673.7,1785940306.6,3.2405,0.098,1.0000,204590
16680,4372561920,21699.4,1785940332.2,3.1377,0.097,1.0000,204565
16700,4377804800,21725.0,1785940357.8,3.1797,0.096,1.0000,204589
16720,4383047680,21750.7,1785940383.5,3.2508,0.099,1.0000,204294
16740,4388290560,21776.3,1785940409.2,3.2178,0.100,1.0000,204383
16760,4393533440,21806.2,1785940439.0,3.2402,0.103,1.0000,175609
16780,4398776320,21831.8,1785940464.7,3.2653,0.097,1.0000,204510
16800,4404019200,21857.5,1785940490.3,3.2331,0.101,1.0000,204127
16820,4409262080,21883.2,1785940516.0,3.1874,0.097,1.0000,203939
16840,4414504960,21908.9,1785940541.7,3.2614,0.096,1.0000,204176
16860,4419747840,21934.5,1785940567.4,3.2071,0.099,1.0000,204328
16880,4424990720,21960.2,1785940593.0,3.2475,0.100,1.0000,204451
16900,4430233600,21985.8,1785940618.6,3.2578,0.098,1.0000,204638
16920,4435476480,22011.4,1785940644.3,3.2385,0.104,1.0000,204657
16940,4440719360,22037.1,1785940669.9,3.2668,0.103,1.0000,204424
16960,4445962240,22062.7,1785940695.6,3.2385,0.100,1.0000,204438
16980,4451205120,22088.3,1785940721.2,3.2232,0.094,1.0000,204529
17000,4456448000,22114.0,1785940746.9,3.2202,0.093,1.0000,204061
17020,4461690880,22143.8,1785940776.6,3.1819,0.095,1.0000,176225
17040,4466933760,22169.5,1785940802.3,3.2508,0.100,1.0000,203975
17060,4472176640,22195.2,1785940828.0,3.2001,0.103,1.0000,204047
17080,4477419520,22220.9,1785940853.7,3.1550,0.096,1.0000,204149
17100,4482662400,22246.5,1785940879.4,3.2666,0.093,1.0000,204087
17120,4487905280,22272.2,1785940905.0,3.2444,0.095,1.0000,204453
17140,4493148160,22297.9,1785940930.7,3.2644,0.099,1.0000,204068
17160,4498391040,22323.5,1785940956.4,3.2152,0.094,1.0000,204377
17180,4503633920,22349.2,1785940982.1,3.2032,0.097,1.0000,204004
17200,4508876800,22374.9,1785941007.8,3.1845,0.097,1.0000,204299
17220,4514119680,22400.5,1785941033.4,3.2793,0.094,1.0000,204432
17240,4519362560,22426.2,1785941059.1,3.2039,0.100,1.0000,204329
17260,4524605440,22455.6,1785941088.5,3.2150,0.097,1.0000,178312
17280,4529848320,22481.3,1785941114.2,3.2663,0.100,1.0000,203708
17300,4535091200,22507.0,1785941139.8,3.2052,0.099,1.0000,204664
17320,4540334080,22532.6,1785941165.5,3.2267,0.096,1.0000,204356
17340,4545576960,22558.3,1785941191.1,3.2381,0.092,1.0000,204462
17360,4550819840,22583.9,1785941216.8,3.2474,0.100,1.0000,204304
17380,4556062720,22609.6,1785941242.5,3.1817,0.098,1.0000,204088
17400,4561305600,22635.3,1785941268.2,3.2390,0.108,1.0000,204057
17420,4566548480,22661.0,1785941293.9,3.2151,0.100,1.0000,204011
17440,4571791360,22686.7,1785941319.5,3.2180,0.092,1.0000,204378
17460,4577034240,22712.3,1785941345.2,3.2529,0.096,1.0000,204384
17480,4582277120,22738.0,1785941370.8,3.2433,0.095,1.0000,204238
17500,4587520000,22763.6,1785941396.5,3.2502,0.094,1.0000,204310
17520,4592762880,22793.2,1785941426.0,3.1547,0.098,1.0000,177518
17540,4598005760,22818.9,1785941451.7,3.2674,0.096,1.0000,204181
17560,4603248640,22844.5,1785941477.4,3.1928,0.091,1.0000,204359
17580,4608491520,22870.2,1785941503.1,3.2583,0.097,1.0000,203805
17600,4613734400,22896.0,1785941528.8,3.2217,0.098,1.0000,203746
17620,4618977280,22921.6,1785941554.4,3.1888,0.105,1.0000,204561
17640,4624220160,22947.2,1785941580.1,3.1962,0.100,1.0000,204351
17660,4629463040,22972.9,1785941605.8,3.2322,0.093,1.0000,204358
17680,4634705920,22998.6,1785941631.5,3.1641,0.090,1.0000,204018
17700,4639948800,23024.3,1785941657.1,3.2195,0.099,1.0000,204319
17720,4645191680,23049.9,1785941682.8,3.1334,0.098,1.0000,204386
17740,4650434560,23075.6,1785941708.4,3.1977,0.093,1.0000,204295
17760,4655677440,23105.6,1785941738.5,3.1818,0.096,1.0000,174636
17780,4660920320,23131.3,1785941764.1,3.2177,0.097,1.0000,204215
17800,4666163200,23157.0,1785941789.8,3.2118,0.098,1.0000,204050
17820,4671406080,23182.6,1785941815.5,3.2266,0.096,1.0000,204167
17840,4676648960,23208.3,1785941841.2,3.2557,0.095,1.0000,204175
17860,4681891840,23234.0,1785941866.8,3.2226,0.092,1.0000,204258
17880,4687134720,23259.6,1785941892.5,3.1779,0.103,1.0000,204368
17900,4692377600,23285.3,1785941918.1,3.2014,0.099,1.0000,204538
17920,4697620480,23310.9,1785941943.8,3.2261,0.092,1.0000,204596
17940,4702863360,23336.5,1785941969.4,3.2285,0.101,1.0000,204552
17960,4708106240,23362.2,1785941995.1,3.1752,0.093,1.0000,204316
17980,4713349120,23387.9,1785942020.8,3.2546,0.098,1.0000,204013
18000,4718592000,23413.6,1785942046.4,3.2288,0.098,1.0000,204199
18020,4723834880,23443.3,1785942076.2,3.2429,0.095,1.0000,176071
18040,4729077760,23469.0,1785942101.9,3.2246,0.100,1.0000,204306
18060,4734320640,23494.7,1785942127.5,3.1814,0.092,1.0000,204189
18080,4739563520,23520.4,1785942153.2,3.2173,0.095,1.0000,204263
18100,4744806400,23546.0,1785942178.8,3.2451,0.095,1.0000,204532
18120,4750049280,23571.7,1785942204.5,3.1783,0.099,1.0000,204215
18140,4755292160,23597.3,1785942230.2,3.2434,0.099,1.0000,204323
18160,4760535040,23623.0,1785942255.8,3.2565,0.098,1.0000,204349
18180,4765777920,23648.6,1785942281.5,3.2314,0.094,1.0000,204586
18200,4771020800,23674.2,1785942307.1,3.2193,0.096,1.0000,204630
18220,4776263680,23699.9,1785942332.7,3.2207,0.098,1.0000,204364
18240,4781506560,23725.5,1785942358.4,3.1915,0.087,1.0000,204519
18260,4786749440,23755.2,1785942388.0,3.1298,0.091,1.0000,176849
18280,4791992320,23780.8,1785942413.6,3.2135,0.095,1.0000,204529
18300,4797235200,23806.5,1785942439.3,3.1601,0.101,1.0000,204211
18320,4802478080,23832.1,1785942465.0,3.2349,0.089,1.0000,204520
18340,4807720960,23857.7,1785942490.6,3.2334,0.091,1.0000,204457
18360,4812963840,23883.4,1785942516.2,3.1979,0.095,1.0000,204748
18380,4818206720,23909.0,1785942541.9,3.1735,0.096,1.0000,204345
18400,4823449600,23934.6,1785942567.5,3.2114,0.092,1.0000,204581
18420,4828692480,23960.3,1785942593.1,3.1372,0.098,1.0000,204666
18440,4833935360,23985.9,1785942618.7,3.2030,0.098,1.0000,204631
18460,4839178240,24011.5,1785942644.3,3.2365,0.097,1.0000,204678
18480,4844421120,24037.1,1785942670.0,3.2726,0.093,1.0000,204410
18500,4849664000,24062.8,1785942695.6,3.2188,0.097,1.0000,204451
18520,4854906880,24092.7,1785942725.6,3.2492,0.089,1.0000,175229
18540,4860149760,24118.3,1785942751.2,3.2052,0.097,1.0000,204771
18560,4865392640,24143.9,1785942776.8,3.2047,0.090,1.0000,204789
18580,4870635520,24169.5,1785942802.4,3.1945,0.106,1.0000,204594
18600,4875878400,24195.1,1785942828.0,3.2637,0.095,1.0000,204743
18620,4881121280,24220.7,1785942853.6,3.2078,0.093,1.0000,204767
18640,4886364160,24246.4,1785942879.2,3.2129,0.100,1.0000,204745
18660,4891607040,24272.0,1785942904.8,3.2367,0.094,1.0000,204460
18680,4896849920,24297.6,1785942930.5,3.1908,0.098,1.0000,204683
18700,4902092800,24323.2,1785942956.1,3.1869,0.100,1.0000,204540
18720,4907335680,24348.9,1785942981.7,3.1626,0.095,1.0000,204449
18740,4912578560,24374.5,1785943007.4,3.1413,0.097,1.0000,204677
18760,4917821440,24403.9,1785943036.8,3.2853,0.095,1.0000,178313
18780,4923064320,24429.5,1785943062.4,3.1107,0.093,1.0000,204673
18800,4928307200,24455.2,1785943088.0,3.2247,0.094,1.0000,204402
18820,4933550080,24480.8,1785943113.7,3.2418,0.096,1.0000,204393
18840,4938792960,24506.5,1785943139.3,3.2065,0.091,1.0000,204544
18860,4944035840,24532.1,1785943164.9,3.2357,0.096,1.0000,204587
18880,4949278720,24557.7,1785943190.6,3.1985,0.090,1.0000,204407
18900,4954521600,24583.3,1785943216.2,3.2297,0.095,1.0000,204695
18920,4959764480,24609.0,1785943241.8,3.1935,0.095,1.0000,204555
18940,4965007360,24634.6,1785943267.5,3.2112,0.094,1.0000,204447
18960,4970250240,24660.2,1785943293.1,3.2684,0.095,1.0000,204552
18980,4975493120,24685.9,1785943318.8,3.1816,0.092,1.0000,204367
19000,4980736000,24711.5,1785943344.4,3.2201,0.096,1.0000,204443
19020,4985978880,24741.3,1785943374.2,3.2080,0.096,1.0000,175968
19040,4991221760,24767.0,1785943399.8,3.1674,0.094,1.0000,204543
19060,4996464640,24792.6,1785943425.5,3.1798,0.094,1.0000,204493
19080,5001707520,24818.3,1785943451.1,3.2498,0.099,1.0000,204251
19100,5006950400,24844.0,1785943476.8,3.1983,0.098,1.0000,204162
19120,5012193280,24869.6,1785943502.5,3.1775,0.093,1.0000,204336
19140,5017436160,24895.3,1785943528.1,3.2216,0.095,1.0000,204467
19160,5022679040,24920.9,1785943553.7,3.1834,0.093,1.0000,204664
19180,5027921920,24946.5,1785943579.4,3.1558,0.100,1.0000,204563
19200,5033164800,24972.1,1785943605.0,3.1996,0.095,1.0000,204487
19220,5038407680,24997.8,1785943630.6,3.1849,0.104,1.0000,204526
19240,5043650560,25023.4,1785943656.2,3.1709,0.090,1.0000,204839
19260,5048893440,25053.3,1785943686.1,3.2067,0.093,1.0000,175374
19280,5054136320,25078.9,1785943711.8,3.2111,0.092,1.0000,204440
19300,5059379200,25104.6,1785943737.4,3.2438,0.092,1.0000,204468
19320,5064622080,25130.2,1785943763.1,3.1622,0.094,1.0000,204332
19340,5069864960,25156.0,1785943788.9,3.1555,0.101,1.0000,203204
19360,5075107840,25181.8,1785943814.6,3.2030,0.091,1.0000,203528
19380,5080350720,25207.5,1785943840.3,3.1471,0.087,1.0000,203991
19400,5085593600,25233.2,1785943866.1,3.1570,0.091,1.0000,203801
19420,5090836480,25258.9,1785943891.7,3.2174,0.099,1.0000,204290
19440,5096079360,25284.5,1785943917.4,3.2315,0.092,1.0000,204425
19460,5101322240,25310.2,1785943943.0,3.1803,0.093,1.0000,204326
19480,5106565120,25335.8,1785943968.7,3.2662,0.093,1.0000,204455
19500,5111808000,25361.5,1785943994.3,3.1791,0.090,1.0000,204252
19520,5117050880,25391.2,1785944024.1,3.1728,0.094,1.0000,176353
19540,5122293760,25416.8,1785944049.7,3.2020,0.090,1.0000,204610
19560,5127536640,25442.5,1785944075.4,3.2238,0.094,1.0000,204287
19580,5132779520,25468.1,1785944101.0,3.1749,0.102,1.0000,204653
19600,5138022400,25493.7,1785944126.6,3.2376,0.092,1.0000,204641
19620,5143265280,25519.4,1785944152.3,3.2275,0.093,1.0000,204259
19640,5148508160,25545.0,1785944177.9,3.2204,0.097,1.0000,204693
19660,5153751040,25570.7,1785944203.5,3.2418,0.093,1.0000,204469
19680,5158993920,25596.3,1785944229.2,3.1948,0.097,1.0000,204400
19700,5164236800,25622.0,1785944254.8,3.2414,0.091,1.0000,204377
19720,5169479680,25647.6,1785944280.5,3.2209,0.092,1.0000,204408
19740,5174722560,25673.3,1785944306.1,3.1905,0.091,1.0000,204526
19760,5179965440,25702.6,1785944335.5,3.2348,0.093,1.0000,178448
19780,5185208320,25728.3,1785944361.1,3.1686,0.100,1.0000,204604
19800,5190451200,25753.9,1785944386.8,3.2299,0.088,1.0000,204410
19820,5195694080,25779.6,1785944412.4,3.2127,0.094,1.0000,204364
19840,5200936960,25805.2,1785944438.1,3.2412,0.089,1.0000,204315
19860,5206179840,25830.8,1785944463.7,3.1655,0.087,1.0000,204633
19880,5211422720,25856.5,1785944489.4,3.1832,0.092,1.0000,204359
19900,5216665600,25882.1,1785944515.0,3.2994,0.096,1.0000,204667
19920,5221908480,25907.7,1785944540.6,3.2015,0.093,1.0000,204842
19940,5227151360,25933.3,1785944566.2,3.1908,0.095,1.0000,204582
19960,5232394240,25959.0,1785944591.9,3.2084,0.092,1.0000,204157
19980,5237637120,25984.7,1785944617.5,3.2614,0.096,1.0000,204500
20000,5242880000,26010.3,1785944643.1,3.2483,0.093,1.0000,204495
20020,5248122880,26040.2,1785944673.1,3.1718,0.092,1.0000,175289
20040,5253365760,26065.8,1785944698.7,3.1605,0.093,1.0000,204620
20060,5258608640,26091.5,1785944724.3,3.1889,0.093,1.0000,204499
20080,5263851520,26117.1,1785944749.9,3.1711,0.091,1.0000,204750
20100,5269094400,26142.7,1785944775.6,3.2234,0.092,1.0000,204427
20120,5274337280,26168.3,1785944801.2,3.3161,0.092,1.0000,204611
20140,5279580160,26194.0,1785944826.8,3.1856,0.089,1.0000,204572
20160,5284823040,26219.6,1785944852.4,3.2288,0.093,1.0000,204594
20180,5290065920,26245.2,1785944878.1,3.2396,0.089,1.0000,204703
20200,5295308800,26270.8,1785944903.7,3.1554,0.094,1.0000,204808
20220,5300551680,26296.4,1785944929.3,3.1919,0.090,1.0000,204670
20240,5305794560,26322.0,1785944954.9,3.2407,0.093,1.0000,204704
20260,5311037440,26352.0,1785944984.9,3.1983,0.092,1.0000,174808
20280,5316280320,26377.6,1785945010.5,3.2305,0.097,1.0000,204817
20300,5321523200,26403.2,1785945036.1,3.2113,0.097,1.0000,204797
20320,5326766080,26428.8,1785945061.7,3.2771,0.093,1.0000,204831
20340,5332008960,26454.4,1785945087.2,3.2295,0.097,1.0000,205056
20360,5337251840,26480.0,1785945112.9,3.1659,0.091,1.0000,204524
20380,5342494720,26505.7,1785945138.5,3.1703,0.095,1.0000,204481
20400,5347737600,26531.3,1785945164.2,3.2582,0.092,1.0000,204353
20420,5352980480,26556.9,1785945189.8,3.2683,0.087,1.0000,204561
20440,5358223360,26582.6,1785945215.4,3.2082,0.097,1.0000,204621
20460,5363466240,26608.2,1785945241.0,3.1709,0.097,1.0000,204663
20480,5368709120,26633.8,1785945266.6,3.1744,0.095,1.0000,204768
20500,5373952000,26659.4,1785945292.2,3.1844,0.092,1.0000,204908
20520,5379194880,26689.3,1785945322.1,3.1713,0.090,1.0000,175266
20540,5384437760,26714.9,1785945347.7,3.2248,0.092,1.0000,204799
20560,5389680640,26740.5,1785945373.4,3.2068,0.090,1.0000,204709
20580,5394923520,26766.2,1785945399.0,3.2466,0.097,1.0000,204329
20600,5400166400,26791.8,1785945424.7,3.2069,0.091,1.0000,204340
20620,5405409280,26817.5,1785945450.3,3.1738,0.092,1.0000,204299
20640,5410652160,26843.1,1785945475.9,3.1936,0.089,1.0000,204782
20660,5415895040,26868.7,1785945501.6,3.2304,0.095,1.0000,204603
20680,5421137920,26894.3,1785945527.2,3.1770,0.093,1.0000,204614
20700,5426380800,26920.0,1785945552.8,3.1842,0.090,1.0000,204367
20720,5431623680,26945.6,1785945578.5,3.1640,0.089,1.0000,204646
20740,5436866560,26971.3,1785945604.2,3.1910,0.091,1.0000,203980
20760,5442109440,27001.4,1785945634.2,3.2551,0.094,1.0000,174419
20780,5447352320,27027.1,1785945659.9,3.2315,0.095,1.0000,203815
20800,5452595200,27052.8,1785945685.6,3.1903,0.093,1.0000,204209
20820,5457838080,27078.4,1785945711.3,3.1253,0.092,1.0000,204418
20840,5463080960,27104.0,1785945736.9,3.1899,0.089,1.0000,204811
20860,5468323840,27129.6,1785945762.5,3.1572,0.087,1.0000,204541
20880,5473566720,27155.3,1785945788.2,3.2378,0.090,1.0000,204365
20900,5478809600,27180.9,1785945813.8,3.1738,0.091,1.0000,204689
20920,5484052480,27206.5,1785945839.3,3.2082,0.090,1.0000,204985
20940,5489295360,27232.1,1785945864.9,3.2218,0.089,1.0000,204839
20960,5494538240,27257.7,1785945890.5,3.2282,0.090,1.0000,204797
20980,5499781120,27283.3,1785945916.2,3.2405,0.095,1.0000,204402
21000,5505024000,27309.1,1785945941.9,3.2396,0.094,1.0000,203658
21020,5510266880,27339.0,1785945971.8,3.1310,0.090,1.0000,175373
21040,5515509760,27364.7,1785945997.5,3.2720,0.098,1.0000,203930
21060,5520752640,27390.4,1785946023.2,3.2102,0.092,1.0000,204240
21080,5525995520,27416.0,1785946048.8,3.2167,0.087,1.0000,204580
21100,5531238400,27441.6,1785946074.5,3.1747,0.094,1.0000,204558
21120,5536481280,27467.3,1785946100.1,3.2230,0.095,1.0000,204285
21140,5541724160,27493.0,1785946125.8,3.2438,0.093,1.0000,204170
21160,5546967040,27518.6,1785946151.4,3.2166,0.089,1.0000,204734
21180,5552209920,27544.3,1785946177.1,3.2014,0.092,1.0000,204044
21200,5557452800,27570.0,1785946202.8,3.2307,0.094,1.0000,203790
21220,5562695680,27595.7,1785946228.6,3.2308,0.093,1.0000,203515
21240,5567938560,27621.5,1785946254.4,3.2783,0.092,1.0000,203515
21260,5573181440,27650.8,1785946283.6,3.1566,0.092,1.0000,179029
21280,5578424320,27676.4,1785946309.3,3.1258,0.091,1.0000,204415
21300,5583667200,27702.1,1785946334.9,3.1612,0.091,1.0000,204473
21320,5588910080,27727.7,1785946360.6,3.2396,0.095,1.0000,204384
21340,5594152960,27753.4,1785946386.2,3.1443,0.089,1.0000,204550
21360,5599395840,27779.0,1785946411.9,3.2242,0.093,1.0000,204488
21380,5604638720,27804.6,1785946437.5,3.1878,0.091,1.0000,204610
21400,5609881600,27830.3,1785946463.1,3.2467,0.091,1.0000,204372
21420,5615124480,27855.9,1785946488.8,3.2264,0.094,1.0000,204347
21440,5620367360,27881.6,1785946514.5,3.2146,0.089,1.0000,204065
21460,5625610240,27907.3,1785946540.2,3.1426,0.095,1.0000,204060
21480,5630853120,27933.0,1785946565.8,3.1628,0.097,1.0000,204347
21500,5636096000,27958.7,1785946591.5,3.1693,0.089,1.0000,204082
21520,5641338880,27988.5,1785946621.3,3.2161,0.086,1.0000,175978
21540,5646581760,28014.1,1785946647.0,3.1928,0.087,1.0000,204515
21560,5651824640,28039.8,1785946672.6,3.1700,0.088,1.0000,204336
21580,5657067520,28065.4,1785946698.3,3.1960,0.089,1.0000,204356
21600,5662310400,28091.0,1785946723.9,3.2121,0.090,1.0000,204525
21620,5667553280,28116.7,1785946749.6,3.1592,0.090,1.0000,204375
21640,5672796160,28142.4,1785946775.2,3.2082,0.093,1.0000,204218
21660,5678039040,28168.1,1785946800.9,3.1263,0.088,1.0000,204053
21680,5683281920,28193.8,1785946826.6,3.1648,0.088,1.0000,203810
21700,5688524800,28219.6,1785946852.4,3.1964,0.087,1.0000,203423
21720,5693767680,28245.3,1785946878.2,3.2071,0.089,1.0000,203713
21740,5699010560,28271.0,1785946903.9,3.2672,0.091,1.0000,203860
21760,5704253440,28300.6,1785946933.5,3.2391,0.094,1.0000,177092
21780,5709496320,28326.4,1785946959.2,3.1560,0.089,1.0000,203730
21800,5714739200,28352.1,1785946984.9,3.2220,0.088,1.0000,203893
21820,5719982080,28377.7,1785947010.5,3.2388,0.084,1.0000,204715
21840,5725224960,28403.3,1785947036.1,3.2480,0.090,1.0000,204934
21860,5730467840,28428.9,1785947061.7,3.1810,0.093,1.0000,204868
21880,5735710720,28454.5,1785947087.3,3.2135,0.088,1.0000,204754
21900,5740953600,28480.1,1785947112.9,3.1038,0.093,1.0000,204754
21920,5746196480,28505.6,1785947138.5,3.2369,0.091,1.0000,205014
21940,5751439360,28531.3,1785947164.1,3.2185,0.093,1.0000,204511
21960,5756682240,28556.9,1785947189.8,3.1939,0.085,1.0000,204625
21980,5761925120,28582.5,1785947215.4,3.1898,0.094,1.0000,204541
22000,5767168000,28608.2,1785947241.1,3.1253,0.091,1.0000,204219
22020,5772410880,28638.1,1785947270.9,3.1029,0.086,1.0000,175601
22040,5777653760,28663.7,1785947296.6,3.1664,0.090,1.0000,204317
22060,5782896640,28689.4,1785947322.2,3.1478,0.090,1.0000,204265
22080,5788139520,28715.1,1785947347.9,3.1037,0.091,1.0000,204279
22100,5793382400,28740.7,1785947373.5,3.1783,0.091,1.0000,204685
22120,5798625280,28766.3,1785947399.2,3.1539,0.094,1.0000,204458
22140,5803868160,28792.0,1785947424.8,3.1634,0.091,1.0000,204335
22160,5809111040,28817.6,1785947450.4,3.2256,0.090,1.0000,204648
22180,5814353920,28843.2,1785947476.1,3.2689,0.087,1.0000,204488
22200,5819596800,28868.8,1785947501.7,3.1914,0.087,1.0000,204729
22220,5824839680,28894.5,1785947527.4,3.2056,0.089,1.0000,204158
22240,5830082560,28920.2,1785947553.0,3.1858,0.089,1.0000,204370
22260,5835325440,28949.7,1785947582.5,3.2296,0.095,1.0000,177701
22280,5840568320,28975.3,1785947608.2,3.1821,0.090,1.0000,204413
22300,5845811200,29001.0,1785947633.9,3.1806,0.091,1.0000,204086
22320,5851054080,29026.7,1785947659.5,3.2581,0.090,1.0000,204268
22340,5856296960,29052.3,1785947685.2,3.2096,0.090,1.0000,204311
22360,5861539840,29078.0,1785947710.9,3.2721,0.092,1.0000,204198
22380,5866782720,29103.7,1785947736.6,3.1466,0.090,1.0000,204114
22400,5872025600,29129.4,1785947762.2,3.1898,0.087,1.0000,204318
22420,5877268480,29155.0,1785947787.9,3.1400,0.089,1.0000,204262
22440,5882511360,29180.7,1785947813.5,3.2363,0.091,1.0000,204431
22460,5887754240,29206.3,1785947839.2,3.1610,0.088,1.0000,204289
22480,5892997120,29232.0,1785947864.8,3.1277,0.086,1.0000,204537
22500,5898240000,29257.6,1785947890.5,3.1963,0.089,1.0000,204386
22520,5903482880,29287.6,1785947920.4,3.2152,0.085,1.0000,175060
22540,5908725760,29313.2,1785947946.1,3.1946,0.093,1.0000,204468
22560,5913968640,29338.9,1785947971.7,3.1995,0.093,1.0000,204212
22580,5919211520,29364.5,1785947997.4,3.2401,0.088,1.0000,204546
22600,5924454400,29390.2,1785948023.0,3.1417,0.094,1.0000,204360
22620,5929697280,29415.8,1785948048.7,3.1621,0.090,1.0000,204412
22640,5934940160,29441.5,1785948074.3,3.1788,0.088,1.0000,204345
22660,5940183040,29467.1,1785948100.0,3.1712,0.091,1.0000,204629
22680,5945425920,29492.8,1785948125.6,3.2142,0.085,1.0000,204283
22700,5950668800,29518.4,1785948151.3,3.2043,0.095,1.0000,204515
22720,5955911680,29544.1,1785948176.9,3.1592,0.089,1.0000,204150
22740,5961154560,29569.7,1785948202.6,3.2630,0.095,1.0000,204446
22760,5966397440,29599.4,1785948232.3,3.1717,0.093,1.0000,176743
22780,5971640320,29625.1,1785948257.9,3.2188,0.088,1.0000,204333
22800,5976883200,29650.7,1785948283.5,3.2311,0.088,1.0000,204696
22820,5982126080,29676.3,1785948309.2,3.2009,0.091,1.0000,204474
22840,5987368960,29701.9,1785948334.8,3.1737,0.086,1.0000,204593
22860,5992611840,29727.6,1785948360.5,3.2491,0.088,1.0000,204198
22880,5997854720,29753.3,1785948386.1,3.1954,0.087,1.0000,204375
22900,6003097600,29778.9,1785948411.8,3.1661,0.088,1.0000,204442
22920,6008340480,29804.6,1785948437.4,3.1623,0.087,1.0000,204403
22940,6013583360,29830.2,1785948463.1,3.1809,0.092,1.0000,204424
22960,6018826240,29855.8,1785948488.7,3.1796,0.089,1.0000,204553
22980,6024069120,29883.2,1785948516.1,3.1687,0.089,1.0000,191401
23000,6029312000,29908.9,1785948541.7,3.2093,0.089,1.0000,204303
23020,6034554880,29938.6,1785948571.4,3.2854,0.092,1.0000,176521
23040,6039797760,29964.2,1785948597.1,3.2573,0.090,1.0000,204729
23060,6045040640,29989.8,1785948622.7,3.1849,0.093,1.0000,204619
23080,6050283520,30015.5,1785948648.3,3.2222,0.089,1.0000,204509
23100,6055526400,30041.1,1785948673.9,3.1953,0.091,1.0000,204692
23120,6060769280,30066.7,1785948699.6,3.2161,0.088,1.0000,204560
23140,6066012160,30092.4,1785948725.2,3.1710,0.084,1.0000,204247
23160,6071255040,30118.0,1785948750.9,3.1934,0.085,1.0000,204376
23180,6076497920,30143.7,1785948776.5,3.2152,0.086,1.0000,204490
23200,6081740800,30169.3,1785948802.1,3.2109,0.082,1.0000,204658
23220,6086983680,30194.9,1785948827.7,3.2028,0.086,1.0000,205012
23240,6092226560,30220.5,1785948853.3,3.2037,0.094,1.0000,204740
23260,6097469440,30250.1,1785948883.0,3.2201,0.092,1.0000,176826
23280,6102712320,30275.7,1785948908.5,3.1338,0.087,1.0000,204986
23300,6107955200,30301.3,1785948934.1,3.1692,0.083,1.0000,204938
23320,6113198080,30326.9,1785948959.7,3.2021,0.085,1.0000,204752
23340,6118440960,30352.5,1785948985.3,3.1913,0.094,1.0000,204972
23360,6123683840,30378.0,1785949010.9,3.1897,0.082,1.0000,205015
23380,6128926720,30403.6,1785949036.5,3.2081,0.092,1.0000,204845
23400,6134169600,30429.2,1785949062.1,3.2299,0.087,1.0000,204880
23420,6139412480,30454.9,1785949087.7,3.1514,0.084,1.0000,204518
23440,6144655360,30480.5,1785949113.3,3.1475,0.089,1.0000,204731
23460,6149898240,30506.1,1785949139.0,3.2444,0.088,1.0000,204370
23480,6155141120,30531.7,1785949164.6,3.1947,0.092,1.0000,204715
23500,6160384000,30557.4,1785949190.2,3.2308,0.089,1.0000,204531
23520,6165626880,30587.2,1785949220.0,3.1668,0.095,1.0000,175972
23540,6170869760,30612.8,1785949245.6,3.1450,0.087,1.0000,204542
23560,6176112640,30638.4,1785949271.3,3.1098,0.090,1.0000,204573
23580,6181355520,30664.0,1785949296.9,3.1757,0.086,1.0000,204820
23600,6186598400,30689.6,1785949322.5,3.1816,0.086,1.0000,204571
23620,6191841280,30715.3,1785949348.1,3.1845,0.093,1.0000,204614
23640,6197084160,30740.9,1785949373.7,3.2281,0.085,1.0000,204766
23660,6202327040,30766.5,1785949399.3,3.2582,0.091,1.0000,204763
23680,6207569920,30792.1,1785949424.9,3.1658,0.085,1.0000,204786
23700,6212812800,30817.7,1785949450.6,3.1265,0.085,1.0000,204495
23720,6218055680,30843.3,1785949476.2,3.1603,0.093,1.0000,204813
23740,6223298560,30868.9,1785949501.8,3.1230,0.089,1.0000,204722
23760,6228541440,30898.6,1785949531.4,3.1739,0.087,1.0000,176665
23780,6233784320,30924.2,1785949557.0,3.2162,0.088,1.0000,204950
23800,6239027200,30949.7,1785949582.6,3.2229,0.096,1.0000,205028
23820,6244270080,30975.4,1785949608.2,3.2233,0.089,1.0000,204696
23840,6249512960,31001.0,1785949633.8,3.2125,0.085,1.0000,204523
23860,6254755840,31026.6,1785949659.4,3.1265,0.087,1.0000,204807
23880,6259998720,31052.2,1785949685.1,3.1850,0.085,1.0000,204505
23900,6265241600,31077.8,1785949710.7,3.2228,0.084,1.0000,204677
23920,6270484480,31103.5,1785949736.3,3.1926,0.095,1.0000,204721
23940,6275727360,31129.1,1785949762.0,3.2273,0.088,1.0000,204437
23960,6280970240,31154.7,1785949787.6,3.1525,0.094,1.0000,204630
23980,6286213120,31180.3,1785949813.2,3.1891,0.085,1.0000,204647
24000,6291456000,31206.0,1785949838.8,3.2526,0.093,1.0000,204554
24020,6296698880,31235.8,1785949868.6,3.2120,0.088,1.0000,176042
24040,6301941760,31261.4,1785949894.2,3.1817,0.089,1.0000,204536
24060,6307184640,31287.0,1785949919.9,3.2072,0.090,1.0000,204538
24080,6312427520,31312.6,1785949945.5,3.2386,0.084,1.0000,204614
24100,6317670400,31338.3,1785949971.1,3.1703,0.088,1.0000,204577
24120,6322913280,31363.9,1785949996.8,3.1945,0.086,1.0000,204360
24140,6328156160,31389.6,1785950022.4,3.1789,0.087,1.0000,204284
24160,6333399040,31415.3,1785950048.1,3.1929,0.085,1.0000,204264
24180,6338641920,31440.9,1785950073.8,3.2101,0.085,1.0000,204484
24200,6343884800,31466.5,1785950099.4,3.1843,0.085,1.0000,204640
24220,6349127680,31492.2,1785950125.0,3.1887,0.091,1.0000,204344
24240,6354370560,31517.8,1785950150.6,3.1971,0.088,1.0000,204657
24260,6359613440,31547.7,1785950180.6,3.2017,0.085,1.0000,175311
24280,6364856320,31573.3,1785950206.2,3.3089,0.087,1.0000,204689
24300,6370099200,31598.9,1785950231.8,3.2004,0.088,1.0000,204553
24320,6375342080,31624.6,1785950257.4,3.1977,0.085,1.0000,204746
24340,6380584960,31650.2,1785950283.0,3.2544,0.086,1.0000,204498
24360,6385827840,31675.8,1785950308.7,3.1519,0.091,1.0000,204638
24380,6391070720,31701.4,1785950334.3,3.1430,0.088,1.0000,204822
24400,6396313600,31727.0,1785950359.9,3.1657,0.083,1.0000,204758
24420,6401556480,31752.6,1785950385.5,3.1626,0.090,1.0000,204603
24440,6406799360,31778.3,1785950411.1,3.2259,0.084,1.0000,204600
24460,6412042240,31803.9,1785950436.7,3.2220,0.087,1.0000,204588
24480,6417285120,31829.5,1785950462.4,3.1696,0.083,1.0000,204651
24500,6422528000,31855.1,1785950488.0,3.1925,0.086,1.0000,204798
24520,6427770880,31884.9,1785950517.7,3.2650,0.089,1.0000,176235
24540,6433013760,31910.4,1785950543.3,3.1920,0.084,1.0000,204953
24560,6438256640,31936.1,1785950568.9,3.2409,0.086,1.0000,204514
24580,6443499520,31961.7,1785950594.5,3.1865,0.086,1.0000,204667
24600,6448742400,31987.3,1785950620.1,3.1896,0.091,1.0000,204884
24620,6453985280,32012.9,1785950645.7,3.1685,0.084,1.0000,204922
24640,6459228160,32038.5,1785950671.3,3.1907,0.086,1.0000,204721
24660,6464471040,32064.1,1785950696.9,3.1509,0.084,1.0000,204646
24680,6469713920,32089.7,1785950722.6,3.1761,0.086,1.0000,204624
24700,6474956800,32115.3,1785950748.2,3.2257,0.082,1.0000,204936
24720,6480199680,32140.9,1785950773.8,3.1072,0.087,1.0000,204792
24740,6485442560,32166.5,1785950799.4,3.1576,0.087,1.0000,204822
24760,6490685440,32196.1,1785950829.0,3.2000,0.088,1.0000,176807
24780,6495928320,32221.8,1785950854.6,3.2319,0.085,1.0000,204672
24800,6501171200,32247.3,1785950880.2,3.1540,0.085,1.0000,204932
24820,6506414080,32272.9,1785950905.8,3.1230,0.088,1.0000,204843
24840,6511656960,32298.5,1785950931.4,3.1619,0.087,1.0000,204890
24860,6516899840,32324.1,1785950957.0,3.1753,0.086,1.0000,204761
24880,6522142720,32349.7,1785950982.6,3.1584,0.086,1.0000,204838
24900,6527385600,32375.4,1785951008.2,3.1984,0.084,1.0000,204550
24920,6532628480,32401.0,1785951033.8,3.1458,0.090,1.0000,204907
24940,6537871360,32426.6,1785951059.4,3.1618,0.085,1.0000,204526
24960,6543114240,32452.2,1785951085.1,3.1857,0.090,1.0000,204705
24980,6548357120,32477.8,1785951110.7,3.1831,0.086,1.0000,204756
25000,6553600000,32503.4,1785951136.3,3.2289,0.091,1.0000,204430
25020,6558842880,32533.4,1785951166.2,3.1694,0.092,1.0000,175319
25040,6564085760,32558.9,1785951191.8,3.2201,0.084,1.0000,204888
25060,6569328640,32584.6,1785951217.4,3.2346,0.091,1.0000,204690
25080,6574571520,32610.2,1785951243.0,3.1435,0.085,1.0000,204763
25100,6579814400,32635.8,1785951268.6,3.1866,0.088,1.0000,204811
25120,6585057280,32661.4,1785951294.2,3.1912,0.084,1.0000,204615
25140,6590300160,32687.0,1785951319.9,3.2047,0.088,1.0000,204534
25160,6595543040,32712.7,1785951345.5,3.2109,0.085,1.0000,204467
25180,6600785920,32738.3,1785951371.1,3.2205,0.085,1.0000,204767
25200,6606028800,32763.9,1785951396.7,3.1701,0.085,1.0000,204563
25220,6611271680,32789.5,1785951422.4,3.1973,0.088,1.0000,204479
25240,6616514560,32815.2,1785951448.0,3.1849,0.088,1.0000,204529
25260,6621757440,32844.9,1785951477.7,3.1661,0.084,1.0000,176619
25280,6627000320,32870.5,1785951503.3,3.1811,0.085,1.0000,204523
25300,6632243200,32896.1,1785951529.0,3.1774,0.084,1.0000,204630
25320,6637486080,32921.7,1785951554.6,3.1729,0.084,1.0000,204677
25340,6642728960,32947.3,1785951580.2,3.1728,0.091,1.0000,204587
25360,6647971840,32973.0,1785951605.8,3.2098,0.091,1.0000,204694
25380,6653214720,32998.6,1785951631.4,3.1785,0.087,1.0000,204606
25400,6658457600,33024.2,1785951657.1,3.1633,0.087,1.0000,204619
25420,6663700480,33049.8,1785951682.7,3.2127,0.087,1.0000,204656
25440,6668943360,33075.5,1785951708.3,3.1932,0.086,1.0000,204546
25460,6674186240,33101.0,1785951733.9,3.2452,0.089,1.0000,204926
25480,6679429120,33126.6,1785951759.5,3.1801,0.085,1.0000,205018
25500,6684672000,33152.2,1785951785.1,3.1323,0.088,1.0000,204750
25520,6689914880,33184.2,1785951817.0,3.1989,0.088,1.0000,164102
25540,6695157760,33209.8,1785951842.6,3.2343,0.089,1.0000,204874
25560,6700400640,33235.4,1785951868.2,3.1427,0.085,1.0000,204661
25580,6705643520,33261.0,1785951893.8,3.1632,0.085,1.0000,204659
25600,6710886400,33286.6,1785951919.5,3.1505,0.086,1.0000,204376
25620,6716129280,33312.2,1785951945.1,3.1779,0.084,1.0000,204920
25640,6721372160,33337.9,1785951970.7,3.1841,0.086,1.0000,204636
25660,6726615040,33363.5,1785951996.3,3.2231,0.086,1.0000,204586
25680,6731857920,33389.1,1785952021.9,3.2436,0.090,1.0000,204781
25700,6737100800,33414.7,1785952047.5,3.2372,0.087,1.0000,204737
25720,6742343680,33440.3,1785952073.2,3.1412,0.087,1.0000,204591
25740,6747586560,33465.9,1785952098.8,3.1880,0.084,1.0000,204735
25760,6752829440,33495.8,1785952128.7,3.1870,0.085,1.0000,175289
25780,6758072320,33521.4,1785952154.3,3.2134,0.090,1.0000,204839
25800,6763315200,33547.0,1785952179.9,3.1579,0.090,1.0000,204733
25820,6768558080,33572.7,1785952205.6,3.1660,0.081,1.0000,204338
25840,6773800960,33598.3,1785952231.1,3.1359,0.085,1.0000,204834
25860,6779043840,33623.9,1785952256.8,3.2243,0.090,1.0000,204689
25880,6784286720,33649.5,1785952282.4,3.2133,0.096,1.0000,204847
25900,6789529600,33675.1,1785952308.0,3.1693,0.087,1.0000,204768
25920,6794772480,33700.7,1785952333.5,3.2216,0.084,1.0000,204948
25940,6800015360,33726.3,1785952359.2,3.1901,0.085,1.0000,204716
25960,6805258240,33751.9,1785952384.8,3.1464,0.091,1.0000,204654
25980,6810501120,33777.5,1785952410.4,3.1623,0.082,1.0000,204651
26000,6815744000,33803.1,1785952436.0,3.1700,0.080,1.0000,204701
26020,6820986880,33832.6,1785952465.5,3.2482,0.090,1.0000,177726
26040,6826229760,33858.2,1785952491.1,3.1394,0.084,1.0000,205011
26060,6831472640,33883.8,1785952516.7,3.2186,0.082,1.0000,204822
26080,6836715520,33909.4,1785952542.3,3.1517,0.084,1.0000,204909
26100,6841958400,33935.0,1785952567.9,3.1923,0.084,1.0000,204772
26120,6847201280,33960.6,1785952593.5,3.1833,0.082,1.0000,204653
26140,6852444160,33986.3,1785952619.1,3.1056,0.085,1.0000,204538
26160,6857687040,34012.0,1785952644.8,3.1527,0.086,1.0000,203804
26180,6862929920,34037.7,1785952670.5,3.1936,0.087,1.0000,203941
26200,6868172800,34063.4,1785952696.2,3.1693,0.089,1.0000,204286
26220,6873415680,34089.1,1785952721.9,3.1913,0.088,1.0000,204030
26240,6878658560,34114.8,1785952747.6,3.1850,0.089,1.0000,203773
26260,6883901440,34144.6,1785952777.5,3.1913,0.086,1.0000,175843
26280,6889144320,34170.3,1785952803.2,3.1812,0.085,1.0000,203810
26300,6894387200,34196.1,1785952828.9,3.1839,0.093,1.0000,203514
26320,6899630080,34221.8,1785952854.6,3.1297,0.081,1.0000,204200
26340,6904872960,34247.5,1785952880.4,3.1359,0.085,1.0000,203644
26360,6910115840,34273.2,1785952906.1,3.2399,0.084,1.0000,203976
26380,6915358720,34298.9,1785952931.8,3.1989,0.081,1.0000,203896
26400,6920601600,34324.7,1785952957.5,3.1394,0.088,1.0000,203626
26420,6925844480,34350.4,1785952983.2,3.1367,0.086,1.0000,204079
26440,6931087360,34376.1,1785953008.9,3.1853,0.084,1.0000,203833
26460,6936330240,34401.8,1785953034.7,3.1914,0.089,1.0000,203672
26480,6941573120,34427.5,1785953060.3,3.1802,0.084,1.0000,204564
26500,6946816000,34453.1,1785953086.0,3.1707,0.082,1.0000,204069
26520,6952058880,34482.3,1785953115.1,3.2238,0.087,1.0000,180104
26540,6957301760,34507.9,1785953140.8,3.1465,0.085,1.0000,204061
26560,6962544640,34533.6,1785953166.5,3.1990,0.085,1.0000,204106
26580,6967787520,34559.4,1785953192.2,3.2571,0.085,1.0000,203766
26600,6973030400,34585.1,1785953217.9,3.1838,0.081,1.0000,204051
26620,6978273280,34610.7,1785953243.6,3.1375,0.086,1.0000,204375
26640,6983516160,34636.4,1785953269.2,3.2196,0.086,1.0000,204381
26660,6988759040,34662.1,1785953295.0,3.1411,0.087,1.0000,203721
26680,6994001920,34687.8,1785953320.7,3.2115,0.089,1.0000,203982
26700,6999244800,34713.4,1785953346.3,3.1644,0.083,1.0000,204588
26720,7004487680,34739.1,1785953371.9,3.1572,0.087,1.0000,204593
26740,7009730560,34764.8,1785953397.6,3.1986,0.084,1.0000,203940
26760,7014973440,34793.8,1785953426.6,3.1363,0.086,1.0000,180629
26780,7020216320,34819.4,1785953452.3,3.1520,0.088,1.0000,204414
26800,7025459200,34845.1,1785953478.0,3.1397,0.089,1.0000,204026
26820,7030702080,34870.8,1785953503.7,3.2074,0.086,1.0000,204217
26840,7035944960,34896.6,1785953529.4,3.1519,0.083,1.0000,203612
26860,7041187840,34922.2,1785953555.1,3.1534,0.084,1.0000,204052
26880,7046430720,34947.9,1785953580.7,3.1832,0.087,1.0000,204463
26900,7051673600,34973.5,1785953606.4,3.1942,0.086,1.0000,204350
26920,7056916480,34999.2,1785953632.0,3.2014,0.083,1.0000,204428
26940,7062159360,35024.9,1785953657.7,3.1725,0.084,1.0000,204218
26960,7067402240,35050.5,1785953683.4,3.2236,0.083,1.0000,204317
26980,7072645120,35076.2,1785953709.0,3.1540,0.083,1.0000,204348
27000,7077888000,35101.8,1785953734.6,3.1681,0.088,1.0000,204715
27020,7083130880,35131.4,1785953764.3,3.1734,0.084,1.0000,176855
27040,7088373760,35157.1,1785953789.9,3.1849,0.086,1.0000,204663
27060,7093616640,35182.7,1785953815.6,3.2344,0.095,1.0000,204337
27080,7098859520,35208.3,1785953841.2,3.2533,0.085,1.0000,204536
27100,7104102400,35234.0,1785953866.8,3.1098,0.082,1.0000,204687
27120,7109345280,35259.6,1785953892.5,3.1359,0.082,1.0000,204529
27140,7114588160,35285.2,1785953918.1,3.1782,0.084,1.0000,204771
27160,7119831040,35310.8,1785953943.7,3.1866,0.090,1.0000,204497
27180,7125073920,35336.5,1785953969.4,3.1363,0.086,1.0000,203927
27200,7130316800,35362.2,1785953995.0,3.1453,0.082,1.0000,204513
27220,7135559680,35387.8,1785954020.7,3.2042,0.087,1.0000,204398
27240,7140802560,35413.5,1785954046.3,3.2214,0.085,1.0000,204374
27260,7146045440,35443.1,1785954075.9,3.1926,0.080,1.0000,177341
27280,7151288320,35468.7,1785954101.6,3.2313,0.086,1.0000,204417
27300,7156531200,35494.4,1785954127.2,3.1653,0.080,1.0000,204337
27320,7161774080,35520.0,1785954152.9,3.2646,0.085,1.0000,204148
27340,7167016960,35545.8,1785954178.6,3.2016,0.082,1.0000,203846
27360,7172259840,35571.4,1785954204.2,3.1956,0.081,1.0000,204662
27380,7177502720,35597.0,1785954229.9,3.1885,0.082,1.0000,204634
27400,7182745600,35622.6,1785954255.5,3.1593,0.087,1.0000,204560
27420,7187988480,35648.3,1785954281.1,3.1044,0.083,1.0000,204524
27440,7193231360,35673.9,1785954306.8,3.1809,0.084,1.0000,204273
27460,7198474240,35699.5,1785954332.4,3.1560,0.084,1.0000,204672
27480,7203717120,35725.2,1785954358.0,3.2133,0.093,1.0000,204721
27500,7208960000,35750.8,1785954383.6,3.1725,0.085,1.0000,204596
27520,7214202880,35780.3,1785954413.2,3.2132,0.090,1.0000,177551
27540,7219445760,35805.9,1785954438.8,3.1290,0.086,1.0000,204500
27560,7224688640,35831.6,1785954464.5,3.2382,0.086,1.0000,204315
27580,7229931520,35857.2,1785954490.1,3.1887,0.083,1.0000,204463
27600,7235174400,35882.9,1785954515.7,3.1856,0.080,1.0000,204544
27620,7240417280,35908.6,1785954541.4,3.1771,0.086,1.0000,204168
27640,7245660160,35934.2,1785954567.1,3.1891,0.083,1.0000,204173
27660,7250903040,35959.9,1785954592.8,3.1616,0.082,1.0000,204084
27680,7256145920,35985.6,1785954618.5,3.1816,0.087,1.0000,204133
27700,7261388800,36011.3,1785954644.2,3.2548,0.084,1.0000,204111
27720,7266631680,36037.0,1785954669.8,3.1760,0.084,1.0000,204153
27740,7271874560,36062.7,1785954695.5,3.1679,0.083,1.0000,203988
27760,7277117440,36092.5,1785954725.4,3.2138,0.083,1.0000,175719
27780,7282360320,36118.1,1785954751.0,3.1677,0.084,1.0000,204651
27800,7287603200,36143.8,1785954776.6,3.1876,0.084,1.0000,204389
27820,7292846080,36169.4,1785954802.3,3.1349,0.092,1.0000,204719
27840,7298088960,36195.1,1785954827.9,3.1722,0.081,1.0000,204353
27860,7303331840,36220.7,1785954853.6,3.2228,0.090,1.0000,204143
27880,7308574720,36246.4,1785954879.3,3.2168,0.086,1.0000,203998
27900,7313817600,36272.1,1785954904.9,3.1815,0.083,1.0000,204663
27920,7319060480,36297.7,1785954930.6,3.1212,0.085,1.0000,204209
27940,7324303360,36323.4,1785954956.3,3.1863,0.084,1.0000,204021
27960,7329546240,36349.1,1785954982.0,3.1976,0.082,1.0000,203871
27980,7334789120,36374.9,1785955007.7,3.2302,0.084,1.0000,203831
28000,7340032000,36400.5,1785955033.4,3.1518,0.083,1.0000,204317
28020,7345274880,36430.1,1785955062.9,3.1561,0.081,1.0000,177566
28040,7350517760,36455.7,1785955088.5,3.1933,0.084,1.0000,204656
28060,7355760640,36481.3,1785955114.1,3.1878,0.082,1.0000,204606
28080,7361003520,36506.9,1785955139.7,3.2325,0.081,1.0000,204943
28100,7366246400,36532.5,1785955165.4,3.1560,0.083,1.0000,204572
28120,7371489280,36558.1,1785955190.9,3.1830,0.085,1.0000,204949
28140,7376732160,36583.7,1785955216.6,3.1446,0.079,1.0000,204358
28160,7381975040,36609.4,1785955242.2,3.1513,0.083,1.0000,204590
28180,7387217920,36635.0,1785955267.9,3.1408,0.083,1.0000,204427
28200,7392460800,36660.6,1785955293.5,3.1664,0.084,1.0000,204600
28220,7397703680,36686.3,1785955319.1,3.0989,0.086,1.0000,204376
28240,7402946560,36711.9,1785955344.8,3.1850,0.083,1.0000,204626
28260,7408189440,36741.6,1785955374.5,3.1897,0.084,1.0000,176628
28280,7413432320,36767.2,1785955400.1,3.1916,0.081,1.0000,204510
28300,7418675200,36792.9,1785955425.7,3.2248,0.085,1.0000,204454
28320,7423918080,36818.5,1785955451.4,3.2157,0.081,1.0000,204531
28340,7429160960,36844.1,1785955477.0,3.1726,0.087,1.0000,204893
28360,7434403840,36869.7,1785955502.5,3.1877,0.083,1.0000,204876
28380,7439646720,36895.3,1785955528.2,3.1140,0.083,1.0000,204464
28400,7444889600,36920.9,1785955553.8,3.2275,0.083,1.0000,204786
28420,7450132480,36946.5,1785955579.4,3.2441,0.083,1.0000,204815
28440,7455375360,36972.1,1785955604.9,3.1241,0.092,1.0000,205167
28460,7460618240,36997.7,1785955630.6,3.2191,0.085,1.0000,204672
28480,7465861120,37023.3,1785955656.1,3.2036,0.083,1.0000,205113
28500,7471104000,37048.9,1785955681.7,3.1775,0.081,1.0000,204801
28520,7476346880,37078.0,1785955710.9,3.1937,0.085,1.0000,179659
28540,7481589760,37103.6,1785955736.5,3.1969,0.081,1.0000,204791
28560,7486832640,37129.3,1785955762.1,3.2122,0.083,1.0000,204476
28580,7492075520,37154.9,1785955787.8,3.2553,0.087,1.0000,204363
28600,7497318400,37180.6,1785955813.4,3.1617,0.087,1.0000,204454
28620,7502561280,37206.2,1785955839.1,3.1023,0.083,1.0000,204523
28640,7507804160,37231.9,1785955864.7,3.2100,0.081,1.0000,204439
28660,7513047040,37257.5,1785955890.4,3.1001,0.083,1.0000,204512
28680,7518289920,37283.1,1785955915.9,3.1803,0.080,1.0000,204845
28700,7523532800,37308.7,1785955941.6,3.1899,0.083,1.0000,204723
28720,7528775680,37334.3,1785955967.2,3.2038,0.083,1.0000,204508
28740,7534018560,37360.0,1785955992.8,3.1427,0.082,1.0000,204459
28760,7539261440,37389.4,1785956022.2,3.2367,0.084,1.0000,178510
28780,7544504320,37415.0,1785956047.8,3.1809,0.086,1.0000,204724
28800,7549747200,37440.6,1785956073.5,3.1900,0.083,1.0000,204521
28820,7554990080,37466.2,1785956099.1,3.1860,0.084,1.0000,204697
28840,7560232960,37491.8,1785956124.7,3.1225,0.095,1.0000,204537
28860,7565475840,37517.5,1785956150.3,3.1701,0.085,1.0000,204695
28880,7570718720,37543.1,1785956176.0,3.1187,0.087,1.0000,204316
28900,7575961600,37568.7,1785956201.6,3.2361,0.087,1.0000,204650
28920,7581204480,37594.4,1785956227.2,3.1930,0.083,1.0000,204440
28940,7586447360,37620.0,1785956252.9,3.2468,0.080,1.0000,204638
28960,7591690240,37645.6,1785956278.5,3.1064,0.086,1.0000,204702
28980,7596933120,37671.2,1785956304.1,3.1936,0.085,1.0000,204535
29000,7602176000,37696.8,1785956329.7,3.1465,0.082,1.0000,204906
29020,7607418880,37726.6,1785956359.4,3.2643,0.083,1.0000,176430
29040,7612661760,37752.2,1785956385.0,3.2107,0.080,1.0000,204523
29060,7617904640,37777.8,1785956410.7,3.2047,0.084,1.0000,204297
29080,7623147520,37803.5,1785956436.3,3.1905,0.081,1.0000,204579
29100,7628390400,37829.1,1785956461.9,3.1816,0.087,1.0000,204675
29120,7633633280,37854.7,1785956487.6,3.1713,0.082,1.0000,204676
29140,7638876160,37880.3,1785956513.2,3.2119,0.082,1.0000,204837
29160,7644119040,37905.9,1785956538.8,3.1782,0.083,1.0000,204732
29180,7649361920,37931.5,1785956564.4,3.1909,0.085,1.0000,204869
29200,7654604800,37957.1,1785956590.0,3.1636,0.079,1.0000,204532
29220,7659847680,37982.8,1785956615.6,3.0326,0.081,1.0000,204523
29240,7665090560,38008.4,1785956641.2,3.1806,0.089,1.0000,204626
29260,7670333440,38038.3,1785956671.1,3.1711,0.079,1.0000,175420
29280,7675576320,38063.9,1785956696.7,3.1881,0.082,1.0000,204833
29300,7680819200,38089.4,1785956722.3,3.1323,0.082,1.0000,205025
29320,7686062080,38115.1,1785956747.9,3.2144,0.083,1.0000,204633
29340,7691304960,38140.7,1785956773.5,3.1196,0.097,1.0000,204613
29360,7696547840,38166.3,1785956799.2,3.1856,0.085,1.0000,204630
29380,7701790720,38191.9,1785956824.7,3.1367,0.085,1.0000,204991
29400,7707033600,38217.5,1785956850.4,3.2064,0.080,1.0000,204616
29420,7712276480,38243.1,1785956875.9,3.1424,0.078,1.0000,205053
29440,7717519360,38268.7,1785956901.5,3.1367,0.086,1.0000,204870
29460,7722762240,38294.3,1785956927.1,3.2018,0.086,1.0000,204703
29480,7728005120,38319.9,1785956952.8,3.1203,0.081,1.0000,204628
29500,7733248000,38345.5,1785956978.4,3.2099,0.084,1.0000,204716
29520,7738490880,38375.2,1785957008.0,3.1912,0.080,1.0000,176841
29540,7743733760,38400.8,1785957033.6,3.1670,0.083,1.0000,204718
29560,7748976640,38426.4,1785957059.2,3.1716,0.080,1.0000,204651
29580,7754219520,38452.0,1785957084.9,3.1889,0.083,1.0000,204658
29600,7759462400,38477.7,1785957110.5,3.1576,0.080,1.0000,204445
29620,7764705280,38503.3,1785957136.1,3.2000,0.081,1.0000,204767
29640,7769948160,38528.8,1785957161.7,3.1919,0.083,1.0000,204887
29660,7775191040,38554.4,1785957187.3,3.2169,0.079,1.0000,204822
29680,7780433920,38580.1,1785957213.0,3.1500,0.080,1.0000,204347
29700,7785676800,38605.8,1785957238.7,3.1648,0.086,1.0000,203879
29720,7790919680,38631.5,1785957264.4,3.1512,0.083,1.0000,203899
29740,7796162560,38657.3,1785957290.1,3.1290,0.083,1.0000,203829
29760,7801405440,38686.7,1785957319.6,3.1753,0.084,1.0000,177970
29780,7806648320,38712.4,1785957345.2,3.2104,0.079,1.0000,204432
29800,7811891200,38738.1,1785957371.0,3.1683,0.087,1.0000,203618
29820,7817134080,38763.9,1785957396.7,3.2033,0.084,1.0000,203542
29840,7822376960,38789.7,1785957422.5,3.1348,0.081,1.0000,203313
29860,7827619840,38815.2,1785957448.1,3.1563,0.088,1.0000,205061
29880,7832862720,38840.8,1785957473.6,3.1245,0.081,1.0000,205098
29900,7838105600,38866.4,1785957499.2,3.1325,0.079,1.0000,204754
29920,7843348480,38892.1,1785957525.0,3.2285,0.084,1.0000,203831
29940,7848591360,38917.8,1785957550.6,3.1477,0.086,1.0000,204358
29960,7853834240,38943.4,1785957576.2,3.1734,0.080,1.0000,204878
29980,7859077120,38969.1,1785957601.9,3.0722,0.081,1.0000,204009
30000,7864320000,38994.8,1785957627.7,3.0913,0.086,1.0000,203457
30020,7869562880,39023.9,1785957656.8,3.0942,0.080,1.0000,180312
30040,7874805760,39049.5,1785957682.3,3.1790,0.081,1.0000,204848
30060,7880048640,39075.1,1785957708.0,3.1916,0.080,1.0000,204488
30080,7885291520,39100.7,1785957733.6,3.1994,0.087,1.0000,204686
30100,7890534400,39126.4,1785957759.2,3.1549,0.084,1.0000,204459
30120,7895777280,39152.1,1785957785.0,3.2451,0.085,1.0000,203879
30140,7901020160,39177.9,1785957810.7,3.1602,0.083,1.0000,203599
30160,7906263040,39203.6,1785957836.5,3.1469,0.082,1.0000,203440
30180,7911505920,39229.4,1785957862.2,3.1118,0.082,1.0000,203732
30200,7916748800,39255.0,1785957887.8,3.1959,0.082,1.0000,204836
30220,7921991680,39280.6,1785957913.4,3.1588,0.084,1.0000,204794
30240,7927234560,39306.2,1785957939.0,3.1941,0.077,1.0000,204782
30260,7932477440,39335.9,1785957968.8,3.1738,0.082,1.0000,176263
30280,7937720320,39361.5,1785957994.4,3.1511,0.082,1.0000,204871
30300,7942963200,39387.3,1785958020.1,3.1973,0.087,1.0000,203530
30320,7948206080,39413.0,1785958045.9,3.1909,0.086,1.0000,203512
30340,7953448960,39438.8,1785958071.6,3.1710,0.085,1.0000,203564
30360,7958691840,39464.5,1785958097.3,3.1632,0.080,1.0000,203916
30380,7963934720,39490.1,1785958123.0,3.1869,0.079,1.0000,204703
30400,7969177600,39515.7,1785958148.6,3.1254,0.082,1.0000,204622
30420,7974420480,39541.3,1785958174.2,3.1946,0.082,1.0000,204752
30440,7979663360,39566.9,1785958199.8,3.2391,0.081,1.0000,204694
30460,7984906240,39592.6,1785958225.5,3.2033,0.084,1.0000,204250
30480,7990149120,39618.2,1785958251.1,3.1412,0.077,1.0000,204639
30500,7995392000,39643.9,1785958276.7,3.1297,0.084,1.0000,204487
30520,8000634880,39673.2,1785958306.1,3.1155,0.081,1.0000,178752
30540,8005877760,39698.8,1785958331.6,3.1657,0.082,1.0000,204818
30560,8011120640,39724.4,1785958357.3,3.1026,0.082,1.0000,204764
30580,8016363520,39750.0,1785958382.8,3.2380,0.079,1.0000,205061
30600,8021606400,39775.6,1785958408.4,3.1706,0.087,1.0000,204780
30620,8026849280,39801.2,1785958434.0,3.2038,0.084,1.0000,204706
30640,8032092160,39826.8,1785958459.6,3.1585,0.084,1.0000,204872
30660,8037335040,39852.3,1785958485.2,3.1863,0.080,1.0000,205003
30680,8042577920,39878.0,1785958510.8,3.1906,0.083,1.0000,204768
30700,8047820800,39903.6,1785958536.4,3.1062,0.081,1.0000,204661
30720,8053063680,39929.1,1785958562.0,3.1725,0.083,1.0000,205206
30740,8058306560,39954.7,1785958587.6,3.1894,0.084,1.0000,204910
30760,8063549440,39984.3,1785958617.1,3.1378,0.080,1.0000,177427
30780,8068792320,40009.9,1785958642.7,3.1911,0.080,1.0000,204779
30800,8074035200,40035.4,1785958668.3,3.2501,0.097,1.0000,204985
30820,8079278080,40061.0,1785958693.9,3.1606,0.080,1.0000,204877
30840,8084520960,40086.6,1785958719.4,3.1096,0.080,1.0000,205090
30860,8089763840,40112.2,1785958745.0,3.1467,0.085,1.0000,204988
30880,8095006720,40137.7,1785958770.6,3.2062,0.081,1.0000,204982
30900,8100249600,40163.3,1785958796.1,3.1175,0.086,1.0000,205161
30920,8105492480,40188.9,1785958821.7,3.1827,0.081,1.0000,204895
30940,8110735360,40214.5,1785958847.3,3.1856,0.083,1.0000,205026
30960,8115978240,40240.0,1785958872.9,3.2183,0.081,1.0000,204963
30980,8121221120,40265.6,1785958898.5,3.2170,0.082,1.0000,204730
31000,8126464000,40291.3,1785958924.1,3.1620,0.079,1.0000,204577
31020,8131706880,40321.0,1785958953.9,3.1782,0.085,1.0000,176132
31040,8136949760,40346.7,1785958979.6,3.2025,0.083,1.0000,204289
31060,8142192640,40372.3,1785959005.2,3.1813,0.079,1.0000,204615
31080,8147435520,40397.9,1785959030.8,3.1231,0.083,1.0000,204738
31100,8152678400,40423.6,1785959056.4,3.1425,0.079,1.0000,204366
31120,8157921280,40449.2,1785959082.1,3.1804,0.084,1.0000,204565
31140,8163164160,40474.9,1785959107.7,3.2060,0.079,1.0000,204484
31160,8168407040,40500.5,1785959133.3,3.2624,0.082,1.0000,204576
31180,8173649920,40526.1,1785959159.0,3.1830,0.082,1.0000,204507
31200,8178892800,40551.7,1785959184.6,3.2028,0.078,1.0000,204597
31220,8184135680,40577.4,1785959210.2,3.1848,0.077,1.0000,204646
31240,8189378560,40603.0,1785959235.9,3.1937,0.084,1.0000,204261
31260,8194621440,40633.1,1785959265.9,3.1510,0.080,1.0000,174628
31280,8199864320,40658.7,1785959291.5,3.1704,0.081,1.0000,204697
31300,8205107200,40684.3,1785959317.2,3.1496,0.082,1.0000,204499
31320,8210350080,40709.9,1785959342.8,3.1300,0.082,1.0000,204688
31340,8215592960,40735.5,1785959368.4,3.1643,0.080,1.0000,204765
31360,8220835840,40761.1,1785959394.0,3.1619,0.080,1.0000,204616
31380,8226078720,40786.8,1785959419.6,3.1347,0.079,1.0000,204707
31400,8231321600,40812.4,1785959445.3,3.2014,0.079,1.0000,204515
31420,8236564480,40838.0,1785959470.9,3.1878,0.079,1.0000,204575
31440,8241807360,40863.7,1785959496.6,3.1730,0.080,1.0000,203987
31460,8247050240,40889.4,1785959522.2,3.1081,0.080,1.0000,204446
31480,8252293120,40915.0,1785959547.9,3.1790,0.080,1.0000,204551
31500,8257536000,40940.7,1785959573.5,3.1990,0.084,1.0000,204351
31520,8262778880,40970.4,1785959603.3,3.1815,0.079,1.0000,176075
31540,8268021760,40996.1,1785959629.0,3.1651,0.082,1.0000,204184
31560,8273264640,41021.7,1785959654.6,3.1727,0.081,1.0000,204633
31580,8278507520,41047.3,1785959680.2,3.0837,0.079,1.0000,204966
31600,8283750400,41072.9,1785959705.8,3.1698,0.087,1.0000,204616
31620,8288993280,41098.6,1785959731.4,3.1849,0.080,1.0000,204474
31640,8294236160,41124.2,1785959757.1,3.2182,0.079,1.0000,204513
31660,8299479040,41149.8,1785959782.7,3.1216,0.079,1.0000,204559
31680,8304721920,41175.4,1785959808.3,3.1013,0.078,1.0000,204878
31700,8309964800,41201.0,1785959833.9,3.1436,0.084,1.0000,204909
31720,8315207680,41226.7,1785959859.5,3.2003,0.084,1.0000,204423
31740,8320450560,41252.3,1785959885.2,3.1764,0.090,1.0000,204275
31760,8325693440,41281.7,1785959914.6,3.1929,0.084,1.0000,178438
31780,8330936320,41307.4,1785959940.2,3.1967,0.081,1.0000,204210
31800,8336179200,41333.0,1785959965.9,3.1420,0.078,1.0000,204491
31820,8341422080,41358.6,1785959991.5,3.1774,0.077,1.0000,204756
31840,8346664960,41384.3,1785960017.2,3.1935,0.079,1.0000,204182
31860,8351907840,41410.0,1785960042.8,3.1043,0.080,1.0000,204335
31880,8357150720,41435.6,1785960068.4,3.0956,0.079,1.0000,204699
31900,8362393600,41461.2,1785960094.1,3.1980,0.079,1.0000,204596
31920,8367636480,41486.8,1785960119.7,3.1974,0.083,1.0000,204517
31940,8372879360,41512.5,1785960145.3,3.1885,0.084,1.0000,204636
31960,8378122240,41538.1,1785960171.0,3.1489,0.080,1.0000,204423
31980,8383365120,41563.8,1785960196.6,3.2014,0.085,1.0000,204118
32000,8388608000,41589.5,1785960222.3,3.1885,0.083,1.0000,204158
32020,8393850880,41619.4,1785960252.2,3.1339,0.082,1.0000,175491
32040,8399093760,41645.0,1785960277.8,3.0770,0.080,1.0000,204638
32060,8404336640,41670.6,1785960303.4,3.1316,0.082,1.0000,204616
32080,8409579520,41696.2,1785960329.1,3.2251,0.081,1.0000,204368
32100,8414822400,41721.9,1785960354.8,3.1533,0.089,1.0000,204376
32120,8420065280,41747.5,1785960380.4,3.1635,0.081,1.0000,204522
32140,8425308160,41773.1,1785960406.0,3.1624,0.083,1.0000,205063
32160,8430551040,41798.7,1785960431.5,3.1111,0.079,1.0000,204992
32180,8435793920,41824.3,1785960457.1,3.1762,0.080,1.0000,205016
32200,8441036800,41849.8,1785960482.7,3.1530,0.080,1.0000,204875
32220,8446279680,41875.4,1785960508.3,3.1711,0.083,1.0000,204873
32240,8451522560,41901.1,1785960533.9,3.1298,0.079,1.0000,204572
32260,8456765440,41931.0,1785960563.9,3.1517,0.078,1.0000,175033
32280,8462008320,41956.7,1785960589.5,3.1323,0.083,1.0000,204478
32300,8467251200,41982.4,1785960615.2,3.1144,0.077,1.0000,203992
32320,8472494080,42008.1,1785960641.0,3.0762,0.074,1.0000,203653
32340,8477736960,42033.8,1785960666.7,3.1753,0.080,1.0000,203625
32360,8482979840,42059.6,1785960692.4,3.1189,0.084,1.0000,203815
32380,8488222720,42085.3,1785960718.2,3.0899,0.078,1.0000,203565
32400,8493465600,42111.1,1785960743.9,3.2063,0.079,1.0000,203820
32420,8498708480,42136.7,1785960769.5,3.1678,0.078,1.0000,204807
32440,8503951360,42162.2,1785960795.1,3.1659,0.082,1.0000,204942
32460,8509194240,42187.9,1785960820.7,3.1566,0.082,1.0000,204463
32480,8514437120,42213.5,1785960846.3,3.1464,0.079,1.0000,204766
32500,8519680000,42239.1,1785960871.9,3.1580,0.080,1.0000,204929
32520,8524922880,42269.0,1785960901.8,3.1352,0.080,1.0000,175250
32540,8530165760,42294.6,1785960927.5,3.1817,0.077,1.0000,204420
32560,8535408640,42320.3,1785960953.1,3.1667,0.081,1.0000,204449
32580,8540651520,42346.0,1785960978.8,3.1635,0.083,1.0000,204155
32600,8545894400,42371.6,1785961004.5,3.1961,0.079,1.0000,204152
32620,8551137280,42397.2,1785961030.1,3.1654,0.081,1.0000,204784
32640,8556380160,42422.8,1785961055.7,3.1272,0.081,1.0000,204839
32660,8561623040,42448.6,1785961081.4,3.1438,0.077,1.0000,203559
32680,8566865920,42474.3,1785961107.2,3.1018,0.079,1.0000,203579
32700,8572108800,42500.1,1785961132.9,3.1987,0.083,1.0000,203860
32720,8577351680,42525.8,1785961158.7,3.2149,0.083,1.0000,203571
32740,8582594560,42551.5,1785961184.3,3.1190,0.079,1.0000,204229
32760,8587837440,42581.5,1785961214.3,3.1526,0.079,1.0000,174850
32780,8593080320,42607.0,1785961239.9,3.1604,0.080,1.0000,205146
32800,8598323200,42632.6,1785961265.5,3.1724,0.080,1.0000,204839
32820,8603566080,42658.2,1785961291.0,3.1147,0.078,1.0000,205197
32840,8608808960,42683.7,1785961316.6,3.1842,0.080,1.0000,205291
32860,8614051840,42709.3,1785961342.2,3.0919,0.080,1.0000,204854
32880,8619294720,42735.0,1785961367.8,3.1650,0.077,1.0000,204410
32900,8624537600,42760.6,1785961393.4,3.2075,0.079,1.0000,204715
32920,8629780480,42786.2,1785961419.0,3.2219,0.077,1.0000,204830
32940,8635023360,42811.8,1785961444.6,3.1674,0.084,1.0000,204572
32960,8640266240,42837.4,1785961470.2,3.1680,0.083,1.0000,204857
32980,8645509120,42863.0,1785961495.8,3.1910,0.085,1.0000,204764
33000,8650752000,42888.6,1785961521.5,3.1065,0.078,1.0000,204318
33020,8655994880,42918.3,1785961551.2,3.0763,0.084,1.0000,176539
33040,8661237760,42944.0,1785961576.9,3.1952,0.078,1.0000,204004
33060,8666480640,42969.7,1785961602.6,3.2003,0.083,1.0000,204140
33080,8671723520,42995.3,1785961628.2,3.1676,0.087,1.0000,204998
33100,8676966400,43020.9,1785961653.7,3.0831,0.079,1.0000,204883
33120,8682209280,43046.5,1785961679.3,3.1249,0.081,1.0000,204879
33140,8687452160,43072.1,1785961704.9,3.2004,0.078,1.0000,204704
33160,8692695040,43097.7,1785961730.6,3.1960,0.077,1.0000,204636
33180,8697937920,43123.3,1785961756.2,3.1630,0.078,1.0000,204763
33200,8703180800,43148.9,1785961781.8,3.1727,0.081,1.0000,204582
33220,8708423680,43174.6,1785961807.4,3.1356,0.082,1.0000,204712
33240,8713666560,43200.2,1785961833.0,3.1218,0.080,1.0000,204723
33260,8718909440,43230.1,1785961863.0,3.1300,0.076,1.0000,175035
33280,8724152320,43255.7,1785961888.5,3.1400,0.083,1.0000,205087
33300,8729395200,43281.3,1785961914.2,3.1983,0.086,1.0000,204609
33320,8734638080,43306.9,1785961939.8,3.1217,0.079,1.0000,204702
33340,8739880960,43332.5,1785961965.4,3.1779,0.078,1.0000,204565
33360,8745123840,43358.1,1785961991.0,3.1140,0.078,1.0000,205168
33380,8750366720,43383.7,1785962016.6,3.2113,0.079,1.0000,204697
33400,8755609600,43409.3,1785962042.1,3.1081,0.078,1.0000,205006
33420,8760852480,43434.9,1785962067.7,3.2049,0.081,1.0000,204813
33440,8766095360,43460.5,1785962093.3,3.1417,0.078,1.0000,204846
33460,8771338240,43486.1,1785962118.9,3.1388,0.078,1.0000,204917
33480,8776581120,43511.6,1785962144.5,3.1417,0.078,1.0000,205003
33500,8781824000,43537.3,1785962170.1,3.1883,0.084,1.0000,204711
33520,8787066880,43567.0,1785962199.8,3.1816,0.077,1.0000,176381
33540,8792309760,43592.6,1785962225.4,3.1462,0.080,1.0000,204765
33560,8797552640,43618.2,1785962251.0,3.1990,0.077,1.0000,204910
33580,8802795520,43643.8,1785962276.6,3.2019,0.077,1.0000,204813
33600,8808038400,43669.4,1785962302.2,3.2194,0.083,1.0000,204589
33620,8813281280,43695.0,1785962327.8,3.1419,0.078,1.0000,205068
33640,8818524160,43720.5,1785962353.4,3.1697,0.082,1.0000,204970
33660,8823767040,43746.1,1785962379.0,3.1765,0.079,1.0000,204762
33680,8829009920,43771.8,1785962404.6,3.1558,0.079,1.0000,204532
33700,8834252800,43797.4,1785962430.2,3.1333,0.082,1.0000,204918
33720,8839495680,43822.9,1785962455.8,3.2003,0.079,1.0000,205082
33740,8844738560,43848.6,1785962481.4,3.1546,0.085,1.0000,204517
33760,8849981440,43878.3,1785962511.2,3.1971,0.080,1.0000,176195
33780,8855224320,43903.9,1785962536.8,3.0968,0.079,1.0000,204803
33800,8860467200,43929.6,1785962562.4,3.1680,0.078,1.0000,204461
33820,8865710080,43955.2,1785962588.0,3.1180,0.079,1.0000,204698
33840,8870952960,43980.8,1785962613.7,3.1353,0.079,1.0000,204491
33860,8876195840,44006.4,1785962639.3,3.1121,0.078,1.0000,204743
33880,8881438720,44032.1,1785962664.9,3.2116,0.079,1.0000,204513
33900,8886681600,44057.6,1785962690.5,3.1640,0.079,1.0000,204939
33920,8891924480,44083.3,1785962716.1,3.1635,0.080,1.0000,204673
33940,8897167360,44108.8,1785962741.7,3.1756,0.083,1.0000,204935
33960,8902410240,44134.5,1785962767.3,3.2128,0.082,1.0000,204523
33980,8907653120,44160.1,1785962792.9,3.1124,0.082,1.0000,204713
34000,8912896000,44185.7,1785962818.6,3.1628,0.079,1.0000,204658
34020,8918138880,44215.1,1785962848.0,3.1699,0.078,1.0000,178146
34040,8923381760,44240.7,1785962873.6,3.1614,0.078,1.0000,204718
34060,8928624640,44266.4,1785962899.2,3.1472,0.079,1.0000,204528
34080,8933867520,44292.0,1785962924.8,3.1314,0.080,1.0000,204744
34100,8939110400,44317.6,1785962950.4,3.1305,0.081,1.0000,204906
34120,8944353280,44343.1,1785962976.0,3.1918,0.079,1.0000,205139
34140,8949596160,44368.7,1785963001.6,3.2102,0.079,1.0000,204949
34160,8954839040,44394.3,1785963027.2,3.0635,0.077,1.0000,204862
34180,8960081920,44419.9,1785963052.7,3.1859,0.080,1.0000,204881
34200,8965324800,44445.5,1785963078.4,3.1232,0.080,1.0000,204678
34220,8970567680,44471.1,1785963104.0,3.1425,0.078,1.0000,204775
34240,8975810560,44496.7,1785963129.6,3.0697,0.078,1.0000,204742
34260,8981053440,44526.3,1785963159.2,3.1437,0.076,1.0000,177210
34280,8986296320,44551.9,1785963184.7,3.2503,0.080,1.0000,204931
34300,8991539200,44577.5,1785963210.4,3.1643,0.077,1.0000,204597
34320,8996782080,44603.1,1785963236.0,3.1333,0.085,1.0000,204700
34340,9002024960,44628.7,1785963261.6,3.1998,0.081,1.0000,204671
34360,9007267840,44654.4,1785963287.2,3.1646,0.077,1.0000,204697
34380,9012510720,44680.0,1785963312.8,3.1773,0.076,1.0000,204669
34400,9017753600,44705.6,1785963338.4,3.1536,0.083,1.0000,204646
34420,9022996480,44731.2,1785963364.1,3.1654,0.079,1.0000,204530
34440,9028239360,44756.8,1785963389.6,3.1307,0.081,1.0000,205063
34460,9033482240,44782.4,1785963415.2,3.1539,0.080,1.0000,204909
34480,9038725120,44808.0,1785963440.8,3.1975,0.077,1.0000,204907
34500,9043968000,44833.6,1785963466.4,3.1901,0.076,1.0000,204717
34520,9049210880,44863.3,1785963496.2,3.1765,0.076,1.0000,176364
34540,9054453760,44888.9,1785963521.8,3.1906,0.077,1.0000,204798
34560,9059696640,44914.5,1785963547.4,3.1841,0.076,1.0000,204674
34580,9064939520,44940.1,1785963573.0,3.2189,0.079,1.0000,204679
34600,9070182400,44965.8,1785963598.6,3.1293,0.075,1.0000,204642
34620,9075425280,44991.4,1785963624.2,3.1227,0.083,1.0000,204578
34640,9080668160,45017.0,1785963649.8,3.1828,0.081,1.0000,204755
34660,9085911040,45042.6,1785963675.4,3.1988,0.077,1.0000,204904
34680,9091153920,45068.2,1785963701.0,3.1491,0.080,1.0000,204728
34700,9096396800,45093.8,1785963726.7,3.1215,0.080,1.0000,204654
34720,9101639680,45119.4,1785963752.2,3.1560,0.078,1.0000,204973
34740,9106882560,45145.0,1785963777.8,3.1620,0.081,1.0000,204704
34760,9112125440,45174.7,1785963807.6,3.1302,0.080,1.0000,176181
34780,9117368320,45200.3,1785963833.2,3.1501,0.079,1.0000,205066
34800,9122611200,45226.0,1785963858.8,3.1534,0.082,1.0000,204268
34820,9127854080,45251.7,1785963884.5,3.1451,0.076,1.0000,203903
34840,9133096960,45277.4,1785963910.3,3.1177,0.074,1.0000,203967
34860,9138339840,45303.1,1785963935.9,3.1643,0.079,1.0000,204129
34880,9143582720,45328.7,1785963961.6,3.1615,0.081,1.0000,204397
34900,9148825600,45354.3,1785963987.2,3.1649,0.078,1.0000,204994
34920,9154068480,45379.9,1785964012.8,3.1214,0.082,1.0000,204901
34940,9159311360,45405.5,1785964038.4,3.1531,0.077,1.0000,204726
34960,9164554240,45431.1,1785964063.9,3.1261,0.077,1.0000,205025
34980,9169797120,45456.7,1785964089.5,3.0880,0.076,1.0000,204797
35000,9175040000,45482.3,1785964115.1,3.1108,0.079,1.0000,205001
35020,9180282880,45511.7,1785964144.6,3.1182,0.085,1.0000,177781
35040,9185525760,45537.3,1785964170.1,3.1673,0.076,1.0000,205239
35060,9190768640,45562.8,1785964195.7,3.1568,0.076,1.0000,205322
35080,9196011520,45588.4,1785964221.2,3.2033,0.080,1.0000,205302
35100,9201254400,45613.9,1785964246.8,3.1652,0.078,1.0000,205134
35120,9206497280,45639.5,1785964272.4,3.1289,0.079,1.0000,204856
35140,9211740160,45665.1,1785964297.9,3.0716,0.075,1.0000,205265
35160,9216983040,45690.6,1785964323.5,3.1696,0.078,1.0000,204904
35180,9222225920,45716.2,1785964349.1,3.1853,0.078,1.0000,204956
35200,9227468800,45741.8,1785964374.6,3.1382,0.077,1.0000,205293
35220,9232711680,45767.3,1785964400.2,3.1436,0.078,1.0000,205294
35240,9237954560,45792.8,1785964425.7,3.1648,0.076,1.0000,205253
35260,9243197440,45822.4,1785964455.3,3.1263,0.079,1.0000,177370
35280,9248440320,45848.0,1785964480.8,3.1551,0.081,1.0000,205125
35300,9253683200,45873.6,1785964506.4,3.1187,0.075,1.0000,204707
35320,9258926080,45899.1,1785964532.0,3.1529,0.077,1.0000,204988
35340,9264168960,45924.7,1785964557.6,3.1363,0.077,1.0000,204998
35360,9269411840,45950.3,1785964583.2,3.1750,0.077,1.0000,204629
35380,9274654720,45975.9,1785964608.8,3.1757,0.075,1.0000,204968
35400,9279897600,46001.5,1785964634.4,3.1149,0.077,1.0000,204816
35420,9285140480,46027.1,1785964660.0,3.1336,0.082,1.0000,204879
35440,9290383360,46052.7,1785964685.5,3.1684,0.078,1.0000,204949
35460,9295626240,46078.3,1785964711.1,3.1172,0.074,1.0000,204975
35480,9300869120,46103.9,1785964736.7,3.1329,0.079,1.0000,204757
35500,9306112000,46129.5,1785964762.3,3.1383,0.082,1.0000,204960
35520,9311354880,46159.1,1785964791.9,3.1974,0.077,1.0000,177102
35540,9316597760,46184.7,1785964817.5,3.1365,0.077,1.0000,204807
35560,9321840640,46210.2,1785964843.1,3.1226,0.079,1.0000,204969
35580,9327083520,46235.9,1785964868.7,3.1910,0.078,1.0000,204583
35600,9332326400,46261.5,1785964894.3,3.1117,0.083,1.0000,204886
35620,9337569280,46287.1,1785964919.9,3.1617,0.079,1.0000,204686
35640,9342812160,46312.7,1785964945.5,3.0971,0.075,1.0000,204879
35660,9348055040,46338.2,1785964971.1,3.1026,0.076,1.0000,205193
35680,9353297920,46363.8,1785964996.6,3.2112,0.077,1.0000,204991
35700,9358540800,46389.3,1785965022.2,3.1801,0.079,1.0000,205229
35720,9363783680,46414.9,1785965047.8,3.1975,0.087,1.0000,205102
35740,9369026560,46440.5,1785965073.3,3.2070,0.073,1.0000,205112
35760,9374269440,46470.2,1785965103.1,3.1017,0.081,1.0000,176052
35780,9379512320,46495.8,1785965128.6,3.2518,0.079,1.0000,205154
35800,9384755200,46521.3,1785965154.2,3.2008,0.084,1.0000,205174
35820,9389998080,46546.9,1785965179.8,3.1504,0.076,1.0000,205150
35840,9395240960,46572.5,1785965205.3,3.1717,0.079,1.0000,204884
35860,9400483840,46598.1,1785965230.9,3.1434,0.078,1.0000,205037
35880,9405726720,46623.6,1785965256.5,3.1487,0.072,1.0000,205034
35900,9410969600,46649.2,1785965282.1,3.1073,0.076,1.0000,205076
35920,9416212480,46674.7,1785965307.6,3.1529,0.082,1.0000,205389
35940,9421455360,46700.3,1785965333.1,3.1979,0.081,1.0000,205109
35960,9426698240,46725.8,1785965358.7,3.1567,0.075,1.0000,205175
35980,9431941120,46751.4,1785965384.3,3.2073,0.081,1.0000,204970
36000,9437184000,46777.0,1785965409.8,3.1259,0.079,1.0000,205012
36020,9442426880,46806.8,1785965439.7,3.1092,0.078,1.0000,175710
36040,9447669760,46832.4,1785965465.3,3.1378,0.076,1.0000,205059
36060,9452912640,46858.0,1785965490.8,3.1757,0.081,1.0000,205171
36080,9458155520,46883.5,1785965516.4,3.1263,0.077,1.0000,204983
36100,9463398400,46909.1,1785965541.9,3.1280,0.081,1.0000,205098
36120,9468641280,46934.7,1785965567.6,3.1088,0.078,1.0000,204754
36140,9473884160,46960.3,1785965593.2,3.1674,0.077,1.0000,204722
36160,9479127040,46985.9,1785965618.8,3.1245,0.079,1.0000,204698
36180,9484369920,47011.5,1785965644.4,3.1626,0.075,1.0000,204705
36200,9489612800,47037.1,1785965670.0,3.1884,0.077,1.0000,204879
36220,9494855680,47062.7,1785965695.6,3.1922,0.076,1.0000,204871
36240,9500098560,47088.3,1785965721.1,3.1513,0.078,1.0000,204945
36260,9505341440,47118.3,1785965751.1,3.1342,0.082,1.0000,174880
36280,9510584320,47143.9,1785965776.7,3.1200,0.077,1.0000,204968
36300,9515827200,47169.4,1785965802.3,3.0875,0.075,1.0000,205239
36320,9521070080,47194.9,1785965827.8,3.1467,0.076,1.0000,205266
36340,9526312960,47220.5,1785965853.4,3.1297,0.080,1.0000,204869
36360,9531555840,47246.1,1785965879.0,3.1626,0.076,1.0000,204710
36380,9536798720,47271.7,1785965904.6,3.1842,0.082,1.0000,204903
36400,9542041600,47297.3,1785965930.2,3.1101,0.079,1.0000,204914
36420,9547284480,47322.9,1785965955.8,3.1590,0.079,1.0000,204895
36440,9552527360,47348.5,1785965981.3,3.1319,0.076,1.0000,204970
36460,9557770240,47374.1,1785966006.9,3.1950,0.076,1.0000,204778
36480,9563013120,47399.7,1785966032.5,3.0703,0.075,1.0000,204840
36500,9568256000,47425.3,1785966058.1,3.1770,0.076,1.0000,205007
36520,9573498880,47454.9,1785966087.8,3.1651,0.080,1.0000,176664
36540,9578741760,47480.5,1785966113.4,3.0820,0.078,1.0000,204801
36560,9583984640,47506.1,1785966139.0,3.1530,0.076,1.0000,204759
36580,9589227520,47531.7,1785966164.6,3.2002,0.075,1.0000,205023
36600,9594470400,47557.3,1785966190.1,3.1174,0.081,1.0000,205122
36620,9599713280,47582.8,1785966215.7,3.1131,0.079,1.0000,205305
36640,9604956160,47608.4,1785966241.2,3.1572,0.078,1.0000,205025
36660,9610199040,47633.9,1785966266.8,3.1345,0.075,1.0000,205170
36680,9615441920,47659.5,1785966292.4,3.1360,0.076,1.0000,204987
36700,9620684800,47685.1,1785966318.0,3.1892,0.076,1.0000,204843
36720,9625927680,47710.7,1785966343.5,3.1689,0.076,1.0000,205121
36740,9631170560,47736.2,1785966369.1,3.0761,0.077,1.0000,205235
36760,9636413440,47765.9,1785966398.8,3.1781,0.076,1.0000,176495
36780,9641656320,47791.4,1785966424.3,3.1864,0.076,1.0000,205346
36800,9646899200,47817.0,1785966449.8,3.1655,0.079,1.0000,205290
36820,9652142080,47842.5,1785966475.4,3.1335,0.080,1.0000,205337
36840,9657384960,47868.1,1785966500.9,3.1634,0.077,1.0000,205312
36860,9662627840,47893.6,1785966526.5,3.1357,0.077,1.0000,205228
36880,9667870720,47919.2,1785966552.0,3.1912,0.079,1.0000,204950
36900,9673113600,47944.8,1785966577.6,3.1463,0.076,1.0000,204917
36920,9678356480,47970.3,1785966603.2,3.1420,0.076,1.0000,204988
36940,9683599360,47995.9,1785966628.8,3.1037,0.077,1.0000,205009
36960,9688842240,48021.5,1785966654.3,3.0852,0.076,1.0000,205068
36980,9694085120,48047.0,1785966679.9,3.1783,0.081,1.0000,205262
37000,9699328000,48072.6,1785966705.4,3.1544,0.076,1.0000,205297
37020,9704570880,48102.1,1785966734.9,3.1637,0.081,1.0000,177708
37040,9709813760,48127.6,1785966760.5,3.1556,0.077,1.0000,205200
37060,9715056640,48153.2,1785966786.0,3.1729,0.076,1.0000,205238
37080,9720299520,48178.7,1785966811.6,3.1158,0.074,1.0000,205319
37100,9725542400,48204.3,1785966837.1,3.1207,0.079,1.0000,205105
37120,9730785280,48229.8,1785966862.6,3.1344,0.085,1.0000,205331
37140,9736028160,48255.4,1785966888.2,3.1499,0.076,1.0000,205140
37160,9741271040,48280.9,1785966913.8,3.1262,0.076,1.0000,205025
37180,9746513920,48306.5,1785966939.3,3.2198,0.076,1.0000,205268
37200,9751756800,48332.0,1785966964.9,3.2008,0.078,1.0000,205295
37220,9756999680,48357.6,1785966990.4,3.1489,0.079,1.0000,204961
37240,9762242560,48383.2,1785967016.0,3.1218,0.079,1.0000,205017
37260,9767485440,48412.6,1785967045.4,3.1182,0.078,1.0000,178270
37280,9772728320,48438.1,1785967071.0,3.0619,0.074,1.0000,205358
37300,9777971200,48463.7,1785967096.5,3.1760,0.075,1.0000,204945
37320,9783214080,48489.2,1785967122.1,3.1424,0.076,1.0000,205102
37340,9788456960,48514.8,1785967147.7,3.1472,0.074,1.0000,205019
37360,9793699840,48540.4,1785967173.2,3.0786,0.080,1.0000,205005
37380,9798942720,48566.0,1785967198.8,3.1463,0.077,1.0000,204989
37400,9804185600,48591.6,1785967224.4,3.2241,0.074,1.0000,204706
37420,9809428480,48617.2,1785967250.1,3.1903,0.078,1.0000,204452
37440,9814671360,48642.8,1785967275.7,3.1648,0.077,1.0000,204995
37460,9819914240,48668.4,1785967301.2,3.1773,0.077,1.0000,205131
37480,9825157120,48694.0,1785967326.9,3.0986,0.079,1.0000,204415
37500,9830400000,48719.6,1785967352.5,3.1401,0.075,1.0000,204743
37520,9835642880,48749.0,1785967381.9,3.1291,0.078,1.0000,178336
37540,9840885760,48774.6,1785967407.4,3.1250,0.076,1.0000,205019
37560,9846128640,48800.2,1785967433.1,3.1250,0.079,1.0000,204612
37580,9851371520,48825.8,1785967458.7,3.1972,0.079,1.0000,204853
37600,9856614400,48851.4,1785967484.2,3.1463,0.079,1.0000,204850
37620,9861857280,48877.0,1785967509.8,3.1644,0.078,1.0000,204954
37640,9867100160,48902.5,1785967535.4,3.2057,0.077,1.0000,205051
37660,9872343040,48928.1,1785967561.0,3.1249,0.076,1.0000,205044
37680,9877585920,48953.7,1785967586.5,3.1634,0.077,1.0000,204937
37700,9882828800,48979.3,1785967612.2,3.1456,0.075,1.0000,204371
37720,9888071680,49005.0,1785967637.9,3.1323,0.076,1.0000,204172
37740,9893314560,49030.7,1785967663.5,3.2150,0.076,1.0000,204270
37760,9898557440,49059.9,1785967692.8,3.1288,0.079,1.0000,179338
37780,9903800320,49085.6,1785967718.4,3.1942,0.074,1.0000,204552
37800,9909043200,49111.2,1785967744.1,3.1780,0.075,1.0000,204468
37820,9914286080,49136.8,1785967769.6,3.1304,0.073,1.0000,205115
37840,9919528960,49162.4,1785967795.2,3.1181,0.073,1.0000,204747
37860,9924771840,49188.0,1785967820.8,3.2086,0.076,1.0000,204880
37880,9930014720,49213.5,1785967846.3,3.1648,0.076,1.0000,205313
37900,9935257600,49239.1,1785967871.9,3.1609,0.079,1.0000,204949
37920,9940500480,49264.6,1785967897.5,3.1948,0.078,1.0000,205096
37940,9945743360,49290.2,1785967923.1,3.1238,0.078,1.0000,205046
37960,9950986240,49315.8,1785967948.6,3.1805,0.076,1.0000,205141
37980,9956229120,49341.4,1785967974.2,3.2029,0.079,1.0000,204864
38000,9961472000,49366.9,1785967999.8,3.1236,0.075,1.0000,205284
38020,9966714880,49396.7,1785968029.6,3.1717,0.080,1.0000,175865
38040,9971957760,49422.3,1785968055.1,3.1664,0.087,1.0000,205250
38060,9977200640,49447.8,1785968080.7,3.1636,0.077,1.0000,205021
38080,9982443520,49473.4,1785968106.3,3.1466,0.075,1.0000,204791
38100,9987686400,49499.0,1785968131.9,3.1157,0.077,1.0000,204965
38120,9992929280,49524.6,1785968157.4,3.1132,0.075,1.0000,204878
38140,9998172160,49550.2,1785968183.1,3.1059,0.078,1.0000,204771
38160,10003415040,49575.8,1785968208.6,3.1524,0.076,1.0000,204894
38180,10008657920,49601.3,1785968234.2,3.1645,0.074,1.0000,205177
38200,10013900800,49626.9,1785968259.8,3.1478,0.081,1.0000,204887
38220,10019143680,49652.5,1785968285.4,3.1837,0.078,1.0000,204895
38240,10024386560,49678.1,1785968310.9,3.1921,0.081,1.0000,205250
38260,10029629440,49707.4,1785968340.3,3.1954,0.077,1.0000,178415
38280,10034872320,49733.0,1785968365.9,3.1049,0.076,1.0000,205205
38300,10040115200,49758.6,1785968391.5,3.1358,0.074,1.0000,204446
38320,10045358080,49784.4,1785968417.2,3.1822,0.080,1.0000,203693
38340,10050600960,49810.1,1785968442.9,3.1511,0.077,1.0000,204201
38360,10055843840,49835.8,1785968468.6,3.1235,0.075,1.0000,203856
38380,10061086720,49861.5,1785968494.4,3.2189,0.083,1.0000,203452
38400,10066329600,49887.3,1785968520.2,3.1796,0.078,1.0000,203560
38420,10071572480,49913.1,1785968545.9,3.1234,0.080,1.0000,203564
38440,10076815360,49938.8,1785968571.7,3.1464,0.079,1.0000,203497
38460,10082058240,49964.5,1785968597.4,3.1323,0.078,1.0000,204034
38480,10087301120,49990.2,1785968623.1,3.1010,0.077,1.0000,204089
38500,10092544000,50015.9,1785968648.7,3.1387,0.076,1.0000,204352
38520,10097786880,50045.3,1785968678.2,3.1708,0.081,1.0000,178104
38540,10103029760,50071.1,1785968703.9,3.1313,0.077,1.0000,203565
38560,10108272640,50096.7,1785968729.6,3.2340,0.074,1.0000,204344
38580,10113515520,50122.4,1785968755.3,3.1567,0.077,1.0000,204082
38600,10118758400,50148.2,1785968781.0,3.1872,0.076,1.0000,203327
38620,10124001280,50173.8,1785968806.7,3.1777,0.079,1.0000,204706
38640,10129244160,50199.4,1785968832.3,3.1821,0.074,1.0000,204590
38660,10134487040,50225.1,1785968857.9,3.1351,0.074,1.0000,204585
38680,10139729920,50250.7,1785968883.5,3.1423,0.078,1.0000,204518
38700,10144972800,50276.3,1785968909.1,3.1215,0.075,1.0000,204777
38720,10150215680,50301.9,1785968934.7,3.1906,0.075,1.0000,204875
38740,10155458560,50327.6,1785968960.4,3.1274,0.073,1.0000,204174
38760,10160701440,50357.3,1785968990.1,3.1388,0.077,1.0000,176404
38780,10165944320,50383.0,1785969015.8,3.2068,0.076,1.0000,204219
38800,10171187200,50408.6,1785969041.5,3.2132,0.079,1.0000,204168
38820,10176430080,50434.3,1785969067.2,3.1711,0.077,1.0000,204256
38840,10181672960,50460.0,1785969092.8,3.1400,0.078,1.0000,204266
38860,10186915840,50485.6,1785969118.5,3.1966,0.076,1.0000,204457
38880,10192158720,50511.3,1785969144.1,3.1313,0.080,1.0000,204451
38900,10197401600,50536.9,1785969169.7,3.1865,0.080,1.0000,204658
38920,10202644480,50562.5,1785969195.4,3.1525,0.079,1.0000,204244
38940,10207887360,50588.2,1785969221.1,3.1837,0.073,1.0000,203957
38960,10213130240,50613.9,1785969246.7,3.0804,0.075,1.0000,204727
38980,10218373120,50639.5,1785969272.3,3.1520,0.082,1.0000,204748
39000,10223616000,50665.1,1785969297.9,3.1279,0.083,1.0000,204738
39020,10228858880,50694.4,1785969327.3,3.1365,0.077,1.0000,178529
39040,10234101760,50720.0,1785969352.9,3.1371,0.078,1.0000,204791
39060,10239344640,50745.6,1785969378.4,3.1165,0.077,1.0000,205209
39080,10244587520,50771.1,1785969404.0,3.1490,0.076,1.0000,205127
39100,10249830400,50796.8,1785969429.7,3.1091,0.076,1.0000,204051
39120,10255073280,50822.4,1785969455.3,3.1178,0.077,1.0000,205065
39140,10260316160,50847.9,1785969480.8,3.1163,0.073,1.0000,205438
39160,10265559040,50873.4,1785969506.3,3.1519,0.077,1.0000,205526
39180,10270801920,50899.0,1785969531.8,3.1383,0.077,1.0000,205408
39200,10276044800,50924.5,1785969557.3,3.0727,0.078,1.0000,205502
39220,10281287680,50950.0,1785969582.9,3.1177,0.080,1.0000,205372
39240,10286530560,50975.5,1785969608.4,3.1471,0.075,1.0000,205484
39260,10291773440,51005.4,1785969638.2,3.1978,0.082,1.0000,175650
39280,10297016320,51030.9,1785969663.7,3.1114,0.073,1.0000,205674
39300,10302259200,51056.4,1785969689.2,3.1895,0.076,1.0000,205509
39320,10307502080,51081.9,1785969714.7,3.1212,0.075,1.0000,205459
39340,10312744960,51107.4,1785969740.3,3.1736,0.076,1.0000,205407
39360,10317987840,51133.0,1785969765.8,3.1482,0.077,1.0000,205003
39380,10323230720,51158.6,1785969791.5,3.1491,0.078,1.0000,204582
39400,10328473600,51184.3,1785969817.1,3.1282,0.076,1.0000,204147
39420,10333716480,51210.0,1785969842.8,3.1778,0.078,1.0000,204138
39440,10338959360,51235.6,1785969868.4,3.1435,0.077,1.0000,204992
39460,10344202240,51261.1,1785969894.0,3.1274,0.075,1.0000,205035
39480,10349445120,51286.7,1785969919.6,3.1384,0.076,1.0000,204966
39500,10354688000,51312.3,1785969945.1,3.0560,0.077,1.0000,205053
39520,10359930880,51342.0,1785969974.9,3.1654,0.078,1.0000,176110
39540,10365173760,51367.7,1785970000.6,3.1636,0.075,1.0000,204128
39560,10370416640,51393.4,1785970026.2,3.1797,0.075,1.0000,204295
39580,10375659520,51419.0,1785970051.9,3.1641,0.074,1.0000,204708
39600,10380902400,51444.6,1785970077.5,3.1296,0.081,1.0000,204490
39620,10386145280,51470.2,1785970103.1,3.1512,0.078,1.0000,205032
39640,10391388160,51495.8,1785970128.6,3.1483,0.078,1.0000,205210
39660,10396631040,51521.4,1785970154.2,3.1564,0.080,1.0000,204790
39680,10401873920,51546.9,1785970179.8,3.1666,0.076,1.0000,204996
39700,10407116800,51572.5,1785970205.4,3.1428,0.077,1.0000,204798
39720,10412359680,51598.1,1785970231.0,3.1918,0.078,1.0000,204955
39740,10417602560,51623.7,1785970256.6,3.1240,0.081,1.0000,204761
39760,10422845440,51653.1,1785970285.9,3.1354,0.076,1.0000,178505
39780,10428088320,51678.7,1785970311.6,3.1974,0.076,1.0000,204450
39800,10433331200,51704.4,1785970337.2,3.1933,0.075,1.0000,204388
39820,10438574080,51730.1,1785970362.9,3.1362,0.078,1.0000,203994
39840,10443816960,51755.8,1785970388.7,3.1325,0.073,1.0000,203927
39860,10449059840,51781.5,1785970414.4,3.1603,0.080,1.0000,203719
39880,10454302720,51807.3,1785970440.1,3.2305,0.074,1.0000,203797
39900,10459545600,51833.0,1785970465.8,3.1674,0.077,1.0000,203885
39920,10464788480,51858.7,1785970491.5,3.1609,0.076,1.0000,203912
39940,10470031360,51884.4,1785970517.2,3.2475,0.078,1.0000,203999
39960,10475274240,51910.1,1785970542.9,3.1651,0.078,1.0000,204124
39980,10480517120,51935.7,1785970568.6,3.1126,0.077,1.0000,204271
40000,10485760000,51961.4,1785970594.3,3.1373,0.074,1.0000,204328
40020,10491002880,51990.5,1785970623.3,3.1077,0.074,1.0000,180443
40040,10496245760,52016.1,1785970648.9,3.1608,0.078,1.0000,204651
40060,10501488640,52041.7,1785970674.5,3.1180,0.073,1.0000,204761
40080,10506731520,52067.3,1785970700.2,3.0721,0.078,1.0000,204378
40100,10511974400,52093.0,1785970725.8,3.1571,0.078,1.0000,204375
40120,10517217280,52118.6,1785970751.5,3.1184,0.074,1.0000,204312
40140,10522460160,52144.2,1785970777.1,3.1817,0.077,1.0000,204772
40160,10527703040,52170.0,1785970802.8,3.1920,0.077,1.0000,203882
40180,10532945920,52195.7,1785970828.6,3.1693,0.077,1.0000,203541
40200,10538188800,52221.4,1785970854.2,3.1267,0.076,1.0000,204245
40220,10543431680,52247.0,1785970879.9,3.1958,0.074,1.0000,204409
40240,10548674560,52272.7,1785970905.6,3.1387,0.076,1.0000,204071
40260,10553917440,52302.9,1785970935.7,3.1216,0.078,1.0000,174058
40280,10559160320,52328.5,1785970961.4,3.1631,0.077,1.0000,204458
40300,10564403200,52354.2,1785970987.1,3.1448,0.074,1.0000,203906
40320,10569646080,52380.0,1785971012.8,3.1371,0.075,1.0000,203633
40340,10574888960,52405.6,1785971038.5,3.1856,0.079,1.0000,204217
40360,10580131840,52431.3,1785971064.2,3.1177,0.074,1.0000,204204
40380,10585374720,52456.9,1785971089.8,3.1680,0.075,1.0000,204439
40400,10590617600,52482.6,1785971115.5,3.1352,0.078,1.0000,204164
40420,10595860480,52508.5,1785971141.3,3.0804,0.071,1.0000,202989
40440,10601103360,52534.2,1785971167.1,3.1735,0.075,1.0000,203647
40460,10606346240,52559.9,1785971192.7,3.1194,0.074,1.0000,204185
40480,10611589120,52585.6,1785971218.4,3.1539,0.077,1.0000,204128
40500,10616832000,52611.2,1785971244.1,3.1490,0.074,1.0000,204254
40520,10622074880,52640.9,1785971273.7,3.1537,0.075,1.0000,176883
40540,10627317760,52666.5,1785971299.4,3.1797,0.074,1.0000,204443
40560,10632560640,52692.2,1785971325.0,3.1245,0.077,1.0000,204234
40580,10637803520,52717.9,1785971350.8,3.1451,0.075,1.0000,203668
40600,10643046400,52743.6,1785971376.4,3.2032,0.077,1.0000,204303
40620,10648289280,52769.3,1785971402.1,3.1502,0.076,1.0000,204280
40640,10653532160,52794.9,1785971427.8,3.1653,0.076,1.0000,204394
40660,10658775040,52820.6,1785971453.4,3.1230,0.077,1.0000,204279
40680,10664017920,52846.4,1785971479.3,3.1568,0.077,1.0000,202944
40700,10669260800,52872.2,1785971505.0,3.1095,0.075,1.0000,203543
40720,10674503680,52898.0,1785971530.8,3.1814,0.078,1.0000,203327
40740,10679746560,52923.6,1785971556.5,3.1360,0.075,1.0000,204130
40760,10684989440,52953.2,1785971586.1,3.1209,0.083,1.0000,177176
40780,10690232320,52978.9,1785971611.7,3.0682,0.076,1.0000,204396
40800,10695475200,53004.6,1785971637.4,3.1906,0.074,1.0000,203921
40820,10700718080,53030.3,1785971663.2,3.1730,0.072,1.0000,203867
40840,10705960960,53056.1,1785971688.9,3.0957,0.075,1.0000,203576
40860,10711203840,53081.8,1785971714.7,3.2302,0.071,1.0000,203409
40880,10716446720,53107.5,1785971740.4,3.2037,0.084,1.0000,204083
40900,10721689600,53133.2,1785971766.1,3.1143,0.075,1.0000,204051
40920,10726932480,53158.9,1785971791.7,3.1543,0.075,1.0000,204480
40940,10732175360,53184.6,1785971817.5,3.1519,0.076,1.0000,203313
40960,10737418240,53210.3,1785971843.2,3.1191,0.075,1.0000,203958
40980,10742661120,53236.0,1785971868.9,3.2143,0.073,1.0000,204230
41000,10747904000,53261.7,1785971894.6,3.1380,0.077,1.0000,203909
41020,10753146880,53291.3,1785971924.1,3.2271,0.075,1.0000,177359
41040,10758389760,53317.1,1785971949.9,3.2112,0.078,1.0000,203481
41060,10763632640,53342.8,1785971975.6,3.1352,0.076,1.0000,203911
41080,10768875520,53368.5,1785972001.4,3.0894,0.073,1.0000,203777
41100,10774118400,53394.3,1785972027.1,3.1009,0.078,1.0000,203437
41120,10779361280,53420.0,1785972052.9,3.1861,0.075,1.0000,203545
41140,10784604160,53445.8,1785972078.6,3.1555,0.075,1.0000,203549
41160,10789847040,53471.6,1785972104.4,3.0775,0.076,1.0000,203419
41180,10795089920,53497.3,1785972130.2,3.1037,0.076,1.0000,203521
41200,10800332800,53523.0,1785972155.9,3.1859,0.080,1.0000,203878
41220,10805575680,53548.8,1785972181.7,3.1629,0.075,1.0000,203413
41240,10810818560,53574.6,1785972207.4,3.1718,0.072,1.0000,203674
41260,10816061440,53604.3,1785972237.2,3.1757,0.073,1.0000,176123
41280,10821304320,53630.0,1785972262.9,3.1286,0.070,1.0000,203883
41300,10826547200,53655.8,1785972288.6,3.1361,0.074,1.0000,203751
41320,10831790080,53681.5,1785972314.4,3.1703,0.077,1.0000,203402
41340,10837032960,53707.3,1785972340.1,3.0819,0.073,1.0000,203757
41360,10842275840,53733.0,1785972365.9,3.0435,0.074,1.0000,203776
41380,10847518720,53758.7,1785972391.6,3.1453,0.072,1.0000,203706
41400,10852761600,53784.5,1785972417.3,3.1001,0.077,1.0000,203929
41420,10858004480,53810.1,1785972443.0,3.1535,0.073,1.0000,204209
41440,10863247360,53835.8,1785972468.6,3.1798,0.073,1.0000,204424
41460,10868490240,53861.4,1785972494.3,3.1545,0.081,1.0000,204329
41480,10873733120,53887.1,1785972519.9,3.1562,0.078,1.0000,204482
41500,10878976000,53912.7,1785972545.6,3.1196,0.077,1.0000,204326
41520,10884218880,53942.0,1785972574.8,3.0869,0.074,1.0000,179272
41540,10889461760,53967.7,1785972600.5,3.1143,0.074,1.0000,204095
41560,10894704640,53993.4,1785972626.3,3.1583,0.079,1.0000,203670
41580,10899947520,54019.1,1785972652.0,3.2045,0.073,1.0000,203730
41600,10905190400,54044.9,1785972677.8,3.1274,0.075,1.0000,203473
41620,10910433280,54070.6,1785972703.4,3.1783,0.074,1.0000,204198
41640,10915676160,54096.2,1785972729.1,3.1379,0.076,1.0000,204416
41660,10920919040,54121.9,1785972754.8,3.1177,0.075,1.0000,203978
41680,10926161920,54147.7,1785972780.5,3.1529,0.074,1.0000,203799
41700,10931404800,54173.4,1785972806.2,3.1833,0.075,1.0000,203933
41720,10936647680,54199.2,1785972832.0,3.1308,0.072,1.0000,203168
41740,10941890560,54224.9,1785972857.8,3.1517,0.075,1.0000,203676
41760,10947133440,54254.6,1785972887.4,3.1382,0.075,1.0000,176754
41780,10952376320,54280.3,1785972913.1,3.1422,0.073,1.0000,204001
41800,10957619200,54306.0,1785972938.8,3.1481,0.077,1.0000,203949
41820,10962862080,54331.7,1785972964.5,3.1255,0.078,1.0000,204076
41840,10968104960,54357.4,1785972990.2,3.0745,0.079,1.0000,204165
41860,10973347840,54383.0,1785973015.9,3.1644,0.076,1.0000,204444
41880,10978590720,54408.7,1785973041.6,3.1452,0.073,1.0000,203886
41900,10983833600,54434.4,1785973067.2,3.1850,0.073,1.0000,204428
41920,10989076480,54460.1,1785973092.9,3.1062,0.073,1.0000,203792
41940,10994319360,54485.8,1785973118.7,3.1382,0.078,1.0000,203557
41960,10999562240,54511.6,1785973144.4,3.1240,0.077,1.0000,203870
41980,11004805120,54537.3,1785973170.1,3.1400,0.075,1.0000,203801
42000,11010048000,54563.0,1785973195.8,3.1651,0.074,1.0000,203955
42020,11015290880,54592.9,1785973225.7,3.1530,0.075,1.0000,175539
42040,11020533760,54618.6,1785973251.4,3.1683,0.073,1.0000,203972
42060,11025776640,54644.3,1785973277.2,3.1790,0.077,1.0000,203332
42080,11031019520,54670.0,1785973302.9,3.1129,0.077,1.0000,204218
42100,11036262400,54695.8,1785973328.6,3.1840,0.074,1.0000,203482
42120,11041505280,54721.6,1785973354.5,3.1408,0.073,1.0000,202974
42140,11046748160,54747.4,1785973380.2,3.1220,0.078,1.0000,203463
42160,11051991040,54773.2,1785973406.0,3.0803,0.073,1.0000,203175
42180,11057233920,54798.9,1785973431.8,3.0808,0.076,1.0000,203857
42200,11062476800,54824.6,1785973457.5,3.1470,0.083,1.0000,203997
42220,11067719680,54850.3,1785973483.2,3.2032,0.075,1.0000,204002
42240,11072962560,54876.1,1785973508.9,3.1260,0.078,1.0000,203629
42260,11078205440,54905.4,1785973538.3,3.1403,0.074,1.0000,178481
42280,11083448320,54931.1,1785973564.0,3.1689,0.073,1.0000,204220
42300,11088691200,54956.7,1785973589.6,3.1334,0.076,1.0000,204441
42320,11093934080,54982.4,1785973615.3,3.0938,0.075,1.0000,204210
42340,11099176960,55008.1,1785973641.0,3.2309,0.081,1.0000,204183
42360,11104419840,55033.8,1785973666.6,3.1379,0.073,1.0000,204303
42380,11109662720,55059.4,1785973692.2,3.1223,0.074,1.0000,204581
42400,11114905600,55085.1,1785973717.9,3.1224,0.077,1.0000,204083
42420,11120148480,55110.8,1785973743.6,3.2094,0.074,1.0000,204144
42440,11125391360,55136.5,1785973769.3,3.1474,0.073,1.0000,204040
42460,11130634240,55162.3,1785973795.1,3.1839,0.072,1.0000,203065
42480,11135877120,55188.1,1785973820.9,3.0784,0.079,1.0000,203418
42500,11141120000,55213.7,1785973846.6,3.1246,0.075,1.0000,204083
42520,11146362880,55243.5,1785973876.3,3.1733,0.074,1.0000,176226
42540,11151605760,55269.2,1785973902.0,3.1780,0.075,1.0000,204273
42560,11156848640,55294.9,1785973927.7,3.2059,0.078,1.0000,203990
42580,11162091520,55320.5,1785973953.4,3.1524,0.072,1.0000,204253
42600,11167334400,55346.2,1785973979.1,3.0874,0.073,1.0000,204113
42620,11172577280,55371.9,1785974004.7,3.1671,0.073,1.0000,204465
42640,11177820160,55397.5,1785974030.4,3.1676,0.079,1.0000,204233
42660,11183063040,55423.3,1785974056.1,3.1928,0.074,1.0000,203752
42680,11188305920,55449.0,1785974081.9,3.1052,0.071,1.0000,203677
42700,11193548800,55474.6,1785974107.5,3.1949,0.071,1.0000,204561
42720,11198791680,55500.3,1785974133.1,3.1430,0.083,1.0000,204464
42740,11204034560,55525.9,1785974158.8,3.1016,0.072,1.0000,204379
42760,11209277440,55555.8,1785974188.6,3.1150,0.072,1.0000,175756
42780,11214520320,55581.4,1785974214.2,3.1888,0.073,1.0000,204671
42800,11219763200,55607.0,1785974239.9,3.0640,0.076,1.0000,204570
42820,11225006080,55632.6,1785974265.4,3.1342,0.075,1.0000,204992
42840,11230248960,55658.2,1785974291.1,3.1789,0.072,1.0000,204451
42860,11235491840,55683.9,1785974316.7,3.1550,0.071,1.0000,204315
42880,11240734720,55709.5,1785974342.4,3.0890,0.073,1.0000,204660
42900,11245977600,55735.1,1785974368.0,3.1206,0.074,1.0000,204578
42920,11251220480,55760.7,1785974393.6,3.2095,0.076,1.0000,204661
42940,11256463360,55786.4,1785974419.3,3.1688,0.073,1.0000,204254
42960,11261706240,55812.0,1785974444.9,3.1275,0.081,1.0000,204532
42980,11266949120,55837.7,1785974470.5,3.1282,0.075,1.0000,204525
43000,11272192000,55863.3,1785974496.1,3.1337,0.076,1.0000,205010
43020,11277434880,55892.7,1785974525.6,3.2108,0.076,1.0000,178016
43040,11282677760,55918.3,1785974551.2,3.0957,0.078,1.0000,204645
43060,11287920640,55944.0,1785974576.8,3.1448,0.074,1.0000,204408
43080,11293163520,55969.6,1785974602.5,3.1619,0.076,1.0000,204486
43100,11298406400,55995.2,1785974628.1,3.1492,0.075,1.0000,204880
43120,11303649280,56020.8,1785974653.7,3.1593,0.075,1.0000,204583
43140,11308892160,56046.4,1785974679.3,3.1033,0.073,1.0000,204665
43160,11314135040,56072.0,1785974704.9,3.1241,0.078,1.0000,204833
43180,11319377920,56097.8,1785974730.6,3.1673,0.077,1.0000,203900
43200,11324620800,56123.5,1785974756.4,3.1743,0.073,1.0000,203534
43220,11329863680,56149.2,1785974782.1,3.1198,0.074,1.0000,203972
43240,11335106560,56174.8,1785974807.7,3.1262,0.072,1.0000,204646
43260,11340349440,56204.7,1785974837.6,3.1880,0.075,1.0000,175437
43280,11345592320,56230.3,1785974863.2,3.2049,0.079,1.0000,204851
43300,11350835200,56255.9,1785974888.8,3.1344,0.074,1.0000,204892
43320,11356078080,56281.5,1785974914.3,3.1676,0.071,1.0000,204923
43340,11361320960,56307.1,1785974939.9,3.1083,0.073,1.0000,204883
43360,11366563840,56332.7,1785974965.5,3.1533,0.072,1.0000,204900
43380,11371806720,56358.2,1785974991.1,3.1524,0.075,1.0000,204985
43400,11377049600,56383.9,1785975016.7,3.1426,0.072,1.0000,204656
43420,11382292480,56409.5,1785975042.3,3.1665,0.075,1.0000,204604
43440,11387535360,56435.1,1785975068.0,3.0930,0.074,1.0000,204575
43460,11392778240,56460.7,1785975093.6,3.1472,0.074,1.0000,204861
43480,11398021120,56486.3,1785975119.2,3.1993,0.077,1.0000,204723
43500,11403264000,56511.9,1785975144.8,3.1232,0.076,1.0000,204602
43520,11408506880,56541.8,1785975174.6,3.1551,0.080,1.0000,175805
43540,11413749760,56567.4,1785975200.2,3.1910,0.073,1.0000,204804
43560,11418992640,56593.0,1785975225.8,3.1565,0.074,1.0000,204600
43580,11424235520,56618.6,1785975251.4,3.1483,0.077,1.0000,205003
43600,11429478400,56644.2,1785975277.0,3.1125,0.076,1.0000,204846
43620,11434721280,56669.7,1785975302.6,3.1885,0.074,1.0000,204883
43640,11439964160,56695.4,1785975328.2,3.0856,0.079,1.0000,204556
43660,11445207040,56721.0,1785975353.8,3.1418,0.073,1.0000,204909
43680,11450449920,56746.6,1785975379.4,3.1530,0.072,1.0000,204754
43700,11455692800,56772.2,1785975405.1,3.1617,0.074,1.0000,204486
43720,11460935680,56797.8,1785975430.7,3.1013,0.076,1.0000,204578
43740,11466178560,56823.4,1785975456.3,3.1453,0.071,1.0000,204857
43760,11471421440,56853.2,1785975486.0,3.2267,0.074,1.0000,176394
43780,11476664320,56878.8,1785975511.6,3.2079,0.073,1.0000,204692
43800,11481907200,56904.4,1785975537.2,3.1138,0.075,1.0000,204633
43820,11487150080,56930.0,1785975562.9,3.1627,0.075,1.0000,204703
43840,11492392960,56955.6,1785975588.4,3.0686,0.075,1.0000,204922
43860,11497635840,56981.2,1785975614.1,3.1473,0.075,1.0000,204647
43880,11502878720,57006.8,1785975639.6,3.1675,0.070,1.0000,204880
43900,11508121600,57032.4,1785975665.2,3.1183,0.073,1.0000,204860
43920,11513364480,57058.0,1785975690.8,3.0804,0.076,1.0000,204747
43940,11518607360,57083.6,1785975716.5,3.1647,0.078,1.0000,204711
43960,11523850240,57109.2,1785975742.1,3.1903,0.074,1.0000,204727
43980,11529093120,57134.8,1785975767.6,3.1614,0.079,1.0000,205123
44000,11534336000,57160.4,1785975793.2,3.1876,0.073,1.0000,204946
44020,11539578880,57190.4,1785975823.2,3.1300,0.074,1.0000,174706
44040,11544821760,57216.0,1785975848.9,3.1607,0.080,1.0000,204406
44060,11550064640,57241.7,1785975874.6,3.1702,0.072,1.0000,204064
44080,11555307520,57267.3,1785975900.2,3.1305,0.074,1.0000,204474
44100,11560550400,57293.0,1785975925.8,3.1198,0.075,1.0000,204703
44120,11565793280,57318.6,1785975951.4,3.1644,0.073,1.0000,204714
44140,11571036160,57344.3,1785975977.1,3.0542,0.074,1.0000,204132
44160,11576279040,57369.9,1785976002.8,3.1628,0.073,1.0000,204393
44180,11581521920,57395.6,1785976028.4,3.1032,0.072,1.0000,204366
44200,11586764800,57421.2,1785976054.1,3.1661,0.076,1.0000,204283
44220,11592007680,57446.9,1785976079.8,3.0855,0.073,1.0000,204058
44240,11597250560,57472.7,1785976105.6,3.1569,0.081,1.0000,203181
44260,11602493440,57502.4,1785976135.2,3.1121,0.073,1.0000,176718
44280,11607736320,57528.1,1785976161.0,3.1734,0.075,1.0000,203739
44300,11612979200,57553.8,1785976186.6,3.1384,0.074,1.0000,204333
44320,11618222080,57579.5,1785976212.4,3.0993,0.073,1.0000,203770
44340,11623464960,57605.3,1785976238.1,3.0961,0.077,1.0000,203433
44360,11628707840,57631.0,1785976263.9,3.1007,0.075,1.0000,203471
44380,11633950720,57656.8,1785976289.6,3.1671,0.071,1.0000,203688
44400,11639193600,57682.5,1785976315.4,3.1237,0.075,1.0000,203617
44420,11644436480,57708.2,1785976341.1,3.0871,0.074,1.0000,204215
44440,11649679360,57733.9,1785976366.7,3.1052,0.073,1.0000,204469
44460,11654922240,57759.6,1785976392.4,3.1121,0.073,1.0000,203802
44480,11660165120,57785.3,1785976418.1,3.0990,0.070,1.0000,203970
44500,11665408000,57811.0,1785976443.8,3.0892,0.073,1.0000,204186
44520,11670650880,57840.9,1785976473.8,3.0996,0.076,1.0000,175121
44540,11675893760,57866.5,1785976499.4,3.1041,0.073,1.0000,204419
44560,11681136640,57892.2,1785976525.0,3.1166,0.073,1.0000,204677
44580,11686379520,57917.8,1785976550.7,3.1420,0.073,1.0000,204103
44600,11691622400,57943.5,1785976576.4,3.2152,0.073,1.0000,204359
44620,11696865280,57969.2,1785976602.1,3.1507,0.074,1.0000,204019
44640,11702108160,57994.9,1785976627.8,3.0587,0.077,1.0000,203944
44660,11707351040,58020.6,1785976653.5,3.1595,0.074,1.0000,203989
44680,11712593920,58046.3,1785976679.1,3.0886,0.075,1.0000,204436
44700,11717836800,58071.9,1785976704.7,3.1154,0.074,1.0000,204700
44720,11723079680,58097.5,1785976730.4,3.0765,0.073,1.0000,204260
44740,11728322560,58123.2,1785976756.1,3.1574,0.076,1.0000,204188
44760,11733565440,58153.0,1785976785.9,3.1348,0.073,1.0000,175713
44780,11738808320,58178.8,1785976811.6,3.1886,0.072,1.0000,203854
44800,11744051200,58204.4,1785976837.2,3.0653,0.076,1.0000,204861
44820,11749294080,58230.0,1785976862.8,3.1167,0.073,1.0000,204626
44840,11754536960,58255.6,1785976888.4,3.1392,0.072,1.0000,204780
44860,11759779840,58281.3,1785976914.2,3.1391,0.071,1.0000,203893
44880,11765022720,58307.0,1785976939.8,3.1394,0.074,1.0000,204119
44900,11770265600,58332.7,1785976965.5,3.2058,0.077,1.0000,204076
44920,11775508480,58358.3,1785976991.2,3.1650,0.081,1.0000,204287
44940,11780751360,58384.0,1785977016.8,3.1396,0.076,1.0000,204600
44960,11785994240,58409.6,1785977042.4,3.1183,0.080,1.0000,204680
44980,11791237120,58435.2,1785977068.1,3.1023,0.078,1.0000,204278
45000,11796480000,58460.9,1785977093.7,3.1282,0.072,1.0000,204497
45020,11801722880,58490.8,1785977123.6,3.1563,0.073,1.0000,175449
45040,11806965760,58516.5,1785977149.4,3.1121,0.073,1.0000,203668
45060,11812208640,58542.1,1785977175.0,3.1554,0.073,1.0000,204544
45080,11817451520,58567.8,1785977200.6,3.0832,0.076,1.0000,204456
45100,11822694400,58593.4,1785977226.3,3.1722,0.072,1.0000,204554
45120,11827937280,58619.1,1785977252.0,3.1248,0.076,1.0000,203831
45140,11833180160,58644.8,1785977277.7,3.1054,0.071,1.0000,204102
45160,11838423040,58670.5,1785977303.4,3.0973,0.073,1.0000,203809
45180,11843665920,58696.2,1785977329.1,3.0955,0.071,1.0000,204344
45200,11848908800,58721.9,1785977354.7,3.1858,0.075,1.0000,204374
45220,11854151680,58747.5,1785977380.4,3.1674,0.073,1.0000,204230
45240,11859394560,58773.2,1785977406.1,3.1192,0.075,1.0000,204266
45260,11864637440,58803.0,1785977435.8,3.1163,0.073,1.0000,176198
45280,11869880320,58828.7,1785977461.5,3.1574,0.075,1.0000,203875
45300,11875123200,58854.4,1785977487.2,3.1180,0.079,1.0000,203908
45320,11880366080,58880.0,1785977512.9,3.0774,0.080,1.0000,204367
45340,11885608960,58905.7,1785977538.6,3.1766,0.074,1.0000,204005
45360,11890851840,58931.4,1785977564.2,3.1678,0.077,1.0000,204544
45380,11896094720,58957.0,1785977589.8,3.1347,0.075,1.0000,204569
45400,11901337600,58982.6,1785977615.5,3.1689,0.071,1.0000,204564
45420,11906580480,59008.3,1785977641.2,3.1923,0.072,1.0000,204104
45440,11911823360,59033.9,1785977666.8,3.0792,0.073,1.0000,204614
45460,11917066240,59059.6,1785977692.5,3.0969,0.070,1.0000,203977
45480,11922309120,59085.4,1785977718.2,3.1955,0.074,1.0000,203882
45500,11927552000,59111.0,1785977743.9,3.2199,0.074,1.0000,204347
45520,11932794880,59140.9,1785977773.7,3.0508,0.070,1.0000,175458
45540,11938037760,59166.5,1785977799.3,3.1399,0.077,1.0000,204765
45560,11943280640,59192.1,1785977825.0,3.2584,0.076,1.0000,204576
45580,11948523520,59217.7,1785977850.6,3.1676,0.080,1.0000,204985
45600,11953766400,59243.4,1785977876.3,3.0798,0.072,1.0000,204037
45620,11959009280,59269.1,1785977901.9,3.0932,0.072,1.0000,204290
45640,11964252160,59294.7,1785977927.6,3.1440,0.074,1.0000,204201
45660,11969495040,59320.4,1785977953.3,3.1816,0.074,1.0000,203903
45680,11974737920,59346.1,1785977979.0,3.1309,0.079,1.0000,204014
45700,11979980800,59371.8,1785978004.7,3.0932,0.074,1.0000,204350
45720,11985223680,59397.5,1785978030.3,3.1045,0.069,1.0000,204414
45740,11990466560,59423.1,1785978055.9,3.1739,0.074,1.0000,204585
45760,11995709440,59452.7,1785978085.5,3.1787,0.073,1.0000,177036
45780,12000952320,59478.3,1785978111.1,3.1815,0.075,1.0000,204873
45800,12006195200,59503.9,1785978136.8,3.0538,0.072,1.0000,204678
45820,12011438080,59529.5,1785978162.4,3.1479,0.073,1.0000,204529
45840,12016680960,59555.2,1785978188.1,3.1096,0.075,1.0000,204038
45860,12021923840,59580.9,1785978213.7,3.0713,0.073,1.0000,204511
45880,12027166720,59606.6,1785978239.4,3.0943,0.076,1.0000,204078
45900,12032409600,59632.2,1785978265.1,3.1378,0.078,1.0000,204215
45920,12037652480,59657.9,1785978290.8,3.1513,0.074,1.0000,204096
45940,12042895360,59685.9,1785978318.7,3.1082,0.075,0.9991,187483
45960,12048138240,59711.5,1785978344.3,3.1202,0.070,0.9956,204993
45980,12053381120,59737.1,1785978369.9,3.0840,0.074,0.9921,204655
46000,12058624000,59762.7,1785978395.5,3.1295,0.070,0.9885,204793
46020,12063866880,59792.5,1785978425.4,3.0952,0.073,0.9850,175536
46040,12069109760,59818.1,1785978451.0,3.0918,0.077,0.9815,204877
46060,12074352640,59843.7,1785978476.6,3.1251,0.075,0.9780,204753
46080,12079595520,59869.4,1785978502.2,3.0471,0.077,0.9744,204539
46100,12084838400,59895.0,1785978527.9,3.1592,0.074,0.9709,204540
46120,12090081280,59920.6,1785978553.5,3.1793,0.071,0.9674,204702
46140,12095324160,59946.2,1785978579.1,3.1217,0.071,0.9638,204657
46160,12100567040,59971.9,1785978604.7,3.1406,0.072,0.9603,204493
46180,12105809920,59997.5,1785978630.3,3.1499,0.077,0.9568,204726
46200,12111052800,60023.1,1785978655.9,3.1005,0.072,0.9533,204918
46220,12116295680,60048.7,1785978681.6,3.0803,0.072,0.9497,204394
46240,12121538560,60074.4,1785978707.2,3.1649,0.070,0.9462,204535
46260,12126781440,60104.0,1785978736.8,3.1379,0.072,0.9427,176880
46280,12132024320,60129.6,1785978762.5,3.1367,0.073,0.9392,204735
46300,12137267200,60155.3,1785978788.1,3.2361,0.073,0.9356,204338
46320,12142510080,60181.0,1785978813.8,3.1290,0.072,0.9321,203846
46340,12147752960,60206.7,1785978839.6,3.1518,0.074,0.9286,203458
46360,12152995840,60232.4,1785978865.2,3.1635,0.069,0.9250,204713
46380,12158238720,60258.0,1785978890.9,3.1644,0.076,0.9215,204376
46400,12163481600,60283.7,1785978916.6,3.1083,0.072,0.9180,203950
46420,12168724480,60309.6,1785978942.5,3.1085,0.076,0.9145,202508
46440,12173967360,60335.4,1785978968.2,3.1276,0.072,0.9109,203436
46460,12179210240,60361.1,1785978993.9,3.1429,0.072,0.9074,203898
46480,12184453120,60387.1,1785979019.9,3.1503,0.073,0.9039,201963
46500,12189696000,60412.8,1785979045.7,3.1601,0.070,0.9004,203281
46520,12194938880,60447.6,1785979080.5,3.1080,0.074,0.8968,150864
46540,12200181760,60473.3,1785979106.1,3.2151,0.073,0.8933,204173
46560,12205424640,60499.0,1785979131.8,3.1200,0.071,0.8898,204089
46580,12210667520,60524.8,1785979157.6,3.1413,0.075,0.8862,203065
46600,12215910400,60550.5,1785979183.4,3.0976,0.072,0.8827,203742
46620,12221153280,60576.2,1785979209.1,3.1252,0.072,0.8792,203835
46640,12226396160,60601.9,1785979234.8,3.0897,0.071,0.8757,204069
46660,12231639040,60627.6,1785979260.5,3.1249,0.077,0.8721,204067
46680,12236881920,60653.3,1785979286.1,3.1608,0.074,0.8686,204436
46700,12242124800,60678.9,1785979311.8,3.1080,0.072,0.8651,204326
46720,12247367680,60704.6,1785979337.4,3.2032,0.076,0.8616,204606
46740,12252610560,60730.2,1785979363.1,3.0584,0.071,0.8580,204381
46760,12257853440,60760.0,1785979392.8,3.1207,0.072,0.8545,176150
46780,12263096320,60785.6,1785979418.4,3.1658,0.075,0.8510,204593
46800,12268339200,60811.2,1785979444.0,3.1168,0.071,0.8474,204864
46820,12273582080,60836.8,1785979469.7,3.1184,0.072,0.8439,204540
46840,12278824960,60862.4,1785979495.3,3.1183,0.073,0.8404,204635
46860,12284067840,60888.1,1785979520.9,3.0781,0.070,0.8369,204599
46880,12289310720,60913.7,1785979546.6,3.1749,0.071,0.8333,204478
46900,12294553600,60939.4,1785979572.2,3.1338,0.074,0.8298,204292
46920,12299796480,60965.0,1785979597.9,3.0727,0.074,0.8263,204419
46940,12305039360,60990.6,1785979623.5,3.0902,0.071,0.8228,204545
46960,12310282240,61016.3,1785979649.2,3.0926,0.068,0.8192,204235
46980,12315525120,61042.0,1785979674.9,3.1701,0.074,0.8157,204092
47000,12320768000,61067.6,1785979700.5,3.0945,0.073,0.8122,204729
47020,12326010880,61097.1,1785979730.0,3.1099,0.070,0.8086,177765
47040,12331253760,61122.7,1785979755.6,3.1294,0.078,0.8051,204692
47060,12336496640,61148.4,1785979781.2,3.1018,0.072,0.8016,204521
47080,12341739520,61174.0,1785979806.9,3.1107,0.075,0.7981,204140
47100,12346982400,61199.7,1785979832.5,3.1703,0.071,0.7945,204483
47120,12352225280,61225.3,1785979858.2,3.1316,0.071,0.7910,204438
47140,12357468160,61251.0,1785979883.8,3.1285,0.071,0.7875,204501
47160,12362711040,61276.6,1785979909.5,3.0645,0.072,0.7840,204279
47180,12367953920,61302.3,1785979935.1,3.1173,0.075,0.7804,204411
47200,12373196800,61328.0,1785979960.8,3.1415,0.072,0.7769,203963
47220,12378439680,61353.6,1785979986.5,3.1709,0.071,0.7734,204523
47240,12383682560,61379.3,1785980012.2,3.1350,0.073,0.7698,204090
47260,12388925440,61409.2,1785980042.1,3.1122,0.071,0.7663,175384
47280,12394168320,61434.9,1785980067.7,3.1637,0.072,0.7628,204297
47300,12399411200,61460.5,1785980093.4,3.0825,0.071,0.7593,204229
47320,12404654080,61486.2,1785980119.0,3.2160,0.073,0.7557,204497
47340,12409896960,61511.8,1785980144.7,3.0790,0.072,0.7522,204343
47360,12415139840,61537.5,1785980170.3,3.1385,0.076,0.7487,204326
47380,12420382720,61563.2,1785980196.0,3.0819,0.073,0.7451,204084
47400,12425625600,61588.8,1785980221.7,3.1166,0.071,0.7416,204409
47420,12430868480,61614.5,1785980247.4,3.1374,0.071,0.7381,204076
47440,12436111360,61640.2,1785980273.0,3.1230,0.072,0.7346,204472
47460,12441354240,61665.8,1785980298.7,3.1104,0.075,0.7310,204260
47480,12446597120,61691.5,1785980324.3,3.1145,0.070,0.7275,204412
47500,12451840000,61717.1,1785980350.0,3.1080,0.073,0.7240,204467
47520,12457082880,61747.0,1785980379.8,3.1314,0.072,0.7205,175494
47540,12462325760,61772.6,1785980405.5,3.0825,0.071,0.7169,204512
47560,12467568640,61798.3,1785980431.1,3.1046,0.070,0.7134,204271
47580,12472811520,61824.0,1785980456.8,3.0586,0.073,0.7099,204298
47600,12478054400,61849.6,1785980482.5,3.1238,0.072,0.7063,204303
47620,12483297280,61875.3,1785980508.1,3.2188,0.071,0.7028,204346
47640,12488540160,61900.9,1785980533.8,3.0413,0.070,0.6993,204245
47660,12493783040,61926.7,1785980559.5,3.1417,0.072,0.6958,203961
47680,12499025920,61952.3,1785980585.1,3.1618,0.071,0.6922,204524
47700,12504268800,61977.9,1785980610.8,3.1637,0.071,0.6887,204286
47720,12509511680,62003.7,1785980636.5,3.1525,0.076,0.6852,203687
47740,12514754560,62029.3,1785980662.2,3.1001,0.071,0.6817,204497
47760,12519997440,62059.3,1785980692.1,3.0703,0.071,0.6781,175172
47780,12525240320,62084.9,1785980717.7,3.1692,0.071,0.6746,204522
47800,12530483200,62110.5,1785980743.4,3.1180,0.071,0.6711,204603
47820,12535726080,62136.1,1785980769.0,3.1108,0.072,0.6675,204840
47840,12540968960,62161.7,1785980794.6,3.0424,0.073,0.6640,204811
47860,12546211840,62187.3,1785980820.1,3.0938,0.069,0.6605,204966
47880,12551454720,62212.9,1785980845.8,3.1439,0.073,0.6570,204658
47900,12556697600,62238.5,1785980871.4,3.0581,0.072,0.6534,204665
47920,12561940480,62264.2,1785980897.0,3.0725,0.071,0.6499,204321
47940,12567183360,62289.8,1785980922.6,3.1653,0.071,0.6464,205007
47960,12572426240,62315.4,1785980948.2,3.0963,0.072,0.6429,204783
47980,12577669120,62340.9,1785980973.8,3.1216,0.070,0.6393,204924
48000,12582912000,62366.5,1785980999.4,3.1116,0.071,0.6358,204977
48020,12588154880,62396.1,1785981029.0,3.1646,0.073,0.6323,177188
48040,12593397760,62421.6,1785981054.5,3.0983,0.073,0.6287,205487
48060,12598640640,62447.2,1785981080.1,3.1357,0.072,0.6252,204852
48080,12603883520,62472.8,1785981105.7,3.0742,0.070,0.6217,204839
48100,12609126400,62498.4,1785981131.3,3.1548,0.070,0.6182,204746
48120,12614369280,62524.1,1785981156.9,3.1603,0.073,0.6146,204449
48140,12619612160,62549.7,1785981182.5,3.1904,0.071,0.6111,204798
48160,12624855040,62575.2,1785981208.1,3.0377,0.070,0.6076,205257
48180,12630097920,62600.8,1785981233.6,3.1247,0.073,0.6041,205217
48200,12635340800,62626.3,1785981259.2,3.0794,0.073,0.6005,205003
48220,12640583680,62651.9,1785981284.7,3.1300,0.070,0.5970,205323
48240,12645826560,62677.4,1785981310.3,3.1591,0.072,0.5935,205089
48260,12651069440,62707.3,1785981340.2,3.1191,0.070,0.5899,175287
48280,12656312320,62732.9,1785981365.7,3.0887,0.074,0.5864,205253
48300,12661555200,62758.4,1785981391.3,3.1516,0.071,0.5829,205425
48320,12666798080,62783.9,1785981416.8,3.1409,0.075,0.5794,205491
48340,12672040960,62809.5,1785981442.3,3.1604,0.073,0.5758,205338
48360,12677283840,62835.0,1785981467.9,3.0719,0.072,0.5723,205188
48380,12682526720,62860.5,1785981493.4,3.1258,0.071,0.5688,205509
48400,12687769600,62886.0,1785981518.9,3.1455,0.071,0.5653,205467
48420,12693012480,62911.6,1785981544.5,3.1443,0.070,0.5617,204829
48440,12698255360,62937.1,1785981570.0,3.0527,0.071,0.5582,205448
48460,12703498240,62962.7,1785981595.5,3.1356,0.071,0.5547,205456
48480,12708741120,62988.2,1785981621.1,3.1301,0.071,0.5511,205374
48500,12713984000,63013.7,1785981646.6,3.1582,0.070,0.5476,205536
48520,12719226880,63043.6,1785981676.4,3.1236,0.071,0.5441,175664
48540,12724469760,63069.1,1785981701.9,3.1191,0.070,0.5406,205543
48560,12729712640,63094.6,1785981727.4,3.1228,0.072,0.5370,205435
48580,12734955520,63120.1,1785981753.0,3.1214,0.071,0.5335,205374
48600,12740198400,63145.6,1785981778.5,3.1178,0.071,0.5300,205359
48620,12745441280,63171.1,1785981804.0,3.1199,0.070,0.5265,205621
48640,12750684160,63196.7,1785981829.5,3.0394,0.073,0.5229,205326
48660,12755927040,63222.2,1785981855.1,3.1578,0.072,0.5194,205361
48680,12761169920,63247.7,1785981880.6,3.0201,0.069,0.5159,205313
48700,12766412800,63273.3,1785981906.1,3.0907,0.071,0.5123,205242
48720,12771655680,63298.8,1785981931.7,3.0910,0.071,0.5088,205391
48740,12776898560,63324.3,1785981957.2,3.1588,0.070,0.5053,205349
48760,12782141440,63354.2,1785981987.1,3.1235,0.069,0.5018,175561
48780,12787384320,63379.7,1785982012.6,3.0457,0.072,0.4982,205529
48800,12792627200,63405.3,1785982038.1,3.1237,0.072,0.4947,205179
48820,12797870080,63430.8,1785982063.6,3.0339,0.076,0.4912,205412
48840,12803112960,63456.3,1785982089.2,3.1003,0.072,0.4877,205247
48860,12808355840,63481.8,1785982114.7,3.0847,0.073,0.4841,205488
48880,12813598720,63507.4,1785982140.2,3.1529,0.069,0.4806,205241
48900,12818841600,63532.9,1785982165.8,3.1454,0.070,0.4771,205413
48920,12824084480,63558.4,1785982191.3,3.1625,0.070,0.4735,205415
48940,12829327360,63584.0,1785982216.8,3.0626,0.070,0.4700,205468
48960,12834570240,63609.5,1785982242.3,3.1090,0.073,0.4665,205637
48980,12839813120,63635.0,1785982267.8,3.0822,0.071,0.4630,205582
49000,12845056000,63660.4,1785982293.3,3.0861,0.072,0.4594,205690
49020,12850298880,63690.3,1785982323.2,3.0659,0.070,0.4559,175523
49040,12855541760,63715.8,1785982348.7,3.1229,0.073,0.4524,205424
49060,12860784640,63741.4,1785982374.2,3.1277,0.074,0.4489,205282
49080,12866027520,63766.9,1785982399.8,3.0990,0.070,0.4453,205305
49100,12871270400,63792.5,1785982425.3,3.0986,0.070,0.4418,205285
49120,12876513280,63818.0,1785982450.8,3.1685,0.071,0.4383,205295
49140,12881756160,63843.5,1785982476.4,3.1028,0.071,0.4347,205367
49160,12886999040,63869.1,1785982501.9,3.0962,0.071,0.4312,204997
49180,12892241920,63894.7,1785982527.5,3.0610,0.073,0.4277,204926
49200,12897484800,63920.2,1785982553.1,3.1007,0.071,0.4242,205099
49220,12902727680,63945.8,1785982578.7,3.1493,0.069,0.4206,204941
49240,12907970560,63971.4,1785982604.3,3.0565,0.071,0.4171,204804
49260,12913213440,64001.1,1785982634.0,3.1042,0.070,0.4136,176646
49280,12918456320,64026.7,1785982659.6,3.1116,0.070,0.4101,204781
49300,12923699200,64052.3,1785982685.2,3.1224,0.070,0.4065,204557
49320,12928942080,64078.0,1785982710.9,3.1121,0.071,0.4030,204232
49340,12934184960,64103.7,1785982736.5,3.0742,0.072,0.3995,204151
49360,12939427840,64129.3,1785982762.2,3.1923,0.073,0.3959,204345
49380,12944670720,64155.1,1785982787.9,3.1158,0.068,0.3924,203864
49400,12949913600,64180.8,1785982813.6,3.1686,0.073,0.3889,203791
49420,12955156480,64206.5,1785982839.4,3.1316,0.069,0.3854,203899
49440,12960399360,64232.3,1785982865.1,3.0944,0.072,0.3818,203496
49460,12965642240,64258.1,1785982890.9,3.0929,0.072,0.3783,203338
49480,12970885120,64283.8,1785982916.6,3.1026,0.071,0.3748,203660
49500,12976128000,64309.5,1785982942.4,3.0926,0.070,0.3713,203799
49520,12981370880,64339.1,1785982972.0,3.1479,0.071,0.3677,177198
49540,12986613760,64364.9,1785982997.7,3.1247,0.068,0.3642,203547
49560,12991856640,64390.6,1785983023.5,3.1456,0.073,0.3607,203635
49580,12997099520,64416.4,1785983049.3,3.0887,0.071,0.3571,203141
49600,13002342400,64442.2,1785983075.1,3.1008,0.072,0.3536,203079
49620,13007585280,64468.0,1785983100.8,3.0793,0.071,0.3501,203794
49640,13012828160,64493.7,1785983126.5,3.1055,0.071,0.3466,203887
49660,13018071040,64519.4,1785983152.2,3.1677,0.069,0.3430,204001
49680,13023313920,64545.1,1785983177.9,3.0987,0.070,0.3395,204158
49700,13028556800,64570.7,1785983203.5,3.0672,0.071,0.3360,204582
49720,13033799680,64596.4,1785983229.3,3.1151,0.070,0.3325,203801
49740,13039042560,64622.1,1785983255.0,3.1486,0.069,0.3289,203884
49760,13044285440,64651.8,1785983284.7,3.0879,0.067,0.3254,176610
49780,13049528320,64677.5,1785983310.4,3.0976,0.071,0.3219,204030
49800,13054771200,64703.2,1785983336.1,3.0858,0.069,0.3183,203811
49820,13060014080,64729.0,1785983361.8,3.0364,0.071,0.3148,203787
49840,13065256960,64754.7,1785983387.6,3.1357,0.068,0.3113,203685
49860,13070499840,64780.5,1785983413.3,3.0721,0.071,0.3078,203318
49880,13075742720,64806.3,1785983439.2,3.0517,0.069,0.3042,203110
49900,13080985600,64832.1,1785983464.9,3.1093,0.071,0.3007,203546
49920,13086228480,64857.8,1785983490.6,3.0781,0.069,0.2972,203856
49940,13091471360,64883.5,1785983516.4,3.0875,0.072,0.2937,203622
49960,13096714240,64909.3,1785983542.1,3.0932,0.070,0.2901,203666
49980,13101957120,64935.0,1785983567.9,3.1031,0.073,0.2866,203594
50000,13107200000,64960.8,1785983593.7,3.1008,0.072,0.2831,203083
50020,13112442880,64990.7,1785983623.6,3.1198,0.070,0.2795,175457
50040,13117685760,65016.5,1785983649.3,3.1464,0.072,0.2760,203511
50060,13122928640,65042.2,1785983675.1,3.0659,0.071,0.2725,203520
50080,13128171520,65068.1,1785983700.9,3.1219,0.068,0.2690,203095
50100,13133414400,65093.8,1785983726.6,3.0434,0.070,0.2654,203810
50120,13138657280,65119.5,1785983752.3,3.0732,0.070,0.2619,203904
50140,13143900160,65145.2,1785983778.1,3.1053,0.070,0.2584,203860
50160,13149143040,65171.0,1785983803.8,3.1340,0.071,0.2549,203460
50180,13154385920,65196.8,1785983829.6,3.1080,0.070,0.2513,203405
50200,13159628800,65222.5,1785983855.4,3.0833,0.070,0.2478,203641
50220,13164871680,65248.3,1785983881.1,3.0960,0.069,0.2443,203474
50240,13170114560,65274.1,1785983907.0,3.1143,0.072,0.2407,202860
50260,13175357440,65304.0,1785983936.9,3.1260,0.071,0.2372,175143
50280,13180600320,65329.8,1785983962.6,3.0253,0.071,0.2337,203747
50300,13185843200,65355.5,1785983988.4,3.1621,0.070,0.2302,203834
50320,13191086080,65381.3,1785984014.1,3.1633,0.071,0.2266,203343
50340,13196328960,65407.0,1785984039.9,3.1059,0.072,0.2231,203491
50360,13201571840,65432.7,1785984065.6,3.0682,0.072,0.2196,204172
50380,13206814720,65458.5,1785984091.4,3.0334,0.069,0.2160,203318
50400,13212057600,65484.3,1785984117.2,3.1125,0.070,0.2125,203309
50420,13217300480,65510.0,1785984142.9,3.0728,0.072,0.2090,203795
50440,13222543360,65535.7,1785984168.6,3.0502,0.070,0.2055,204082
50460,13227786240,65561.4,1785984194.3,3.0897,0.069,0.2019,203823
50480,13233029120,65587.2,1785984220.0,3.0340,0.069,0.1984,203655
50500,13238272000,65612.9,1785984245.8,3.1222,0.069,0.1949,203909
50520,13243514880,65642.4,1785984275.3,3.0636,0.070,0.1914,177542
50540,13248757760,65668.0,1785984300.9,3.1261,0.070,0.1878,204770
50560,13254000640,65693.7,1785984326.5,3.0683,0.071,0.1843,204319
50580,13259243520,65719.3,1785984352.2,3.1214,0.070,0.1808,204630
50600,13264486400,65744.9,1785984377.8,3.1204,0.069,0.1772,204556
50620,13269729280,65770.5,1785984403.4,3.0779,0.069,0.1737,204842
50640,13274972160,65796.2,1785984429.0,3.0648,0.071,0.1702,204411
50660,13280215040,65821.9,1785984454.7,3.1453,0.072,0.1667,204232
50680,13285457920,65847.5,1785984480.4,3.0900,0.069,0.1631,204247
50700,13290700800,65873.2,1785984506.0,3.0902,0.072,0.1596,204525
50720,13295943680,65898.8,1785984531.6,3.1619,0.070,0.1561,204531
50740,13301186560,65924.4,1785984557.3,3.1112,0.069,0.1526,204624
50760,13306429440,65954.2,1785984587.1,3.0645,0.071,0.1490,175864
50780,13311672320,65979.8,1785984612.7,3.0398,0.069,0.1455,204857
50800,13316915200,66005.4,1785984638.3,3.1221,0.070,0.1420,204753
50820,13322158080,66031.0,1785984663.9,3.0887,0.069,0.1384,204747
50840,13327400960,66056.7,1785984689.5,3.0887,0.069,0.1349,204585
50860,13332643840,66082.3,1785984715.2,3.0375,0.070,0.1314,204400
50880,13337886720,66107.9,1785984740.8,3.0849,0.069,0.1279,204505
50900,13343129600,66133.6,1785984766.4,3.0509,0.069,0.1243,204733
50920,13348372480,66159.2,1785984792.0,3.0421,0.070,0.1208,204555
50940,13353615360,66184.8,1785984817.6,3.1385,0.070,0.1173,204783
50960,13358858240,66210.4,1785984843.2,3.1023,0.068,0.1138,204854
50980,13364101120,66236.0,1785984868.8,3.0717,0.068,0.1102,204874
51000,13369344000,66261.6,1785984894.5,3.1187,0.070,0.1067,204461
51020,13374586880,66291.3,1785984924.2,3.0593,0.069,0.1032,176574
