Corpus: 5,402,429,161 tokens (54,024,291 val) | device: cuda | bf16 + FlashAttention
Model: 349.1M params | GQA 18q/6kv | Muon+AdamW
step      0 | loss 9.2090 | grad_norm 10.719 | lr x0.000
           val loss 9.1994
           VRAM: 25.2 GB used / 25.3 GB reserved
step     20 | loss 9.0424 | grad_norm 10.318 | lr x0.007
step     40 | loss 8.5805 | grad_norm 8.210 | lr x0.014
step     60 | loss 8.1821 | grad_norm 3.915 | lr x0.020
step     80 | loss 7.8534 | grad_norm 1.811 | lr x0.027
step    100 | loss 7.6106 | grad_norm 1.280 | lr x0.034
step    120 | loss 7.3504 | grad_norm 2.833 | lr x0.040
step    140 | loss 7.0938 | grad_norm 3.438 | lr x0.047
step    160 | loss 6.7758 | grad_norm 7.070 | lr x0.054
step    180 | loss 6.4983 | grad_norm 3.475 | lr x0.060
step    200 | loss 6.2401 | grad_norm 4.248 | lr x0.067
step    220 | loss 6.0315 | grad_norm 4.066 | lr x0.074
step    240 | loss 5.8819 | grad_norm 4.194 | lr x0.080
           val loss 5.9795
step    260 | loss 5.7478 | grad_norm 4.916 | lr x0.087
step    280 | loss 5.6333 | grad_norm 4.436 | lr x0.094
step    300 | loss 5.4943 | grad_norm 4.587 | lr x0.100
step    320 | loss 5.3202 | grad_norm 4.684 | lr x0.107
step    340 | loss 5.1649 | grad_norm 6.421 | lr x0.114
step    360 | loss 5.0973 | grad_norm 5.667 | lr x0.120
step    380 | loss 5.0310 | grad_norm 5.689 | lr x0.127
step    400 | loss 4.9205 | grad_norm 4.280 | lr x0.134
step    420 | loss 4.7864 | grad_norm 4.329 | lr x0.140
step    440 | loss 4.7422 | grad_norm 4.171 | lr x0.147
step    460 | loss 4.6759 | grad_norm 4.179 | lr x0.154
step    480 | loss 4.5970 | grad_norm 3.467 | lr x0.160
step    500 | loss 4.5097 | grad_norm 2.883 | lr x0.167
           val loss 4.7681
step    520 | loss 4.4723 | grad_norm 2.763 | lr x0.174
step    540 | loss 4.3913 | grad_norm 2.488 | lr x0.180
step    560 | loss 4.4052 | grad_norm 1.931 | lr x0.187
step    580 | loss 4.2940 | grad_norm 2.217 | lr x0.194
step    600 | loss 4.2661 | grad_norm 1.817 | lr x0.200
step    620 | loss 4.2760 | grad_norm 1.860 | lr x0.207
step    640 | loss 4.2233 | grad_norm 1.686 | lr x0.214
step    660 | loss 4.2063 | grad_norm 1.769 | lr x0.220
step    680 | loss 4.1990 | grad_norm 1.573 | lr x0.227
step    700 | loss 4.1755 | grad_norm 1.313 | lr x0.234
step    720 | loss 4.0565 | grad_norm 1.319 | lr x0.240
step    740 | loss 4.0642 | grad_norm 1.317 | lr x0.247
           val loss 4.3240
step    760 | loss 3.9784 | grad_norm 1.254 | lr x0.254
step    780 | loss 4.0045 | grad_norm 0.984 | lr x0.260
step    800 | loss 3.9572 | grad_norm 0.934 | lr x0.267
step    820 | loss 3.9003 | grad_norm 1.080 | lr x0.274
step    840 | loss 3.9585 | grad_norm 0.899 | lr x0.280
step    860 | loss 3.9661 | grad_norm 0.841 | lr x0.287
step    880 | loss 3.8991 | grad_norm 0.774 | lr x0.294
step    900 | loss 3.9404 | grad_norm 0.902 | lr x0.300
step    920 | loss 3.9009 | grad_norm 0.748 | lr x0.307
step    940 | loss 3.8800 | grad_norm 0.694 | lr x0.314
step    960 | loss 3.7664 | grad_norm 0.672 | lr x0.320
step    980 | loss 3.7954 | grad_norm 0.716 | lr x0.327
step   1000 | loss 3.8561 | grad_norm 0.593 | lr x0.334
           val loss 4.0257
step   1020 | loss 3.7645 | grad_norm 0.712 | lr x0.340
step   1040 | loss 3.7697 | grad_norm 0.629 | lr x0.347
step   1060 | loss 3.7662 | grad_norm 0.567 | lr x0.354
step   1080 | loss 3.7323 | grad_norm 0.620 | lr x0.360
step   1100 | loss 3.7422 | grad_norm 0.547 | lr x0.367
step   1120 | loss 3.6919 | grad_norm 0.514 | lr x0.374
step   1140 | loss 3.7281 | grad_norm 0.518 | lr x0.380
step   1160 | loss 3.7231 | grad_norm 0.517 | lr x0.387
step   1180 | loss 3.6852 | grad_norm 0.529 | lr x0.394
step   1200 | loss 3.6204 | grad_norm 0.447 | lr x0.400
step   1220 | loss 3.6580 | grad_norm 0.475 | lr x0.407
step   1240 | loss 3.6597 | grad_norm 0.419 | lr x0.414
           val loss 3.9239
step   1260 | loss 3.6660 | grad_norm 0.459 | lr x0.420
step   1280 | loss 3.6105 | grad_norm 0.393 | lr x0.427
step   1300 | loss 3.6595 | grad_norm 0.436 | lr x0.434
step   1320 | loss 3.6954 | grad_norm 0.404 | lr x0.440
step   1340 | loss 3.6298 | grad_norm 0.376 | lr x0.447
step   1360 | loss 3.6978 | grad_norm 0.460 | lr x0.454
step   1380 | loss 3.6108 | grad_norm 0.366 | lr x0.460
step   1400 | loss 3.5476 | grad_norm 0.360 | lr x0.467
step   1420 | loss 3.5790 | grad_norm 0.355 | lr x0.474
step   1440 | loss 3.6149 | grad_norm 0.369 | lr x0.480
step   1460 | loss 3.5940 | grad_norm 0.323 | lr x0.487
step   1480 | loss 3.5666 | grad_norm 0.347 | lr x0.494
step   1500 | loss 3.5425 | grad_norm 0.337 | lr x0.500
           val loss 3.8042
step   1520 | loss 3.5815 | grad_norm 0.325 | lr x0.507
step   1540 | loss 3.4991 | grad_norm 0.332 | lr x0.514
step   1560 | loss 3.5025 | grad_norm 0.326 | lr x0.520
step   1580 | loss 3.5094 | grad_norm 0.309 | lr x0.527
step   1600 | loss 3.5566 | grad_norm 0.310 | lr x0.534
step   1620 | loss 3.6137 | grad_norm 0.282 | lr x0.540
step   1640 | loss 3.6006 | grad_norm 0.308 | lr x0.547
step   1660 | loss 3.5087 | grad_norm 0.293 | lr x0.554
step   1680 | loss 3.5318 | grad_norm 0.279 | lr x0.560
step   1700 | loss 3.4844 | grad_norm 0.293 | lr x0.567
step   1720 | loss 3.4640 | grad_norm 0.288 | lr x0.574
step   1740 | loss 3.5128 | grad_norm 0.289 | lr x0.580
           val loss 3.6764
step   1760 | loss 3.5115 | grad_norm 0.291 | lr x0.587
step   1780 | loss 3.4574 | grad_norm 0.240 | lr x0.594
step   1800 | loss 3.4430 | grad_norm 0.274 | lr x0.600
step   1820 | loss 3.4505 | grad_norm 0.278 | lr x0.607
step   1840 | loss 3.4574 | grad_norm 0.291 | lr x0.614
step   1860 | loss 3.4321 | grad_norm 0.255 | lr x0.620
step   1880 | loss 3.4260 | grad_norm 0.244 | lr x0.627
step   1900 | loss 3.4077 | grad_norm 0.281 | lr x0.634
step   1920 | loss 3.4470 | grad_norm 0.248 | lr x0.640
step   1940 | loss 3.4588 | grad_norm 0.264 | lr x0.647
step   1960 | loss 3.4079 | grad_norm 0.247 | lr x0.654
step   1980 | loss 3.3904 | grad_norm 0.262 | lr x0.660
step   2000 | loss 3.4774 | grad_norm 0.224 | lr x0.667
           val loss 3.6666
step   2020 | loss 3.4360 | grad_norm 0.239 | lr x0.674
step   2040 | loss 3.4039 | grad_norm 0.233 | lr x0.680
step   2060 | loss 3.3758 | grad_norm 0.254 | lr x0.687
step   2080 | loss 3.3887 | grad_norm 0.215 | lr x0.694
step   2100 | loss 3.4429 | grad_norm 0.227 | lr x0.700
step   2120 | loss 3.4544 | grad_norm 0.209 | lr x0.707
step   2140 | loss 3.3213 | grad_norm 0.220 | lr x0.714
step   2160 | loss 3.3927 | grad_norm 0.208 | lr x0.720
step   2180 | loss 3.4445 | grad_norm 0.226 | lr x0.727
step   2200 | loss 3.4580 | grad_norm 0.217 | lr x0.734
step   2220 | loss 3.3908 | grad_norm 0.212 | lr x0.740
step   2240 | loss 3.3789 | grad_norm 0.201 | lr x0.747
           val loss 3.6647
step   2260 | loss 3.3548 | grad_norm 0.206 | lr x0.754
step   2280 | loss 3.3988 | grad_norm 0.228 | lr x0.760
step   2300 | loss 3.3490 | grad_norm 0.208 | lr x0.767
step   2320 | loss 3.3550 | grad_norm 0.193 | lr x0.774
step   2340 | loss 3.3912 | grad_norm 0.195 | lr x0.780
step   2360 | loss 3.3379 | grad_norm 0.205 | lr x0.787
step   2380 | loss 3.3431 | grad_norm 0.208 | lr x0.794
step   2400 | loss 3.4148 | grad_norm 0.196 | lr x0.800
step   2420 | loss 3.2805 | grad_norm 0.189 | lr x0.807
step   2440 | loss 3.3444 | grad_norm 0.192 | lr x0.814
step   2460 | loss 3.3506 | grad_norm 0.193 | lr x0.820
step   2480 | loss 3.2713 | grad_norm 0.196 | lr x0.827
step   2500 | loss 3.3199 | grad_norm 0.187 | lr x0.834
           val loss 3.6240
step   2520 | loss 3.3402 | grad_norm 0.194 | lr x0.840
step   2540 | loss 3.3887 | grad_norm 0.187 | lr x0.847
step   2560 | loss 3.3730 | grad_norm 0.186 | lr x0.854
step   2580 | loss 3.2505 | grad_norm 0.194 | lr x0.860
step   2600 | loss 3.3333 | grad_norm 0.193 | lr x0.867
step   2620 | loss 3.3185 | grad_norm 0.182 | lr x0.874
step   2640 | loss 3.3073 | grad_norm 0.195 | lr x0.880
step   2660 | loss 3.3165 | grad_norm 0.184 | lr x0.887
step   2680 | loss 3.2916 | grad_norm 0.173 | lr x0.894
step   2700 | loss 3.3130 | grad_norm 0.179 | lr x0.900
step   2720 | loss 3.3295 | grad_norm 0.183 | lr x0.907
step   2740 | loss 3.2822 | grad_norm 0.188 | lr x0.914
           val loss 3.6184
step   2760 | loss 3.3065 | grad_norm 0.157 | lr x0.920
step   2780 | loss 3.3244 | grad_norm 0.184 | lr x0.927
step   2800 | loss 3.3339 | grad_norm 0.182 | lr x0.934
step   2820 | loss 3.3029 | grad_norm 0.170 | lr x0.940
step   2840 | loss 3.2576 | grad_norm 0.167 | lr x0.947
step   2860 | loss 3.3042 | grad_norm 0.168 | lr x0.954
step   2880 | loss 3.3183 | grad_norm 0.159 | lr x0.960
step   2900 | loss 3.3108 | grad_norm 0.154 | lr x0.967
step   2920 | loss 3.2091 | grad_norm 0.164 | lr x0.974
step   2940 | loss 3.3388 | grad_norm 0.161 | lr x0.980
step   2960 | loss 3.3354 | grad_norm 0.176 | lr x0.987
step   2980 | loss 3.2956 | grad_norm 0.163 | lr x0.994
step   3000 | loss 3.3096 | grad_norm 0.163 | lr x1.000
           val loss 3.5432
step   3020 | loss 3.2795 | grad_norm 0.159 | lr x1.000
step   3040 | loss 3.2360 | grad_norm 0.156 | lr x1.000
step   3060 | loss 3.2668 | grad_norm 0.151 | lr x1.000
step   3080 | loss 3.2466 | grad_norm 0.141 | lr x1.000
step   3100 | loss 3.2576 | grad_norm 0.165 | lr x1.000
step   3120 | loss 3.3030 | grad_norm 0.154 | lr x1.000
step   3140 | loss 3.2753 | grad_norm 0.143 | lr x1.000
step   3160 | loss 3.2444 | grad_norm 0.142 | lr x1.000
step   3180 | loss 3.2128 | grad_norm 0.163 | lr x1.000
step   3200 | loss 3.2456 | grad_norm 0.164 | lr x1.000
step   3220 | loss 3.2780 | grad_norm 0.149 | lr x1.000
step   3240 | loss 3.2265 | grad_norm 0.144 | lr x1.000
           val loss 3.5110
step   3260 | loss 3.2507 | grad_norm 0.144 | lr x1.000
step   3280 | loss 3.2587 | grad_norm 0.138 | lr x1.000
step   3300 | loss 3.2538 | grad_norm 0.138 | lr x1.000
step   3320 | loss 3.2637 | grad_norm 0.133 | lr x1.000
step   3340 | loss 3.2772 | grad_norm 0.136 | lr x1.000
step   3360 | loss 3.2003 | grad_norm 0.139 | lr x1.000
step   3380 | loss 3.1995 | grad_norm 0.136 | lr x1.000
step   3400 | loss 3.1552 | grad_norm 0.133 | lr x1.000
step   3420 | loss 3.2471 | grad_norm 0.134 | lr x1.000
step   3440 | loss 3.2016 | grad_norm 0.130 | lr x1.000
step   3460 | loss 3.2501 | grad_norm 0.134 | lr x1.000
step   3480 | loss 3.2299 | grad_norm 0.146 | lr x1.000
step   3500 | loss 3.1970 | grad_norm 0.142 | lr x1.000
           val loss 3.4714
step   3520 | loss 3.2970 | grad_norm 0.123 | lr x1.000
step   3540 | loss 3.1954 | grad_norm 0.134 | lr x1.000
step   3560 | loss 3.1617 | grad_norm 0.124 | lr x1.000
step   3580 | loss 3.2604 | grad_norm 0.130 | lr x1.000
step   3600 | loss 3.2283 | grad_norm 0.130 | lr x1.000
step   3620 | loss 3.2622 | grad_norm 0.137 | lr x1.000
step   3640 | loss 3.1848 | grad_norm 0.126 | lr x1.000
step   3660 | loss 3.1970 | grad_norm 0.128 | lr x1.000
step   3680 | loss 3.2636 | grad_norm 0.125 | lr x1.000
step   3700 | loss 3.2078 | grad_norm 0.126 | lr x1.000
step   3720 | loss 3.2239 | grad_norm 0.123 | lr x1.000
step   3740 | loss 3.1617 | grad_norm 0.119 | lr x1.000
           val loss 3.4551
step   3760 | loss 3.2081 | grad_norm 0.125 | lr x1.000
step   3780 | loss 3.1819 | grad_norm 0.121 | lr x1.000
step   3800 | loss 3.2206 | grad_norm 0.128 | lr x1.000
step   3820 | loss 3.1728 | grad_norm 0.120 | lr x1.000
step   3840 | loss 3.2148 | grad_norm 0.120 | lr x1.000
step   3860 | loss 3.1487 | grad_norm 0.117 | lr x1.000
step   3880 | loss 3.1670 | grad_norm 0.122 | lr x1.000
step   3900 | loss 3.1558 | grad_norm 0.119 | lr x1.000
step   3920 | loss 3.1448 | grad_norm 0.123 | lr x1.000
step   3940 | loss 3.1823 | grad_norm 0.125 | lr x1.000
step   3960 | loss 3.1878 | grad_norm 0.123 | lr x1.000
step   3980 | loss 3.1693 | grad_norm 0.121 | lr x1.000
step   4000 | loss 3.1270 | grad_norm 0.124 | lr x1.000
           val loss 3.4529
step   4020 | loss 3.1210 | grad_norm 0.120 | lr x1.000
step   4040 | loss 3.1809 | grad_norm 0.118 | lr x1.000
step   4060 | loss 3.1427 | grad_norm 0.120 | lr x1.000
step   4080 | loss 3.1316 | grad_norm 0.121 | lr x1.000
step   4100 | loss 3.1414 | grad_norm 0.132 | lr x1.000
step   4120 | loss 3.1896 | grad_norm 0.125 | lr x1.000
step   4140 | loss 3.1700 | grad_norm 0.120 | lr x1.000
step   4160 | loss 3.1184 | grad_norm 0.115 | lr x1.000
step   4180 | loss 3.1635 | grad_norm 0.119 | lr x1.000
step   4200 | loss 3.1654 | grad_norm 0.118 | lr x1.000
step   4220 | loss 3.1393 | grad_norm 0.123 | lr x1.000
step   4240 | loss 3.1547 | grad_norm 0.128 | lr x1.000
           val loss 3.4673
step   4260 | loss 3.1280 | grad_norm 0.113 | lr x1.000
step   4280 | loss 3.1434 | grad_norm 0.119 | lr x1.000
step   4300 | loss 3.1498 | grad_norm 0.117 | lr x1.000
step   4320 | loss 3.1265 | grad_norm 0.114 | lr x1.000
step   4340 | loss 3.1257 | grad_norm 0.122 | lr x1.000
step   4360 | loss 3.0566 | grad_norm 0.113 | lr x1.000
step   4380 | loss 3.1501 | grad_norm 0.112 | lr x1.000
step   4400 | loss 3.1482 | grad_norm 0.115 | lr x1.000
step   4420 | loss 3.0732 | grad_norm 0.115 | lr x1.000
step   4440 | loss 3.1454 | grad_norm 0.115 | lr x1.000
step   4460 | loss 3.1389 | grad_norm 0.113 | lr x1.000
step   4480 | loss 3.1176 | grad_norm 0.115 | lr x1.000
step   4500 | loss 3.1908 | grad_norm 0.124 | lr x1.000
           val loss 3.4258
step   4520 | loss 3.1501 | grad_norm 0.112 | lr x1.000
step   4540 | loss 3.1271 | grad_norm 0.115 | lr x1.000
step   4560 | loss 3.0889 | grad_norm 0.110 | lr x1.000
step   4580 | loss 3.1435 | grad_norm 0.116 | lr x1.000
step   4600 | loss 3.1013 | grad_norm 0.114 | lr x1.000
step   4620 | loss 3.1150 | grad_norm 0.113 | lr x1.000
step   4640 | loss 3.0537 | grad_norm 0.112 | lr x1.000
step   4660 | loss 3.1444 | grad_norm 0.119 | lr x1.000
step   4680 | loss 3.1069 | grad_norm 0.113 | lr x1.000
step   4700 | loss 3.1291 | grad_norm 0.115 | lr x1.000
step   4720 | loss 3.0992 | grad_norm 0.115 | lr x1.000
step   4740 | loss 3.0504 | grad_norm 0.113 | lr x1.000
           val loss 3.4481
step   4760 | loss 3.0948 | grad_norm 0.117 | lr x1.000
step   4780 | loss 3.1296 | grad_norm 0.117 | lr x1.000
step   4800 | loss 3.0939 | grad_norm 0.110 | lr x1.000
step   4820 | loss 3.0454 | grad_norm 0.115 | lr x1.000
step   4840 | loss 3.0729 | grad_norm 0.108 | lr x1.000
step   4860 | loss 3.0579 | grad_norm 0.109 | lr x1.000
step   4880 | loss 3.0760 | grad_norm 0.109 | lr x1.000
step   4900 | loss 3.0882 | grad_norm 0.113 | lr x1.000
step   4920 | loss 3.1756 | grad_norm 0.117 | lr x1.000
step   4940 | loss 3.1386 | grad_norm 0.118 | lr x1.000
step   4960 | loss 3.1391 | grad_norm 0.107 | lr x1.000
step   4980 | loss 3.1135 | grad_norm 0.108 | lr x1.000
step   5000 | loss 3.0686 | grad_norm 0.112 | lr x1.000
           val loss 3.4196
step   5020 | loss 3.0908 | grad_norm 0.106 | lr x1.000
step   5040 | loss 3.1153 | grad_norm 0.113 | lr x1.000
step   5060 | loss 3.0910 | grad_norm 0.110 | lr x1.000
step   5080 | loss 3.0406 | grad_norm 0.109 | lr x1.000
step   5100 | loss 3.0827 | grad_norm 0.112 | lr x1.000
step   5120 | loss 3.1103 | grad_norm 0.109 | lr x1.000
step   5140 | loss 3.0735 | grad_norm 0.109 | lr x1.000
step   5160 | loss 3.1232 | grad_norm 0.116 | lr x1.000
step   5180 | loss 3.1271 | grad_norm 0.114 | lr x1.000
step   5200 | loss 3.0181 | grad_norm 0.105 | lr x1.000
step   5220 | loss 3.0745 | grad_norm 0.108 | lr x1.000
step   5240 | loss 3.1010 | grad_norm 0.105 | lr x1.000
           val loss 3.3929
step   5260 | loss 3.1158 | grad_norm 0.111 | lr x1.000
step   5280 | loss 3.0466 | grad_norm 0.111 | lr x1.000
step   5300 | loss 3.0921 | grad_norm 0.106 | lr x1.000
step   5320 | loss 3.0238 | grad_norm 0.107 | lr x1.000
step   5340 | loss 2.9700 | grad_norm 0.103 | lr x1.000
step   5360 | loss 3.1091 | grad_norm 0.110 | lr x1.000
step   5380 | loss 3.0600 | grad_norm 0.108 | lr x1.000
step   5400 | loss 3.0678 | grad_norm 0.108 | lr x1.000
step   5420 | loss 3.0788 | grad_norm 0.113 | lr x1.000
step   5440 | loss 3.1193 | grad_norm 0.108 | lr x1.000
step   5460 | loss 3.0183 | grad_norm 0.112 | lr x1.000
step   5480 | loss 3.0550 | grad_norm 0.113 | lr x1.000
step   5500 | loss 3.0447 | grad_norm 0.105 | lr x1.000
           val loss 3.3202
step   5520 | loss 3.0529 | grad_norm 0.104 | lr x1.000
step   5540 | loss 3.0347 | grad_norm 0.106 | lr x1.000
step   5560 | loss 3.0741 | grad_norm 0.110 | lr x1.000
step   5580 | loss 3.0367 | grad_norm 0.104 | lr x1.000
step   5600 | loss 3.0708 | grad_norm 0.107 | lr x1.000
step   5620 | loss 3.0513 | grad_norm 0.108 | lr x1.000
step   5640 | loss 3.0359 | grad_norm 0.104 | lr x1.000
step   5660 | loss 2.9776 | grad_norm 0.102 | lr x1.000
step   5680 | loss 2.9801 | grad_norm 0.106 | lr x1.000
step   5700 | loss 3.0151 | grad_norm 0.106 | lr x1.000
step   5720 | loss 3.0918 | grad_norm 0.108 | lr x1.000
step   5740 | loss 3.0505 | grad_norm 0.108 | lr x1.000
           val loss 3.3814
step   5760 | loss 2.9944 | grad_norm 0.110 | lr x1.000
step   5780 | loss 3.0378 | grad_norm 0.102 | lr x1.000
step   5800 | loss 3.0648 | grad_norm 0.103 | lr x1.000
step   5820 | loss 3.0034 | grad_norm 0.106 | lr x1.000
step   5840 | loss 3.0740 | grad_norm 0.105 | lr x1.000
step   5860 | loss 3.0277 | grad_norm 0.106 | lr x1.000
step   5880 | loss 3.0209 | grad_norm 0.104 | lr x1.000
step   5900 | loss 3.0325 | grad_norm 0.105 | lr x1.000
step   5920 | loss 3.0722 | grad_norm 0.102 | lr x1.000
step   5940 | loss 3.0328 | grad_norm 0.103 | lr x1.000
step   5960 | loss 3.0722 | grad_norm 0.100 | lr x1.000
step   5980 | loss 3.0966 | grad_norm 0.101 | lr x1.000
step   6000 | loss 3.0154 | grad_norm 0.102 | lr x1.000
           val loss 3.2984
step   6020 | loss 3.0699 | grad_norm 0.105 | lr x1.000
step   6040 | loss 3.0929 | grad_norm 0.104 | lr x1.000
step   6060 | loss 3.0293 | grad_norm 0.102 | lr x1.000
step   6080 | loss 3.0450 | grad_norm 0.101 | lr x1.000
step   6100 | loss 3.0684 | grad_norm 0.099 | lr x1.000
step   6120 | loss 3.0535 | grad_norm 0.106 | lr x1.000
step   6140 | loss 3.0185 | grad_norm 0.104 | lr x1.000
step   6160 | loss 3.0276 | grad_norm 0.103 | lr x1.000
step   6180 | loss 2.9794 | grad_norm 0.109 | lr x1.000
step   6200 | loss 3.0484 | grad_norm 0.106 | lr x1.000
step   6220 | loss 3.0335 | grad_norm 0.104 | lr x1.000
step   6240 | loss 3.0588 | grad_norm 0.104 | lr x1.000
           val loss 3.3623
step   6260 | loss 3.0698 | grad_norm 0.100 | lr x1.000
step   6280 | loss 3.0803 | grad_norm 0.107 | lr x1.000
step   6300 | loss 3.0624 | grad_norm 0.102 | lr x1.000
step   6320 | loss 3.0325 | grad_norm 0.098 | lr x1.000
step   6340 | loss 3.1006 | grad_norm 0.101 | lr x1.000
step   6360 | loss 3.0345 | grad_norm 0.100 | lr x1.000
step   6380 | loss 3.0165 | grad_norm 0.098 | lr x1.000
step   6400 | loss 3.0295 | grad_norm 0.098 | lr x1.000
step   6420 | loss 2.9722 | grad_norm 0.099 | lr x1.000
step   6440 | loss 2.9872 | grad_norm 0.102 | lr x1.000
step   6460 | loss 3.0270 | grad_norm 0.100 | lr x1.000
step   6480 | loss 3.0371 | grad_norm 0.101 | lr x1.000
step   6500 | loss 2.9903 | grad_norm 0.103 | lr x1.000
           val loss 3.3326
step   6520 | loss 3.0550 | grad_norm 0.099 | lr x1.000
step   6540 | loss 3.0419 | grad_norm 0.097 | lr x1.000
step   6560 | loss 2.9985 | grad_norm 0.097 | lr x1.000
step   6580 | loss 3.0108 | grad_norm 0.100 | lr x1.000
step   6600 | loss 3.0398 | grad_norm 0.101 | lr x1.000
step   6620 | loss 3.0103 | grad_norm 0.102 | lr x1.000
step   6640 | loss 3.0015 | grad_norm 0.102 | lr x1.000
step   6660 | loss 2.9393 | grad_norm 0.099 | lr x1.000
step   6680 | loss 3.0358 | grad_norm 0.104 | lr x1.000
step   6700 | loss 2.9758 | grad_norm 0.097 | lr x1.000
step   6720 | loss 2.9706 | grad_norm 0.096 | lr x1.000
step   6740 | loss 2.9962 | grad_norm 0.097 | lr x1.000
           val loss 3.3736
step   6760 | loss 3.0222 | grad_norm 0.095 | lr x1.000
step   6780 | loss 2.9954 | grad_norm 0.097 | lr x1.000
step   6800 | loss 3.0543 | grad_norm 0.102 | lr x1.000
step   6820 | loss 3.0133 | grad_norm 0.101 | lr x1.000
step   6840 | loss 2.9997 | grad_norm 0.104 | lr x1.000
step   6860 | loss 2.9940 | grad_norm 0.098 | lr x1.000
step   6880 | loss 2.9380 | grad_norm 0.097 | lr x1.000
step   6900 | loss 2.9834 | grad_norm 0.097 | lr x1.000
step   6920 | loss 2.9953 | grad_norm 0.099 | lr x1.000
step   6940 | loss 3.0315 | grad_norm 0.103 | lr x1.000
step   6960 | loss 3.0074 | grad_norm 0.095 | lr x1.000
step   6980 | loss 2.9374 | grad_norm 0.100 | lr x1.000
step   7000 | loss 2.9781 | grad_norm 0.098 | lr x1.000
           val loss 3.3384
step   7020 | loss 3.0009 | grad_norm 0.102 | lr x1.000
step   7040 | loss 3.0194 | grad_norm 0.097 | lr x1.000
step   7060 | loss 3.0426 | grad_norm 0.095 | lr x1.000
step   7080 | loss 2.9534 | grad_norm 0.097 | lr x1.000
step   7100 | loss 3.0313 | grad_norm 0.098 | lr x1.000
step   7120 | loss 2.9906 | grad_norm 0.104 | lr x1.000
step   7140 | loss 3.0061 | grad_norm 0.095 | lr x1.000
step   7160 | loss 2.9604 | grad_norm 0.091 | lr x1.000
step   7180 | loss 3.0553 | grad_norm 0.100 | lr x1.000
step   7200 | loss 2.9501 | grad_norm 0.099 | lr x1.000
step   7220 | loss 2.9893 | grad_norm 0.099 | lr x1.000
step   7240 | loss 3.0081 | grad_norm 0.098 | lr x1.000
           val loss 3.3059
step   7260 | loss 2.9724 | grad_norm 0.096 | lr x1.000
step   7280 | loss 2.9724 | grad_norm 0.095 | lr x1.000
step   7300 | loss 3.0066 | grad_norm 0.098 | lr x1.000
step   7320 | loss 2.9683 | grad_norm 0.095 | lr x1.000
step   7340 | loss 2.9523 | grad_norm 0.094 | lr x1.000
step   7360 | loss 2.9804 | grad_norm 0.097 | lr x1.000
step   7380 | loss 3.0275 | grad_norm 0.099 | lr x1.000
step   7400 | loss 3.0629 | grad_norm 0.095 | lr x1.000
step   7420 | loss 3.0325 | grad_norm 0.098 | lr x1.000
step   7440 | loss 2.9777 | grad_norm 0.096 | lr x1.000
step   7460 | loss 2.9870 | grad_norm 0.095 | lr x1.000
step   7480 | loss 3.0220 | grad_norm 0.103 | lr x1.000
step   7500 | loss 2.9621 | grad_norm 0.092 | lr x1.000
           val loss 3.2840
step   7520 | loss 2.9681 | grad_norm 0.093 | lr x1.000
step   7540 | loss 3.0142 | grad_norm 0.095 | lr x1.000
step   7560 | loss 2.9123 | grad_norm 0.095 | lr x1.000
step   7580 | loss 2.9550 | grad_norm 0.096 | lr x1.000
step   7600 | loss 2.9484 | grad_norm 0.103 | lr x1.000
step   7620 | loss 3.0645 | grad_norm 0.096 | lr x1.000
step   7640 | loss 2.9586 | grad_norm 0.097 | lr x1.000
step   7660 | loss 3.0383 | grad_norm 0.098 | lr x1.000
step   7680 | loss 2.9507 | grad_norm 0.093 | lr x1.000
step   7700 | loss 2.9801 | grad_norm 0.093 | lr x1.000
step   7720 | loss 2.9445 | grad_norm 0.095 | lr x1.000
step   7740 | loss 2.9736 | grad_norm 0.093 | lr x1.000
           val loss 3.2671
step   7760 | loss 2.9678 | grad_norm 0.092 | lr x1.000
step   7780 | loss 2.9890 | grad_norm 0.096 | lr x1.000
step   7800 | loss 3.0221 | grad_norm 0.095 | lr x1.000
step   7820 | loss 3.0055 | grad_norm 0.094 | lr x1.000
step   7840 | loss 2.9954 | grad_norm 0.092 | lr x1.000
step   7860 | loss 2.9859 | grad_norm 0.095 | lr x1.000
step   7880 | loss 2.9568 | grad_norm 0.097 | lr x1.000
step   7900 | loss 2.9730 | grad_norm 0.094 | lr x1.000
step   7920 | loss 2.8888 | grad_norm 0.094 | lr x1.000
step   7940 | loss 2.9296 | grad_norm 0.094 | lr x1.000
step   7960 | loss 2.9844 | grad_norm 0.093 | lr x1.000
step   7980 | loss 2.9260 | grad_norm 0.094 | lr x1.000
step   8000 | loss 2.9398 | grad_norm 0.098 | lr x1.000
           val loss 3.2929
step   8020 | loss 2.9795 | grad_norm 0.096 | lr x1.000
step   8040 | loss 3.0047 | grad_norm 0.094 | lr x1.000
step   8060 | loss 3.0013 | grad_norm 0.090 | lr x1.000
step   8080 | loss 2.9728 | grad_norm 0.093 | lr x1.000
step   8100 | loss 2.9726 | grad_norm 0.091 | lr x1.000
step   8120 | loss 2.9842 | grad_norm 0.098 | lr x1.000
step   8140 | loss 2.9859 | grad_norm 0.096 | lr x1.000
step   8160 | loss 2.9817 | grad_norm 0.093 | lr x1.000
step   8180 | loss 2.9759 | grad_norm 0.092 | lr x1.000
step   8200 | loss 2.9949 | grad_norm 0.093 | lr x1.000
step   8220 | loss 2.9341 | grad_norm 0.090 | lr x1.000
step   8240 | loss 2.9258 | grad_norm 0.095 | lr x1.000
           val loss 3.3240
step   8260 | loss 2.9465 | grad_norm 0.094 | lr x1.000
step   8280 | loss 3.0021 | grad_norm 0.092 | lr x1.000
step   8300 | loss 2.9730 | grad_norm 0.095 | lr x1.000
step   8320 | loss 2.9694 | grad_norm 0.094 | lr x1.000
step   8340 | loss 3.0053 | grad_norm 0.095 | lr x1.000
step   8360 | loss 2.8993 | grad_norm 0.091 | lr x1.000
step   8380 | loss 2.9323 | grad_norm 0.091 | lr x1.000
step   8400 | loss 2.9456 | grad_norm 0.093 | lr x1.000
step   8420 | loss 2.9386 | grad_norm 0.093 | lr x1.000
step   8440 | loss 2.9135 | grad_norm 0.095 | lr x1.000
step   8460 | loss 2.9371 | grad_norm 0.091 | lr x1.000
step   8480 | loss 2.9404 | grad_norm 0.092 | lr x1.000
step   8500 | loss 2.9784 | grad_norm 0.093 | lr x1.000
           val loss 3.2910
step   8520 | loss 2.9992 | grad_norm 0.091 | lr x1.000
step   8540 | loss 2.9424 | grad_norm 0.092 | lr x1.000
step   8560 | loss 2.9335 | grad_norm 0.091 | lr x1.000
step   8580 | loss 2.9417 | grad_norm 0.094 | lr x1.000
step   8600 | loss 2.9476 | grad_norm 0.092 | lr x1.000
step   8620 | loss 3.0201 | grad_norm 0.090 | lr x1.000
step   8640 | loss 2.9248 | grad_norm 0.093 | lr x1.000
step   8660 | loss 2.9606 | grad_norm 0.094 | lr x1.000
step   8680 | loss 3.0028 | grad_norm 0.091 | lr x1.000
step   8700 | loss 2.9710 | grad_norm 0.095 | lr x1.000
step   8720 | loss 2.9294 | grad_norm 0.092 | lr x1.000
step   8740 | loss 2.9749 | grad_norm 0.089 | lr x1.000
           val loss 3.2892
step   8760 | loss 2.9640 | grad_norm 0.093 | lr x1.000
step   8780 | loss 2.9109 | grad_norm 0.089 | lr x1.000
step   8800 | loss 2.9122 | grad_norm 0.091 | lr x1.000
step   8820 | loss 2.9841 | grad_norm 0.089 | lr x1.000
step   8840 | loss 2.9864 | grad_norm 0.091 | lr x1.000
step   8860 | loss 2.9095 | grad_norm 0.090 | lr x1.000
step   8880 | loss 2.9711 | grad_norm 0.092 | lr x1.000
step   8900 | loss 2.9044 | grad_norm 0.096 | lr x1.000
step   8920 | loss 2.9779 | grad_norm 0.091 | lr x1.000
step   8940 | loss 2.9017 | grad_norm 0.089 | lr x1.000
step   8960 | loss 2.9673 | grad_norm 0.090 | lr x1.000
step   8980 | loss 2.9661 | grad_norm 0.088 | lr x1.000
step   9000 | loss 2.9335 | grad_norm 0.089 | lr x1.000
           val loss 3.2830
step   9020 | loss 2.9082 | grad_norm 0.089 | lr x1.000
step   9040 | loss 2.9058 | grad_norm 0.088 | lr x1.000
step   9060 | loss 2.9843 | grad_norm 0.087 | lr x1.000
step   9080 | loss 2.8928 | grad_norm 0.089 | lr x1.000
step   9100 | loss 2.9109 | grad_norm 0.096 | lr x1.000
step   9120 | loss 2.8721 | grad_norm 0.090 | lr x1.000
step   9140 | loss 2.9314 | grad_norm 0.090 | lr x1.000
step   9160 | loss 2.9309 | grad_norm 0.089 | lr x1.000
step   9180 | loss 2.9375 | grad_norm 0.089 | lr x1.000
step   9200 | loss 2.9198 | grad_norm 0.093 | lr x1.000
step   9220 | loss 2.9332 | grad_norm 0.091 | lr x1.000
step   9240 | loss 3.0008 | grad_norm 0.091 | lr x1.000
           val loss 3.3259
step   9260 | loss 2.9181 | grad_norm 0.087 | lr x1.000
step   9280 | loss 2.9571 | grad_norm 0.092 | lr x1.000
step   9300 | loss 2.9461 | grad_norm 0.089 | lr x1.000
step   9320 | loss 2.9605 | grad_norm 0.087 | lr x1.000
step   9340 | loss 2.9542 | grad_norm 0.100 | lr x1.000
step   9360 | loss 2.9785 | grad_norm 0.091 | lr x1.000
step   9380 | loss 2.9652 | grad_norm 0.091 | lr x1.000
step   9400 | loss 2.9492 | grad_norm 0.091 | lr x1.000
step   9420 | loss 2.9911 | grad_norm 0.087 | lr x1.000
step   9440 | loss 2.9413 | grad_norm 0.089 | lr x1.000
step   9460 | loss 2.9701 | grad_norm 0.090 | lr x1.000
step   9480 | loss 2.9900 | grad_norm 0.088 | lr x1.000
step   9500 | loss 2.9326 | grad_norm 0.089 | lr x1.000
           val loss 3.2328
step   9520 | loss 2.8923 | grad_norm 0.088 | lr x1.000
step   9540 | loss 2.8800 | grad_norm 0.085 | lr x1.000
step   9560 | loss 2.9300 | grad_norm 0.089 | lr x1.000
step   9580 | loss 2.9442 | grad_norm 0.091 | lr x1.000
step   9600 | loss 2.9204 | grad_norm 0.086 | lr x1.000
step   9620 | loss 2.8937 | grad_norm 0.092 | lr x1.000
step   9640 | loss 2.9327 | grad_norm 0.086 | lr x1.000
step   9660 | loss 2.9307 | grad_norm 0.091 | lr x1.000
step   9680 | loss 2.9539 | grad_norm 0.092 | lr x1.000
step   9700 | loss 2.9553 | grad_norm 0.088 | lr x1.000
step   9720 | loss 2.9619 | grad_norm 0.087 | lr x1.000
step   9740 | loss 2.9757 | grad_norm 0.087 | lr x1.000
           val loss 3.3166
step   9760 | loss 2.9497 | grad_norm 0.086 | lr x1.000
step   9780 | loss 2.9734 | grad_norm 0.091 | lr x1.000
step   9800 | loss 2.9660 | grad_norm 0.088 | lr x1.000
step   9820 | loss 2.9176 | grad_norm 0.088 | lr x1.000
step   9840 | loss 2.9826 | grad_norm 0.089 | lr x1.000
step   9860 | loss 2.9644 | grad_norm 0.089 | lr x1.000
step   9880 | loss 2.9037 | grad_norm 0.087 | lr x1.000
step   9900 | loss 2.8515 | grad_norm 0.087 | lr x1.000
step   9920 | loss 2.9560 | grad_norm 0.088 | lr x1.000
step   9940 | loss 2.9404 | grad_norm 0.087 | lr x1.000
step   9960 | loss 2.9611 | grad_norm 0.090 | lr x1.000
step   9980 | loss 2.8780 | grad_norm 0.087 | lr x1.000
step  10000 | loss 2.9704 | grad_norm 0.087 | lr x1.000
           val loss 3.2407
step  10020 | loss 2.9003 | grad_norm 0.092 | lr x1.000
step  10040 | loss 2.9002 | grad_norm 0.087 | lr x1.000
step  10060 | loss 2.8972 | grad_norm 0.088 | lr x1.000
step  10080 | loss 2.9375 | grad_norm 0.089 | lr x1.000
step  10100 | loss 2.9317 | grad_norm 0.087 | lr x1.000
step  10120 | loss 2.9307 | grad_norm 0.087 | lr x1.000
step  10140 | loss 2.9301 | grad_norm 0.091 | lr x1.000
step  10160 | loss 2.8922 | grad_norm 0.090 | lr x1.000
step  10180 | loss 2.9133 | grad_norm 0.090 | lr x1.000
step  10200 | loss 2.9405 | grad_norm 0.093 | lr x1.000
step  10220 | loss 2.9570 | grad_norm 0.085 | lr x1.000
step  10240 | loss 2.9176 | grad_norm 0.088 | lr x1.000
           val loss 3.2150
step  10260 | loss 2.8994 | grad_norm 0.086 | lr x1.000
step  10280 | loss 2.9263 | grad_norm 0.089 | lr x1.000
step  10300 | loss 2.9523 | grad_norm 0.087 | lr x1.000
step  10320 | loss 2.8958 | grad_norm 0.083 | lr x1.000
step  10340 | loss 2.8360 | grad_norm 0.086 | lr x1.000
step  10360 | loss 2.8981 | grad_norm 0.091 | lr x1.000
step  10380 | loss 2.9314 | grad_norm 0.086 | lr x1.000
step  10400 | loss 2.9352 | grad_norm 0.086 | lr x1.000
step  10420 | loss 2.9158 | grad_norm 0.090 | lr x1.000
step  10440 | loss 2.9434 | grad_norm 0.086 | lr x1.000
step  10460 | loss 2.9576 | grad_norm 0.088 | lr x1.000
step  10480 | loss 2.8717 | grad_norm 0.089 | lr x1.000
step  10500 | loss 2.9731 | grad_norm 0.089 | lr x1.000
           val loss 3.2236
step  10520 | loss 2.8929 | grad_norm 0.089 | lr x1.000
step  10540 | loss 2.9091 | grad_norm 0.084 | lr x1.000
step  10560 | loss 2.9484 | grad_norm 0.084 | lr x1.000
step  10580 | loss 2.9365 | grad_norm 0.085 | lr x1.000
step  10600 | loss 2.9392 | grad_norm 0.083 | lr x1.000
step  10620 | loss 2.9178 | grad_norm 0.084 | lr x1.000
step  10640 | loss 2.9400 | grad_norm 0.085 | lr x1.000
step  10660 | loss 2.9276 | grad_norm 0.085 | lr x1.000
step  10680 | loss 2.9119 | grad_norm 0.085 | lr x1.000
step  10700 | loss 2.9188 | grad_norm 0.084 | lr x1.000
step  10720 | loss 3.0249 | grad_norm 0.088 | lr x1.000
step  10740 | loss 2.9405 | grad_norm 0.088 | lr x1.000
           val loss 3.1966
step  10760 | loss 2.9257 | grad_norm 0.085 | lr x1.000
step  10780 | loss 2.8891 | grad_norm 0.086 | lr x1.000
step  10800 | loss 2.8274 | grad_norm 0.084 | lr x1.000
step  10820 | loss 2.9200 | grad_norm 0.085 | lr x1.000
step  10840 | loss 2.9318 | grad_norm 0.086 | lr x1.000
step  10860 | loss 2.9495 | grad_norm 0.086 | lr x1.000
step  10880 | loss 2.8568 | grad_norm 0.085 | lr x1.000
step  10900 | loss 2.8821 | grad_norm 0.084 | lr x1.000
step  10920 | loss 2.8712 | grad_norm 0.084 | lr x1.000
step  10940 | loss 2.9291 | grad_norm 0.085 | lr x1.000
step  10960 | loss 2.8986 | grad_norm 0.085 | lr x1.000
step  10980 | loss 2.9321 | grad_norm 0.082 | lr x1.000
step  11000 | loss 2.8972 | grad_norm 0.085 | lr x1.000
           val loss 3.2197
step  11020 | loss 2.9245 | grad_norm 0.088 | lr x1.000
step  11040 | loss 2.9046 | grad_norm 0.085 | lr x1.000
step  11060 | loss 2.8932 | grad_norm 0.082 | lr x1.000
step  11080 | loss 2.8851 | grad_norm 0.084 | lr x1.000
step  11100 | loss 2.8926 | grad_norm 0.083 | lr x1.000
step  11120 | loss 2.9035 | grad_norm 0.082 | lr x1.000
step  11140 | loss 2.9850 | grad_norm 0.084 | lr x1.000
step  11160 | loss 2.8963 | grad_norm 0.083 | lr x1.000
step  11180 | loss 2.8989 | grad_norm 0.085 | lr x1.000
step  11200 | loss 2.8995 | grad_norm 0.084 | lr x1.000
step  11220 | loss 2.8803 | grad_norm 0.085 | lr x1.000
step  11240 | loss 2.8874 | grad_norm 0.082 | lr x1.000
           val loss 3.2274
step  11260 | loss 2.8596 | grad_norm 0.085 | lr x1.000
step  11280 | loss 2.9417 | grad_norm 0.087 | lr x1.000
step  11300 | loss 2.8794 | grad_norm 0.083 | lr x1.000
step  11320 | loss 2.8777 | grad_norm 0.082 | lr x1.000
step  11340 | loss 2.9239 | grad_norm 0.083 | lr x1.000
step  11360 | loss 2.9050 | grad_norm 0.085 | lr x1.000
step  11380 | loss 2.8779 | grad_norm 0.085 | lr x1.000
step  11400 | loss 2.8099 | grad_norm 0.082 | lr x1.000
step  11420 | loss 2.9666 | grad_norm 0.082 | lr x1.000
step  11440 | loss 2.9357 | grad_norm 0.088 | lr x1.000
step  11460 | loss 2.9424 | grad_norm 0.085 | lr x1.000
step  11480 | loss 2.8289 | grad_norm 0.082 | lr x1.000
step  11500 | loss 2.9028 | grad_norm 0.087 | lr x1.000
           val loss 3.1541
step  11520 | loss 2.9249 | grad_norm 0.083 | lr x1.000
step  11540 | loss 2.9104 | grad_norm 0.082 | lr x1.000
step  11560 | loss 2.9426 | grad_norm 0.083 | lr x1.000
step  11580 | loss 2.9205 | grad_norm 0.084 | lr x1.000
step  11600 | loss 2.8656 | grad_norm 0.084 | lr x1.000
step  11620 | loss 2.9045 | grad_norm 0.082 | lr x1.000
step  11640 | loss 2.9618 | grad_norm 0.083 | lr x1.000
step  11660 | loss 2.8628 | grad_norm 0.082 | lr x1.000
step  11680 | loss 2.8720 | grad_norm 0.081 | lr x1.000
step  11700 | loss 2.9084 | grad_norm 0.084 | lr x1.000
step  11720 | loss 2.9263 | grad_norm 0.081 | lr x1.000
step  11740 | loss 2.9058 | grad_norm 0.083 | lr x1.000
           val loss 3.2549
step  11760 | loss 2.8512 | grad_norm 0.080 | lr x1.000
step  11780 | loss 2.8551 | grad_norm 0.083 | lr x1.000
step  11800 | loss 2.8625 | grad_norm 0.082 | lr x1.000
step  11820 | loss 2.9376 | grad_norm 0.082 | lr x1.000
step  11840 | loss 2.9268 | grad_norm 0.085 | lr x1.000
step  11860 | loss 2.9302 | grad_norm 0.083 | lr x1.000
step  11880 | loss 2.8331 | grad_norm 0.084 | lr x1.000
step  11900 | loss 2.8915 | grad_norm 0.082 | lr x1.000
step  11920 | loss 2.8901 | grad_norm 0.081 | lr x1.000
step  11940 | loss 2.9046 | grad_norm 0.083 | lr x1.000
step  11960 | loss 2.9234 | grad_norm 0.083 | lr x1.000
step  11980 | loss 2.8310 | grad_norm 0.084 | lr x1.000
step  12000 | loss 2.9666 | grad_norm 0.085 | lr x1.000
           val loss 3.2102
step  12020 | loss 2.9092 | grad_norm 0.082 | lr x1.000
step  12040 | loss 2.9205 | grad_norm 0.083 | lr x1.000
step  12060 | loss 2.8759 | grad_norm 0.082 | lr x1.000
step  12080 | loss 2.8491 | grad_norm 0.081 | lr x1.000
step  12100 | loss 2.8774 | grad_norm 0.084 | lr x1.000
step  12120 | loss 2.8238 | grad_norm 0.082 | lr x1.000
step  12140 | loss 2.8954 | grad_norm 0.081 | lr x1.000
step  12160 | loss 2.9313 | grad_norm 0.085 | lr x1.000
step  12180 | loss 2.9107 | grad_norm 0.080 | lr x1.000
step  12200 | loss 2.8761 | grad_norm 0.081 | lr x1.000
step  12220 | loss 2.9084 | grad_norm 0.083 | lr x1.000
step  12240 | loss 2.8876 | grad_norm 0.080 | lr x1.000
           val loss 3.2017
step  12260 | loss 2.9289 | grad_norm 0.081 | lr x1.000
step  12280 | loss 2.9011 | grad_norm 0.080 | lr x1.000
step  12300 | loss 2.8782 | grad_norm 0.081 | lr x1.000
step  12320 | loss 2.8885 | grad_norm 0.081 | lr x1.000
step  12340 | loss 2.8999 | grad_norm 0.081 | lr x1.000
step  12360 | loss 2.9365 | grad_norm 0.083 | lr x1.000
step  12380 | loss 2.8844 | grad_norm 0.084 | lr x1.000
step  12400 | loss 2.8734 | grad_norm 0.080 | lr x1.000
step  12420 | loss 2.8402 | grad_norm 0.084 | lr x1.000
step  12440 | loss 2.8296 | grad_norm 0.083 | lr x1.000
step  12460 | loss 2.8943 | grad_norm 0.081 | lr x1.000
step  12480 | loss 2.8864 | grad_norm 0.083 | lr x1.000
step  12500 | loss 2.8515 | grad_norm 0.081 | lr x1.000
           val loss 3.2078
step  12520 | loss 2.9358 | grad_norm 0.082 | lr x1.000
step  12540 | loss 2.8975 | grad_norm 0.082 | lr x1.000
step  12560 | loss 2.8792 | grad_norm 0.081 | lr x1.000
step  12580 | loss 2.9184 | grad_norm 0.082 | lr x1.000
step  12600 | loss 2.8787 | grad_norm 0.080 | lr x1.000
step  12620 | loss 2.8760 | grad_norm 0.085 | lr x1.000
step  12640 | loss 2.8217 | grad_norm 0.082 | lr x1.000
step  12660 | loss 2.9408 | grad_norm 0.081 | lr x1.000
step  12680 | loss 2.8625 | grad_norm 0.083 | lr x1.000
step  12700 | loss 2.8275 | grad_norm 0.078 | lr x1.000
step  12720 | loss 2.9195 | grad_norm 0.081 | lr x1.000
step  12740 | loss 2.8908 | grad_norm 0.080 | lr x1.000
           val loss 3.1956
step  12760 | loss 2.9263 | grad_norm 0.080 | lr x1.000
step  12780 | loss 2.8597 | grad_norm 0.083 | lr x1.000
step  12800 | loss 2.9327 | grad_norm 0.081 | lr x1.000
step  12820 | loss 2.8477 | grad_norm 0.078 | lr x1.000
step  12840 | loss 2.9464 | grad_norm 0.081 | lr x1.000
step  12860 | loss 2.8963 | grad_norm 0.079 | lr x1.000
step  12880 | loss 2.8020 | grad_norm 0.080 | lr x1.000
step  12900 | loss 2.8984 | grad_norm 0.081 | lr x1.000
step  12920 | loss 2.8781 | grad_norm 0.079 | lr x1.000
step  12940 | loss 2.8688 | grad_norm 0.083 | lr x1.000
step  12960 | loss 2.8412 | grad_norm 0.078 | lr x1.000
step  12980 | loss 2.8765 | grad_norm 0.078 | lr x1.000
step  13000 | loss 2.8591 | grad_norm 0.078 | lr x1.000
           val loss 3.2118
step  13020 | loss 2.8157 | grad_norm 0.080 | lr x1.000
step  13040 | loss 2.9233 | grad_norm 0.080 | lr x1.000
step  13060 | loss 2.9041 | grad_norm 0.083 | lr x1.000
step  13080 | loss 2.8578 | grad_norm 0.079 | lr x1.000
step  13100 | loss 2.8864 | grad_norm 0.082 | lr x1.000
step  13120 | loss 2.8798 | grad_norm 0.080 | lr x1.000
step  13140 | loss 2.9174 | grad_norm 0.081 | lr x1.000
step  13160 | loss 2.8632 | grad_norm 0.080 | lr x1.000
step  13180 | loss 2.8679 | grad_norm 0.078 | lr x1.000
step  13200 | loss 2.9089 | grad_norm 0.082 | lr x1.000
step  13220 | loss 2.9798 | grad_norm 0.080 | lr x1.000
step  13240 | loss 2.9537 | grad_norm 0.080 | lr x1.000
           val loss 3.1605
step  13260 | loss 2.9236 | grad_norm 0.080 | lr x1.000
step  13280 | loss 2.8343 | grad_norm 0.079 | lr x1.000
step  13300 | loss 2.8702 | grad_norm 0.080 | lr x1.000
step  13320 | loss 2.8919 | grad_norm 0.081 | lr x1.000
step  13340 | loss 2.8753 | grad_norm 0.078 | lr x1.000
step  13360 | loss 2.9664 | grad_norm 0.081 | lr x1.000
step  13380 | loss 2.8911 | grad_norm 0.080 | lr x1.000
step  13400 | loss 2.9178 | grad_norm 0.078 | lr x1.000
step  13420 | loss 2.8661 | grad_norm 0.079 | lr x1.000
step  13440 | loss 2.9141 | grad_norm 0.084 | lr x1.000
step  13460 | loss 2.8863 | grad_norm 0.082 | lr x1.000
step  13480 | loss 2.8509 | grad_norm 0.078 | lr x1.000
step  13500 | loss 2.9453 | grad_norm 0.077 | lr x1.000
           val loss 3.2026
step  13520 | loss 2.9025 | grad_norm 0.080 | lr x1.000
step  13540 | loss 2.9012 | grad_norm 0.076 | lr x1.000
step  13560 | loss 2.8353 | grad_norm 0.078 | lr x1.000
step  13580 | loss 2.8622 | grad_norm 0.080 | lr x1.000
step  13600 | loss 2.9504 | grad_norm 0.080 | lr x1.000
step  13620 | loss 2.8633 | grad_norm 0.078 | lr x1.000
step  13640 | loss 2.8621 | grad_norm 0.080 | lr x1.000
step  13660 | loss 2.8585 | grad_norm 0.081 | lr x1.000
step  13680 | loss 2.8998 | grad_norm 0.078 | lr x1.000
step  13700 | loss 2.9397 | grad_norm 0.079 | lr x1.000
step  13720 | loss 2.9386 | grad_norm 0.078 | lr x1.000
step  13740 | loss 2.8352 | grad_norm 0.078 | lr x1.000
           val loss 3.1930
step  13760 | loss 2.8925 | grad_norm 0.079 | lr x1.000
step  13780 | loss 2.8723 | grad_norm 0.079 | lr x1.000
step  13800 | loss 2.8917 | grad_norm 0.079 | lr x1.000
step  13820 | loss 2.8169 | grad_norm 0.077 | lr x1.000
step  13840 | loss 2.8066 | grad_norm 0.077 | lr x1.000
step  13860 | loss 2.8652 | grad_norm 0.077 | lr x1.000
step  13880 | loss 2.8309 | grad_norm 0.077 | lr x1.000
step  13900 | loss 2.9168 | grad_norm 0.077 | lr x1.000
step  13920 | loss 2.8890 | grad_norm 0.077 | lr x1.000
step  13940 | loss 2.8449 | grad_norm 0.077 | lr x1.000
step  13960 | loss 2.8782 | grad_norm 0.077 | lr x1.000
step  13980 | loss 2.7775 | grad_norm 0.079 | lr x1.000
step  14000 | loss 2.8506 | grad_norm 0.077 | lr x1.000
           val loss 3.1746
step  14020 | loss 2.8033 | grad_norm 0.079 | lr x1.000
step  14040 | loss 2.8379 | grad_norm 0.076 | lr x1.000
step  14060 | loss 2.9268 | grad_norm 0.078 | lr x1.000
step  14080 | loss 2.8448 | grad_norm 0.081 | lr x1.000
step  14100 | loss 2.8943 | grad_norm 0.078 | lr x1.000
step  14120 | loss 2.9045 | grad_norm 0.078 | lr x1.000
step  14140 | loss 2.8511 | grad_norm 0.080 | lr x1.000
step  14160 | loss 2.8022 | grad_norm 0.077 | lr x1.000
step  14180 | loss 2.8795 | grad_norm 0.075 | lr x1.000
step  14200 | loss 2.8601 | grad_norm 0.078 | lr x1.000
step  14220 | loss 2.8521 | grad_norm 0.077 | lr x1.000
step  14240 | loss 2.8619 | grad_norm 0.078 | lr x1.000
           val loss 3.2341
step  14260 | loss 2.8752 | grad_norm 0.077 | lr x1.000
step  14280 | loss 2.8524 | grad_norm 0.081 | lr x1.000
step  14300 | loss 2.8230 | grad_norm 0.079 | lr x1.000
step  14320 | loss 2.8455 | grad_norm 0.078 | lr x1.000
step  14340 | loss 2.8641 | grad_norm 0.078 | lr x1.000
step  14360 | loss 2.9064 | grad_norm 0.077 | lr x1.000
step  14380 | loss 2.8934 | grad_norm 0.078 | lr x1.000
step  14400 | loss 2.8719 | grad_norm 0.075 | lr x1.000
step  14420 | loss 2.8876 | grad_norm 0.078 | lr x1.000
step  14440 | loss 2.8322 | grad_norm 0.077 | lr x1.000
step  14460 | loss 2.8771 | grad_norm 0.080 | lr x1.000
step  14480 | loss 2.8507 | grad_norm 0.075 | lr x1.000
step  14500 | loss 2.8789 | grad_norm 0.076 | lr x1.000
           val loss 3.1890
step  14520 | loss 2.8873 | grad_norm 0.077 | lr x1.000
step  14540 | loss 2.8775 | grad_norm 0.074 | lr x1.000
step  14560 | loss 2.9119 | grad_norm 0.078 | lr x1.000
step  14580 | loss 2.8236 | grad_norm 0.076 | lr x1.000
step  14600 | loss 2.8073 | grad_norm 0.075 | lr x1.000
step  14620 | loss 2.8754 | grad_norm 0.076 | lr x1.000
step  14640 | loss 2.8561 | grad_norm 0.076 | lr x1.000
step  14660 | loss 2.8271 | grad_norm 0.077 | lr x1.000
step  14680 | loss 2.8020 | grad_norm 0.074 | lr x1.000
step  14700 | loss 2.8004 | grad_norm 0.079 | lr x1.000
step  14720 | loss 2.8931 | grad_norm 0.076 | lr x1.000
step  14740 | loss 2.8338 | grad_norm 0.075 | lr x1.000
           val loss 3.1423
step  14760 | loss 2.8605 | grad_norm 0.076 | lr x1.000
step  14780 | loss 2.8600 | grad_norm 0.079 | lr x1.000
step  14800 | loss 2.8330 | grad_norm 0.073 | lr x1.000
step  14820 | loss 2.8366 | grad_norm 0.078 | lr x1.000
step  14840 | loss 2.7986 | grad_norm 0.077 | lr x1.000
step  14860 | loss 2.9171 | grad_norm 0.077 | lr x1.000
step  14880 | loss 2.8220 | grad_norm 0.076 | lr x1.000
step  14900 | loss 2.8684 | grad_norm 0.076 | lr x1.000
step  14920 | loss 2.8475 | grad_norm 0.075 | lr x1.000
step  14940 | loss 2.8219 | grad_norm 0.077 | lr x1.000
step  14960 | loss 2.8423 | grad_norm 0.079 | lr x1.000
step  14980 | loss 2.8759 | grad_norm 0.077 | lr x1.000
step  15000 | loss 2.8584 | grad_norm 0.077 | lr x1.000
           val loss 3.2241
step  15020 | loss 2.9007 | grad_norm 0.074 | lr x1.000
step  15040 | loss 2.8106 | grad_norm 0.075 | lr x1.000
step  15060 | loss 2.8870 | grad_norm 0.075 | lr x1.000
step  15080 | loss 2.8107 | grad_norm 0.076 | lr x1.000
step  15100 | loss 2.8213 | grad_norm 0.077 | lr x1.000
step  15120 | loss 2.7840 | grad_norm 0.076 | lr x1.000
step  15140 | loss 2.8105 | grad_norm 0.075 | lr x1.000
step  15160 | loss 2.7763 | grad_norm 0.076 | lr x1.000
step  15180 | loss 2.8745 | grad_norm 0.076 | lr x1.000
step  15200 | loss 2.9053 | grad_norm 0.075 | lr x1.000
step  15220 | loss 2.8502 | grad_norm 0.075 | lr x1.000
step  15240 | loss 2.8498 | grad_norm 0.074 | lr x1.000
           val loss 3.2134
step  15260 | loss 2.7915 | grad_norm 0.077 | lr x1.000
step  15280 | loss 2.8490 | grad_norm 0.075 | lr x1.000
step  15300 | loss 2.8315 | grad_norm 0.083 | lr x1.000
step  15320 | loss 2.9181 | grad_norm 0.075 | lr x1.000
step  15340 | loss 2.8507 | grad_norm 0.075 | lr x1.000
step  15360 | loss 2.9282 | grad_norm 0.077 | lr x1.000
step  15380 | loss 2.8816 | grad_norm 0.076 | lr x1.000
step  15400 | loss 2.8389 | grad_norm 0.074 | lr x1.000
step  15420 | loss 2.8423 | grad_norm 0.075 | lr x1.000
step  15440 | loss 2.8969 | grad_norm 0.077 | lr x1.000
step  15460 | loss 2.8096 | grad_norm 0.074 | lr x1.000
step  15480 | loss 2.8789 | grad_norm 0.076 | lr x1.000
step  15500 | loss 2.9047 | grad_norm 0.077 | lr x1.000
           val loss 3.2354
step  15520 | loss 2.8126 | grad_norm 0.077 | lr x1.000
step  15540 | loss 2.8605 | grad_norm 0.077 | lr x1.000
step  15560 | loss 2.8192 | grad_norm 0.076 | lr x1.000
step  15580 | loss 2.8262 | grad_norm 0.073 | lr x1.000
step  15600 | loss 2.8439 | grad_norm 0.076 | lr x1.000
step  15620 | loss 2.8615 | grad_norm 0.074 | lr x1.000
step  15640 | loss 2.8589 | grad_norm 0.077 | lr x1.000
step  15660 | loss 2.8839 | grad_norm 0.075 | lr x1.000
step  15680 | loss 2.8362 | grad_norm 0.075 | lr x1.000
step  15700 | loss 2.8336 | grad_norm 0.074 | lr x1.000
step  15720 | loss 2.8437 | grad_norm 0.073 | lr x1.000
step  15740 | loss 2.8811 | grad_norm 0.076 | lr x1.000
           val loss 3.1547
step  15760 | loss 2.8332 | grad_norm 0.072 | lr x1.000
step  15780 | loss 2.8742 | grad_norm 0.075 | lr x1.000
step  15800 | loss 2.9018 | grad_norm 0.075 | lr x1.000
step  15820 | loss 2.7888 | grad_norm 0.075 | lr x1.000
step  15840 | loss 2.7523 | grad_norm 0.074 | lr x1.000
step  15860 | loss 2.8095 | grad_norm 0.076 | lr x1.000
step  15880 | loss 2.7891 | grad_norm 0.073 | lr x1.000
step  15900 | loss 2.9095 | grad_norm 0.077 | lr x1.000
step  15920 | loss 2.8247 | grad_norm 0.075 | lr x1.000
step  15940 | loss 2.8669 | grad_norm 0.072 | lr x1.000
step  15960 | loss 2.8696 | grad_norm 0.075 | lr x1.000
step  15980 | loss 2.8249 | grad_norm 0.074 | lr x1.000
step  16000 | loss 2.7948 | grad_norm 0.074 | lr x1.000
           val loss 3.1755
step  16020 | loss 2.8682 | grad_norm 0.072 | lr x1.000
step  16040 | loss 2.7882 | grad_norm 0.075 | lr x1.000
step  16060 | loss 2.8381 | grad_norm 0.073 | lr x1.000
step  16080 | loss 2.8287 | grad_norm 0.074 | lr x1.000
step  16100 | loss 2.8359 | grad_norm 0.071 | lr x1.000
step  16120 | loss 2.7940 | grad_norm 0.072 | lr x1.000
step  16140 | loss 2.8708 | grad_norm 0.073 | lr x1.000
step  16160 | loss 2.8169 | grad_norm 0.073 | lr x1.000
step  16180 | loss 2.8547 | grad_norm 0.074 | lr x1.000
step  16200 | loss 2.8584 | grad_norm 0.075 | lr x1.000
step  16220 | loss 2.8798 | grad_norm 0.073 | lr x1.000
step  16240 | loss 2.8880 | grad_norm 0.075 | lr x1.000
           val loss 3.1906
step  16260 | loss 2.8212 | grad_norm 0.074 | lr x1.000
step  16280 | loss 2.8399 | grad_norm 0.075 | lr x1.000
step  16300 | loss 2.8136 | grad_norm 0.074 | lr x1.000
step  16320 | loss 2.7718 | grad_norm 0.074 | lr x1.000
step  16340 | loss 2.9106 | grad_norm 0.076 | lr x1.000
step  16360 | loss 2.8638 | grad_norm 0.073 | lr x1.000
step  16380 | loss 2.8601 | grad_norm 0.075 | lr x1.000
step  16400 | loss 2.8404 | grad_norm 0.077 | lr x1.000
step  16420 | loss 2.8419 | grad_norm 0.075 | lr x1.000
step  16440 | loss 2.8758 | grad_norm 0.073 | lr x1.000
step  16460 | loss 2.8252 | grad_norm 0.077 | lr x1.000
step  16480 | loss 2.8610 | grad_norm 0.074 | lr x1.000
step  16500 | loss 2.8044 | grad_norm 0.075 | lr x1.000
           val loss 3.2131
step  16520 | loss 2.7982 | grad_norm 0.073 | lr x1.000
step  16540 | loss 2.8471 | grad_norm 0.074 | lr x1.000
step  16560 | loss 2.8614 | grad_norm 0.073 | lr x1.000
step  16580 | loss 2.8197 | grad_norm 0.072 | lr x1.000
step  16600 | loss 2.7951 | grad_norm 0.072 | lr x1.000
step  16620 | loss 2.8551 | grad_norm 0.073 | lr x1.000
step  16640 | loss 2.8326 | grad_norm 0.075 | lr x1.000
step  16660 | loss 2.8396 | grad_norm 0.074 | lr x1.000
step  16680 | loss 2.8933 | grad_norm 0.074 | lr x1.000
step  16700 | loss 2.8923 | grad_norm 0.074 | lr x1.000
step  16720 | loss 2.7864 | grad_norm 0.076 | lr x1.000
step  16740 | loss 2.8543 | grad_norm 0.073 | lr x1.000
           val loss 3.1667
step  16760 | loss 2.8549 | grad_norm 0.071 | lr x1.000
step  16780 | loss 2.7868 | grad_norm 0.073 | lr x1.000
step  16800 | loss 2.8167 | grad_norm 0.073 | lr x1.000
step  16820 | loss 2.8621 | grad_norm 0.072 | lr x1.000
step  16840 | loss 2.8723 | grad_norm 0.073 | lr x1.000
step  16860 | loss 2.8274 | grad_norm 0.072 | lr x1.000
step  16880 | loss 2.8344 | grad_norm 0.073 | lr x1.000
step  16900 | loss 2.8657 | grad_norm 0.072 | lr x1.000
step  16920 | loss 2.8687 | grad_norm 0.072 | lr x1.000
step  16940 | loss 2.8605 | grad_norm 0.071 | lr x1.000
step  16960 | loss 2.8384 | grad_norm 0.072 | lr x1.000
step  16980 | loss 2.7991 | grad_norm 0.072 | lr x1.000
step  17000 | loss 2.7960 | grad_norm 0.070 | lr x1.000
           val loss 3.1289
step  17020 | loss 2.8466 | grad_norm 0.073 | lr x1.000
step  17040 | loss 2.8765 | grad_norm 0.072 | lr x1.000
step  17060 | loss 2.8225 | grad_norm 0.075 | lr x1.000
step  17080 | loss 2.8468 | grad_norm 0.075 | lr x1.000
step  17100 | loss 2.8074 | grad_norm 0.073 | lr x1.000
step  17120 | loss 2.8174 | grad_norm 0.073 | lr x1.000
step  17140 | loss 2.8092 | grad_norm 0.073 | lr x1.000
step  17160 | loss 2.8741 | grad_norm 0.073 | lr x1.000
step  17180 | loss 2.7962 | grad_norm 0.072 | lr x1.000
step  17200 | loss 2.8748 | grad_norm 0.073 | lr x1.000
step  17220 | loss 2.8303 | grad_norm 0.075 | lr x1.000
step  17240 | loss 2.7666 | grad_norm 0.075 | lr x1.000
           val loss 3.1644
step  17260 | loss 2.8618 | grad_norm 0.073 | lr x1.000
step  17280 | loss 2.8314 | grad_norm 0.074 | lr x1.000
step  17300 | loss 2.8313 | grad_norm 0.071 | lr x1.000
step  17320 | loss 2.8669 | grad_norm 0.073 | lr x1.000
step  17340 | loss 2.7766 | grad_norm 0.075 | lr x1.000
step  17360 | loss 2.8061 | grad_norm 0.072 | lr x1.000
step  17380 | loss 2.8296 | grad_norm 0.073 | lr x1.000
step  17400 | loss 2.8568 | grad_norm 0.073 | lr x1.000
step  17420 | loss 2.8282 | grad_norm 0.075 | lr x1.000
step  17440 | loss 2.8382 | grad_norm 0.071 | lr x1.000
step  17460 | loss 2.8083 | grad_norm 0.072 | lr x1.000
step  17480 | loss 2.8344 | grad_norm 0.072 | lr x1.000
step  17500 | loss 2.8900 | grad_norm 0.074 | lr x1.000
           val loss 3.1490
step  17520 | loss 2.7589 | grad_norm 0.071 | lr x1.000
step  17540 | loss 2.8464 | grad_norm 0.070 | lr x1.000
step  17560 | loss 2.7836 | grad_norm 0.072 | lr x1.000
step  17580 | loss 2.8308 | grad_norm 0.071 | lr x1.000
step  17600 | loss 2.9351 | grad_norm 0.072 | lr x1.000
step  17620 | loss 2.8616 | grad_norm 0.072 | lr x1.000
step  17640 | loss 2.7746 | grad_norm 0.073 | lr x1.000
step  17660 | loss 2.8919 | grad_norm 0.072 | lr x1.000
step  17680 | loss 2.8050 | grad_norm 0.071 | lr x1.000
step  17700 | loss 2.8406 | grad_norm 0.072 | lr x1.000
step  17720 | loss 2.7776 | grad_norm 0.071 | lr x1.000
step  17740 | loss 2.8483 | grad_norm 0.072 | lr x1.000
           val loss 3.2025
step  17760 | loss 2.7789 | grad_norm 0.072 | lr x1.000
step  17780 | loss 2.8896 | grad_norm 0.071 | lr x1.000
step  17800 | loss 2.7841 | grad_norm 0.073 | lr x1.000
step  17820 | loss 2.7949 | grad_norm 0.076 | lr x1.000
step  17840 | loss 2.8376 | grad_norm 0.072 | lr x1.000
step  17860 | loss 2.8444 | grad_norm 0.073 | lr x1.000
step  17880 | loss 2.8618 | grad_norm 0.071 | lr x1.000
step  17900 | loss 2.8040 | grad_norm 0.071 | lr x1.000
step  17920 | loss 2.8365 | grad_norm 0.072 | lr x1.000
step  17940 | loss 2.8135 | grad_norm 0.071 | lr x1.000
step  17960 | loss 2.8419 | grad_norm 0.072 | lr x1.000
step  17980 | loss 2.7617 | grad_norm 0.069 | lr x1.000
step  18000 | loss 2.8052 | grad_norm 0.071 | lr x1.000
           val loss 3.1379
step  18020 | loss 2.7532 | grad_norm 0.072 | lr x1.000
step  18040 | loss 2.7870 | grad_norm 0.071 | lr x1.000
step  18060 | loss 2.7838 | grad_norm 0.073 | lr x1.000
step  18080 | loss 2.7692 | grad_norm 0.071 | lr x1.000
step  18100 | loss 2.8528 | grad_norm 0.072 | lr x1.000
step  18120 | loss 2.7298 | grad_norm 0.072 | lr x1.000
step  18140 | loss 2.7934 | grad_norm 0.072 | lr x1.000
step  18160 | loss 2.7612 | grad_norm 0.070 | lr x1.000
step  18180 | loss 2.8038 | grad_norm 0.073 | lr x1.000
step  18200 | loss 2.7952 | grad_norm 0.069 | lr x1.000
step  18220 | loss 2.8004 | grad_norm 0.072 | lr x1.000
step  18240 | loss 2.8130 | grad_norm 0.072 | lr x1.000
           val loss 3.1777
step  18260 | loss 2.8623 | grad_norm 0.072 | lr x1.000
step  18280 | loss 2.8282 | grad_norm 0.070 | lr x1.000
step  18300 | loss 2.8151 | grad_norm 0.071 | lr x1.000
step  18320 | loss 2.8816 | grad_norm 0.073 | lr x1.000
step  18340 | loss 2.7649 | grad_norm 0.072 | lr x1.000
step  18360 | loss 2.9140 | grad_norm 0.072 | lr x1.000
step  18380 | loss 2.7666 | grad_norm 0.074 | lr x1.000
step  18400 | loss 2.7806 | grad_norm 0.070 | lr x1.000
step  18420 | loss 2.8411 | grad_norm 0.079 | lr x1.000
step  18440 | loss 2.7986 | grad_norm 0.070 | lr x1.000
step  18460 | loss 2.8202 | grad_norm 0.070 | lr x1.000
step  18480 | loss 2.8242 | grad_norm 0.070 | lr x1.000
step  18500 | loss 2.8276 | grad_norm 0.071 | lr x1.000
           val loss 3.1727
step  18520 | loss 2.7972 | grad_norm 0.071 | lr x1.000
step  18540 | loss 2.8896 | grad_norm 0.071 | lr x1.000
step  18560 | loss 2.8623 | grad_norm 0.070 | lr x1.000
step  18580 | loss 2.7968 | grad_norm 0.070 | lr x1.000
step  18600 | loss 2.8289 | grad_norm 0.071 | lr x1.000
step  18620 | loss 2.8485 | grad_norm 0.070 | lr x1.000
step  18640 | loss 2.8007 | grad_norm 0.069 | lr x1.000
step  18660 | loss 2.8223 | grad_norm 0.070 | lr x1.000
step  18680 | loss 2.8564 | grad_norm 0.069 | lr x1.000
step  18700 | loss 2.8371 | grad_norm 0.071 | lr x1.000
step  18720 | loss 2.7625 | grad_norm 0.071 | lr x1.000
step  18740 | loss 2.8217 | grad_norm 0.070 | lr x1.000
           val loss 3.1417
step  18760 | loss 2.7937 | grad_norm 0.070 | lr x1.000
step  18780 | loss 2.8065 | grad_norm 0.069 | lr x1.000
step  18800 | loss 2.7917 | grad_norm 0.069 | lr x1.000
step  18820 | loss 2.7894 | grad_norm 0.073 | lr x1.000
step  18840 | loss 2.8087 | grad_norm 0.072 | lr x1.000
step  18860 | loss 2.8546 | grad_norm 0.073 | lr x1.000
step  18880 | loss 2.7783 | grad_norm 0.069 | lr x1.000
step  18900 | loss 2.8503 | grad_norm 0.074 | lr x1.000
step  18920 | loss 2.8065 | grad_norm 0.070 | lr x1.000
step  18940 | loss 2.7991 | grad_norm 0.070 | lr x1.000
step  18960 | loss 2.8857 | grad_norm 0.069 | lr x1.000
step  18980 | loss 2.8662 | grad_norm 0.070 | lr x1.000
step  19000 | loss 2.7872 | grad_norm 0.074 | lr x1.000
           val loss 3.1221
step  19020 | loss 2.7986 | grad_norm 0.071 | lr x1.000
step  19040 | loss 2.7443 | grad_norm 0.071 | lr x1.000
step  19060 | loss 2.9104 | grad_norm 0.072 | lr x1.000
step  19080 | loss 2.8788 | grad_norm 0.069 | lr x1.000
step  19100 | loss 2.8161 | grad_norm 0.068 | lr x1.000
step  19120 | loss 2.8601 | grad_norm 0.069 | lr x1.000
step  19140 | loss 2.8210 | grad_norm 0.068 | lr x1.000
step  19160 | loss 2.8754 | grad_norm 0.071 | lr x1.000
step  19180 | loss 2.7712 | grad_norm 0.070 | lr x1.000
step  19200 | loss 2.7905 | grad_norm 0.070 | lr x1.000
step  19220 | loss 2.7817 | grad_norm 0.070 | lr x1.000
step  19240 | loss 2.7893 | grad_norm 0.073 | lr x1.000
           val loss 3.1417
step  19260 | loss 2.7391 | grad_norm 0.069 | lr x1.000
step  19280 | loss 2.8053 | grad_norm 0.070 | lr x1.000
step  19300 | loss 2.8337 | grad_norm 0.070 | lr x1.000
step  19320 | loss 2.7898 | grad_norm 0.070 | lr x1.000
step  19340 | loss 2.8187 | grad_norm 0.070 | lr x1.000
step  19360 | loss 2.8034 | grad_norm 0.070 | lr x1.000
step  19380 | loss 2.8104 | grad_norm 0.071 | lr x1.000
step  19400 | loss 2.8464 | grad_norm 0.069 | lr x1.000
step  19420 | loss 2.8192 | grad_norm 0.069 | lr x1.000
step  19440 | loss 2.8684 | grad_norm 0.072 | lr x1.000
step  19460 | loss 2.8153 | grad_norm 0.072 | lr x1.000
step  19480 | loss 2.8160 | grad_norm 0.070 | lr x1.000
step  19500 | loss 2.8219 | grad_norm 0.070 | lr x1.000
           val loss 3.1501
step  19520 | loss 2.7684 | grad_norm 0.069 | lr x1.000
step  19540 | loss 2.7870 | grad_norm 0.069 | lr x1.000
step  19560 | loss 2.8531 | grad_norm 0.068 | lr x1.000
step  19580 | loss 2.7603 | grad_norm 0.068 | lr x1.000
step  19600 | loss 2.8072 | grad_norm 0.073 | lr x1.000
step  19620 | loss 2.8044 | grad_norm 0.069 | lr x1.000
step  19640 | loss 2.8208 | grad_norm 0.071 | lr x1.000
step  19660 | loss 2.7684 | grad_norm 0.070 | lr x1.000
step  19680 | loss 2.7604 | grad_norm 0.070 | lr x1.000
step  19700 | loss 2.7406 | grad_norm 0.070 | lr x1.000
step  19720 | loss 2.8217 | grad_norm 0.071 | lr x1.000
step  19740 | loss 2.8435 | grad_norm 0.069 | lr x1.000
           val loss 3.1308
step  19760 | loss 2.7804 | grad_norm 0.070 | lr x1.000
step  19780 | loss 2.7973 | grad_norm 0.070 | lr x1.000
step  19800 | loss 2.8137 | grad_norm 0.069 | lr x1.000
step  19820 | loss 2.8093 | grad_norm 0.068 | lr x1.000
step  19840 | loss 2.8125 | grad_norm 0.069 | lr x1.000
step  19860 | loss 2.8138 | grad_norm 0.070 | lr x1.000
step  19880 | loss 2.8281 | grad_norm 0.069 | lr x1.000
step  19900 | loss 2.7769 | grad_norm 0.073 | lr x1.000
step  19920 | loss 2.8057 | grad_norm 0.069 | lr x1.000
step  19940 | loss 2.8131 | grad_norm 0.069 | lr x1.000
step  19960 | loss 2.8043 | grad_norm 0.070 | lr x1.000
step  19980 | loss 2.7665 | grad_norm 0.070 | lr x1.000
step  20000 | loss 2.7883 | grad_norm 0.070 | lr x1.000
           val loss 3.1617
step  20020 | loss 2.8252 | grad_norm 0.072 | lr x1.000
step  20040 | loss 2.8773 | grad_norm 0.074 | lr x1.000
step  20060 | loss 2.8260 | grad_norm 0.069 | lr x1.000
step  20080 | loss 2.7745 | grad_norm 0.068 | lr x1.000
step  20100 | loss 2.8123 | grad_norm 0.070 | lr x1.000
step  20120 | loss 2.8343 | grad_norm 0.070 | lr x1.000
step  20140 | loss 2.8227 | grad_norm 0.071 | lr x1.000
step  20160 | loss 2.8256 | grad_norm 0.068 | lr x1.000
step  20180 | loss 2.8073 | grad_norm 0.069 | lr x1.000
step  20200 | loss 2.8821 | grad_norm 0.069 | lr x1.000
step  20220 | loss 2.8382 | grad_norm 0.070 | lr x1.000
step  20240 | loss 2.7715 | grad_norm 0.069 | lr x1.000
           val loss 3.1447
step  20260 | loss 2.8136 | grad_norm 0.070 | lr x1.000
step  20280 | loss 2.8253 | grad_norm 0.069 | lr x1.000
step  20300 | loss 2.8505 | grad_norm 0.069 | lr x1.000
step  20320 | loss 2.8045 | grad_norm 0.071 | lr x1.000
step  20340 | loss 2.8845 | grad_norm 0.071 | lr x1.000
step  20360 | loss 2.7741 | grad_norm 0.068 | lr x1.000
step  20380 | loss 2.7344 | grad_norm 0.067 | lr x1.000
step  20400 | loss 2.8049 | grad_norm 0.068 | lr x1.000
step  20420 | loss 2.7982 | grad_norm 0.068 | lr x1.000
step  20440 | loss 2.8005 | grad_norm 0.069 | lr x1.000
step  20460 | loss 2.8157 | grad_norm 0.069 | lr x1.000
step  20480 | loss 2.7819 | grad_norm 0.070 | lr x1.000
step  20500 | loss 2.7940 | grad_norm 0.068 | lr x1.000
           val loss 3.1693
step  20520 | loss 2.8302 | grad_norm 0.068 | lr x1.000
step  20540 | loss 2.8110 | grad_norm 0.068 | lr x1.000
step  20560 | loss 2.8510 | grad_norm 0.070 | lr x1.000
step  20580 | loss 2.7683 | grad_norm 0.069 | lr x1.000
step  20600 | loss 2.8011 | grad_norm 0.072 | lr x1.000
step  20620 | loss 2.7665 | grad_norm 0.072 | lr x1.000
step  20640 | loss 2.8797 | grad_norm 0.071 | lr x1.000
step  20660 | loss 2.7835 | grad_norm 0.069 | lr x1.000
step  20680 | loss 2.7628 | grad_norm 0.069 | lr x1.000
step  20700 | loss 2.7872 | grad_norm 0.070 | lr x1.000
step  20720 | loss 2.8492 | grad_norm 0.067 | lr x1.000
step  20740 | loss 2.8857 | grad_norm 0.070 | lr x1.000
           val loss 3.1628
step  20760 | loss 2.7972 | grad_norm 0.069 | lr x1.000
step  20780 | loss 2.8090 | grad_norm 0.067 | lr x1.000
step  20800 | loss 2.8129 | grad_norm 0.070 | lr x1.000
step  20820 | loss 2.8072 | grad_norm 0.070 | lr x1.000
step  20840 | loss 2.7997 | grad_norm 0.069 | lr x1.000
step  20860 | loss 2.7960 | grad_norm 0.067 | lr x1.000
step  20880 | loss 2.7349 | grad_norm 0.069 | lr x1.000
step  20900 | loss 2.7210 | grad_norm 0.069 | lr x1.000
step  20920 | loss 2.8549 | grad_norm 0.068 | lr x1.000
step  20940 | loss 2.8306 | grad_norm 0.069 | lr x1.000
step  20960 | loss 2.7755 | grad_norm 0.068 | lr x1.000
step  20980 | loss 2.7651 | grad_norm 0.070 | lr x1.000
step  21000 | loss 2.7576 | grad_norm 0.069 | lr x1.000
           val loss 3.1510
step  21020 | loss 2.7963 | grad_norm 0.067 | lr x1.000
step  21040 | loss 2.7674 | grad_norm 0.070 | lr x1.000
step  21060 | loss 2.7765 | grad_norm 0.070 | lr x1.000
step  21080 | loss 2.8079 | grad_norm 0.067 | lr x1.000
step  21100 | loss 2.8404 | grad_norm 0.069 | lr x1.000
step  21120 | loss 2.8236 | grad_norm 0.068 | lr x1.000
step  21140 | loss 2.7979 | grad_norm 0.070 | lr x1.000
step  21160 | loss 2.8215 | grad_norm 0.069 | lr x1.000
step  21180 | loss 2.8066 | grad_norm 0.069 | lr x1.000
step  21200 | loss 2.8249 | grad_norm 0.068 | lr x1.000
step  21220 | loss 2.7489 | grad_norm 0.066 | lr x1.000
step  21240 | loss 2.7970 | grad_norm 0.067 | lr x1.000
           val loss 3.1296
step  21260 | loss 2.8071 | grad_norm 0.067 | lr x1.000
step  21280 | loss 2.8049 | grad_norm 0.068 | lr x1.000
step  21300 | loss 2.7960 | grad_norm 0.068 | lr x1.000
step  21320 | loss 2.7452 | grad_norm 0.067 | lr x1.000
step  21340 | loss 2.7801 | grad_norm 0.067 | lr x1.000
step  21360 | loss 2.7635 | grad_norm 0.068 | lr x1.000
step  21380 | loss 2.7891 | grad_norm 0.068 | lr x1.000
step  21400 | loss 2.7999 | grad_norm 0.068 | lr x1.000
step  21420 | loss 2.7499 | grad_norm 0.067 | lr x1.000
step  21440 | loss 2.8340 | grad_norm 0.069 | lr x1.000
step  21460 | loss 2.7805 | grad_norm 0.067 | lr x1.000
step  21480 | loss 2.7909 | grad_norm 0.067 | lr x1.000
step  21500 | loss 2.7738 | grad_norm 0.066 | lr x1.000
           val loss 3.1264
step  21520 | loss 2.7515 | grad_norm 0.067 | lr x1.000
step  21540 | loss 2.8623 | grad_norm 0.066 | lr x1.000
step  21560 | loss 2.7913 | grad_norm 0.067 | lr x1.000
step  21580 | loss 2.7562 | grad_norm 0.068 | lr x1.000
step  21600 | loss 2.8261 | grad_norm 0.069 | lr x1.000
step  21620 | loss 2.7561 | grad_norm 0.066 | lr x1.000
step  21640 | loss 2.7984 | grad_norm 0.069 | lr x1.000
step  21660 | loss 2.8251 | grad_norm 0.066 | lr x1.000
step  21680 | loss 2.7563 | grad_norm 0.066 | lr x1.000
step  21700 | loss 2.8167 | grad_norm 0.066 | lr x1.000
step  21720 | loss 2.7999 | grad_norm 0.068 | lr x1.000
step  21740 | loss 2.7786 | grad_norm 0.068 | lr x1.000
           val loss 3.1065
step  21760 | loss 2.7650 | grad_norm 0.067 | lr x1.000
step  21780 | loss 2.7288 | grad_norm 0.067 | lr x1.000
step  21800 | loss 2.8230 | grad_norm 0.067 | lr x1.000
step  21820 | loss 2.7673 | grad_norm 0.071 | lr x1.000
step  21840 | loss 2.8501 | grad_norm 0.068 | lr x1.000
step  21860 | loss 2.7976 | grad_norm 0.070 | lr x1.000
step  21880 | loss 2.8260 | grad_norm 0.067 | lr x1.000
step  21900 | loss 2.7843 | grad_norm 0.067 | lr x1.000
step  21920 | loss 2.8709 | grad_norm 0.067 | lr x1.000
step  21940 | loss 2.8241 | grad_norm 0.067 | lr x1.000
step  21960 | loss 2.8254 | grad_norm 0.068 | lr x1.000
step  21980 | loss 2.7715 | grad_norm 0.069 | lr x1.000
step  22000 | loss 2.8010 | grad_norm 0.067 | lr x1.000
           val loss 3.1397
step  22020 | loss 2.8040 | grad_norm 0.068 | lr x1.000
step  22040 | loss 2.8434 | grad_norm 0.067 | lr x1.000
step  22060 | loss 2.7376 | grad_norm 0.068 | lr x1.000
step  22080 | loss 2.7642 | grad_norm 0.069 | lr x1.000
step  22100 | loss 2.7914 | grad_norm 0.065 | lr x1.000
step  22120 | loss 2.7976 | grad_norm 0.066 | lr x1.000
step  22140 | loss 2.7887 | grad_norm 0.066 | lr x1.000
step  22160 | loss 2.8978 | grad_norm 0.071 | lr x1.000
step  22180 | loss 2.8260 | grad_norm 0.070 | lr x1.000
step  22200 | loss 2.8123 | grad_norm 0.068 | lr x1.000
step  22220 | loss 2.7948 | grad_norm 0.068 | lr x1.000
step  22240 | loss 2.8326 | grad_norm 0.067 | lr x1.000
           val loss 3.1027
step  22260 | loss 2.8231 | grad_norm 0.067 | lr x1.000
step  22280 | loss 2.8341 | grad_norm 0.067 | lr x1.000
step  22300 | loss 2.7991 | grad_norm 0.068 | lr x1.000
step  22320 | loss 2.7981 | grad_norm 0.067 | lr x1.000
step  22340 | loss 2.7655 | grad_norm 0.065 | lr x1.000
step  22360 | loss 2.7943 | grad_norm 0.066 | lr x1.000
step  22380 | loss 2.8427 | grad_norm 0.067 | lr x1.000
step  22400 | loss 2.7989 | grad_norm 0.067 | lr x1.000
step  22420 | loss 2.7685 | grad_norm 0.065 | lr x1.000
step  22440 | loss 2.7893 | grad_norm 0.066 | lr x1.000
step  22460 | loss 2.8421 | grad_norm 0.070 | lr x1.000
step  22480 | loss 2.8176 | grad_norm 0.067 | lr x1.000
step  22500 | loss 2.8088 | grad_norm 0.068 | lr x1.000
           val loss 3.0991
step  22520 | loss 2.8163 | grad_norm 0.066 | lr x1.000
step  22540 | loss 2.8142 | grad_norm 0.069 | lr x1.000
step  22560 | loss 2.7304 | grad_norm 0.067 | lr x1.000
step  22580 | loss 2.8241 | grad_norm 0.067 | lr x1.000
step  22600 | loss 2.8053 | grad_norm 0.068 | lr x1.000
step  22620 | loss 2.7919 | grad_norm 0.066 | lr x1.000
step  22640 | loss 2.7250 | grad_norm 0.066 | lr x1.000
step  22660 | loss 2.8129 | grad_norm 0.065 | lr x1.000
step  22680 | loss 2.7583 | grad_norm 0.068 | lr x1.000
step  22700 | loss 2.8163 | grad_norm 0.067 | lr x1.000
step  22720 | loss 2.7757 | grad_norm 0.067 | lr x1.000
step  22740 | loss 2.7907 | grad_norm 0.067 | lr x1.000
           val loss 3.1601
step  22760 | loss 2.7704 | grad_norm 0.068 | lr x1.000
step  22780 | loss 2.7714 | grad_norm 0.066 | lr x1.000
step  22800 | loss 2.8292 | grad_norm 0.066 | lr x1.000
step  22820 | loss 2.8133 | grad_norm 0.068 | lr x1.000
step  22840 | loss 2.8646 | grad_norm 0.065 | lr x1.000
step  22860 | loss 2.7976 | grad_norm 0.066 | lr x1.000
step  22880 | loss 2.8076 | grad_norm 0.066 | lr x1.000
step  22900 | loss 2.8443 | grad_norm 0.066 | lr x1.000
step  22920 | loss 2.8055 | grad_norm 0.066 | lr x1.000
step  22940 | loss 2.7293 | grad_norm 0.068 | lr x1.000
step  22960 | loss 2.7983 | grad_norm 0.068 | lr x1.000
step  22980 | loss 2.7713 | grad_norm 0.067 | lr x1.000
step  23000 | loss 2.8267 | grad_norm 0.068 | lr x1.000
           val loss 3.1066
step  23020 | loss 2.7807 | grad_norm 0.068 | lr x1.000
step  23040 | loss 2.7994 | grad_norm 0.068 | lr x1.000
step  23060 | loss 2.7478 | grad_norm 0.068 | lr x1.000
step  23080 | loss 2.7413 | grad_norm 0.068 | lr x1.000
step  23100 | loss 2.7865 | grad_norm 0.067 | lr x1.000
step  23120 | loss 2.7057 | grad_norm 0.065 | lr x1.000
step  23140 | loss 2.8009 | grad_norm 0.067 | lr x1.000
step  23160 | loss 2.8061 | grad_norm 0.065 | lr x1.000
step  23180 | loss 2.7747 | grad_norm 0.066 | lr x1.000
step  23200 | loss 2.7544 | grad_norm 0.069 | lr x1.000
step  23220 | loss 2.8362 | grad_norm 0.066 | lr x1.000
step  23240 | loss 2.8156 | grad_norm 0.065 | lr x1.000
           val loss 3.1132
step  23260 | loss 2.8250 | grad_norm 0.067 | lr x1.000
step  23280 | loss 2.7600 | grad_norm 0.066 | lr x1.000
step  23300 | loss 2.8239 | grad_norm 0.067 | lr x1.000
step  23320 | loss 2.7591 | grad_norm 0.067 | lr x1.000
step  23340 | loss 2.7734 | grad_norm 0.065 | lr x1.000
step  23360 | loss 2.7747 | grad_norm 0.065 | lr x1.000
step  23380 | loss 2.7483 | grad_norm 0.065 | lr x1.000
step  23400 | loss 2.8211 | grad_norm 0.066 | lr x1.000
step  23420 | loss 2.7648 | grad_norm 0.066 | lr x1.000
step  23440 | loss 2.8491 | grad_norm 0.066 | lr x1.000
step  23460 | loss 2.7686 | grad_norm 0.066 | lr x1.000
step  23480 | loss 2.7967 | grad_norm 0.066 | lr x1.000
step  23500 | loss 2.8219 | grad_norm 0.065 | lr x1.000
           val loss 3.1268
step  23520 | loss 2.7566 | grad_norm 0.065 | lr x1.000
step  23540 | loss 2.7478 | grad_norm 0.067 | lr x1.000
step  23560 | loss 2.6681 | grad_norm 0.066 | lr x1.000
step  23580 | loss 2.8353 | grad_norm 0.067 | lr x1.000
step  23600 | loss 2.7839 | grad_norm 0.067 | lr x1.000
step  23620 | loss 2.8052 | grad_norm 0.066 | lr x1.000
step  23640 | loss 2.8355 | grad_norm 0.068 | lr x1.000
step  23660 | loss 2.8327 | grad_norm 0.066 | lr x1.000
step  23680 | loss 2.7892 | grad_norm 0.066 | lr x1.000
step  23700 | loss 2.7895 | grad_norm 0.068 | lr x1.000
step  23720 | loss 2.7700 | grad_norm 0.066 | lr x1.000
step  23740 | loss 2.7740 | grad_norm 0.065 | lr x1.000
           val loss 3.1297
step  23760 | loss 2.7849 | grad_norm 0.066 | lr x1.000
step  23780 | loss 2.7890 | grad_norm 0.064 | lr x1.000
step  23800 | loss 2.7403 | grad_norm 0.066 | lr x1.000
step  23820 | loss 2.7443 | grad_norm 0.067 | lr x1.000
step  23840 | loss 2.8163 | grad_norm 0.065 | lr x1.000
step  23860 | loss 2.7867 | grad_norm 0.067 | lr x1.000
step  23880 | loss 2.7684 | grad_norm 0.068 | lr x1.000
step  23900 | loss 2.7363 | grad_norm 0.065 | lr x1.000
step  23920 | loss 2.7166 | grad_norm 0.067 | lr x1.000
step  23940 | loss 2.9023 | grad_norm 0.070 | lr x1.000
step  23960 | loss 2.7806 | grad_norm 0.068 | lr x1.000
step  23980 | loss 2.7413 | grad_norm 0.064 | lr x1.000
step  24000 | loss 2.8268 | grad_norm 0.066 | lr x1.000
           val loss 3.1138
step  24020 | loss 2.7995 | grad_norm 0.065 | lr x1.000
step  24040 | loss 2.8290 | grad_norm 0.065 | lr x1.000
step  24060 | loss 2.7212 | grad_norm 0.065 | lr x1.000
step  24080 | loss 2.8083 | grad_norm 0.065 | lr x1.000
step  24100 | loss 2.7775 | grad_norm 0.066 | lr x1.000
step  24120 | loss 2.7611 | grad_norm 0.065 | lr x1.000
step  24140 | loss 2.7814 | grad_norm 0.067 | lr x1.000
step  24160 | loss 2.8184 | grad_norm 0.066 | lr x1.000
step  24180 | loss 2.7853 | grad_norm 0.066 | lr x1.000
step  24200 | loss 2.8354 | grad_norm 0.065 | lr x1.000
step  24220 | loss 2.7727 | grad_norm 0.067 | lr x1.000
step  24240 | loss 2.7961 | grad_norm 0.066 | lr x1.000
           val loss 3.1125
step  24260 | loss 2.8223 | grad_norm 0.069 | lr x1.000
step  24280 | loss 2.8130 | grad_norm 0.064 | lr x1.000
step  24300 | loss 2.8023 | grad_norm 0.068 | lr x1.000
step  24320 | loss 2.7835 | grad_norm 0.066 | lr x1.000
step  24340 | loss 2.7829 | grad_norm 0.067 | lr x1.000
step  24360 | loss 2.7699 | grad_norm 0.067 | lr x1.000
step  24380 | loss 2.7626 | grad_norm 0.063 | lr x1.000
step  24400 | loss 2.8079 | grad_norm 0.070 | lr x1.000
step  24420 | loss 2.7541 | grad_norm 0.064 | lr x1.000
step  24440 | loss 2.7763 | grad_norm 0.065 | lr x1.000
step  24460 | loss 2.7460 | grad_norm 0.064 | lr x1.000
step  24480 | loss 2.8002 | grad_norm 0.065 | lr x1.000
step  24500 | loss 2.7314 | grad_norm 0.066 | lr x1.000
           val loss 3.1286
step  24520 | loss 2.7716 | grad_norm 0.064 | lr x1.000
step  24540 | loss 2.7950 | grad_norm 0.064 | lr x1.000
step  24560 | loss 2.8657 | grad_norm 0.065 | lr x1.000
step  24580 | loss 2.7815 | grad_norm 0.064 | lr x1.000
step  24600 | loss 2.7802 | grad_norm 0.067 | lr x1.000
step  24620 | loss 2.8082 | grad_norm 0.065 | lr x1.000
step  24640 | loss 2.7536 | grad_norm 0.064 | lr x1.000
step  24660 | loss 2.7561 | grad_norm 0.067 | lr x1.000
step  24680 | loss 2.8362 | grad_norm 0.066 | lr x1.000
step  24700 | loss 2.8154 | grad_norm 0.066 | lr x1.000
step  24720 | loss 2.8514 | grad_norm 0.066 | lr x1.000
step  24740 | loss 2.8034 | grad_norm 0.066 | lr x1.000
           val loss 3.1466
step  24760 | loss 2.8267 | grad_norm 0.065 | lr x1.000
step  24780 | loss 2.7843 | grad_norm 0.065 | lr x1.000
step  24800 | loss 2.8458 | grad_norm 0.068 | lr x1.000
step  24820 | loss 2.7667 | grad_norm 0.066 | lr x1.000
step  24840 | loss 2.8190 | grad_norm 0.065 | lr x1.000
step  24860 | loss 2.7294 | grad_norm 0.064 | lr x1.000
step  24880 | loss 2.7875 | grad_norm 0.065 | lr x1.000
step  24900 | loss 2.7542 | grad_norm 0.064 | lr x1.000
step  24920 | loss 2.7628 | grad_norm 0.065 | lr x1.000
step  24940 | loss 2.8548 | grad_norm 0.065 | lr x1.000
step  24960 | loss 2.7683 | grad_norm 0.065 | lr x1.000
step  24980 | loss 2.7579 | grad_norm 0.064 | lr x1.000
step  25000 | loss 2.6924 | grad_norm 0.065 | lr x1.000
           val loss 3.1550
step  25020 | loss 2.8087 | grad_norm 0.065 | lr x1.000
step  25040 | loss 2.8296 | grad_norm 0.067 | lr x1.000
step  25060 | loss 2.7393 | grad_norm 0.063 | lr x1.000
step  25080 | loss 2.8096 | grad_norm 0.065 | lr x1.000
step  25100 | loss 2.7036 | grad_norm 0.067 | lr x1.000
step  25120 | loss 2.7346 | grad_norm 0.067 | lr x1.000
step  25140 | loss 2.7585 | grad_norm 0.064 | lr x1.000
step  25160 | loss 2.8077 | grad_norm 0.067 | lr x1.000
step  25180 | loss 2.7799 | grad_norm 0.063 | lr x1.000
step  25200 | loss 2.7831 | grad_norm 0.065 | lr x1.000
step  25220 | loss 2.7908 | grad_norm 0.065 | lr x1.000
step  25240 | loss 2.8085 | grad_norm 0.064 | lr x1.000
           val loss 3.1240
step  25260 | loss 2.7626 | grad_norm 0.064 | lr x1.000
step  25280 | loss 2.7455 | grad_norm 0.065 | lr x1.000
step  25300 | loss 2.7282 | grad_norm 0.065 | lr x1.000
step  25320 | loss 2.7483 | grad_norm 0.066 | lr x1.000
step  25340 | loss 2.8002 | grad_norm 0.064 | lr x1.000
step  25360 | loss 2.7330 | grad_norm 0.064 | lr x1.000
step  25380 | loss 2.8615 | grad_norm 0.065 | lr x1.000
step  25400 | loss 2.7500 | grad_norm 0.066 | lr x1.000
step  25420 | loss 2.7919 | grad_norm 0.064 | lr x1.000
step  25440 | loss 2.7718 | grad_norm 0.065 | lr x1.000
step  25460 | loss 2.8898 | grad_norm 0.065 | lr x1.000
step  25480 | loss 2.7676 | grad_norm 0.064 | lr x1.000
step  25500 | loss 2.7443 | grad_norm 0.064 | lr x1.000
           val loss 3.1320
step  25520 | loss 2.7271 | grad_norm 0.065 | lr x1.000
step  25540 | loss 2.8167 | grad_norm 0.065 | lr x1.000
step  25560 | loss 2.7989 | grad_norm 0.064 | lr x1.000
step  25580 | loss 2.7620 | grad_norm 0.065 | lr x1.000
step  25600 | loss 2.7797 | grad_norm 0.064 | lr x1.000
step  25620 | loss 2.7585 | grad_norm 0.065 | lr x1.000
step  25640 | loss 2.7493 | grad_norm 0.065 | lr x1.000
step  25660 | loss 2.7341 | grad_norm 0.063 | lr x1.000
step  25680 | loss 2.7738 | grad_norm 0.064 | lr x1.000
step  25700 | loss 2.8449 | grad_norm 0.064 | lr x1.000
step  25720 | loss 2.8023 | grad_norm 0.064 | lr x1.000
step  25740 | loss 2.7510 | grad_norm 0.065 | lr x1.000
           val loss 3.0848
step  25760 | loss 2.7510 | grad_norm 0.063 | lr x1.000
step  25780 | loss 2.7011 | grad_norm 0.067 | lr x1.000
step  25800 | loss 2.7376 | grad_norm 0.064 | lr x1.000
step  25820 | loss 2.8059 | grad_norm 0.063 | lr x1.000
step  25840 | loss 2.7887 | grad_norm 0.063 | lr x1.000
step  25860 | loss 2.8074 | grad_norm 0.064 | lr x1.000
step  25880 | loss 2.7728 | grad_norm 0.065 | lr x1.000
step  25900 | loss 2.7458 | grad_norm 0.063 | lr x1.000
step  25920 | loss 2.7158 | grad_norm 0.063 | lr x1.000
step  25940 | loss 2.7648 | grad_norm 0.064 | lr x1.000
step  25960 | loss 2.7120 | grad_norm 0.064 | lr x1.000
step  25980 | loss 2.7412 | grad_norm 0.064 | lr x1.000
step  26000 | loss 2.7460 | grad_norm 0.064 | lr x1.000
           val loss 3.1123
step  26020 | loss 2.7416 | grad_norm 0.069 | lr x1.000
step  26040 | loss 2.8058 | grad_norm 0.064 | lr x1.000
step  26060 | loss 2.7233 | grad_norm 0.064 | lr x1.000
step  26080 | loss 2.8517 | grad_norm 0.065 | lr x1.000
step  26100 | loss 2.7123 | grad_norm 0.065 | lr x1.000
step  26120 | loss 2.7444 | grad_norm 0.063 | lr x1.000
step  26140 | loss 2.7403 | grad_norm 0.064 | lr x1.000
step  26160 | loss 2.7832 | grad_norm 0.064 | lr x1.000
step  26180 | loss 2.7961 | grad_norm 0.064 | lr x1.000
step  26200 | loss 2.7891 | grad_norm 0.064 | lr x1.000
step  26220 | loss 2.7126 | grad_norm 0.063 | lr x1.000
step  26240 | loss 2.7885 | grad_norm 0.063 | lr x1.000
           val loss 3.1266
step  26260 | loss 2.7846 | grad_norm 0.063 | lr x1.000
step  26280 | loss 2.7975 | grad_norm 0.073 | lr x1.000
step  26300 | loss 2.7190 | grad_norm 0.064 | lr x1.000
step  26320 | loss 2.8323 | grad_norm 0.064 | lr x1.000
step  26340 | loss 2.8171 | grad_norm 0.063 | lr x1.000
step  26360 | loss 2.6931 | grad_norm 0.065 | lr x1.000
step  26380 | loss 2.7862 | grad_norm 0.066 | lr x1.000
step  26400 | loss 2.7429 | grad_norm 0.062 | lr x1.000
step  26420 | loss 2.8226 | grad_norm 0.065 | lr x1.000
step  26440 | loss 2.7482 | grad_norm 0.065 | lr x1.000
step  26460 | loss 2.7786 | grad_norm 0.063 | lr x1.000
step  26480 | loss 2.7345 | grad_norm 0.065 | lr x1.000
step  26500 | loss 2.7474 | grad_norm 0.063 | lr x1.000
           val loss 3.1411
step  26520 | loss 2.7722 | grad_norm 0.063 | lr x1.000
step  26540 | loss 2.7800 | grad_norm 0.063 | lr x1.000
step  26560 | loss 2.7546 | grad_norm 0.064 | lr x1.000
step  26580 | loss 2.8130 | grad_norm 0.065 | lr x1.000
step  26600 | loss 2.7459 | grad_norm 0.064 | lr x1.000
step  26620 | loss 2.6980 | grad_norm 0.065 | lr x1.000
step  26640 | loss 2.7383 | grad_norm 0.064 | lr x1.000
step  26660 | loss 2.7989 | grad_norm 0.063 | lr x1.000
step  26680 | loss 2.7425 | grad_norm 0.066 | lr x1.000
step  26700 | loss 2.8104 | grad_norm 0.064 | lr x1.000
step  26720 | loss 2.7959 | grad_norm 0.064 | lr x1.000
step  26740 | loss 2.8104 | grad_norm 0.068 | lr x1.000
           val loss 3.1161
step  26760 | loss 2.6827 | grad_norm 0.064 | lr x1.000
step  26780 | loss 2.7661 | grad_norm 0.064 | lr x1.000
step  26800 | loss 2.8169 | grad_norm 0.069 | lr x1.000
step  26820 | loss 2.7976 | grad_norm 0.066 | lr x1.000
step  26840 | loss 2.6711 | grad_norm 0.062 | lr x1.000
step  26860 | loss 2.7802 | grad_norm 0.065 | lr x1.000
step  26880 | loss 2.7736 | grad_norm 0.062 | lr x1.000
step  26900 | loss 2.8153 | grad_norm 0.064 | lr x1.000
step  26920 | loss 2.8664 | grad_norm 0.063 | lr x1.000
step  26940 | loss 2.7993 | grad_norm 0.063 | lr x1.000
step  26960 | loss 2.7619 | grad_norm 0.063 | lr x1.000
step  26980 | loss 2.8138 | grad_norm 0.064 | lr x1.000
step  27000 | loss 2.7284 | grad_norm 0.066 | lr x1.000
           val loss 3.0868
step  27020 | loss 2.7733 | grad_norm 0.064 | lr x1.000
step  27040 | loss 2.7320 | grad_norm 0.063 | lr x1.000
step  27060 | loss 2.7173 | grad_norm 0.062 | lr x1.000
step  27080 | loss 2.7253 | grad_norm 0.063 | lr x1.000
step  27100 | loss 2.6704 | grad_norm 0.062 | lr x1.000
step  27120 | loss 2.8174 | grad_norm 0.065 | lr x1.000
step  27140 | loss 2.7578 | grad_norm 0.063 | lr x1.000
step  27160 | loss 2.7104 | grad_norm 0.065 | lr x1.000
step  27180 | loss 2.7345 | grad_norm 0.063 | lr x1.000
step  27200 | loss 2.7714 | grad_norm 0.064 | lr x1.000
step  27220 | loss 2.7546 | grad_norm 0.065 | lr x1.000
step  27240 | loss 2.7840 | grad_norm 0.067 | lr x1.000
           val loss 3.0753
step  27260 | loss 2.7436 | grad_norm 0.064 | lr x1.000
step  27280 | loss 2.8031 | grad_norm 0.065 | lr x1.000
step  27300 | loss 2.7372 | grad_norm 0.064 | lr x1.000
step  27320 | loss 2.7251 | grad_norm 0.064 | lr x1.000
step  27340 | loss 2.7723 | grad_norm 0.064 | lr x1.000
step  27360 | loss 2.8219 | grad_norm 0.064 | lr x1.000
step  27380 | loss 2.7467 | grad_norm 0.063 | lr x1.000
step  27400 | loss 2.7369 | grad_norm 0.063 | lr x1.000
step  27420 | loss 2.7204 | grad_norm 0.062 | lr x1.000
step  27440 | loss 2.7136 | grad_norm 0.064 | lr x1.000
step  27460 | loss 2.7178 | grad_norm 0.064 | lr x1.000
step  27480 | loss 2.7249 | grad_norm 0.061 | lr x1.000
step  27500 | loss 2.8053 | grad_norm 0.062 | lr x1.000
           val loss 3.1288
step  27520 | loss 2.8108 | grad_norm 0.065 | lr x1.000
step  27540 | loss 2.8275 | grad_norm 0.064 | lr x1.000
step  27560 | loss 2.7301 | grad_norm 0.063 | lr x1.000
step  27580 | loss 2.7928 | grad_norm 0.066 | lr x1.000
step  27600 | loss 2.7627 | grad_norm 0.063 | lr x1.000
step  27620 | loss 2.7542 | grad_norm 0.062 | lr x1.000
step  27640 | loss 2.7614 | grad_norm 0.062 | lr x1.000
step  27660 | loss 2.7514 | grad_norm 0.062 | lr x1.000
step  27680 | loss 2.7974 | grad_norm 0.062 | lr x1.000
step  27700 | loss 2.6743 | grad_norm 0.062 | lr x1.000
step  27720 | loss 2.6855 | grad_norm 0.064 | lr x1.000
step  27740 | loss 2.7784 | grad_norm 0.066 | lr x1.000
           val loss 3.1326
step  27760 | loss 2.7578 | grad_norm 0.065 | lr x1.000
step  27780 | loss 2.7561 | grad_norm 0.064 | lr x1.000
step  27800 | loss 2.8183 | grad_norm 0.063 | lr x1.000
step  27820 | loss 2.7939 | grad_norm 0.064 | lr x1.000
step  27840 | loss 2.7191 | grad_norm 0.062 | lr x1.000
step  27860 | loss 2.7525 | grad_norm 0.062 | lr x1.000
step  27880 | loss 2.7738 | grad_norm 0.064 | lr x1.000
step  27900 | loss 2.7435 | grad_norm 0.062 | lr x1.000
step  27920 | loss 2.8202 | grad_norm 0.062 | lr x1.000
step  27940 | loss 2.7389 | grad_norm 0.062 | lr x1.000
step  27960 | loss 2.7893 | grad_norm 0.065 | lr x1.000
step  27980 | loss 2.7898 | grad_norm 0.063 | lr x1.000
step  28000 | loss 2.7785 | grad_norm 0.064 | lr x1.000
           val loss 3.0405
step  28020 | loss 2.7602 | grad_norm 0.061 | lr x1.000
step  28040 | loss 2.7340 | grad_norm 0.063 | lr x1.000
step  28060 | loss 2.8086 | grad_norm 0.063 | lr x1.000
step  28080 | loss 2.7965 | grad_norm 0.065 | lr x1.000
step  28100 | loss 2.7814 | grad_norm 0.062 | lr x1.000
step  28120 | loss 2.7446 | grad_norm 0.063 | lr x1.000
step  28140 | loss 2.7383 | grad_norm 0.064 | lr x1.000
step  28160 | loss 2.8083 | grad_norm 0.062 | lr x1.000
step  28180 | loss 2.7495 | grad_norm 0.062 | lr x1.000
step  28200 | loss 2.7937 | grad_norm 0.061 | lr x1.000
step  28220 | loss 2.7467 | grad_norm 0.062 | lr x1.000
step  28240 | loss 2.7973 | grad_norm 0.066 | lr x1.000
           val loss 3.1360
step  28260 | loss 2.8182 | grad_norm 0.064 | lr x1.000
step  28280 | loss 2.7115 | grad_norm 0.062 | lr x1.000
step  28300 | loss 2.7598 | grad_norm 0.065 | lr x1.000
step  28320 | loss 2.7717 | grad_norm 0.064 | lr x1.000
step  28340 | loss 2.7541 | grad_norm 0.066 | lr x1.000
step  28360 | loss 2.7646 | grad_norm 0.064 | lr x1.000
step  28380 | loss 2.7833 | grad_norm 0.061 | lr x1.000
step  28400 | loss 2.7405 | grad_norm 0.064 | lr x1.000
step  28420 | loss 2.7831 | grad_norm 0.062 | lr x1.000
step  28440 | loss 2.7442 | grad_norm 0.063 | lr x1.000
step  28460 | loss 2.6824 | grad_norm 0.063 | lr x1.000
step  28480 | loss 2.7406 | grad_norm 0.062 | lr x1.000
step  28500 | loss 2.8111 | grad_norm 0.062 | lr x1.000
           val loss 3.0951
step  28520 | loss 2.7559 | grad_norm 0.061 | lr x1.000
step  28540 | loss 2.7517 | grad_norm 0.066 | lr x1.000
step  28560 | loss 2.7472 | grad_norm 0.062 | lr x1.000
step  28580 | loss 2.7516 | grad_norm 0.063 | lr x1.000
step  28600 | loss 2.7733 | grad_norm 0.064 | lr x1.000
step  28620 | loss 2.7865 | grad_norm 0.063 | lr x1.000
step  28640 | loss 2.7494 | grad_norm 0.064 | lr x1.000
step  28660 | loss 2.7577 | grad_norm 0.062 | lr x1.000
step  28680 | loss 2.8436 | grad_norm 0.061 | lr x1.000
step  28700 | loss 2.7663 | grad_norm 0.062 | lr x1.000
step  28720 | loss 2.7854 | grad_norm 0.064 | lr x1.000
step  28740 | loss 2.7727 | grad_norm 0.066 | lr x1.000
           val loss 3.1354
step  28760 | loss 2.7402 | grad_norm 0.062 | lr x1.000
step  28780 | loss 2.8445 | grad_norm 0.068 | lr x1.000
step  28800 | loss 2.7197 | grad_norm 0.062 | lr x1.000
step  28820 | loss 2.8122 | grad_norm 0.061 | lr x1.000
step  28840 | loss 2.7745 | grad_norm 0.062 | lr x1.000
step  28860 | loss 2.7527 | grad_norm 0.062 | lr x1.000
step  28880 | loss 2.7533 | grad_norm 0.061 | lr x1.000
step  28900 | loss 2.7271 | grad_norm 0.062 | lr x1.000
step  28920 | loss 2.7267 | grad_norm 0.062 | lr x1.000
step  28940 | loss 2.7426 | grad_norm 0.063 | lr x1.000
step  28960 | loss 2.7219 | grad_norm 0.063 | lr x1.000
step  28980 | loss 2.6918 | grad_norm 0.062 | lr x1.000
step  29000 | loss 2.6913 | grad_norm 0.060 | lr x1.000
           val loss 3.1258
step  29020 | loss 2.7891 | grad_norm 0.061 | lr x1.000
step  29040 | loss 2.7328 | grad_norm 0.062 | lr x1.000
step  29060 | loss 2.7827 | grad_norm 0.068 | lr x1.000
step  29080 | loss 2.7814 | grad_norm 0.064 | lr x1.000
step  29100 | loss 2.7700 | grad_norm 0.062 | lr x1.000
step  29120 | loss 2.7750 | grad_norm 0.064 | lr x1.000
step  29140 | loss 2.8241 | grad_norm 0.062 | lr x1.000
step  29160 | loss 2.6901 | grad_norm 0.082 | lr x1.000
step  29180 | loss 2.7747 | grad_norm 0.061 | lr x1.000
step  29200 | loss 2.7225 | grad_norm 0.062 | lr x1.000
step  29220 | loss 2.8041 | grad_norm 0.062 | lr x1.000
step  29240 | loss 2.7679 | grad_norm 0.063 | lr x1.000
           val loss 3.1588
step  29260 | loss 2.8036 | grad_norm 0.062 | lr x1.000
step  29280 | loss 2.7930 | grad_norm 0.062 | lr x1.000
step  29300 | loss 2.7566 | grad_norm 0.061 | lr x1.000
step  29320 | loss 2.7557 | grad_norm 0.061 | lr x1.000
step  29340 | loss 2.7534 | grad_norm 0.062 | lr x1.000
step  29360 | loss 2.7292 | grad_norm 0.063 | lr x1.000
step  29380 | loss 2.7642 | grad_norm 0.062 | lr x1.000
step  29400 | loss 2.7496 | grad_norm 0.060 | lr x1.000
step  29420 | loss 2.7379 | grad_norm 0.062 | lr x1.000
step  29440 | loss 2.7006 | grad_norm 0.061 | lr x1.000
step  29460 | loss 2.7406 | grad_norm 0.062 | lr x1.000
step  29480 | loss 2.7736 | grad_norm 0.061 | lr x1.000
step  29500 | loss 2.7508 | grad_norm 0.062 | lr x1.000
           val loss 3.0803
step  29520 | loss 2.6993 | grad_norm 0.062 | lr x1.000
step  29540 | loss 2.7727 | grad_norm 0.063 | lr x1.000
step  29560 | loss 2.7724 | grad_norm 0.062 | lr x1.000
step  29580 | loss 2.7078 | grad_norm 0.062 | lr x1.000
step  29600 | loss 2.7391 | grad_norm 0.062 | lr x1.000
step  29620 | loss 2.6747 | grad_norm 0.066 | lr x1.000
step  29640 | loss 2.7458 | grad_norm 0.063 | lr x1.000
step  29660 | loss 2.7662 | grad_norm 0.068 | lr x1.000
step  29680 | loss 2.7193 | grad_norm 0.064 | lr x1.000
step  29700 | loss 2.6718 | grad_norm 0.061 | lr x1.000
step  29720 | loss 2.7828 | grad_norm 0.062 | lr x1.000
step  29740 | loss 2.7828 | grad_norm 0.062 | lr x1.000
           val loss 3.1363
step  29760 | loss 2.7418 | grad_norm 0.063 | lr x1.000
step  29780 | loss 2.8339 | grad_norm 0.065 | lr x1.000
step  29800 | loss 2.7989 | grad_norm 0.063 | lr x1.000
step  29820 | loss 2.7136 | grad_norm 0.064 | lr x1.000
step  29840 | loss 2.7548 | grad_norm 0.062 | lr x1.000
step  29860 | loss 2.7465 | grad_norm 0.061 | lr x1.000
step  29880 | loss 2.7074 | grad_norm 0.061 | lr x1.000
step  29900 | loss 2.7245 | grad_norm 0.060 | lr x1.000
step  29920 | loss 2.7508 | grad_norm 0.062 | lr x1.000
step  29940 | loss 2.7784 | grad_norm 0.066 | lr x1.000
step  29960 | loss 2.8180 | grad_norm 0.061 | lr x1.000
step  29980 | loss 2.7223 | grad_norm 0.064 | lr x1.000
step  30000 | loss 2.7994 | grad_norm 0.063 | lr x1.000
           val loss 3.0770
step  30020 | loss 2.7081 | grad_norm 0.062 | lr x1.000
step  30040 | loss 2.6946 | grad_norm 0.060 | lr x1.000
step  30060 | loss 2.7216 | grad_norm 0.062 | lr x1.000
step  30080 | loss 2.6844 | grad_norm 0.062 | lr x1.000
step  30100 | loss 2.7715 | grad_norm 0.059 | lr x1.000
step  30120 | loss 2.7446 | grad_norm 0.061 | lr x1.000
step  30140 | loss 2.7423 | grad_norm 0.063 | lr x1.000
step  30160 | loss 2.7932 | grad_norm 0.060 | lr x1.000
step  30180 | loss 2.7264 | grad_norm 0.062 | lr x1.000
step  30200 | loss 2.7490 | grad_norm 0.061 | lr x1.000
step  30220 | loss 2.7995 | grad_norm 0.061 | lr x1.000
step  30240 | loss 2.7845 | grad_norm 0.061 | lr x1.000
           val loss 3.0883
step  30260 | loss 2.7210 | grad_norm 0.062 | lr x1.000
step  30280 | loss 2.7349 | grad_norm 0.061 | lr x1.000
step  30300 | loss 2.7306 | grad_norm 0.061 | lr x1.000
step  30320 | loss 2.7329 | grad_norm 0.061 | lr x1.000
step  30340 | loss 2.7469 | grad_norm 0.060 | lr x1.000
step  30360 | loss 2.6846 | grad_norm 0.059 | lr x1.000
step  30380 | loss 2.7399 | grad_norm 0.063 | lr x1.000
step  30400 | loss 2.7240 | grad_norm 0.065 | lr x1.000
step  30420 | loss 2.7832 | grad_norm 0.062 | lr x1.000
step  30440 | loss 2.8105 | grad_norm 0.062 | lr x1.000
step  30460 | loss 2.7694 | grad_norm 0.061 | lr x1.000
step  30480 | loss 2.7170 | grad_norm 0.065 | lr x1.000
step  30500 | loss 2.7950 | grad_norm 0.061 | lr x1.000
           val loss 3.1019
step  30520 | loss 2.7905 | grad_norm 0.061 | lr x1.000
step  30540 | loss 2.7094 | grad_norm 0.062 | lr x1.000
step  30560 | loss 2.7230 | grad_norm 0.063 | lr x1.000
step  30580 | loss 2.7757 | grad_norm 0.063 | lr x1.000
step  30600 | loss 2.8071 | grad_norm 0.062 | lr x1.000
step  30620 | loss 2.7377 | grad_norm 0.064 | lr x1.000
step  30640 | loss 2.7489 | grad_norm 0.063 | lr x1.000
step  30660 | loss 2.7686 | grad_norm 0.063 | lr x1.000
step  30680 | loss 2.7744 | grad_norm 0.061 | lr x1.000
step  30700 | loss 2.7950 | grad_norm 0.063 | lr x1.000
step  30720 | loss 2.6831 | grad_norm 0.062 | lr x1.000
step  30740 | loss 2.7502 | grad_norm 0.062 | lr x1.000
           val loss 3.1176
step  30760 | loss 2.7891 | grad_norm 0.063 | lr x1.000
step  30780 | loss 2.7031 | grad_norm 0.063 | lr x1.000
step  30800 | loss 2.8200 | grad_norm 0.062 | lr x1.000
step  30820 | loss 2.7488 | grad_norm 0.063 | lr x1.000
step  30840 | loss 2.7337 | grad_norm 0.060 | lr x1.000
step  30860 | loss 2.6904 | grad_norm 0.061 | lr x1.000
step  30880 | loss 2.6870 | grad_norm 0.062 | lr x1.000
step  30900 | loss 2.7011 | grad_norm 0.060 | lr x1.000
step  30920 | loss 2.7674 | grad_norm 0.064 | lr x1.000
step  30940 | loss 2.7529 | grad_norm 0.061 | lr x1.000
step  30960 | loss 2.7438 | grad_norm 0.062 | lr x1.000
step  30980 | loss 2.7105 | grad_norm 0.060 | lr x1.000
step  31000 | loss 2.7801 | grad_norm 0.062 | lr x1.000
           val loss 3.1267
step  31020 | loss 2.7295 | grad_norm 0.061 | lr x1.000
step  31040 | loss 2.6919 | grad_norm 0.061 | lr x1.000
step  31060 | loss 2.7851 | grad_norm 0.061 | lr x1.000
step  31080 | loss 2.7440 | grad_norm 0.061 | lr x1.000
step  31100 | loss 2.7701 | grad_norm 0.061 | lr x1.000
step  31120 | loss 2.7939 | grad_norm 0.061 | lr x1.000
step  31140 | loss 2.7181 | grad_norm 0.061 | lr x1.000
step  31160 | loss 2.7816 | grad_norm 0.063 | lr x1.000
step  31180 | loss 2.8147 | grad_norm 0.064 | lr x1.000
step  31200 | loss 2.7575 | grad_norm 0.059 | lr x1.000
step  31220 | loss 2.8190 | grad_norm 0.064 | lr x1.000
step  31240 | loss 2.7348 | grad_norm 0.060 | lr x1.000
           val loss 3.1387
step  31260 | loss 2.7927 | grad_norm 0.061 | lr x1.000
step  31280 | loss 2.7041 | grad_norm 0.060 | lr x1.000
step  31300 | loss 2.7708 | grad_norm 0.061 | lr x1.000
step  31320 | loss 2.7207 | grad_norm 0.063 | lr x1.000
step  31340 | loss 2.8054 | grad_norm 0.060 | lr x1.000
step  31360 | loss 2.7663 | grad_norm 0.061 | lr x1.000
step  31380 | loss 2.7404 | grad_norm 0.061 | lr x1.000
step  31400 | loss 2.7007 | grad_norm 0.059 | lr x1.000
step  31420 | loss 2.7393 | grad_norm 0.060 | lr x1.000
step  31440 | loss 2.7362 | grad_norm 0.062 | lr x1.000
step  31460 | loss 2.7205 | grad_norm 0.061 | lr x1.000
step  31480 | loss 2.7326 | grad_norm 0.065 | lr x1.000
step  31500 | loss 2.7500 | grad_norm 0.062 | lr x1.000
           val loss 3.0590
step  31520 | loss 2.7253 | grad_norm 0.061 | lr x1.000
step  31540 | loss 2.7483 | grad_norm 0.061 | lr x1.000
step  31560 | loss 2.7331 | grad_norm 0.060 | lr x1.000
step  31580 | loss 2.6619 | grad_norm 0.063 | lr x1.000
step  31600 | loss 2.7783 | grad_norm 0.063 | lr x1.000
step  31620 | loss 2.7967 | grad_norm 0.065 | lr x1.000
step  31640 | loss 2.7465 | grad_norm 0.060 | lr x1.000
step  31660 | loss 2.7270 | grad_norm 0.062 | lr x1.000
step  31680 | loss 2.7537 | grad_norm 0.061 | lr x1.000
step  31700 | loss 2.7576 | grad_norm 0.060 | lr x1.000
step  31720 | loss 2.7819 | grad_norm 0.060 | lr x1.000
step  31740 | loss 2.7507 | grad_norm 0.062 | lr x1.000
           val loss 3.1166
step  31760 | loss 2.7654 | grad_norm 0.066 | lr x1.000
step  31780 | loss 2.8106 | grad_norm 0.061 | lr x1.000
step  31800 | loss 2.7227 | grad_norm 0.063 | lr x1.000
step  31820 | loss 2.7375 | grad_norm 0.063 | lr x1.000
step  31840 | loss 2.7375 | grad_norm 0.063 | lr x1.000
step  31860 | loss 2.7786 | grad_norm 0.061 | lr x1.000
step  31880 | loss 2.7293 | grad_norm 0.061 | lr x1.000
step  31900 | loss 2.7331 | grad_norm 0.059 | lr x1.000
step  31920 | loss 2.7291 | grad_norm 0.066 | lr x1.000
step  31940 | loss 2.7571 | grad_norm 0.060 | lr x1.000
step  31960 | loss 2.7815 | grad_norm 0.060 | lr x1.000
step  31980 | loss 2.7518 | grad_norm 0.059 | lr x1.000
step  32000 | loss 2.6714 | grad_norm 0.060 | lr x1.000
           val loss 3.0902
step  32020 | loss 2.7534 | grad_norm 0.061 | lr x1.000
step  32040 | loss 2.7567 | grad_norm 0.063 | lr x1.000
step  32060 | loss 2.6947 | grad_norm 0.061 | lr x1.000
step  32080 | loss 2.6974 | grad_norm 0.061 | lr x1.000
step  32100 | loss 2.7141 | grad_norm 0.060 | lr x1.000
step  32120 | loss 2.7281 | grad_norm 0.061 | lr x1.000
step  32140 | loss 2.7221 | grad_norm 0.060 | lr x1.000
step  32160 | loss 2.7687 | grad_norm 0.059 | lr x1.000
step  32180 | loss 2.7402 | grad_norm 0.063 | lr x1.000
step  32200 | loss 2.6800 | grad_norm 0.061 | lr x1.000
step  32220 | loss 2.7622 | grad_norm 0.062 | lr x1.000
step  32240 | loss 2.7004 | grad_norm 0.059 | lr x1.000
           val loss 3.1197
step  32260 | loss 2.7050 | grad_norm 0.060 | lr x1.000
step  32280 | loss 2.7739 | grad_norm 0.061 | lr x1.000
step  32300 | loss 2.7575 | grad_norm 0.061 | lr x1.000
step  32320 | loss 2.7240 | grad_norm 0.060 | lr x1.000
step  32340 | loss 2.6968 | grad_norm 0.059 | lr x1.000
step  32360 | loss 2.7723 | grad_norm 0.061 | lr x1.000
step  32380 | loss 2.7709 | grad_norm 0.062 | lr x1.000
step  32400 | loss 2.7560 | grad_norm 0.068 | lr x1.000
step  32420 | loss 2.7135 | grad_norm 0.061 | lr x1.000
step  32440 | loss 2.7003 | grad_norm 0.060 | lr x1.000
step  32460 | loss 2.7961 | grad_norm 0.060 | lr x1.000
step  32480 | loss 2.7518 | grad_norm 0.061 | lr x1.000
step  32500 | loss 2.6824 | grad_norm 0.064 | lr x1.000
           val loss 3.1206
step  32520 | loss 2.6845 | grad_norm 0.061 | lr x1.000
step  32540 | loss 2.7763 | grad_norm 0.063 | lr x1.000
step  32560 | loss 2.7873 | grad_norm 0.061 | lr x1.000
step  32580 | loss 2.7986 | grad_norm 0.060 | lr x1.000
step  32600 | loss 2.8093 | grad_norm 0.062 | lr x1.000
step  32620 | loss 2.7485 | grad_norm 0.061 | lr x1.000
step  32640 | loss 2.7856 | grad_norm 0.062 | lr x1.000
step  32660 | loss 2.7193 | grad_norm 0.061 | lr x1.000
step  32680 | loss 2.7322 | grad_norm 0.059 | lr x1.000
step  32700 | loss 2.7236 | grad_norm 0.064 | lr x1.000
step  32720 | loss 2.7468 | grad_norm 0.064 | lr x1.000
step  32740 | loss 2.8212 | grad_norm 0.060 | lr x1.000
           val loss 3.0772
step  32760 | loss 2.7213 | grad_norm 0.060 | lr x1.000
step  32780 | loss 2.7153 | grad_norm 0.060 | lr x1.000
step  32800 | loss 2.6590 | grad_norm 0.060 | lr x1.000
step  32820 | loss 2.7737 | grad_norm 0.059 | lr x1.000
step  32840 | loss 2.8036 | grad_norm 0.061 | lr x1.000
step  32860 | loss 2.7483 | grad_norm 0.062 | lr x1.000
step  32880 | loss 2.7696 | grad_norm 0.061 | lr x1.000
step  32900 | loss 2.7876 | grad_norm 0.059 | lr x1.000
step  32920 | loss 2.7663 | grad_norm 0.063 | lr x1.000
step  32940 | loss 2.7373 | grad_norm 0.059 | lr x1.000
step  32960 | loss 2.6825 | grad_norm 0.060 | lr x1.000
step  32980 | loss 2.7643 | grad_norm 0.061 | lr x1.000
step  33000 | loss 2.7377 | grad_norm 0.064 | lr x1.000
           val loss 3.0979
step  33020 | loss 2.7854 | grad_norm 0.060 | lr x1.000
step  33040 | loss 2.7824 | grad_norm 0.070 | lr x1.000
step  33060 | loss 2.7732 | grad_norm 0.070 | lr x1.000
step  33080 | loss 2.7192 | grad_norm 0.060 | lr x1.000
step  33100 | loss 2.7025 | grad_norm 0.059 | lr x1.000
step  33120 | loss 2.7155 | grad_norm 0.060 | lr x1.000
step  33140 | loss 2.7422 | grad_norm 0.061 | lr x1.000
step  33160 | loss 2.7382 | grad_norm 0.060 | lr x1.000
step  33180 | loss 2.7317 | grad_norm 0.061 | lr x1.000
step  33200 | loss 2.7255 | grad_norm 0.059 | lr x1.000
step  33220 | loss 2.7204 | grad_norm 0.059 | lr x1.000
step  33240 | loss 2.7897 | grad_norm 0.061 | lr x1.000
           val loss 3.1165
step  33260 | loss 2.7161 | grad_norm 0.059 | lr x1.000
step  33280 | loss 2.7291 | grad_norm 0.063 | lr x1.000
step  33300 | loss 2.7834 | grad_norm 0.060 | lr x1.000
step  33320 | loss 2.7132 | grad_norm 0.060 | lr x1.000
step  33340 | loss 2.7453 | grad_norm 0.060 | lr x1.000
step  33360 | loss 2.7250 | grad_norm 0.064 | lr x1.000
step  33380 | loss 2.7015 | grad_norm 0.064 | lr x1.000
step  33400 | loss 2.7536 | grad_norm 0.060 | lr x1.000
step  33420 | loss 2.6645 | grad_norm 0.060 | lr x1.000
step  33440 | loss 2.7668 | grad_norm 0.059 | lr x1.000
step  33460 | loss 2.8628 | grad_norm 0.061 | lr x1.000
step  33480 | loss 2.7132 | grad_norm 0.061 | lr x1.000
step  33500 | loss 2.7683 | grad_norm 0.061 | lr x1.000
           val loss 3.1170
step  33520 | loss 2.8314 | grad_norm 0.063 | lr x1.000
step  33540 | loss 2.6773 | grad_norm 0.062 | lr x1.000
step  33560 | loss 2.7203 | grad_norm 0.060 | lr x1.000
step  33580 | loss 2.7151 | grad_norm 0.062 | lr x1.000
step  33600 | loss 2.7040 | grad_norm 0.061 | lr x1.000
step  33620 | loss 2.6921 | grad_norm 0.063 | lr x1.000
step  33640 | loss 2.7435 | grad_norm 0.060 | lr x1.000
step  33660 | loss 2.7854 | grad_norm 0.061 | lr x1.000
step  33680 | loss 2.7131 | grad_norm 0.059 | lr x1.000
step  33700 | loss 2.6963 | grad_norm 0.060 | lr x1.000
step  33720 | loss 2.6698 | grad_norm 0.062 | lr x1.000
step  33740 | loss 2.7563 | grad_norm 0.058 | lr x1.000
           val loss 3.0963
step  33760 | loss 2.7535 | grad_norm 0.059 | lr x1.000
step  33780 | loss 2.7324 | grad_norm 0.060 | lr x1.000
step  33800 | loss 2.6975 | grad_norm 0.060 | lr x1.000
step  33820 | loss 2.7242 | grad_norm 0.060 | lr x1.000
step  33840 | loss 2.7327 | grad_norm 0.060 | lr x1.000
step  33860 | loss 2.7214 | grad_norm 0.060 | lr x1.000
step  33880 | loss 2.6964 | grad_norm 0.059 | lr x1.000
step  33900 | loss 2.7137 | grad_norm 0.060 | lr x1.000
step  33920 | loss 2.7131 | grad_norm 0.062 | lr x1.000
step  33940 | loss 2.7259 | grad_norm 0.060 | lr x1.000
step  33960 | loss 2.7306 | grad_norm 0.061 | lr x1.000
step  33980 | loss 2.7193 | grad_norm 0.067 | lr x1.000
step  34000 | loss 2.7542 | grad_norm 0.063 | lr x1.000
           val loss 3.0796
step  34020 | loss 2.7303 | grad_norm 0.061 | lr x1.000
step  34040 | loss 2.6679 | grad_norm 0.058 | lr x1.000
step  34060 | loss 2.7241 | grad_norm 0.060 | lr x1.000
step  34080 | loss 2.7111 | grad_norm 0.065 | lr x1.000
step  34100 | loss 2.7162 | grad_norm 0.060 | lr x1.000
step  34120 | loss 2.7055 | grad_norm 0.061 | lr x1.000
step  34140 | loss 2.7206 | grad_norm 0.060 | lr x1.000
step  34160 | loss 2.7114 | grad_norm 0.060 | lr x1.000
step  34180 | loss 2.6885 | grad_norm 0.062 | lr x1.000
step  34200 | loss 2.7575 | grad_norm 0.059 | lr x1.000
step  34220 | loss 2.7403 | grad_norm 0.059 | lr x1.000
step  34240 | loss 2.7151 | grad_norm 0.060 | lr x1.000
           val loss 3.0692
step  34260 | loss 2.7462 | grad_norm 0.060 | lr x1.000
step  34280 | loss 2.7791 | grad_norm 0.059 | lr x1.000
step  34300 | loss 2.7262 | grad_norm 0.060 | lr x1.000
step  34320 | loss 2.7270 | grad_norm 0.061 | lr x1.000
step  34340 | loss 2.8067 | grad_norm 0.061 | lr x1.000
step  34360 | loss 2.7768 | grad_norm 0.061 | lr x1.000
step  34380 | loss 2.7670 | grad_norm 0.060 | lr x1.000
step  34400 | loss 2.6980 | grad_norm 0.062 | lr x1.000
step  34420 | loss 2.7983 | grad_norm 0.062 | lr x1.000
step  34440 | loss 2.6483 | grad_norm 0.057 | lr x1.000
step  34460 | loss 2.6961 | grad_norm 0.061 | lr x1.000
step  34480 | loss 2.7331 | grad_norm 0.060 | lr x1.000
step  34500 | loss 2.7592 | grad_norm 0.060 | lr x1.000
           val loss 3.0869
step  34520 | loss 2.6864 | grad_norm 0.063 | lr x1.000
step  34540 | loss 2.7539 | grad_norm 0.061 | lr x1.000
step  34560 | loss 2.7286 | grad_norm 0.063 | lr x1.000
step  34580 | loss 2.6756 | grad_norm 0.059 | lr x1.000
step  34600 | loss 2.6828 | grad_norm 0.062 | lr x1.000
step  34620 | loss 2.6410 | grad_norm 0.061 | lr x1.000
step  34640 | loss 2.7156 | grad_norm 0.060 | lr x1.000
step  34660 | loss 2.6919 | grad_norm 0.062 | lr x1.000
step  34680 | loss 2.6525 | grad_norm 0.059 | lr x1.000
step  34700 | loss 2.7336 | grad_norm 0.063 | lr x1.000
step  34720 | loss 2.7337 | grad_norm 0.059 | lr x1.000
step  34740 | loss 2.7411 | grad_norm 0.058 | lr x1.000
           val loss 3.1420
step  34760 | loss 2.7376 | grad_norm 0.064 | lr x1.000
step  34780 | loss 2.7028 | grad_norm 0.059 | lr x1.000
step  34800 | loss 2.7471 | grad_norm 0.060 | lr x1.000
step  34820 | loss 2.8023 | grad_norm 0.059 | lr x1.000
step  34840 | loss 2.7128 | grad_norm 0.064 | lr x1.000
step  34860 | loss 2.7276 | grad_norm 0.061 | lr x1.000
step  34880 | loss 2.7415 | grad_norm 0.061 | lr x1.000
step  34900 | loss 2.7241 | grad_norm 0.058 | lr x1.000
step  34920 | loss 2.7494 | grad_norm 0.058 | lr x1.000
step  34940 | loss 2.7570 | grad_norm 0.060 | lr x1.000
step  34960 | loss 2.7388 | grad_norm 0.058 | lr x1.000
step  34980 | loss 2.7327 | grad_norm 0.061 | lr x1.000
step  35000 | loss 2.7487 | grad_norm 0.058 | lr x1.000
           val loss 3.0863
step  35020 | loss 2.6444 | grad_norm 0.057 | lr x1.000
step  35040 | loss 2.7457 | grad_norm 0.063 | lr x1.000
step  35060 | loss 2.7662 | grad_norm 0.059 | lr x1.000
step  35080 | loss 2.6984 | grad_norm 0.062 | lr x1.000
step  35100 | loss 2.6522 | grad_norm 0.059 | lr x1.000
step  35120 | loss 2.8065 | grad_norm 0.058 | lr x1.000
step  35140 | loss 2.7497 | grad_norm 0.062 | lr x1.000
step  35160 | loss 2.7697 | grad_norm 0.059 | lr x1.000
step  35180 | loss 2.7280 | grad_norm 0.058 | lr x1.000
step  35200 | loss 2.6860 | grad_norm 0.059 | lr x1.000
step  35220 | loss 2.6968 | grad_norm 0.059 | lr x1.000
step  35240 | loss 2.6888 | grad_norm 0.061 | lr x1.000
           val loss 3.0767
step  35260 | loss 2.7188 | grad_norm 0.058 | lr x1.000
step  35280 | loss 2.7961 | grad_norm 0.061 | lr x1.000
step  35300 | loss 2.7219 | grad_norm 0.062 | lr x1.000
step  35320 | loss 2.7871 | grad_norm 0.061 | lr x1.000
step  35340 | loss 2.8446 | grad_norm 0.059 | lr x1.000
step  35360 | loss 2.7238 | grad_norm 0.061 | lr x1.000
step  35380 | loss 2.7319 | grad_norm 0.059 | lr x1.000
step  35400 | loss 2.7284 | grad_norm 0.059 | lr x1.000
step  35420 | loss 2.7372 | grad_norm 0.064 | lr x1.000
step  35440 | loss 2.6606 | grad_norm 0.057 | lr x1.000
step  35460 | loss 2.6902 | grad_norm 0.063 | lr x1.000
step  35480 | loss 2.7409 | grad_norm 0.058 | lr x1.000
step  35500 | loss 2.6982 | grad_norm 0.061 | lr x1.000
           val loss 3.1009
step  35520 | loss 2.6968 | grad_norm 0.058 | lr x1.000
step  35540 | loss 2.7491 | grad_norm 0.059 | lr x1.000
step  35560 | loss 2.7385 | grad_norm 0.060 | lr x1.000
step  35580 | loss 2.6913 | grad_norm 0.059 | lr x1.000
step  35600 | loss 2.7524 | grad_norm 0.060 | lr x1.000
step  35620 | loss 2.7235 | grad_norm 0.057 | lr x1.000
step  35640 | loss 2.7509 | grad_norm 0.060 | lr x1.000
step  35660 | loss 2.7655 | grad_norm 0.062 | lr x1.000
step  35680 | loss 2.6987 | grad_norm 0.059 | lr x1.000
step  35700 | loss 2.7217 | grad_norm 0.059 | lr x1.000
step  35720 | loss 2.7769 | grad_norm 0.060 | lr x1.000
step  35740 | loss 2.7456 | grad_norm 0.058 | lr x1.000
           val loss 3.0667
step  35760 | loss 2.7959 | grad_norm 0.062 | lr x1.000
step  35780 | loss 2.7480 | grad_norm 0.060 | lr x1.000
step  35800 | loss 2.7166 | grad_norm 0.059 | lr x1.000
step  35820 | loss 2.7461 | grad_norm 0.058 | lr x1.000
step  35840 | loss 2.6939 | grad_norm 0.059 | lr x1.000
step  35860 | loss 2.7209 | grad_norm 0.059 | lr x1.000
step  35880 | loss 2.7635 | grad_norm 0.063 | lr x1.000
step  35900 | loss 2.7150 | grad_norm 0.059 | lr x1.000
step  35920 | loss 2.7611 | grad_norm 0.061 | lr x1.000
step  35940 | loss 2.7069 | grad_norm 0.060 | lr x1.000
step  35960 | loss 2.7255 | grad_norm 0.059 | lr x1.000
step  35980 | loss 2.7672 | grad_norm 0.059 | lr x1.000
step  36000 | loss 2.6651 | grad_norm 0.059 | lr x1.000
           val loss 3.1114
step  36020 | loss 2.7291 | grad_norm 0.061 | lr x1.000
step  36040 | loss 2.7236 | grad_norm 0.060 | lr x1.000
step  36060 | loss 2.7355 | grad_norm 0.058 | lr x1.000
step  36080 | loss 2.7007 | grad_norm 0.059 | lr x1.000
step  36100 | loss 2.7913 | grad_norm 0.059 | lr x1.000
step  36120 | loss 2.7593 | grad_norm 0.059 | lr x1.000
step  36140 | loss 2.7062 | grad_norm 0.059 | lr x1.000
step  36160 | loss 2.6734 | grad_norm 0.058 | lr x1.000
step  36180 | loss 2.7733 | grad_norm 0.062 | lr x1.000
step  36200 | loss 2.7228 | grad_norm 0.061 | lr x1.000
step  36220 | loss 2.7479 | grad_norm 0.059 | lr x1.000
step  36240 | loss 2.7545 | grad_norm 0.062 | lr x1.000
           val loss 3.0566
step  36260 | loss 2.7408 | grad_norm 0.059 | lr x1.000
step  36280 | loss 2.7343 | grad_norm 0.059 | lr x1.000
step  36300 | loss 2.7224 | grad_norm 0.059 | lr x1.000
step  36320 | loss 2.7497 | grad_norm 0.058 | lr x1.000
step  36340 | loss 2.6719 | grad_norm 0.058 | lr x1.000
step  36360 | loss 2.6752 | grad_norm 0.058 | lr x1.000
step  36380 | loss 2.7380 | grad_norm 0.059 | lr x1.000
step  36400 | loss 2.7985 | grad_norm 0.060 | lr x1.000
step  36420 | loss 2.7266 | grad_norm 0.061 | lr x1.000
step  36440 | loss 2.7061 | grad_norm 0.058 | lr x1.000
step  36460 | loss 2.7103 | grad_norm 0.061 | lr x1.000
step  36480 | loss 2.7555 | grad_norm 0.057 | lr x1.000
step  36500 | loss 2.7157 | grad_norm 0.062 | lr x1.000
           val loss 3.0940
step  36520 | loss 2.7403 | grad_norm 0.059 | lr x1.000
step  36540 | loss 2.7056 | grad_norm 0.060 | lr x1.000
step  36560 | loss 2.6899 | grad_norm 0.063 | lr x1.000
step  36580 | loss 2.8303 | grad_norm 0.058 | lr x1.000
step  36600 | loss 2.7053 | grad_norm 0.058 | lr x1.000
step  36620 | loss 2.7089 | grad_norm 0.059 | lr x1.000
step  36640 | loss 2.7838 | grad_norm 0.060 | lr x1.000
step  36660 | loss 2.7235 | grad_norm 0.057 | lr x1.000
step  36680 | loss 2.6767 | grad_norm 0.058 | lr x1.000
step  36700 | loss 2.7525 | grad_norm 0.063 | lr x1.000
step  36720 | loss 2.6891 | grad_norm 0.059 | lr x1.000
step  36740 | loss 2.7793 | grad_norm 0.058 | lr x1.000
           val loss 3.0936
step  36760 | loss 2.7768 | grad_norm 0.060 | lr x1.000
step  36780 | loss 2.6253 | grad_norm 0.057 | lr x1.000
step  36800 | loss 2.7402 | grad_norm 0.062 | lr x1.000
step  36820 | loss 2.7956 | grad_norm 0.062 | lr x1.000
step  36840 | loss 2.6874 | grad_norm 0.057 | lr x1.000
step  36860 | loss 2.7571 | grad_norm 0.058 | lr x1.000
step  36880 | loss 2.7410 | grad_norm 0.065 | lr x1.000
step  36900 | loss 2.7217 | grad_norm 0.057 | lr x1.000
step  36920 | loss 2.7643 | grad_norm 0.059 | lr x1.000
step  36940 | loss 2.7037 | grad_norm 0.062 | lr x1.000
step  36960 | loss 2.6656 | grad_norm 0.061 | lr x1.000
step  36980 | loss 2.6800 | grad_norm 0.059 | lr x1.000
step  37000 | loss 2.7212 | grad_norm 0.058 | lr x1.000
           val loss 3.0729
step  37020 | loss 2.7235 | grad_norm 0.059 | lr x1.000
step  37040 | loss 2.6797 | grad_norm 0.058 | lr x1.000
step  37060 | loss 2.7438 | grad_norm 0.058 | lr x1.000
step  37080 | loss 2.7502 | grad_norm 0.060 | lr x1.000
step  37100 | loss 2.7332 | grad_norm 0.062 | lr x1.000
step  37120 | loss 2.7072 | grad_norm 0.059 | lr x0.996
step  37140 | loss 2.6753 | grad_norm 0.061 | lr x0.992
step  37160 | loss 2.7495 | grad_norm 0.061 | lr x0.988
step  37180 | loss 2.7570 | grad_norm 0.059 | lr x0.983
step  37200 | loss 2.7215 | grad_norm 0.062 | lr x0.979
step  37220 | loss 2.6785 | grad_norm 0.058 | lr x0.974
step  37240 | loss 2.6598 | grad_norm 0.057 | lr x0.970
           val loss 3.1008
step  37260 | loss 2.7091 | grad_norm 0.058 | lr x0.966
step  37280 | loss 2.6918 | grad_norm 0.059 | lr x0.961
step  37300 | loss 2.7619 | grad_norm 0.059 | lr x0.957
step  37320 | loss 2.7115 | grad_norm 0.059 | lr x0.953
step  37340 | loss 2.7599 | grad_norm 0.059 | lr x0.948
step  37360 | loss 2.6968 | grad_norm 0.057 | lr x0.944
step  37380 | loss 2.7055 | grad_norm 0.058 | lr x0.940
step  37400 | loss 2.6850 | grad_norm 0.058 | lr x0.935
step  37420 | loss 2.7537 | grad_norm 0.059 | lr x0.931
step  37440 | loss 2.7302 | grad_norm 0.058 | lr x0.926
step  37460 | loss 2.7176 | grad_norm 0.057 | lr x0.922
step  37480 | loss 2.6985 | grad_norm 0.057 | lr x0.918
step  37500 | loss 2.7301 | grad_norm 0.059 | lr x0.913
           val loss 3.1076
step  37520 | loss 2.6846 | grad_norm 0.060 | lr x0.909
step  37540 | loss 2.7178 | grad_norm 0.058 | lr x0.905
step  37560 | loss 2.6787 | grad_norm 0.059 | lr x0.900
step  37580 | loss 2.7267 | grad_norm 0.059 | lr x0.896
step  37600 | loss 2.6578 | grad_norm 0.060 | lr x0.891
step  37620 | loss 2.6744 | grad_norm 0.060 | lr x0.887
step  37640 | loss 2.7037 | grad_norm 0.058 | lr x0.883
step  37660 | loss 2.7546 | grad_norm 0.058 | lr x0.878
step  37680 | loss 2.7102 | grad_norm 0.059 | lr x0.874
step  37700 | loss 2.7058 | grad_norm 0.061 | lr x0.870
step  37720 | loss 2.7225 | grad_norm 0.060 | lr x0.865
step  37740 | loss 2.6986 | grad_norm 0.057 | lr x0.861
           val loss 3.1211
step  37760 | loss 2.7663 | grad_norm 0.058 | lr x0.857
step  37780 | loss 2.6908 | grad_norm 0.058 | lr x0.852
step  37800 | loss 2.7047 | grad_norm 0.057 | lr x0.848
step  37820 | loss 2.7582 | grad_norm 0.061 | lr x0.843
step  37840 | loss 2.6920 | grad_norm 0.058 | lr x0.839
step  37860 | loss 2.7127 | grad_norm 0.057 | lr x0.835
step  37880 | loss 2.7135 | grad_norm 0.059 | lr x0.830
step  37900 | loss 2.6974 | grad_norm 0.060 | lr x0.826
step  37920 | loss 2.6803 | grad_norm 0.058 | lr x0.822
step  37940 | loss 2.6919 | grad_norm 0.058 | lr x0.817
step  37960 | loss 2.7077 | grad_norm 0.060 | lr x0.813
step  37980 | loss 2.6699 | grad_norm 0.062 | lr x0.809
step  38000 | loss 2.6785 | grad_norm 0.061 | lr x0.804
           val loss 3.0640
step  38020 | loss 2.6835 | grad_norm 0.058 | lr x0.800
step  38040 | loss 2.6633 | grad_norm 0.061 | lr x0.795
step  38060 | loss 2.6945 | grad_norm 0.058 | lr x0.791
step  38080 | loss 2.7558 | grad_norm 0.058 | lr x0.787
step  38100 | loss 2.7599 | grad_norm 0.057 | lr x0.782
step  38120 | loss 2.6788 | grad_norm 0.059 | lr x0.778
step  38140 | loss 2.7181 | grad_norm 0.060 | lr x0.774
step  38160 | loss 2.7714 | grad_norm 0.060 | lr x0.769
step  38180 | loss 2.7191 | grad_norm 0.060 | lr x0.765
step  38200 | loss 2.7071 | grad_norm 0.058 | lr x0.760
step  38220 | loss 2.7704 | grad_norm 0.056 | lr x0.756
step  38240 | loss 2.6522 | grad_norm 0.056 | lr x0.752
           val loss 3.0725
step  38260 | loss 2.6754 | grad_norm 0.057 | lr x0.747
step  38280 | loss 2.7027 | grad_norm 0.058 | lr x0.743
step  38300 | loss 2.7305 | grad_norm 0.061 | lr x0.739
step  38320 | loss 2.7074 | grad_norm 0.058 | lr x0.734
step  38340 | loss 2.6118 | grad_norm 0.060 | lr x0.730
step  38360 | loss 2.6890 | grad_norm 0.057 | lr x0.726
step  38380 | loss 2.7673 | grad_norm 0.060 | lr x0.721
step  38400 | loss 2.6163 | grad_norm 0.056 | lr x0.717
step  38420 | loss 2.7084 | grad_norm 0.061 | lr x0.712
step  38440 | loss 2.6938 | grad_norm 0.059 | lr x0.708
step  38460 | loss 2.6678 | grad_norm 0.058 | lr x0.704
step  38480 | loss 2.6955 | grad_norm 0.058 | lr x0.699
step  38500 | loss 2.6972 | grad_norm 0.058 | lr x0.695
           val loss 3.0578
step  38520 | loss 2.7204 | grad_norm 0.060 | lr x0.691
step  38540 | loss 2.7192 | grad_norm 0.058 | lr x0.686
step  38560 | loss 2.7295 | grad_norm 0.057 | lr x0.682
step  38580 | loss 2.7755 | grad_norm 0.059 | lr x0.678
step  38600 | loss 2.7124 | grad_norm 0.056 | lr x0.673
step  38620 | loss 2.7122 | grad_norm 0.062 | lr x0.669
step  38640 | loss 2.7248 | grad_norm 0.058 | lr x0.664
step  38660 | loss 2.6735 | grad_norm 0.058 | lr x0.660
step  38680 | loss 2.6469 | grad_norm 0.058 | lr x0.656
step  38700 | loss 2.6509 | grad_norm 0.058 | lr x0.651
step  38720 | loss 2.6975 | grad_norm 0.061 | lr x0.647
step  38740 | loss 2.7145 | grad_norm 0.058 | lr x0.643
           val loss 3.0906
step  38760 | loss 2.7306 | grad_norm 0.058 | lr x0.638
step  38780 | loss 2.7132 | grad_norm 0.059 | lr x0.634
step  38800 | loss 2.7530 | grad_norm 0.062 | lr x0.629
step  38820 | loss 2.7090 | grad_norm 0.058 | lr x0.625
step  38840 | loss 2.6354 | grad_norm 0.056 | lr x0.621
step  38860 | loss 2.7287 | grad_norm 0.058 | lr x0.616
step  38880 | loss 2.7014 | grad_norm 0.058 | lr x0.612
step  38900 | loss 2.7224 | grad_norm 0.058 | lr x0.608
step  38920 | loss 2.6420 | grad_norm 0.057 | lr x0.603
step  38940 | loss 2.6733 | grad_norm 0.058 | lr x0.599
step  38960 | loss 2.6855 | grad_norm 0.059 | lr x0.595
step  38980 | loss 2.7256 | grad_norm 0.060 | lr x0.590
step  39000 | loss 2.7590 | grad_norm 0.059 | lr x0.586
           val loss 3.0638
step  39020 | loss 2.6980 | grad_norm 0.058 | lr x0.581
step  39040 | loss 2.7238 | grad_norm 0.060 | lr x0.577
step  39060 | loss 2.6886 | grad_norm 0.058 | lr x0.573
step  39080 | loss 2.7230 | grad_norm 0.057 | lr x0.568
step  39100 | loss 2.6596 | grad_norm 0.058 | lr x0.564
step  39120 | loss 2.6596 | grad_norm 0.057 | lr x0.560
step  39140 | loss 2.6310 | grad_norm 0.058 | lr x0.555
step  39160 | loss 2.6914 | grad_norm 0.057 | lr x0.551
step  39180 | loss 2.6735 | grad_norm 0.060 | lr x0.547
step  39200 | loss 2.6887 | grad_norm 0.057 | lr x0.542
step  39220 | loss 2.7268 | grad_norm 0.057 | lr x0.538
step  39240 | loss 2.6719 | grad_norm 0.057 | lr x0.533
           val loss 3.0675
step  39260 | loss 2.7031 | grad_norm 0.058 | lr x0.529
step  39280 | loss 2.6939 | grad_norm 0.058 | lr x0.525
step  39300 | loss 2.7427 | grad_norm 0.058 | lr x0.520
step  39320 | loss 2.7038 | grad_norm 0.058 | lr x0.516
step  39340 | loss 2.7294 | grad_norm 0.058 | lr x0.512
step  39360 | loss 2.7052 | grad_norm 0.059 | lr x0.507
step  39380 | loss 2.6504 | grad_norm 0.057 | lr x0.503
step  39400 | loss 2.6839 | grad_norm 0.058 | lr x0.498
step  39420 | loss 2.6531 | grad_norm 0.059 | lr x0.494
step  39440 | loss 2.7521 | grad_norm 0.063 | lr x0.490
step  39460 | loss 2.6919 | grad_norm 0.057 | lr x0.485
step  39480 | loss 2.6403 | grad_norm 0.059 | lr x0.481
step  39500 | loss 2.7112 | grad_norm 0.058 | lr x0.477
           val loss 3.0092
step  39520 | loss 2.6590 | grad_norm 0.061 | lr x0.472
step  39540 | loss 2.6769 | grad_norm 0.057 | lr x0.468
step  39560 | loss 2.6646 | grad_norm 0.058 | lr x0.464
step  39580 | loss 2.7154 | grad_norm 0.060 | lr x0.459
step  39600 | loss 2.7431 | grad_norm 0.064 | lr x0.455
step  39620 | loss 2.6249 | grad_norm 0.059 | lr x0.450
step  39640 | loss 2.6752 | grad_norm 0.058 | lr x0.446
step  39660 | loss 2.6656 | grad_norm 0.060 | lr x0.442
step  39680 | loss 2.6785 | grad_norm 0.058 | lr x0.437
step  39700 | loss 2.6620 | grad_norm 0.057 | lr x0.433
step  39720 | loss 2.7188 | grad_norm 0.057 | lr x0.429
step  39740 | loss 2.6679 | grad_norm 0.058 | lr x0.424
           val loss 3.0682
step  39760 | loss 2.6926 | grad_norm 0.059 | lr x0.420
step  39780 | loss 2.7386 | grad_norm 0.058 | lr x0.416
step  39800 | loss 2.6525 | grad_norm 0.058 | lr x0.411
step  39820 | loss 2.6592 | grad_norm 0.056 | lr x0.407
step  39840 | loss 2.6978 | grad_norm 0.058 | lr x0.402
step  39860 | loss 2.6900 | grad_norm 0.058 | lr x0.398
step  39880 | loss 2.6887 | grad_norm 0.058 | lr x0.394
step  39900 | loss 2.6705 | grad_norm 0.066 | lr x0.389
step  39920 | loss 2.6027 | grad_norm 0.057 | lr x0.385
step  39940 | loss 2.6358 | grad_norm 0.057 | lr x0.381
step  39960 | loss 2.5959 | grad_norm 0.060 | lr x0.376
step  39980 | loss 2.7352 | grad_norm 0.059 | lr x0.372
step  40000 | loss 2.6836 | grad_norm 0.057 | lr x0.367
           val loss 3.0148
step  40020 | loss 2.6948 | grad_norm 0.058 | lr x0.363
step  40040 | loss 2.7036 | grad_norm 0.058 | lr x0.359
step  40060 | loss 2.6937 | grad_norm 0.057 | lr x0.354
step  40080 | loss 2.6562 | grad_norm 0.059 | lr x0.350
step  40100 | loss 2.7095 | grad_norm 0.061 | lr x0.346
step  40120 | loss 2.6402 | grad_norm 0.057 | lr x0.341
step  40140 | loss 2.6990 | grad_norm 0.057 | lr x0.337
step  40160 | loss 2.6716 | grad_norm 0.059 | lr x0.333
step  40180 | loss 2.7041 | grad_norm 0.059 | lr x0.328
step  40200 | loss 2.6888 | grad_norm 0.059 | lr x0.324
step  40220 | loss 2.6311 | grad_norm 0.058 | lr x0.319
step  40240 | loss 2.6560 | grad_norm 0.058 | lr x0.315
           val loss 3.0293
step  40260 | loss 2.6003 | grad_norm 0.058 | lr x0.311
step  40280 | loss 2.6845 | grad_norm 0.060 | lr x0.306
step  40300 | loss 2.7209 | grad_norm 0.062 | lr x0.302
step  40320 | loss 2.5896 | grad_norm 0.057 | lr x0.298
step  40340 | loss 2.6567 | grad_norm 0.058 | lr x0.293
step  40360 | loss 2.6995 | grad_norm 0.057 | lr x0.289
step  40380 | loss 2.6874 | grad_norm 0.056 | lr x0.284
step  40400 | loss 2.6812 | grad_norm 0.057 | lr x0.280
step  40420 | loss 2.5894 | grad_norm 0.057 | lr x0.276
step  40440 | loss 2.7029 | grad_norm 0.061 | lr x0.271
step  40460 | loss 2.6559 | grad_norm 0.058 | lr x0.267
step  40480 | loss 2.7877 | grad_norm 0.060 | lr x0.263
step  40500 | loss 2.6909 | grad_norm 0.057 | lr x0.258
           val loss 3.0981
step  40520 | loss 2.7091 | grad_norm 0.057 | lr x0.254
step  40540 | loss 2.6681 | grad_norm 0.058 | lr x0.250
step  40560 | loss 2.6624 | grad_norm 0.056 | lr x0.245
step  40580 | loss 2.6179 | grad_norm 0.057 | lr x0.241
step  40600 | loss 2.6383 | grad_norm 0.056 | lr x0.236
step  40620 | loss 2.6267 | grad_norm 0.059 | lr x0.232
step  40640 | loss 2.6490 | grad_norm 0.057 | lr x0.228
step  40660 | loss 2.6271 | grad_norm 0.057 | lr x0.223
step  40680 | loss 2.6790 | grad_norm 0.060 | lr x0.219
step  40700 | loss 2.6470 | grad_norm 0.058 | lr x0.215
step  40720 | loss 2.6203 | grad_norm 0.057 | lr x0.210
step  40740 | loss 2.6841 | grad_norm 0.058 | lr x0.206
           val loss 3.0904
step  40760 | loss 2.6748 | grad_norm 0.058 | lr x0.202
step  40780 | loss 2.6065 | grad_norm 0.058 | lr x0.197
step  40800 | loss 2.7308 | grad_norm 0.057 | lr x0.193
step  40820 | loss 2.6194 | grad_norm 0.058 | lr x0.188
step  40840 | loss 2.6323 | grad_norm 0.057 | lr x0.184
step  40860 | loss 2.6176 | grad_norm 0.057 | lr x0.180
step  40880 | loss 2.6452 | grad_norm 0.057 | lr x0.175
step  40900 | loss 2.6441 | grad_norm 0.058 | lr x0.171
step  40920 | loss 2.6692 | grad_norm 0.056 | lr x0.167
step  40940 | loss 2.6136 | grad_norm 0.057 | lr x0.162
step  40960 | loss 2.6858 | grad_norm 0.057 | lr x0.158
step  40980 | loss 2.6376 | grad_norm 0.058 | lr x0.153
step  41000 | loss 2.6407 | grad_norm 0.056 | lr x0.149
           val loss 3.0800
step  41020 | loss 2.6743 | grad_norm 0.060 | lr x0.145
step  41040 | loss 2.6868 | grad_norm 0.057 | lr x0.140
step  41060 | loss 2.7090 | grad_norm 0.057 | lr x0.136
step  41080 | loss 2.6992 | grad_norm 0.060 | lr x0.132
step  41100 | loss 2.6564 | grad_norm 0.056 | lr x0.127
step  41120 | loss 2.6471 | grad_norm 0.057 | lr x0.123
step  41140 | loss 2.7360 | grad_norm 0.057 | lr x0.119
step  41160 | loss 2.6578 | grad_norm 0.058 | lr x0.114
step  41180 | loss 2.6815 | grad_norm 0.058 | lr x0.110
step  41200 | loss 2.6553 | grad_norm 0.057 | lr x0.105
step  41220 | loss 2.6837 | grad_norm 0.056 | lr x0.101
Done.
[W727 07:39:03.547838807 AllocatorConfig.cpp:28] Warning: PYTORCH_CUDA_ALLOC_CONF is deprecated, use PYTORCH_ALLOC_CONF instead (function operator())
