Corpus: 5,402,429,161 tokens (54,024,291 val) | device: cuda | bf16 + FlashAttention
Model: 106.9M params | GQA 12q/4kv | Muon+AdamW
step      0 | loss 9.1717 | grad_norm 8.099 | lr x0.000
           val loss 9.1727
           VRAM: 20.4 GB used / 20.5 GB reserved
step     20 | loss 9.0619 | grad_norm 7.853 | lr x0.007
step     40 | loss 8.7673 | grad_norm 6.430 | lr x0.014
step     60 | loss 8.4215 | grad_norm 4.098 | lr x0.020
step     80 | loss 8.1279 | grad_norm 2.051 | lr x0.027
step    100 | loss 7.8948 | grad_norm 1.130 | lr x0.034
step    120 | loss 7.7329 | grad_norm 1.120 | lr x0.040
step    140 | loss 7.5222 | grad_norm 1.964 | lr x0.047
step    160 | loss 7.3150 | grad_norm 2.381 | lr x0.054
step    180 | loss 7.0784 | grad_norm 2.566 | lr x0.060
step    200 | loss 6.8593 | grad_norm 2.592 | lr x0.067
step    220 | loss 6.6050 | grad_norm 3.675 | lr x0.074
step    240 | loss 6.4268 | grad_norm 3.454 | lr x0.080
           val loss 6.4784
step    260 | loss 6.2983 | grad_norm 3.584 | lr x0.087
step    280 | loss 6.1052 | grad_norm 3.948 | lr x0.094
step    300 | loss 5.9778 | grad_norm 4.359 | lr x0.100
step    320 | loss 5.8371 | grad_norm 4.579 | lr x0.107
step    340 | loss 5.6448 | grad_norm 4.473 | lr x0.114
step    360 | loss 5.5492 | grad_norm 5.575 | lr x0.120
step    380 | loss 5.4117 | grad_norm 4.852 | lr x0.127
step    400 | loss 5.3193 | grad_norm 4.875 | lr x0.134
step    420 | loss 5.1670 | grad_norm 4.538 | lr x0.140
step    440 | loss 5.1266 | grad_norm 3.797 | lr x0.147
step    460 | loss 5.0523 | grad_norm 3.493 | lr x0.154
step    480 | loss 4.9348 | grad_norm 3.014 | lr x0.160
step    500 | loss 4.8787 | grad_norm 2.934 | lr x0.167
           val loss 5.1340
step    520 | loss 4.8426 | grad_norm 2.812 | lr x0.174
step    540 | loss 4.7677 | grad_norm 3.185 | lr x0.180
step    560 | loss 4.6909 | grad_norm 2.260 | lr x0.187
step    580 | loss 4.6515 | grad_norm 2.368 | lr x0.194
step    600 | loss 4.5786 | grad_norm 2.210 | lr x0.200
step    620 | loss 4.5232 | grad_norm 2.083 | lr x0.207
step    640 | loss 4.5598 | grad_norm 1.873 | lr x0.214
step    660 | loss 4.5845 | grad_norm 1.783 | lr x0.220
step    680 | loss 4.4469 | grad_norm 1.793 | lr x0.227
step    700 | loss 4.4506 | grad_norm 1.786 | lr x0.234
step    720 | loss 4.3889 | grad_norm 1.525 | lr x0.240
step    740 | loss 4.3945 | grad_norm 1.457 | lr x0.247
           val loss 4.5601
step    760 | loss 4.3119 | grad_norm 1.348 | lr x0.254
step    780 | loss 4.2521 | grad_norm 1.354 | lr x0.260
step    800 | loss 4.3239 | grad_norm 1.284 | lr x0.267
step    820 | loss 4.2328 | grad_norm 1.119 | lr x0.274
step    840 | loss 4.1871 | grad_norm 1.047 | lr x0.280
step    860 | loss 4.1505 | grad_norm 1.106 | lr x0.287
step    880 | loss 4.1404 | grad_norm 1.005 | lr x0.294
step    900 | loss 4.1387 | grad_norm 0.907 | lr x0.300
step    920 | loss 4.0735 | grad_norm 0.996 | lr x0.307
step    940 | loss 4.1507 | grad_norm 0.941 | lr x0.314
step    960 | loss 4.0736 | grad_norm 0.840 | lr x0.320
step    980 | loss 4.0254 | grad_norm 0.858 | lr x0.327
step   1000 | loss 4.1002 | grad_norm 0.828 | lr x0.334
           val loss 4.2804
step   1020 | loss 4.0510 | grad_norm 0.757 | lr x0.340
step   1040 | loss 3.9629 | grad_norm 0.685 | lr x0.347
step   1060 | loss 4.0225 | grad_norm 0.715 | lr x0.354
step   1080 | loss 3.9727 | grad_norm 0.750 | lr x0.360
step   1100 | loss 4.0162 | grad_norm 0.722 | lr x0.367
step   1120 | loss 3.9062 | grad_norm 0.656 | lr x0.374
step   1140 | loss 3.9968 | grad_norm 0.754 | lr x0.380
step   1160 | loss 3.9808 | grad_norm 0.635 | lr x0.387
step   1180 | loss 3.8403 | grad_norm 0.629 | lr x0.394
step   1200 | loss 3.9508 | grad_norm 0.556 | lr x0.400
step   1220 | loss 3.9046 | grad_norm 0.593 | lr x0.407
step   1240 | loss 3.8673 | grad_norm 0.530 | lr x0.414
           val loss 4.0796
step   1260 | loss 3.8744 | grad_norm 0.606 | lr x0.420
step   1280 | loss 3.8512 | grad_norm 0.545 | lr x0.427
step   1300 | loss 3.9037 | grad_norm 0.566 | lr x0.434
step   1320 | loss 3.8655 | grad_norm 0.458 | lr x0.440
step   1340 | loss 3.8558 | grad_norm 0.506 | lr x0.447
step   1360 | loss 3.8706 | grad_norm 0.457 | lr x0.454
step   1380 | loss 3.7962 | grad_norm 0.460 | lr x0.460
step   1400 | loss 3.8287 | grad_norm 0.465 | lr x0.467
step   1420 | loss 3.7806 | grad_norm 0.503 | lr x0.474
step   1440 | loss 3.8035 | grad_norm 0.505 | lr x0.480
step   1460 | loss 3.7403 | grad_norm 0.485 | lr x0.487
step   1480 | loss 3.8068 | grad_norm 0.425 | lr x0.494
step   1500 | loss 3.7005 | grad_norm 0.418 | lr x0.500
           val loss 3.9995
step   1520 | loss 3.7476 | grad_norm 0.440 | lr x0.507
step   1540 | loss 3.7497 | grad_norm 0.369 | lr x0.514
step   1560 | loss 3.6964 | grad_norm 0.383 | lr x0.520
step   1580 | loss 3.7009 | grad_norm 0.394 | lr x0.527
step   1600 | loss 3.7089 | grad_norm 0.375 | lr x0.534
step   1620 | loss 3.7238 | grad_norm 0.357 | lr x0.540
step   1640 | loss 3.6768 | grad_norm 0.347 | lr x0.547
step   1660 | loss 3.7237 | grad_norm 0.373 | lr x0.554
step   1680 | loss 3.6632 | grad_norm 0.342 | lr x0.560
step   1700 | loss 3.7420 | grad_norm 0.380 | lr x0.567
step   1720 | loss 3.6697 | grad_norm 0.326 | lr x0.574
step   1740 | loss 3.6823 | grad_norm 0.371 | lr x0.580
           val loss 3.9258
step   1760 | loss 3.7205 | grad_norm 0.354 | lr x0.587
step   1780 | loss 3.6476 | grad_norm 0.366 | lr x0.594
step   1800 | loss 3.6446 | grad_norm 0.353 | lr x0.600
step   1820 | loss 3.6496 | grad_norm 0.346 | lr x0.607
step   1840 | loss 3.7379 | grad_norm 0.337 | lr x0.614
step   1860 | loss 3.6122 | grad_norm 0.349 | lr x0.620
step   1880 | loss 3.6002 | grad_norm 0.316 | lr x0.627
step   1900 | loss 3.7093 | grad_norm 0.290 | lr x0.634
step   1920 | loss 3.6081 | grad_norm 0.273 | lr x0.640
step   1940 | loss 3.6638 | grad_norm 0.310 | lr x0.647
step   1960 | loss 3.6182 | grad_norm 0.280 | lr x0.654
step   1980 | loss 3.6740 | grad_norm 0.321 | lr x0.660
step   2000 | loss 3.6034 | grad_norm 0.277 | lr x0.667
           val loss 3.8182
step   2020 | loss 3.6006 | grad_norm 0.318 | lr x0.674
step   2040 | loss 3.6437 | grad_norm 0.289 | lr x0.680
step   2060 | loss 3.5851 | grad_norm 0.274 | lr x0.687
step   2080 | loss 3.6400 | grad_norm 0.277 | lr x0.694
step   2100 | loss 3.5364 | grad_norm 0.280 | lr x0.700
step   2120 | loss 3.5818 | grad_norm 0.278 | lr x0.707
step   2140 | loss 3.6254 | grad_norm 0.309 | lr x0.714
step   2160 | loss 3.5812 | grad_norm 0.284 | lr x0.720
step   2180 | loss 3.5910 | grad_norm 0.277 | lr x0.727
step   2200 | loss 3.5599 | grad_norm 0.261 | lr x0.734
step   2220 | loss 3.5090 | grad_norm 0.280 | lr x0.740
step   2240 | loss 3.5550 | grad_norm 0.281 | lr x0.747
           val loss 3.8111
step   2260 | loss 3.5651 | grad_norm 0.242 | lr x0.754
step   2280 | loss 3.5877 | grad_norm 0.243 | lr x0.760
step   2300 | loss 3.5102 | grad_norm 0.240 | lr x0.767
step   2320 | loss 3.5427 | grad_norm 0.260 | lr x0.774
step   2340 | loss 3.4250 | grad_norm 0.241 | lr x0.780
step   2360 | loss 3.5363 | grad_norm 0.255 | lr x0.787
step   2380 | loss 3.5784 | grad_norm 0.241 | lr x0.794
step   2400 | loss 3.4891 | grad_norm 0.230 | lr x0.800
step   2420 | loss 3.5225 | grad_norm 0.217 | lr x0.807
step   2440 | loss 3.4878 | grad_norm 0.204 | lr x0.814
step   2460 | loss 3.5391 | grad_norm 0.250 | lr x0.820
step   2480 | loss 3.5436 | grad_norm 0.229 | lr x0.827
step   2500 | loss 3.5041 | grad_norm 0.246 | lr x0.834
           val loss 3.7662
step   2520 | loss 3.4972 | grad_norm 0.225 | lr x0.840
step   2540 | loss 3.4557 | grad_norm 0.218 | lr x0.847
step   2560 | loss 3.5700 | grad_norm 0.217 | lr x0.854
step   2580 | loss 3.4392 | grad_norm 0.206 | lr x0.860
step   2600 | loss 3.4862 | grad_norm 0.219 | lr x0.867
step   2620 | loss 3.4842 | grad_norm 0.198 | lr x0.874
step   2640 | loss 3.4335 | grad_norm 0.213 | lr x0.880
step   2660 | loss 3.4898 | grad_norm 0.205 | lr x0.887
step   2680 | loss 3.5361 | grad_norm 0.218 | lr x0.894
step   2700 | loss 3.4832 | grad_norm 0.186 | lr x0.900
step   2720 | loss 3.5538 | grad_norm 0.215 | lr x0.907
step   2740 | loss 3.4446 | grad_norm 0.194 | lr x0.914
           val loss 3.7453
step   2760 | loss 3.5376 | grad_norm 0.212 | lr x0.920
step   2780 | loss 3.4694 | grad_norm 0.207 | lr x0.927
step   2800 | loss 3.5085 | grad_norm 0.220 | lr x0.934
step   2820 | loss 3.4451 | grad_norm 0.192 | lr x0.940
step   2840 | loss 3.4139 | grad_norm 0.192 | lr x0.947
step   2860 | loss 3.5144 | grad_norm 0.178 | lr x0.954
step   2880 | loss 3.5037 | grad_norm 0.209 | lr x0.960
step   2900 | loss 3.4379 | grad_norm 0.198 | lr x0.967
step   2920 | loss 3.5170 | grad_norm 0.194 | lr x0.974
step   2940 | loss 3.4265 | grad_norm 0.187 | lr x0.980
step   2960 | loss 3.4485 | grad_norm 0.184 | lr x0.987
step   2980 | loss 3.4461 | grad_norm 0.194 | lr x0.994
step   3000 | loss 3.4282 | grad_norm 0.182 | lr x1.000
           val loss 3.7040
step   3020 | loss 3.4369 | grad_norm 0.203 | lr x1.000
step   3040 | loss 3.4448 | grad_norm 0.183 | lr x1.000
step   3060 | loss 3.4253 | grad_norm 0.190 | lr x1.000
step   3080 | loss 3.4707 | grad_norm 0.183 | lr x1.000
step   3100 | loss 3.4882 | grad_norm 0.177 | lr x1.000
step   3120 | loss 3.4119 | grad_norm 0.171 | lr x1.000
step   3140 | loss 3.4035 | grad_norm 0.166 | lr x1.000
step   3160 | loss 3.4996 | grad_norm 0.169 | lr x1.000
step   3180 | loss 3.3932 | grad_norm 0.183 | lr x1.000
step   3200 | loss 3.4320 | grad_norm 0.164 | lr x1.000
step   3220 | loss 3.4584 | grad_norm 0.171 | lr x1.000
step   3240 | loss 3.4021 | grad_norm 0.166 | lr x1.000
           val loss 3.6623
step   3260 | loss 3.3905 | grad_norm 0.180 | lr x1.000
step   3280 | loss 3.3311 | grad_norm 0.153 | lr x1.000
step   3300 | loss 3.4544 | grad_norm 0.162 | lr x1.000
step   3320 | loss 3.3852 | grad_norm 0.170 | lr x1.000
step   3340 | loss 3.3721 | grad_norm 0.156 | lr x1.000
step   3360 | loss 3.3668 | grad_norm 0.158 | lr x1.000
step   3380 | loss 3.4823 | grad_norm 0.161 | lr x1.000
step   3400 | loss 3.3315 | grad_norm 0.159 | lr x1.000
step   3420 | loss 3.3620 | grad_norm 0.162 | lr x1.000
step   3440 | loss 3.3799 | grad_norm 0.161 | lr x1.000
step   3460 | loss 3.3663 | grad_norm 0.165 | lr x1.000
step   3480 | loss 3.3455 | grad_norm 0.141 | lr x1.000
step   3500 | loss 3.3701 | grad_norm 0.148 | lr x1.000
           val loss 3.6258
step   3520 | loss 3.3937 | grad_norm 0.149 | lr x1.000
step   3540 | loss 3.4081 | grad_norm 0.137 | lr x1.000
step   3560 | loss 3.3717 | grad_norm 0.155 | lr x1.000
step   3580 | loss 3.3395 | grad_norm 0.149 | lr x1.000
step   3600 | loss 3.3712 | grad_norm 0.146 | lr x1.000
step   3620 | loss 3.3410 | grad_norm 0.146 | lr x1.000
step   3640 | loss 3.3676 | grad_norm 0.159 | lr x1.000
step   3660 | loss 3.3643 | grad_norm 0.133 | lr x1.000
step   3680 | loss 3.4108 | grad_norm 0.137 | lr x1.000
step   3700 | loss 3.3675 | grad_norm 0.148 | lr x1.000
step   3720 | loss 3.3195 | grad_norm 0.133 | lr x1.000
step   3740 | loss 3.3811 | grad_norm 0.142 | lr x1.000
           val loss 3.6163
step   3760 | loss 3.4015 | grad_norm 0.136 | lr x1.000
step   3780 | loss 3.2806 | grad_norm 0.132 | lr x1.000
step   3800 | loss 3.3523 | grad_norm 0.142 | lr x1.000
step   3820 | loss 3.3474 | grad_norm 0.135 | lr x1.000
step   3840 | loss 3.3545 | grad_norm 0.160 | lr x1.000
step   3860 | loss 3.3827 | grad_norm 0.137 | lr x1.000
step   3880 | loss 3.3509 | grad_norm 0.137 | lr x1.000
step   3900 | loss 3.3636 | grad_norm 0.131 | lr x1.000
step   3920 | loss 3.3013 | grad_norm 0.142 | lr x1.000
step   3940 | loss 3.2914 | grad_norm 0.140 | lr x1.000
step   3960 | loss 3.3390 | grad_norm 0.157 | lr x1.000
step   3980 | loss 3.3603 | grad_norm 0.141 | lr x1.000
step   4000 | loss 3.2941 | grad_norm 0.141 | lr x1.000
           val loss 3.6132
step   4020 | loss 3.3897 | grad_norm 0.138 | lr x1.000
step   4040 | loss 3.3292 | grad_norm 0.139 | lr x1.000
step   4060 | loss 3.3909 | grad_norm 0.139 | lr x1.000
step   4080 | loss 3.2938 | grad_norm 0.130 | lr x1.000
step   4100 | loss 3.3696 | grad_norm 0.139 | lr x1.000
step   4120 | loss 3.3209 | grad_norm 0.133 | lr x1.000
step   4140 | loss 3.2955 | grad_norm 0.122 | lr x1.000
step   4160 | loss 3.3374 | grad_norm 0.131 | lr x1.000
step   4180 | loss 3.3237 | grad_norm 0.135 | lr x1.000
step   4200 | loss 3.3138 | grad_norm 0.128 | lr x1.000
step   4220 | loss 3.2945 | grad_norm 0.131 | lr x1.000
step   4240 | loss 3.3208 | grad_norm 0.132 | lr x1.000
           val loss 3.5867
step   4260 | loss 3.3327 | grad_norm 0.139 | lr x1.000
step   4280 | loss 3.3556 | grad_norm 0.124 | lr x1.000
step   4300 | loss 3.2719 | grad_norm 0.127 | lr x1.000
step   4320 | loss 3.2932 | grad_norm 0.130 | lr x1.000
step   4340 | loss 3.2605 | grad_norm 0.135 | lr x1.000
step   4360 | loss 3.3248 | grad_norm 0.132 | lr x1.000
step   4380 | loss 3.3350 | grad_norm 0.123 | lr x1.000
step   4400 | loss 3.3342 | grad_norm 0.126 | lr x1.000
step   4420 | loss 3.2465 | grad_norm 0.133 | lr x1.000
step   4440 | loss 3.2575 | grad_norm 0.123 | lr x1.000
step   4460 | loss 3.2843 | grad_norm 0.134 | lr x1.000
step   4480 | loss 3.2848 | grad_norm 0.122 | lr x1.000
step   4500 | loss 3.3234 | grad_norm 0.135 | lr x1.000
           val loss 3.5636
step   4520 | loss 3.3075 | grad_norm 0.133 | lr x1.000
step   4540 | loss 3.2631 | grad_norm 0.117 | lr x1.000
step   4560 | loss 3.3458 | grad_norm 0.124 | lr x1.000
step   4580 | loss 3.3130 | grad_norm 0.125 | lr x1.000
step   4600 | loss 3.3732 | grad_norm 0.124 | lr x1.000
step   4620 | loss 3.2994 | grad_norm 0.122 | lr x1.000
step   4640 | loss 3.2684 | grad_norm 0.124 | lr x1.000
step   4660 | loss 3.3145 | grad_norm 0.123 | lr x1.000
step   4680 | loss 3.3238 | grad_norm 0.126 | lr x1.000
step   4700 | loss 3.3119 | grad_norm 0.125 | lr x1.000
step   4720 | loss 3.3157 | grad_norm 0.119 | lr x1.000
step   4740 | loss 3.2910 | grad_norm 0.126 | lr x1.000
           val loss 3.5589
step   4760 | loss 3.2427 | grad_norm 0.126 | lr x1.000
step   4780 | loss 3.3577 | grad_norm 0.130 | lr x1.000
step   4800 | loss 3.3285 | grad_norm 0.129 | lr x1.000
step   4820 | loss 3.3116 | grad_norm 0.129 | lr x1.000
step   4840 | loss 3.2547 | grad_norm 0.119 | lr x1.000
step   4860 | loss 3.2710 | grad_norm 0.123 | lr x1.000
step   4880 | loss 3.2831 | grad_norm 0.120 | lr x1.000
step   4900 | loss 3.2768 | grad_norm 0.131 | lr x1.000
step   4920 | loss 3.2962 | grad_norm 0.128 | lr x1.000
step   4940 | loss 3.3386 | grad_norm 0.119 | lr x1.000
step   4960 | loss 3.2921 | grad_norm 0.128 | lr x1.000
step   4980 | loss 3.2897 | grad_norm 0.126 | lr x1.000
step   5000 | loss 3.2662 | grad_norm 0.123 | lr x1.000
           val loss 3.5541
step   5020 | loss 3.2428 | grad_norm 0.124 | lr x1.000
step   5040 | loss 3.2168 | grad_norm 0.121 | lr x1.000
step   5060 | loss 3.2593 | grad_norm 0.118 | lr x1.000
step   5080 | loss 3.3021 | grad_norm 0.124 | lr x1.000
step   5100 | loss 3.2150 | grad_norm 0.115 | lr x1.000
step   5120 | loss 3.2351 | grad_norm 0.131 | lr x1.000
step   5140 | loss 3.2764 | grad_norm 0.118 | lr x1.000
step   5160 | loss 3.2367 | grad_norm 0.112 | lr x1.000
step   5180 | loss 3.2268 | grad_norm 0.117 | lr x1.000
step   5200 | loss 3.2918 | grad_norm 0.120 | lr x1.000
step   5220 | loss 3.2741 | grad_norm 0.121 | lr x1.000
step   5240 | loss 3.2976 | grad_norm 0.117 | lr x1.000
           val loss 3.5156
step   5260 | loss 3.2460 | grad_norm 0.118 | lr x1.000
step   5280 | loss 3.2481 | grad_norm 0.119 | lr x1.000
step   5300 | loss 3.2539 | grad_norm 0.111 | lr x1.000
step   5320 | loss 3.1694 | grad_norm 0.110 | lr x1.000
step   5340 | loss 3.2410 | grad_norm 0.118 | lr x1.000
step   5360 | loss 3.2469 | grad_norm 0.118 | lr x1.000
step   5380 | loss 3.2685 | grad_norm 0.128 | lr x1.000
step   5400 | loss 3.2412 | grad_norm 0.122 | lr x1.000
step   5420 | loss 3.2191 | grad_norm 0.117 | lr x1.000
step   5440 | loss 3.2519 | grad_norm 0.119 | lr x1.000
step   5460 | loss 3.2732 | grad_norm 0.112 | lr x1.000
step   5480 | loss 3.2132 | grad_norm 0.123 | lr x1.000
step   5500 | loss 3.2661 | grad_norm 0.117 | lr x1.000
           val loss 3.5515
step   5520 | loss 3.1730 | grad_norm 0.115 | lr x1.000
step   5540 | loss 3.2116 | grad_norm 0.111 | lr x1.000
step   5560 | loss 3.2907 | grad_norm 0.114 | lr x1.000
step   5580 | loss 3.2236 | grad_norm 0.123 | lr x1.000
step   5600 | loss 3.2319 | grad_norm 0.121 | lr x1.000
step   5620 | loss 3.2334 | grad_norm 0.114 | lr x1.000
step   5640 | loss 3.1689 | grad_norm 0.119 | lr x1.000
step   5660 | loss 3.2511 | grad_norm 0.115 | lr x1.000
step   5680 | loss 3.2840 | grad_norm 0.112 | lr x1.000
step   5700 | loss 3.2674 | grad_norm 0.113 | lr x1.000
step   5720 | loss 3.2507 | grad_norm 0.115 | lr x1.000
step   5740 | loss 3.2622 | grad_norm 0.109 | lr x1.000
           val loss 3.5324
step   5760 | loss 3.2332 | grad_norm 0.112 | lr x1.000
step   5780 | loss 3.2384 | grad_norm 0.116 | lr x1.000
step   5800 | loss 3.1837 | grad_norm 0.117 | lr x1.000
step   5820 | loss 3.2384 | grad_norm 0.116 | lr x1.000
step   5840 | loss 3.2230 | grad_norm 0.125 | lr x1.000
step   5860 | loss 3.2474 | grad_norm 0.116 | lr x1.000
step   5880 | loss 3.3268 | grad_norm 0.119 | lr x1.000
step   5900 | loss 3.2371 | grad_norm 0.112 | lr x1.000
step   5920 | loss 3.2228 | grad_norm 0.110 | lr x1.000
step   5940 | loss 3.2050 | grad_norm 0.114 | lr x1.000
step   5960 | loss 3.2237 | grad_norm 0.132 | lr x1.000
step   5980 | loss 3.2278 | grad_norm 0.131 | lr x1.000
step   6000 | loss 3.2551 | grad_norm 0.116 | lr x1.000
           val loss 3.4805
step   6020 | loss 3.2414 | grad_norm 0.118 | lr x1.000
step   6040 | loss 3.2777 | grad_norm 0.112 | lr x1.000
step   6060 | loss 3.2160 | grad_norm 0.111 | lr x1.000
step   6080 | loss 3.2538 | grad_norm 0.114 | lr x1.000
step   6100 | loss 3.1542 | grad_norm 0.119 | lr x1.000
step   6120 | loss 3.2272 | grad_norm 0.120 | lr x1.000
step   6140 | loss 3.2039 | grad_norm 0.110 | lr x1.000
step   6160 | loss 3.2215 | grad_norm 0.113 | lr x1.000
step   6180 | loss 3.2172 | grad_norm 0.110 | lr x1.000
step   6200 | loss 3.2170 | grad_norm 0.132 | lr x1.000
step   6220 | loss 3.1985 | grad_norm 0.107 | lr x1.000
step   6240 | loss 3.2510 | grad_norm 0.120 | lr x1.000
           val loss 3.5110
step   6260 | loss 3.2093 | grad_norm 0.111 | lr x1.000
step   6280 | loss 3.2432 | grad_norm 0.117 | lr x1.000
step   6300 | loss 3.2517 | grad_norm 0.117 | lr x1.000
step   6320 | loss 3.2510 | grad_norm 0.113 | lr x1.000
step   6340 | loss 3.2372 | grad_norm 0.106 | lr x1.000
step   6360 | loss 3.2299 | grad_norm 0.109 | lr x1.000
step   6380 | loss 3.2277 | grad_norm 0.118 | lr x1.000
step   6400 | loss 3.2772 | grad_norm 0.115 | lr x1.000
step   6420 | loss 3.2540 | grad_norm 0.109 | lr x1.000
step   6440 | loss 3.1812 | grad_norm 0.107 | lr x1.000
step   6460 | loss 3.2551 | grad_norm 0.119 | lr x1.000
step   6480 | loss 3.2478 | grad_norm 0.113 | lr x1.000
step   6500 | loss 3.1258 | grad_norm 0.111 | lr x1.000
           val loss 3.5125
step   6520 | loss 3.2303 | grad_norm 0.113 | lr x1.000
step   6540 | loss 3.2544 | grad_norm 0.111 | lr x1.000
step   6560 | loss 3.2151 | grad_norm 0.109 | lr x1.000
step   6580 | loss 3.2420 | grad_norm 0.117 | lr x1.000
step   6600 | loss 3.1965 | grad_norm 0.109 | lr x1.000
step   6620 | loss 3.1861 | grad_norm 0.117 | lr x1.000
step   6640 | loss 3.2160 | grad_norm 0.114 | lr x1.000
step   6660 | loss 3.1744 | grad_norm 0.109 | lr x1.000
step   6680 | loss 3.2087 | grad_norm 0.108 | lr x1.000
step   6700 | loss 3.2429 | grad_norm 0.112 | lr x1.000
step   6720 | loss 3.2253 | grad_norm 0.108 | lr x1.000
step   6740 | loss 3.2103 | grad_norm 0.107 | lr x1.000
           val loss 3.4584
step   6760 | loss 3.1088 | grad_norm 0.113 | lr x1.000
step   6780 | loss 3.1821 | grad_norm 0.106 | lr x1.000
step   6800 | loss 3.1714 | grad_norm 0.120 | lr x1.000
step   6820 | loss 3.1992 | grad_norm 0.110 | lr x1.000
step   6840 | loss 3.2033 | grad_norm 0.114 | lr x1.000
step   6860 | loss 3.1584 | grad_norm 0.111 | lr x1.000
step   6880 | loss 3.2261 | grad_norm 0.111 | lr x1.000
step   6900 | loss 3.2042 | grad_norm 0.108 | lr x1.000
step   6920 | loss 3.1760 | grad_norm 0.107 | lr x1.000
step   6940 | loss 3.1652 | grad_norm 0.103 | lr x1.000
step   6960 | loss 3.1936 | grad_norm 0.109 | lr x1.000
step   6980 | loss 3.1661 | grad_norm 0.115 | lr x1.000
step   7000 | loss 3.1980 | grad_norm 0.106 | lr x1.000
           val loss 3.4651
step   7020 | loss 3.1747 | grad_norm 0.114 | lr x1.000
step   7040 | loss 3.2043 | grad_norm 0.108 | lr x1.000
step   7060 | loss 3.2052 | grad_norm 0.115 | lr x1.000
step   7080 | loss 3.1675 | grad_norm 0.102 | lr x1.000
step   7100 | loss 3.1807 | grad_norm 0.106 | lr x1.000
step   7120 | loss 3.2023 | grad_norm 0.113 | lr x1.000
step   7140 | loss 3.2311 | grad_norm 0.112 | lr x1.000
step   7160 | loss 3.2675 | grad_norm 0.111 | lr x1.000
step   7180 | loss 3.1861 | grad_norm 0.119 | lr x1.000
step   7200 | loss 3.1618 | grad_norm 0.106 | lr x1.000
step   7220 | loss 3.2729 | grad_norm 0.110 | lr x1.000
step   7240 | loss 3.1628 | grad_norm 0.105 | lr x1.000
           val loss 3.4636
step   7260 | loss 3.2013 | grad_norm 0.110 | lr x1.000
step   7280 | loss 3.1661 | grad_norm 0.108 | lr x1.000
step   7300 | loss 3.1991 | grad_norm 0.108 | lr x1.000
step   7320 | loss 3.1751 | grad_norm 0.109 | lr x1.000
step   7340 | loss 3.1589 | grad_norm 0.108 | lr x1.000
step   7360 | loss 3.1142 | grad_norm 0.105 | lr x1.000
step   7380 | loss 3.1091 | grad_norm 0.107 | lr x1.000
step   7400 | loss 3.1868 | grad_norm 0.110 | lr x1.000
step   7420 | loss 3.1603 | grad_norm 0.106 | lr x1.000
step   7440 | loss 3.2361 | grad_norm 0.108 | lr x1.000
step   7460 | loss 3.1942 | grad_norm 0.116 | lr x1.000
step   7480 | loss 3.1566 | grad_norm 0.108 | lr x1.000
step   7500 | loss 3.1890 | grad_norm 0.106 | lr x1.000
           val loss 3.4537
step   7520 | loss 3.1498 | grad_norm 0.109 | lr x1.000
step   7540 | loss 3.1378 | grad_norm 0.100 | lr x1.000
step   7560 | loss 3.1866 | grad_norm 0.111 | lr x1.000
step   7580 | loss 3.2505 | grad_norm 0.103 | lr x1.000
step   7600 | loss 3.2344 | grad_norm 0.105 | lr x1.000
step   7620 | loss 3.2145 | grad_norm 0.115 | lr x1.000
step   7640 | loss 3.1049 | grad_norm 0.108 | lr x1.000
step   7660 | loss 3.0967 | grad_norm 0.104 | lr x1.000
step   7680 | loss 3.1732 | grad_norm 0.100 | lr x1.000
step   7700 | loss 3.1582 | grad_norm 0.104 | lr x1.000
step   7720 | loss 3.1976 | grad_norm 0.104 | lr x1.000
step   7740 | loss 3.1972 | grad_norm 0.105 | lr x1.000
           val loss 3.4881
step   7760 | loss 3.1703 | grad_norm 0.108 | lr x1.000
step   7780 | loss 3.1729 | grad_norm 0.106 | lr x1.000
step   7800 | loss 3.1423 | grad_norm 0.105 | lr x1.000
step   7820 | loss 3.1672 | grad_norm 0.098 | lr x1.000
step   7840 | loss 3.1472 | grad_norm 0.109 | lr x1.000
step   7860 | loss 3.1848 | grad_norm 0.105 | lr x1.000
step   7880 | loss 3.1755 | grad_norm 0.109 | lr x1.000
step   7900 | loss 3.1692 | grad_norm 0.104 | lr x1.000
step   7920 | loss 3.1745 | grad_norm 0.108 | lr x1.000
step   7940 | loss 3.1333 | grad_norm 0.104 | lr x1.000
step   7960 | loss 3.2124 | grad_norm 0.100 | lr x1.000
step   7980 | loss 3.1863 | grad_norm 0.106 | lr x1.000
step   8000 | loss 3.1296 | grad_norm 0.104 | lr x1.000
           val loss 3.4087
step   8020 | loss 3.1437 | grad_norm 0.102 | lr x1.000
step   8040 | loss 3.1240 | grad_norm 0.107 | lr x1.000
step   8060 | loss 3.1176 | grad_norm 0.108 | lr x1.000
step   8080 | loss 3.1344 | grad_norm 0.105 | lr x1.000
step   8100 | loss 3.1706 | grad_norm 0.106 | lr x1.000
step   8120 | loss 3.0967 | grad_norm 0.104 | lr x1.000
step   8140 | loss 3.2204 | grad_norm 0.109 | lr x1.000
step   8160 | loss 3.1197 | grad_norm 0.103 | lr x1.000
step   8180 | loss 3.1964 | grad_norm 0.113 | lr x1.000
step   8200 | loss 3.1576 | grad_norm 0.099 | lr x1.000
step   8220 | loss 3.1944 | grad_norm 0.103 | lr x1.000
step   8240 | loss 3.1809 | grad_norm 0.114 | lr x1.000
           val loss 3.4534
step   8260 | loss 3.2004 | grad_norm 0.105 | lr x1.000
step   8280 | loss 3.1765 | grad_norm 0.102 | lr x1.000
step   8300 | loss 3.2080 | grad_norm 0.104 | lr x1.000
step   8320 | loss 3.0896 | grad_norm 0.107 | lr x1.000
step   8340 | loss 3.1513 | grad_norm 0.109 | lr x1.000
step   8360 | loss 3.1390 | grad_norm 0.100 | lr x1.000
step   8380 | loss 3.1698 | grad_norm 0.107 | lr x1.000
step   8400 | loss 3.1064 | grad_norm 0.108 | lr x1.000
step   8420 | loss 3.1651 | grad_norm 0.103 | lr x1.000
step   8440 | loss 3.1390 | grad_norm 0.105 | lr x1.000
step   8460 | loss 3.1991 | grad_norm 0.102 | lr x1.000
step   8480 | loss 3.1982 | grad_norm 0.102 | lr x1.000
step   8500 | loss 3.1859 | grad_norm 0.103 | lr x1.000
           val loss 3.4506
step   8520 | loss 3.1738 | grad_norm 0.101 | lr x1.000
step   8540 | loss 3.0952 | grad_norm 0.100 | lr x1.000
step   8560 | loss 3.1779 | grad_norm 0.104 | lr x1.000
step   8580 | loss 3.1560 | grad_norm 0.106 | lr x1.000
step   8600 | loss 3.1242 | grad_norm 0.103 | lr x1.000
step   8620 | loss 3.1657 | grad_norm 0.102 | lr x1.000
step   8640 | loss 3.0635 | grad_norm 0.098 | lr x1.000
step   8660 | loss 3.1488 | grad_norm 0.103 | lr x1.000
step   8680 | loss 3.1298 | grad_norm 0.101 | lr x1.000
step   8700 | loss 3.1582 | grad_norm 0.104 | lr x1.000
step   8720 | loss 3.1653 | grad_norm 0.106 | lr x1.000
step   8740 | loss 3.1608 | grad_norm 0.104 | lr x1.000
           val loss 3.4152
step   8760 | loss 3.1294 | grad_norm 0.102 | lr x1.000
step   8780 | loss 3.1152 | grad_norm 0.103 | lr x1.000
step   8800 | loss 3.1183 | grad_norm 0.100 | lr x1.000
step   8820 | loss 3.1815 | grad_norm 0.098 | lr x1.000
step   8840 | loss 3.1922 | grad_norm 0.099 | lr x1.000
step   8860 | loss 3.1595 | grad_norm 0.101 | lr x1.000
step   8880 | loss 3.1736 | grad_norm 0.097 | lr x1.000
step   8900 | loss 3.1019 | grad_norm 0.106 | lr x1.000
step   8920 | loss 3.1624 | grad_norm 0.102 | lr x1.000
step   8940 | loss 3.1106 | grad_norm 0.101 | lr x1.000
step   8960 | loss 3.0892 | grad_norm 0.103 | lr x1.000
step   8980 | loss 3.1465 | grad_norm 0.103 | lr x1.000
step   9000 | loss 3.0262 | grad_norm 0.101 | lr x1.000
           val loss 3.4346
step   9020 | loss 3.1526 | grad_norm 0.103 | lr x1.000
step   9040 | loss 3.1535 | grad_norm 0.099 | lr x1.000
step   9060 | loss 3.0616 | grad_norm 0.099 | lr x1.000
step   9080 | loss 3.1690 | grad_norm 0.100 | lr x1.000
step   9100 | loss 3.1850 | grad_norm 0.106 | lr x1.000
step   9120 | loss 3.1250 | grad_norm 0.107 | lr x1.000
step   9140 | loss 3.1497 | grad_norm 0.104 | lr x1.000
step   9160 | loss 3.1818 | grad_norm 0.101 | lr x1.000
step   9180 | loss 3.1055 | grad_norm 0.104 | lr x1.000
step   9200 | loss 3.1921 | grad_norm 0.105 | lr x1.000
step   9220 | loss 3.1397 | grad_norm 0.098 | lr x1.000
step   9240 | loss 3.1566 | grad_norm 0.105 | lr x1.000
           val loss 3.4616
step   9260 | loss 3.2014 | grad_norm 0.100 | lr x1.000
step   9280 | loss 3.1076 | grad_norm 0.098 | lr x1.000
step   9300 | loss 3.1100 | grad_norm 0.101 | lr x1.000
step   9320 | loss 3.1323 | grad_norm 0.102 | lr x1.000
step   9340 | loss 3.1551 | grad_norm 0.104 | lr x1.000
step   9360 | loss 3.1514 | grad_norm 0.105 | lr x1.000
step   9380 | loss 3.1086 | grad_norm 0.097 | lr x1.000
step   9400 | loss 3.1600 | grad_norm 0.101 | lr x1.000
step   9420 | loss 3.1150 | grad_norm 0.100 | lr x1.000
step   9440 | loss 3.1621 | grad_norm 0.098 | lr x1.000
step   9460 | loss 3.1579 | grad_norm 0.100 | lr x1.000
step   9480 | loss 3.1408 | grad_norm 0.102 | lr x1.000
step   9500 | loss 3.1314 | grad_norm 0.100 | lr x1.000
           val loss 3.4301
step   9520 | loss 3.1153 | grad_norm 0.103 | lr x1.000
step   9540 | loss 3.1635 | grad_norm 0.100 | lr x1.000
step   9560 | loss 3.1054 | grad_norm 0.099 | lr x1.000
step   9580 | loss 3.0832 | grad_norm 0.103 | lr x1.000
step   9600 | loss 3.1591 | grad_norm 0.100 | lr x1.000
step   9620 | loss 3.1811 | grad_norm 0.097 | lr x1.000
step   9640 | loss 3.1533 | grad_norm 0.101 | lr x1.000
step   9660 | loss 3.1846 | grad_norm 0.097 | lr x1.000
step   9680 | loss 3.0943 | grad_norm 0.102 | lr x1.000
step   9700 | loss 3.1567 | grad_norm 0.096 | lr x1.000
step   9720 | loss 3.1071 | grad_norm 0.098 | lr x1.000
step   9740 | loss 3.1790 | grad_norm 0.097 | lr x1.000
           val loss 3.4481
step   9760 | loss 3.1327 | grad_norm 0.101 | lr x1.000
step   9780 | loss 3.1106 | grad_norm 0.098 | lr x1.000
step   9800 | loss 3.1142 | grad_norm 0.093 | lr x1.000
step   9820 | loss 3.1116 | grad_norm 0.097 | lr x1.000
step   9840 | loss 3.1430 | grad_norm 0.099 | lr x1.000
step   9860 | loss 3.1572 | grad_norm 0.103 | lr x1.000
step   9880 | loss 3.0938 | grad_norm 0.094 | lr x1.000
step   9900 | loss 3.0256 | grad_norm 0.095 | lr x1.000
step   9920 | loss 3.1457 | grad_norm 0.100 | lr x1.000
step   9940 | loss 3.1411 | grad_norm 0.094 | lr x1.000
step   9960 | loss 3.0828 | grad_norm 0.095 | lr x1.000
step   9980 | loss 3.1340 | grad_norm 0.099 | lr x1.000
step  10000 | loss 3.1542 | grad_norm 0.096 | lr x1.000
           val loss 3.4204
step  10020 | loss 3.1416 | grad_norm 0.102 | lr x1.000
step  10040 | loss 3.0977 | grad_norm 0.101 | lr x1.000
step  10060 | loss 3.1820 | grad_norm 0.096 | lr x1.000
step  10080 | loss 3.2181 | grad_norm 0.097 | lr x1.000
step  10100 | loss 3.1969 | grad_norm 0.099 | lr x1.000
step  10120 | loss 3.1555 | grad_norm 0.101 | lr x1.000
step  10140 | loss 3.1064 | grad_norm 0.099 | lr x1.000
step  10160 | loss 3.0870 | grad_norm 0.097 | lr x1.000
step  10180 | loss 3.1251 | grad_norm 0.094 | lr x1.000
step  10200 | loss 3.1598 | grad_norm 0.095 | lr x1.000
step  10220 | loss 3.1389 | grad_norm 0.095 | lr x1.000
step  10240 | loss 3.0983 | grad_norm 0.093 | lr x1.000
           val loss 3.4668
step  10260 | loss 3.1146 | grad_norm 0.099 | lr x1.000
step  10280 | loss 3.1593 | grad_norm 0.097 | lr x1.000
step  10300 | loss 3.1439 | grad_norm 0.102 | lr x1.000
step  10320 | loss 3.1366 | grad_norm 0.098 | lr x1.000
step  10340 | loss 3.2234 | grad_norm 0.097 | lr x1.000
step  10360 | loss 3.0960 | grad_norm 0.091 | lr x1.000
step  10380 | loss 3.1183 | grad_norm 0.096 | lr x1.000
step  10400 | loss 3.1393 | grad_norm 0.096 | lr x1.000
step  10420 | loss 3.1330 | grad_norm 0.093 | lr x1.000
step  10440 | loss 3.1066 | grad_norm 0.095 | lr x1.000
step  10460 | loss 3.1018 | grad_norm 0.095 | lr x1.000
step  10480 | loss 3.1659 | grad_norm 0.095 | lr x1.000
step  10500 | loss 3.0888 | grad_norm 0.098 | lr x1.000
           val loss 3.4143
step  10520 | loss 3.1667 | grad_norm 0.096 | lr x1.000
step  10540 | loss 3.1595 | grad_norm 0.097 | lr x1.000
step  10560 | loss 3.1459 | grad_norm 0.094 | lr x1.000
step  10580 | loss 3.1444 | grad_norm 0.095 | lr x1.000
step  10600 | loss 3.1125 | grad_norm 0.100 | lr x1.000
step  10620 | loss 3.1147 | grad_norm 0.096 | lr x1.000
step  10640 | loss 3.1724 | grad_norm 0.105 | lr x1.000
step  10660 | loss 3.1257 | grad_norm 0.094 | lr x1.000
step  10680 | loss 3.1155 | grad_norm 0.097 | lr x1.000
step  10700 | loss 3.0853 | grad_norm 0.097 | lr x1.000
step  10720 | loss 3.1162 | grad_norm 0.098 | lr x1.000
step  10740 | loss 3.1282 | grad_norm 0.093 | lr x1.000
           val loss 3.3997
step  10760 | loss 3.0678 | grad_norm 0.092 | lr x1.000
step  10780 | loss 3.0643 | grad_norm 0.093 | lr x1.000
step  10800 | loss 3.1299 | grad_norm 0.098 | lr x1.000
step  10820 | loss 3.1263 | grad_norm 0.095 | lr x1.000
step  10840 | loss 3.1067 | grad_norm 0.100 | lr x1.000
step  10860 | loss 3.1206 | grad_norm 0.098 | lr x1.000
step  10880 | loss 3.0778 | grad_norm 0.095 | lr x1.000
step  10900 | loss 3.0335 | grad_norm 0.095 | lr x1.000
step  10920 | loss 3.1305 | grad_norm 0.094 | lr x1.000
step  10940 | loss 3.1172 | grad_norm 0.094 | lr x1.000
step  10960 | loss 3.1841 | grad_norm 0.094 | lr x1.000
step  10980 | loss 3.0848 | grad_norm 0.094 | lr x1.000
step  11000 | loss 3.1521 | grad_norm 0.094 | lr x1.000
           val loss 3.4384
step  11020 | loss 3.1303 | grad_norm 0.098 | lr x1.000
step  11040 | loss 3.1017 | grad_norm 0.096 | lr x1.000
step  11060 | loss 3.0697 | grad_norm 0.090 | lr x1.000
step  11080 | loss 3.1574 | grad_norm 0.091 | lr x1.000
step  11100 | loss 3.1043 | grad_norm 0.096 | lr x1.000
step  11120 | loss 3.0800 | grad_norm 0.095 | lr x1.000
step  11140 | loss 3.1112 | grad_norm 0.094 | lr x1.000
step  11160 | loss 3.1690 | grad_norm 0.095 | lr x1.000
step  11180 | loss 3.1724 | grad_norm 0.097 | lr x1.000
step  11200 | loss 3.1194 | grad_norm 0.093 | lr x1.000
step  11220 | loss 3.1490 | grad_norm 0.097 | lr x1.000
step  11240 | loss 3.1095 | grad_norm 0.091 | lr x1.000
           val loss 3.4122
step  11260 | loss 3.1241 | grad_norm 0.100 | lr x1.000
step  11280 | loss 3.0504 | grad_norm 0.094 | lr x1.000
step  11300 | loss 3.1506 | grad_norm 0.092 | lr x1.000
step  11320 | loss 3.0674 | grad_norm 0.092 | lr x1.000
step  11340 | loss 3.0970 | grad_norm 0.097 | lr x1.000
step  11360 | loss 3.1400 | grad_norm 0.097 | lr x1.000
step  11380 | loss 3.1238 | grad_norm 0.095 | lr x1.000
step  11400 | loss 3.1018 | grad_norm 0.094 | lr x1.000
step  11420 | loss 3.1311 | grad_norm 0.096 | lr x1.000
step  11440 | loss 3.1242 | grad_norm 0.091 | lr x1.000
step  11460 | loss 3.1253 | grad_norm 0.092 | lr x1.000
step  11480 | loss 3.1533 | grad_norm 0.094 | lr x1.000
step  11500 | loss 3.1284 | grad_norm 0.094 | lr x1.000
           val loss 3.4100
step  11520 | loss 3.0483 | grad_norm 0.092 | lr x1.000
step  11540 | loss 3.1742 | grad_norm 0.096 | lr x1.000
step  11560 | loss 3.0673 | grad_norm 0.091 | lr x1.000
step  11580 | loss 3.0703 | grad_norm 0.091 | lr x1.000
step  11600 | loss 3.1745 | grad_norm 0.095 | lr x1.000
step  11620 | loss 3.1228 | grad_norm 0.095 | lr x1.000
step  11640 | loss 3.0924 | grad_norm 0.089 | lr x1.000
step  11660 | loss 3.1968 | grad_norm 0.096 | lr x1.000
step  11680 | loss 3.1458 | grad_norm 0.094 | lr x1.000
step  11700 | loss 3.0766 | grad_norm 0.093 | lr x1.000
step  11720 | loss 3.0929 | grad_norm 0.089 | lr x1.000
step  11740 | loss 3.1053 | grad_norm 0.093 | lr x1.000
           val loss 3.3938
step  11760 | loss 3.1125 | grad_norm 0.093 | lr x1.000
step  11780 | loss 3.1057 | grad_norm 0.099 | lr x1.000
step  11800 | loss 3.1092 | grad_norm 0.096 | lr x1.000
step  11820 | loss 3.1061 | grad_norm 0.091 | lr x1.000
step  11840 | loss 3.1121 | grad_norm 0.092 | lr x1.000
step  11860 | loss 3.0970 | grad_norm 0.092 | lr x1.000
step  11880 | loss 2.9769 | grad_norm 0.095 | lr x1.000
step  11900 | loss 3.0872 | grad_norm 0.091 | lr x1.000
step  11920 | loss 3.0757 | grad_norm 0.089 | lr x1.000
step  11940 | loss 3.0904 | grad_norm 0.091 | lr x1.000
step  11960 | loss 3.1961 | grad_norm 0.095 | lr x1.000
step  11980 | loss 3.1234 | grad_norm 0.093 | lr x1.000
step  12000 | loss 3.1891 | grad_norm 0.090 | lr x1.000
           val loss 3.4086
step  12020 | loss 3.0601 | grad_norm 0.094 | lr x1.000
step  12040 | loss 3.1102 | grad_norm 0.097 | lr x1.000
step  12060 | loss 3.0879 | grad_norm 0.092 | lr x1.000
step  12080 | loss 3.0615 | grad_norm 0.098 | lr x1.000
step  12100 | loss 3.0482 | grad_norm 0.093 | lr x1.000
step  12120 | loss 3.0223 | grad_norm 0.092 | lr x1.000
step  12140 | loss 3.1086 | grad_norm 0.094 | lr x1.000
step  12160 | loss 3.0577 | grad_norm 0.091 | lr x1.000
step  12180 | loss 3.1256 | grad_norm 0.089 | lr x1.000
step  12200 | loss 3.0908 | grad_norm 0.091 | lr x1.000
step  12220 | loss 3.0766 | grad_norm 0.091 | lr x1.000
step  12240 | loss 3.1594 | grad_norm 0.089 | lr x1.000
           val loss 3.3801
step  12260 | loss 3.1588 | grad_norm 0.094 | lr x1.000
step  12280 | loss 3.0573 | grad_norm 0.094 | lr x1.000
step  12300 | loss 3.1069 | grad_norm 0.092 | lr x1.000
step  12320 | loss 3.0822 | grad_norm 0.091 | lr x1.000
step  12340 | loss 3.1189 | grad_norm 0.088 | lr x1.000
step  12360 | loss 3.1036 | grad_norm 0.097 | lr x1.000
step  12380 | loss 3.0738 | grad_norm 0.091 | lr x1.000
step  12400 | loss 3.0875 | grad_norm 0.094 | lr x1.000
step  12420 | loss 3.1543 | grad_norm 0.089 | lr x1.000
step  12440 | loss 3.0997 | grad_norm 0.091 | lr x1.000
step  12460 | loss 3.0865 | grad_norm 0.090 | lr x1.000
step  12480 | loss 3.1401 | grad_norm 0.092 | lr x1.000
step  12500 | loss 3.1220 | grad_norm 0.090 | lr x1.000
           val loss 3.4048
step  12520 | loss 3.0491 | grad_norm 0.093 | lr x1.000
step  12540 | loss 3.1016 | grad_norm 0.093 | lr x1.000
step  12560 | loss 3.1349 | grad_norm 0.090 | lr x1.000
step  12580 | loss 3.0995 | grad_norm 0.093 | lr x1.000
step  12600 | loss 3.0877 | grad_norm 0.098 | lr x1.000
step  12620 | loss 3.1121 | grad_norm 0.089 | lr x1.000
step  12640 | loss 3.1043 | grad_norm 0.088 | lr x1.000
step  12660 | loss 3.0366 | grad_norm 0.091 | lr x1.000
step  12680 | loss 3.0453 | grad_norm 0.091 | lr x1.000
step  12700 | loss 3.1186 | grad_norm 0.091 | lr x1.000
step  12720 | loss 3.1184 | grad_norm 0.088 | lr x1.000
step  12740 | loss 3.1505 | grad_norm 0.092 | lr x1.000
           val loss 3.3808
step  12760 | loss 3.1143 | grad_norm 0.095 | lr x1.000
step  12780 | loss 3.1116 | grad_norm 0.090 | lr x1.000
step  12800 | loss 3.1133 | grad_norm 0.089 | lr x1.000
step  12820 | loss 3.0677 | grad_norm 0.088 | lr x1.000
step  12840 | loss 3.0500 | grad_norm 0.092 | lr x1.000
step  12860 | loss 3.0661 | grad_norm 0.096 | lr x1.000
step  12880 | loss 3.0614 | grad_norm 0.091 | lr x1.000
step  12900 | loss 3.1358 | grad_norm 0.094 | lr x1.000
step  12920 | loss 3.1283 | grad_norm 0.095 | lr x1.000
step  12940 | loss 3.1202 | grad_norm 0.093 | lr x1.000
step  12960 | loss 3.1215 | grad_norm 0.092 | lr x1.000
step  12980 | loss 3.1395 | grad_norm 0.091 | lr x1.000
step  13000 | loss 3.1226 | grad_norm 0.091 | lr x1.000
           val loss 3.4105
step  13020 | loss 3.0689 | grad_norm 0.087 | lr x1.000
step  13040 | loss 3.0397 | grad_norm 0.094 | lr x1.000
step  13060 | loss 3.0832 | grad_norm 0.090 | lr x1.000
step  13080 | loss 3.0523 | grad_norm 0.097 | lr x1.000
step  13100 | loss 3.0219 | grad_norm 0.090 | lr x1.000
step  13120 | loss 3.0792 | grad_norm 0.088 | lr x1.000
step  13140 | loss 3.0270 | grad_norm 0.088 | lr x1.000
step  13160 | loss 3.0799 | grad_norm 0.090 | lr x1.000
step  13180 | loss 3.0991 | grad_norm 0.090 | lr x1.000
step  13200 | loss 3.1186 | grad_norm 0.088 | lr x1.000
step  13220 | loss 3.0957 | grad_norm 0.093 | lr x1.000
step  13240 | loss 3.0729 | grad_norm 0.089 | lr x1.000
           val loss 3.3964
step  13260 | loss 3.0763 | grad_norm 0.089 | lr x1.000
step  13280 | loss 3.0643 | grad_norm 0.091 | lr x1.000
step  13300 | loss 3.1229 | grad_norm 0.087 | lr x1.000
step  13320 | loss 3.0725 | grad_norm 0.090 | lr x1.000
step  13340 | loss 3.0933 | grad_norm 0.088 | lr x1.000
step  13360 | loss 3.0685 | grad_norm 0.093 | lr x1.000
step  13380 | loss 3.1301 | grad_norm 0.088 | lr x1.000
step  13400 | loss 3.0366 | grad_norm 0.091 | lr x1.000
step  13420 | loss 3.0921 | grad_norm 0.088 | lr x1.000
step  13440 | loss 3.0408 | grad_norm 0.091 | lr x1.000
step  13460 | loss 3.0768 | grad_norm 0.091 | lr x1.000
step  13480 | loss 3.0302 | grad_norm 0.093 | lr x1.000
step  13500 | loss 3.0530 | grad_norm 0.094 | lr x1.000
           val loss 3.3723
step  13520 | loss 3.1515 | grad_norm 0.088 | lr x1.000
step  13540 | loss 3.0892 | grad_norm 0.085 | lr x1.000
step  13560 | loss 3.1195 | grad_norm 0.094 | lr x1.000
step  13580 | loss 3.1047 | grad_norm 0.091 | lr x1.000
step  13600 | loss 3.0804 | grad_norm 0.088 | lr x1.000
step  13620 | loss 3.0740 | grad_norm 0.091 | lr x1.000
step  13640 | loss 3.1161 | grad_norm 0.090 | lr x1.000
step  13660 | loss 3.0940 | grad_norm 0.088 | lr x1.000
step  13680 | loss 3.1360 | grad_norm 0.092 | lr x1.000
step  13700 | loss 3.0759 | grad_norm 0.088 | lr x1.000
step  13720 | loss 3.0469 | grad_norm 0.090 | lr x1.000
step  13740 | loss 3.0724 | grad_norm 0.088 | lr x1.000
           val loss 3.3461
step  13760 | loss 3.0984 | grad_norm 0.093 | lr x1.000
step  13780 | loss 3.1101 | grad_norm 0.090 | lr x1.000
step  13800 | loss 3.0813 | grad_norm 0.087 | lr x1.000
step  13820 | loss 3.0961 | grad_norm 0.090 | lr x1.000
step  13840 | loss 3.0757 | grad_norm 0.089 | lr x1.000
step  13860 | loss 3.0223 | grad_norm 0.090 | lr x1.000
step  13880 | loss 3.0913 | grad_norm 0.093 | lr x1.000
step  13900 | loss 3.1170 | grad_norm 0.087 | lr x1.000
step  13920 | loss 3.1227 | grad_norm 0.090 | lr x1.000
step  13940 | loss 3.0312 | grad_norm 0.086 | lr x1.000
step  13960 | loss 3.1276 | grad_norm 0.089 | lr x1.000
step  13980 | loss 3.0937 | grad_norm 0.085 | lr x1.000
step  14000 | loss 3.0971 | grad_norm 0.089 | lr x1.000
           val loss 3.3544
step  14020 | loss 3.0923 | grad_norm 0.086 | lr x1.000
step  14040 | loss 3.0497 | grad_norm 0.090 | lr x1.000
step  14060 | loss 3.0656 | grad_norm 0.089 | lr x1.000
step  14080 | loss 3.0461 | grad_norm 0.175 | lr x1.000
step  14100 | loss 3.0976 | grad_norm 0.089 | lr x1.000
step  14120 | loss 3.0646 | grad_norm 0.091 | lr x1.000
step  14140 | loss 3.0273 | grad_norm 0.090 | lr x1.000
step  14160 | loss 3.0743 | grad_norm 0.086 | lr x1.000
step  14180 | loss 3.0257 | grad_norm 0.086 | lr x1.000
step  14200 | loss 3.0953 | grad_norm 0.088 | lr x1.000
step  14220 | loss 3.0882 | grad_norm 0.088 | lr x1.000
step  14240 | loss 3.1194 | grad_norm 0.089 | lr x1.000
           val loss 3.4016
step  14260 | loss 3.1170 | grad_norm 0.088 | lr x1.000
step  14280 | loss 3.0644 | grad_norm 0.088 | lr x1.000
step  14300 | loss 2.9992 | grad_norm 0.091 | lr x1.000
step  14320 | loss 3.0757 | grad_norm 0.089 | lr x1.000
step  14340 | loss 3.0918 | grad_norm 0.083 | lr x1.000
step  14360 | loss 3.0386 | grad_norm 0.087 | lr x1.000
step  14380 | loss 3.0468 | grad_norm 0.086 | lr x1.000
step  14400 | loss 3.0713 | grad_norm 0.088 | lr x1.000
step  14420 | loss 3.0248 | grad_norm 0.090 | lr x1.000
step  14440 | loss 3.0425 | grad_norm 0.087 | lr x1.000
step  14460 | loss 3.0491 | grad_norm 0.093 | lr x1.000
step  14480 | loss 3.0884 | grad_norm 0.088 | lr x1.000
step  14500 | loss 3.0891 | grad_norm 0.087 | lr x1.000
           val loss 3.3504
step  14520 | loss 3.0974 | grad_norm 0.091 | lr x1.000
step  14540 | loss 3.0805 | grad_norm 0.084 | lr x1.000
step  14560 | loss 3.0497 | grad_norm 0.090 | lr x1.000
step  14580 | loss 3.1112 | grad_norm 0.088 | lr x1.000
step  14600 | loss 3.0423 | grad_norm 0.090 | lr x1.000
step  14620 | loss 3.0912 | grad_norm 0.092 | lr x1.000
step  14640 | loss 3.0762 | grad_norm 0.088 | lr x1.000
step  14660 | loss 3.1111 | grad_norm 0.086 | lr x1.000
step  14680 | loss 3.0586 | grad_norm 0.086 | lr x1.000
step  14700 | loss 3.0716 | grad_norm 0.089 | lr x1.000
step  14720 | loss 3.0491 | grad_norm 0.092 | lr x1.000
step  14740 | loss 2.9701 | grad_norm 0.087 | lr x1.000
           val loss 3.3886
step  14760 | loss 3.0839 | grad_norm 0.088 | lr x1.000
step  14780 | loss 3.0765 | grad_norm 0.088 | lr x1.000
step  14800 | loss 3.0532 | grad_norm 0.084 | lr x1.000
step  14820 | loss 3.0273 | grad_norm 0.088 | lr x1.000
step  14840 | loss 2.9934 | grad_norm 0.088 | lr x1.000
step  14860 | loss 3.1101 | grad_norm 0.085 | lr x1.000
step  14880 | loss 3.1049 | grad_norm 0.088 | lr x1.000
step  14900 | loss 3.0202 | grad_norm 0.086 | lr x1.000
step  14920 | loss 3.0230 | grad_norm 0.088 | lr x1.000
step  14940 | loss 3.0769 | grad_norm 0.089 | lr x1.000
step  14960 | loss 3.0477 | grad_norm 0.090 | lr x1.000
step  14980 | loss 3.0901 | grad_norm 0.086 | lr x1.000
step  15000 | loss 3.1019 | grad_norm 0.088 | lr x1.000
           val loss 3.3458
step  15020 | loss 3.1051 | grad_norm 0.091 | lr x1.000
step  15040 | loss 3.0750 | grad_norm 0.088 | lr x1.000
step  15060 | loss 3.0695 | grad_norm 0.090 | lr x1.000
step  15080 | loss 2.9836 | grad_norm 0.086 | lr x1.000
step  15100 | loss 3.0706 | grad_norm 0.086 | lr x1.000
step  15120 | loss 3.0930 | grad_norm 0.085 | lr x1.000
step  15140 | loss 3.1379 | grad_norm 0.091 | lr x1.000
step  15160 | loss 3.0091 | grad_norm 0.089 | lr x1.000
step  15180 | loss 3.0786 | grad_norm 0.089 | lr x1.000
step  15200 | loss 3.0598 | grad_norm 0.083 | lr x1.000
step  15220 | loss 3.0768 | grad_norm 0.086 | lr x1.000
step  15240 | loss 3.0386 | grad_norm 0.089 | lr x1.000
           val loss 3.3403
step  15260 | loss 3.1090 | grad_norm 0.090 | lr x1.000
step  15280 | loss 3.0398 | grad_norm 0.084 | lr x1.000
step  15300 | loss 3.0596 | grad_norm 0.086 | lr x1.000
step  15320 | loss 3.0585 | grad_norm 0.085 | lr x1.000
step  15340 | loss 3.0687 | grad_norm 0.091 | lr x1.000
step  15360 | loss 3.0785 | grad_norm 0.083 | lr x1.000
step  15380 | loss 3.0558 | grad_norm 0.087 | lr x1.000
step  15400 | loss 3.0838 | grad_norm 0.087 | lr x1.000
step  15420 | loss 3.0546 | grad_norm 0.084 | lr x1.000
step  15440 | loss 3.0919 | grad_norm 0.089 | lr x1.000
step  15460 | loss 3.0371 | grad_norm 0.087 | lr x1.000
step  15480 | loss 3.0768 | grad_norm 0.086 | lr x1.000
step  15500 | loss 3.0599 | grad_norm 0.086 | lr x1.000
           val loss 3.3728
step  15520 | loss 3.0772 | grad_norm 0.088 | lr x1.000
step  15540 | loss 3.0370 | grad_norm 0.090 | lr x1.000
step  15560 | loss 3.0714 | grad_norm 0.088 | lr x1.000
step  15580 | loss 3.0618 | grad_norm 0.088 | lr x1.000
step  15600 | loss 3.0770 | grad_norm 0.086 | lr x1.000
step  15620 | loss 3.0506 | grad_norm 0.087 | lr x1.000
step  15640 | loss 3.1172 | grad_norm 0.086 | lr x1.000
step  15660 | loss 3.0587 | grad_norm 0.083 | lr x1.000
step  15680 | loss 3.0507 | grad_norm 0.089 | lr x1.000
step  15700 | loss 3.0263 | grad_norm 0.087 | lr x1.000
step  15720 | loss 3.0790 | grad_norm 0.086 | lr x1.000
step  15740 | loss 3.0576 | grad_norm 0.083 | lr x1.000
           val loss 3.3493
step  15760 | loss 3.0590 | grad_norm 0.086 | lr x1.000
step  15780 | loss 3.0742 | grad_norm 0.084 | lr x1.000
step  15800 | loss 3.0746 | grad_norm 0.086 | lr x1.000
step  15820 | loss 3.0467 | grad_norm 0.083 | lr x1.000
step  15840 | loss 3.0273 | grad_norm 0.088 | lr x1.000
step  15860 | loss 3.0636 | grad_norm 0.085 | lr x1.000
step  15880 | loss 3.1263 | grad_norm 0.092 | lr x1.000
step  15900 | loss 3.0734 | grad_norm 0.083 | lr x1.000
step  15920 | loss 3.0201 | grad_norm 0.087 | lr x1.000
step  15940 | loss 3.0988 | grad_norm 0.093 | lr x1.000
step  15960 | loss 3.0684 | grad_norm 0.084 | lr x1.000
step  15980 | loss 3.0574 | grad_norm 0.085 | lr x1.000
step  16000 | loss 3.0683 | grad_norm 0.085 | lr x1.000
           val loss 3.3785
step  16020 | loss 3.0295 | grad_norm 0.084 | lr x1.000
step  16040 | loss 3.0178 | grad_norm 0.084 | lr x1.000
step  16060 | loss 3.0126 | grad_norm 0.086 | lr x1.000
step  16080 | loss 3.0338 | grad_norm 0.085 | lr x1.000
step  16100 | loss 3.0347 | grad_norm 0.084 | lr x1.000
step  16120 | loss 3.0188 | grad_norm 0.086 | lr x1.000
step  16140 | loss 3.0794 | grad_norm 0.084 | lr x1.000
step  16160 | loss 3.1314 | grad_norm 0.086 | lr x1.000
step  16180 | loss 2.9871 | grad_norm 0.084 | lr x1.000
step  16200 | loss 3.1137 | grad_norm 0.091 | lr x1.000
step  16220 | loss 3.0955 | grad_norm 0.090 | lr x1.000
step  16240 | loss 3.0449 | grad_norm 0.086 | lr x1.000
           val loss 3.3664
step  16260 | loss 3.0537 | grad_norm 0.085 | lr x1.000
step  16280 | loss 3.1270 | grad_norm 0.085 | lr x1.000
step  16300 | loss 3.0810 | grad_norm 0.086 | lr x1.000
step  16320 | loss 3.0505 | grad_norm 0.087 | lr x1.000
step  16340 | loss 3.0448 | grad_norm 0.084 | lr x1.000
step  16360 | loss 3.0985 | grad_norm 0.089 | lr x1.000
step  16380 | loss 3.0816 | grad_norm 0.085 | lr x1.000
step  16400 | loss 3.0446 | grad_norm 0.085 | lr x1.000
step  16420 | loss 3.0650 | grad_norm 0.085 | lr x1.000
step  16440 | loss 3.1082 | grad_norm 0.084 | lr x1.000
step  16460 | loss 3.0584 | grad_norm 0.084 | lr x1.000
step  16480 | loss 3.1016 | grad_norm 0.087 | lr x1.000
step  16500 | loss 2.9920 | grad_norm 0.087 | lr x1.000
           val loss 3.3799
step  16520 | loss 3.0707 | grad_norm 0.091 | lr x1.000
step  16540 | loss 3.0702 | grad_norm 0.084 | lr x1.000
step  16560 | loss 3.0425 | grad_norm 0.083 | lr x1.000
step  16580 | loss 3.0039 | grad_norm 0.081 | lr x1.000
step  16600 | loss 3.0732 | grad_norm 0.084 | lr x1.000
step  16620 | loss 3.0899 | grad_norm 0.085 | lr x1.000
step  16640 | loss 3.0643 | grad_norm 0.085 | lr x1.000
step  16660 | loss 3.0708 | grad_norm 0.086 | lr x1.000
step  16680 | loss 3.0929 | grad_norm 0.085 | lr x1.000
step  16700 | loss 3.0524 | grad_norm 0.084 | lr x1.000
step  16720 | loss 3.0294 | grad_norm 0.084 | lr x1.000
step  16740 | loss 3.0096 | grad_norm 0.085 | lr x1.000
           val loss 3.3456
step  16760 | loss 3.0463 | grad_norm 0.083 | lr x1.000
step  16780 | loss 3.0629 | grad_norm 0.091 | lr x1.000
step  16800 | loss 3.0248 | grad_norm 0.086 | lr x1.000
step  16820 | loss 3.0783 | grad_norm 0.082 | lr x1.000
step  16840 | loss 3.0402 | grad_norm 0.082 | lr x1.000
step  16860 | loss 3.0561 | grad_norm 0.084 | lr x1.000
step  16880 | loss 3.0781 | grad_norm 0.083 | lr x1.000
step  16900 | loss 3.0892 | grad_norm 0.090 | lr x1.000
step  16920 | loss 3.1313 | grad_norm 0.085 | lr x1.000
step  16940 | loss 3.0698 | grad_norm 0.081 | lr x1.000
step  16960 | loss 3.0255 | grad_norm 0.082 | lr x1.000
step  16980 | loss 3.1206 | grad_norm 0.083 | lr x1.000
step  17000 | loss 3.0487 | grad_norm 0.088 | lr x1.000
           val loss 3.3423
step  17020 | loss 3.0328 | grad_norm 0.085 | lr x1.000
step  17040 | loss 3.0925 | grad_norm 0.085 | lr x1.000
step  17060 | loss 3.0949 | grad_norm 0.084 | lr x1.000
step  17080 | loss 3.0617 | grad_norm 0.085 | lr x1.000
step  17100 | loss 3.0824 | grad_norm 0.086 | lr x1.000
step  17120 | loss 2.9985 | grad_norm 0.081 | lr x1.000
step  17140 | loss 3.0698 | grad_norm 0.086 | lr x1.000
step  17160 | loss 3.1118 | grad_norm 0.085 | lr x1.000
step  17180 | loss 3.0609 | grad_norm 0.085 | lr x1.000
step  17200 | loss 3.1010 | grad_norm 0.085 | lr x1.000
step  17220 | loss 3.0350 | grad_norm 0.084 | lr x1.000
step  17240 | loss 3.0230 | grad_norm 0.091 | lr x1.000
           val loss 3.3655
step  17260 | loss 3.0708 | grad_norm 0.084 | lr x1.000
step  17280 | loss 2.9831 | grad_norm 0.083 | lr x1.000
step  17300 | loss 3.0938 | grad_norm 0.085 | lr x1.000
step  17320 | loss 3.0788 | grad_norm 0.082 | lr x1.000
step  17340 | loss 3.0040 | grad_norm 0.085 | lr x1.000
step  17360 | loss 3.0563 | grad_norm 0.082 | lr x1.000
step  17380 | loss 3.0014 | grad_norm 0.084 | lr x1.000
step  17400 | loss 3.0074 | grad_norm 0.083 | lr x1.000
step  17420 | loss 3.0453 | grad_norm 0.089 | lr x1.000
step  17440 | loss 3.0050 | grad_norm 0.085 | lr x1.000
step  17460 | loss 3.0112 | grad_norm 0.082 | lr x1.000
step  17480 | loss 3.0860 | grad_norm 0.083 | lr x1.000
step  17500 | loss 3.0481 | grad_norm 0.080 | lr x1.000
           val loss 3.3802
step  17520 | loss 3.0786 | grad_norm 0.086 | lr x1.000
step  17540 | loss 3.0457 | grad_norm 0.086 | lr x1.000
step  17560 | loss 3.0511 | grad_norm 0.085 | lr x1.000
step  17580 | loss 3.0428 | grad_norm 0.085 | lr x1.000
step  17600 | loss 3.0570 | grad_norm 0.084 | lr x1.000
step  17620 | loss 3.0580 | grad_norm 0.082 | lr x1.000
step  17640 | loss 3.0800 | grad_norm 0.083 | lr x1.000
step  17660 | loss 3.0849 | grad_norm 0.082 | lr x1.000
step  17680 | loss 3.1012 | grad_norm 0.084 | lr x1.000
step  17700 | loss 2.9844 | grad_norm 0.083 | lr x1.000
step  17720 | loss 3.0442 | grad_norm 0.078 | lr x1.000
step  17740 | loss 3.0976 | grad_norm 0.081 | lr x1.000
           val loss 3.3347
step  17760 | loss 3.0302 | grad_norm 0.079 | lr x1.000
step  17780 | loss 3.0281 | grad_norm 0.082 | lr x1.000
step  17800 | loss 3.0667 | grad_norm 0.082 | lr x1.000
step  17820 | loss 3.0274 | grad_norm 0.083 | lr x1.000
step  17840 | loss 3.0702 | grad_norm 0.084 | lr x1.000
step  17860 | loss 3.0145 | grad_norm 0.080 | lr x1.000
step  17880 | loss 3.0573 | grad_norm 0.084 | lr x1.000
step  17900 | loss 3.0284 | grad_norm 0.085 | lr x1.000
step  17920 | loss 3.0635 | grad_norm 0.078 | lr x1.000
step  17940 | loss 3.0001 | grad_norm 0.084 | lr x1.000
step  17960 | loss 2.9492 | grad_norm 0.085 | lr x1.000
step  17980 | loss 3.0252 | grad_norm 0.081 | lr x1.000
step  18000 | loss 3.0229 | grad_norm 0.084 | lr x1.000
           val loss 3.3458
step  18020 | loss 3.0275 | grad_norm 0.081 | lr x1.000
step  18040 | loss 3.0212 | grad_norm 0.084 | lr x1.000
step  18060 | loss 3.0207 | grad_norm 0.084 | lr x1.000
step  18080 | loss 3.0892 | grad_norm 0.079 | lr x1.000
step  18100 | loss 3.0751 | grad_norm 0.081 | lr x1.000
step  18120 | loss 3.0320 | grad_norm 0.085 | lr x1.000
step  18140 | loss 2.9642 | grad_norm 0.084 | lr x1.000
step  18160 | loss 3.0347 | grad_norm 0.082 | lr x1.000
step  18180 | loss 3.0988 | grad_norm 0.083 | lr x1.000
step  18200 | loss 2.9913 | grad_norm 0.083 | lr x1.000
step  18220 | loss 3.0956 | grad_norm 0.082 | lr x1.000
step  18240 | loss 3.0600 | grad_norm 0.088 | lr x1.000
           val loss 3.3709
step  18260 | loss 3.0969 | grad_norm 0.086 | lr x1.000
step  18280 | loss 3.0851 | grad_norm 0.082 | lr x1.000
step  18300 | loss 2.9511 | grad_norm 0.080 | lr x1.000
step  18320 | loss 2.9997 | grad_norm 0.087 | lr x1.000
step  18340 | loss 3.0986 | grad_norm 0.087 | lr x1.000
step  18360 | loss 3.0472 | grad_norm 0.079 | lr x1.000
step  18380 | loss 2.9933 | grad_norm 0.080 | lr x1.000
step  18400 | loss 3.0419 | grad_norm 0.083 | lr x1.000
step  18420 | loss 3.1095 | grad_norm 0.084 | lr x1.000
step  18440 | loss 3.0379 | grad_norm 0.081 | lr x1.000
step  18460 | loss 3.0888 | grad_norm 0.082 | lr x1.000
step  18480 | loss 3.0111 | grad_norm 0.084 | lr x1.000
step  18500 | loss 3.0279 | grad_norm 0.083 | lr x1.000
           val loss 3.3407
step  18520 | loss 3.0666 | grad_norm 0.080 | lr x1.000
step  18540 | loss 3.0645 | grad_norm 0.079 | lr x1.000
step  18560 | loss 2.9957 | grad_norm 0.086 | lr x1.000
step  18580 | loss 3.0608 | grad_norm 0.081 | lr x1.000
step  18600 | loss 3.0352 | grad_norm 0.080 | lr x1.000
step  18620 | loss 3.0782 | grad_norm 0.081 | lr x1.000
step  18640 | loss 3.0145 | grad_norm 0.081 | lr x1.000
step  18660 | loss 3.0459 | grad_norm 0.080 | lr x1.000
step  18680 | loss 3.0908 | grad_norm 0.085 | lr x1.000
step  18700 | loss 3.0382 | grad_norm 0.082 | lr x1.000
step  18720 | loss 2.9986 | grad_norm 0.080 | lr x1.000
step  18740 | loss 3.0488 | grad_norm 0.081 | lr x1.000
           val loss 3.3090
step  18760 | loss 3.0330 | grad_norm 0.081 | lr x1.000
step  18780 | loss 2.9949 | grad_norm 0.080 | lr x1.000
step  18800 | loss 3.0473 | grad_norm 0.085 | lr x1.000
step  18820 | loss 3.0408 | grad_norm 0.082 | lr x1.000
step  18840 | loss 3.0859 | grad_norm 0.084 | lr x1.000
step  18860 | loss 3.0023 | grad_norm 0.078 | lr x1.000
step  18880 | loss 3.0562 | grad_norm 0.082 | lr x1.000
step  18900 | loss 2.9782 | grad_norm 0.085 | lr x1.000
step  18920 | loss 3.0504 | grad_norm 0.081 | lr x1.000
step  18940 | loss 3.0889 | grad_norm 0.080 | lr x1.000
step  18960 | loss 3.0407 | grad_norm 0.083 | lr x1.000
step  18980 | loss 3.0189 | grad_norm 0.083 | lr x1.000
step  19000 | loss 3.0409 | grad_norm 0.078 | lr x1.000
           val loss 3.3815
step  19020 | loss 3.0474 | grad_norm 0.083 | lr x1.000
step  19040 | loss 2.9905 | grad_norm 0.083 | lr x1.000
step  19060 | loss 3.0254 | grad_norm 0.082 | lr x1.000
step  19080 | loss 2.9673 | grad_norm 0.082 | lr x1.000
step  19100 | loss 3.0944 | grad_norm 0.084 | lr x1.000
step  19120 | loss 3.0386 | grad_norm 0.081 | lr x1.000
step  19140 | loss 3.0539 | grad_norm 0.080 | lr x1.000
step  19160 | loss 3.0673 | grad_norm 0.080 | lr x1.000
step  19180 | loss 3.1153 | grad_norm 0.083 | lr x1.000
step  19200 | loss 3.0560 | grad_norm 0.081 | lr x1.000
step  19220 | loss 3.0622 | grad_norm 0.081 | lr x1.000
step  19240 | loss 3.0904 | grad_norm 0.081 | lr x1.000
           val loss 3.3448
step  19260 | loss 2.9988 | grad_norm 0.081 | lr x1.000
step  19280 | loss 2.9304 | grad_norm 0.078 | lr x1.000
step  19300 | loss 3.0194 | grad_norm 0.083 | lr x1.000
step  19320 | loss 2.9879 | grad_norm 0.077 | lr x1.000
step  19340 | loss 3.0467 | grad_norm 0.089 | lr x1.000
step  19360 | loss 3.0330 | grad_norm 0.084 | lr x1.000
step  19380 | loss 3.0478 | grad_norm 0.078 | lr x1.000
step  19400 | loss 3.0051 | grad_norm 0.080 | lr x1.000
step  19420 | loss 3.0538 | grad_norm 0.080 | lr x1.000
step  19440 | loss 3.0402 | grad_norm 0.082 | lr x1.000
step  19460 | loss 3.0435 | grad_norm 0.086 | lr x1.000
step  19480 | loss 2.9719 | grad_norm 0.082 | lr x1.000
step  19500 | loss 3.0403 | grad_norm 0.079 | lr x1.000
           val loss 3.3296
step  19520 | loss 3.0671 | grad_norm 0.083 | lr x1.000
step  19540 | loss 3.0491 | grad_norm 0.083 | lr x1.000
step  19560 | loss 3.1208 | grad_norm 0.084 | lr x1.000
step  19580 | loss 3.0719 | grad_norm 0.085 | lr x1.000
step  19600 | loss 3.0515 | grad_norm 0.080 | lr x1.000
step  19620 | loss 2.9455 | grad_norm 0.080 | lr x1.000
step  19640 | loss 3.0676 | grad_norm 0.080 | lr x1.000
step  19660 | loss 3.0699 | grad_norm 0.083 | lr x1.000
step  19680 | loss 3.0783 | grad_norm 0.084 | lr x1.000
step  19700 | loss 3.0462 | grad_norm 0.079 | lr x1.000
step  19720 | loss 3.0078 | grad_norm 0.080 | lr x1.000
step  19740 | loss 3.0426 | grad_norm 0.080 | lr x1.000
           val loss 3.3222
step  19760 | loss 3.0656 | grad_norm 0.080 | lr x1.000
step  19780 | loss 3.0046 | grad_norm 0.080 | lr x1.000
step  19800 | loss 3.0317 | grad_norm 0.083 | lr x1.000
step  19820 | loss 3.0869 | grad_norm 0.083 | lr x1.000
step  19840 | loss 3.0460 | grad_norm 0.081 | lr x1.000
step  19860 | loss 3.0055 | grad_norm 0.083 | lr x1.000
step  19880 | loss 3.1039 | grad_norm 0.082 | lr x1.000
step  19900 | loss 3.0589 | grad_norm 0.081 | lr x1.000
step  19920 | loss 3.0750 | grad_norm 0.080 | lr x1.000
step  19940 | loss 3.0371 | grad_norm 0.084 | lr x1.000
step  19960 | loss 3.0347 | grad_norm 0.081 | lr x1.000
step  19980 | loss 3.0846 | grad_norm 0.078 | lr x1.000
step  20000 | loss 2.9792 | grad_norm 0.077 | lr x1.000
           val loss 3.3395
step  20020 | loss 2.9680 | grad_norm 0.079 | lr x1.000
step  20040 | loss 3.0932 | grad_norm 0.079 | lr x1.000
step  20060 | loss 2.9619 | grad_norm 0.081 | lr x1.000
step  20080 | loss 3.0534 | grad_norm 0.079 | lr x1.000
step  20100 | loss 3.0584 | grad_norm 0.079 | lr x1.000
step  20120 | loss 2.9740 | grad_norm 0.079 | lr x1.000
step  20140 | loss 3.0170 | grad_norm 0.077 | lr x1.000
step  20160 | loss 3.1188 | grad_norm 0.079 | lr x1.000
step  20180 | loss 3.0375 | grad_norm 0.078 | lr x1.000
step  20200 | loss 3.0742 | grad_norm 0.081 | lr x1.000
step  20220 | loss 3.0364 | grad_norm 0.080 | lr x1.000
step  20240 | loss 3.0455 | grad_norm 0.082 | lr x1.000
           val loss 3.3368
step  20260 | loss 3.0206 | grad_norm 0.079 | lr x1.000
step  20280 | loss 3.0223 | grad_norm 0.079 | lr x1.000
step  20300 | loss 3.0547 | grad_norm 0.081 | lr x1.000
step  20320 | loss 3.0547 | grad_norm 0.080 | lr x1.000
step  20340 | loss 3.0255 | grad_norm 0.080 | lr x1.000
step  20360 | loss 3.0519 | grad_norm 0.080 | lr x1.000
step  20380 | loss 3.0282 | grad_norm 0.080 | lr x1.000
step  20400 | loss 3.0087 | grad_norm 0.077 | lr x1.000
step  20420 | loss 3.0151 | grad_norm 0.084 | lr x1.000
step  20440 | loss 3.0384 | grad_norm 0.078 | lr x1.000
step  20460 | loss 3.0098 | grad_norm 0.080 | lr x1.000
step  20480 | loss 3.0016 | grad_norm 0.081 | lr x1.000
step  20500 | loss 2.9662 | grad_norm 0.080 | lr x1.000
           val loss 3.3430
step  20520 | loss 3.1208 | grad_norm 0.079 | lr x1.000
step  20540 | loss 3.0290 | grad_norm 0.077 | lr x1.000
step  20560 | loss 3.0062 | grad_norm 0.078 | lr x1.000
step  20580 | loss 3.0138 | grad_norm 0.081 | lr x1.000
step  20600 | loss 2.9967 | grad_norm 0.081 | lr x1.000
step  20620 | loss 3.0059 | grad_norm 0.080 | lr x1.000
step  20640 | loss 2.9619 | grad_norm 0.079 | lr x1.000
step  20660 | loss 3.0245 | grad_norm 0.080 | lr x1.000
step  20680 | loss 3.0340 | grad_norm 0.080 | lr x1.000
step  20700 | loss 3.0410 | grad_norm 0.080 | lr x1.000
step  20720 | loss 2.9279 | grad_norm 0.080 | lr x1.000
step  20740 | loss 3.0631 | grad_norm 0.080 | lr x1.000
           val loss 3.3530
step  20760 | loss 3.0801 | grad_norm 0.084 | lr x1.000
step  20780 | loss 3.0383 | grad_norm 0.082 | lr x1.000
step  20800 | loss 3.0323 | grad_norm 0.080 | lr x1.000
step  20820 | loss 3.0999 | grad_norm 0.079 | lr x1.000
step  20840 | loss 2.9684 | grad_norm 0.080 | lr x1.000
step  20860 | loss 3.0931 | grad_norm 0.079 | lr x1.000
step  20880 | loss 3.0384 | grad_norm 0.083 | lr x1.000
step  20900 | loss 2.9739 | grad_norm 0.079 | lr x1.000
step  20920 | loss 3.0057 | grad_norm 0.081 | lr x1.000
step  20940 | loss 2.9731 | grad_norm 0.084 | lr x1.000
step  20960 | loss 3.0493 | grad_norm 0.077 | lr x1.000
step  20980 | loss 3.0170 | grad_norm 0.081 | lr x1.000
step  21000 | loss 3.0380 | grad_norm 0.080 | lr x1.000
           val loss 3.3040
step  21020 | loss 3.0649 | grad_norm 0.080 | lr x1.000
step  21040 | loss 3.0521 | grad_norm 0.077 | lr x1.000
step  21060 | loss 3.0087 | grad_norm 0.079 | lr x1.000
step  21080 | loss 2.9840 | grad_norm 0.083 | lr x1.000
step  21100 | loss 2.9797 | grad_norm 0.080 | lr x1.000
step  21120 | loss 3.0121 | grad_norm 0.081 | lr x1.000
step  21140 | loss 3.0837 | grad_norm 0.079 | lr x1.000
step  21160 | loss 3.0087 | grad_norm 0.078 | lr x1.000
step  21180 | loss 3.0782 | grad_norm 0.079 | lr x1.000
step  21200 | loss 3.0359 | grad_norm 0.076 | lr x1.000
step  21220 | loss 3.1073 | grad_norm 0.078 | lr x1.000
step  21240 | loss 2.9626 | grad_norm 0.080 | lr x1.000
           val loss 3.3136
step  21260 | loss 2.9816 | grad_norm 0.081 | lr x1.000
step  21280 | loss 3.1057 | grad_norm 0.080 | lr x1.000
step  21300 | loss 3.0459 | grad_norm 0.077 | lr x1.000
step  21320 | loss 2.9820 | grad_norm 0.077 | lr x1.000
step  21340 | loss 3.0159 | grad_norm 0.080 | lr x1.000
step  21360 | loss 3.0862 | grad_norm 0.078 | lr x1.000
step  21380 | loss 3.0445 | grad_norm 0.078 | lr x1.000
step  21400 | loss 3.0895 | grad_norm 0.079 | lr x1.000
step  21420 | loss 3.0341 | grad_norm 0.077 | lr x1.000
step  21440 | loss 3.0334 | grad_norm 0.078 | lr x1.000
step  21460 | loss 3.0216 | grad_norm 0.076 | lr x1.000
step  21480 | loss 3.0532 | grad_norm 0.081 | lr x1.000
step  21500 | loss 3.0329 | grad_norm 0.082 | lr x1.000
           val loss 3.3521
step  21520 | loss 3.0073 | grad_norm 0.079 | lr x1.000
step  21540 | loss 2.9576 | grad_norm 0.077 | lr x1.000
step  21560 | loss 2.9736 | grad_norm 0.079 | lr x1.000
step  21580 | loss 3.0046 | grad_norm 0.080 | lr x1.000
step  21600 | loss 3.0380 | grad_norm 0.077 | lr x1.000
step  21620 | loss 2.9746 | grad_norm 0.079 | lr x1.000
step  21640 | loss 3.0406 | grad_norm 0.078 | lr x1.000
step  21660 | loss 2.9795 | grad_norm 0.081 | lr x1.000
step  21680 | loss 3.0003 | grad_norm 0.078 | lr x1.000
step  21700 | loss 3.0437 | grad_norm 0.075 | lr x1.000
step  21720 | loss 3.0195 | grad_norm 0.080 | lr x1.000
step  21740 | loss 3.0457 | grad_norm 0.078 | lr x1.000
           val loss 3.3194
step  21760 | loss 3.0611 | grad_norm 0.079 | lr x1.000
step  21780 | loss 3.0606 | grad_norm 0.080 | lr x1.000
step  21800 | loss 3.0559 | grad_norm 0.078 | lr x1.000
step  21820 | loss 3.0224 | grad_norm 0.079 | lr x1.000
step  21840 | loss 3.0680 | grad_norm 0.076 | lr x1.000
step  21860 | loss 3.0679 | grad_norm 0.080 | lr x1.000
step  21880 | loss 3.0363 | grad_norm 0.079 | lr x1.000
step  21900 | loss 3.0444 | grad_norm 0.081 | lr x1.000
step  21920 | loss 2.9486 | grad_norm 0.079 | lr x1.000
step  21940 | loss 3.0387 | grad_norm 0.079 | lr x1.000
step  21960 | loss 2.9796 | grad_norm 0.078 | lr x1.000
step  21980 | loss 2.9722 | grad_norm 0.075 | lr x1.000
step  22000 | loss 2.9945 | grad_norm 0.078 | lr x1.000
           val loss 3.2996
step  22020 | loss 3.0418 | grad_norm 0.077 | lr x1.000
step  22040 | loss 3.0381 | grad_norm 0.077 | lr x1.000
step  22060 | loss 3.0231 | grad_norm 0.076 | lr x1.000
step  22080 | loss 2.9911 | grad_norm 0.075 | lr x1.000
step  22100 | loss 2.9621 | grad_norm 0.080 | lr x1.000
step  22120 | loss 3.0657 | grad_norm 0.082 | lr x1.000
step  22140 | loss 2.9932 | grad_norm 0.077 | lr x1.000
step  22160 | loss 3.0493 | grad_norm 0.080 | lr x1.000
step  22180 | loss 3.0371 | grad_norm 0.076 | lr x1.000
step  22200 | loss 3.0858 | grad_norm 0.077 | lr x1.000
step  22220 | loss 3.0380 | grad_norm 0.081 | lr x1.000
step  22240 | loss 2.9978 | grad_norm 0.080 | lr x1.000
           val loss 3.3246
step  22260 | loss 3.0833 | grad_norm 0.078 | lr x1.000
step  22280 | loss 3.0472 | grad_norm 0.078 | lr x1.000
step  22300 | loss 2.9222 | grad_norm 0.077 | lr x1.000
step  22320 | loss 3.0629 | grad_norm 0.077 | lr x1.000
step  22340 | loss 3.0265 | grad_norm 0.083 | lr x1.000
step  22360 | loss 3.0173 | grad_norm 0.076 | lr x1.000
step  22380 | loss 3.0952 | grad_norm 0.080 | lr x1.000
step  22400 | loss 3.0010 | grad_norm 0.078 | lr x1.000
step  22420 | loss 2.9684 | grad_norm 0.077 | lr x1.000
step  22440 | loss 3.0101 | grad_norm 0.082 | lr x1.000
step  22460 | loss 2.9573 | grad_norm 0.076 | lr x1.000
step  22480 | loss 3.0589 | grad_norm 0.079 | lr x1.000
step  22500 | loss 2.9950 | grad_norm 0.078 | lr x1.000
           val loss 3.3144
step  22520 | loss 3.0529 | grad_norm 0.078 | lr x1.000
step  22540 | loss 3.0077 | grad_norm 0.075 | lr x1.000
step  22560 | loss 2.9446 | grad_norm 0.076 | lr x1.000
step  22580 | loss 3.0626 | grad_norm 0.081 | lr x1.000
step  22600 | loss 2.9180 | grad_norm 0.080 | lr x1.000
step  22620 | loss 3.0589 | grad_norm 0.080 | lr x1.000
step  22640 | loss 3.0154 | grad_norm 0.077 | lr x1.000
step  22660 | loss 2.9726 | grad_norm 0.079 | lr x1.000
step  22680 | loss 2.9942 | grad_norm 0.077 | lr x1.000
step  22700 | loss 3.0525 | grad_norm 0.074 | lr x1.000
step  22720 | loss 3.0321 | grad_norm 0.075 | lr x1.000
step  22740 | loss 2.9939 | grad_norm 0.077 | lr x1.000
           val loss 3.3252
step  22760 | loss 2.9940 | grad_norm 0.079 | lr x1.000
step  22780 | loss 3.0170 | grad_norm 0.078 | lr x1.000
step  22800 | loss 3.0205 | grad_norm 0.091 | lr x1.000
step  22820 | loss 2.9634 | grad_norm 0.077 | lr x1.000
step  22840 | loss 3.0497 | grad_norm 0.078 | lr x1.000
step  22860 | loss 2.9890 | grad_norm 0.081 | lr x1.000
step  22880 | loss 3.0337 | grad_norm 0.078 | lr x1.000
step  22900 | loss 3.0410 | grad_norm 0.077 | lr x1.000
step  22920 | loss 3.0405 | grad_norm 0.076 | lr x1.000
step  22940 | loss 3.0337 | grad_norm 0.077 | lr x1.000
step  22960 | loss 3.0380 | grad_norm 0.077 | lr x1.000
step  22980 | loss 3.0082 | grad_norm 0.077 | lr x1.000
step  23000 | loss 2.9382 | grad_norm 0.079 | lr x1.000
           val loss 3.3119
step  23020 | loss 3.0473 | grad_norm 0.077 | lr x1.000
step  23040 | loss 3.0198 | grad_norm 0.078 | lr x1.000
step  23060 | loss 3.0619 | grad_norm 0.075 | lr x1.000
step  23080 | loss 3.0545 | grad_norm 0.076 | lr x1.000
step  23100 | loss 2.9985 | grad_norm 0.081 | lr x1.000
step  23120 | loss 2.9908 | grad_norm 0.078 | lr x1.000
step  23140 | loss 2.9748 | grad_norm 0.078 | lr x1.000
step  23160 | loss 3.0599 | grad_norm 0.077 | lr x1.000
step  23180 | loss 3.0172 | grad_norm 0.081 | lr x1.000
step  23200 | loss 3.0796 | grad_norm 0.076 | lr x1.000
step  23220 | loss 3.0015 | grad_norm 0.076 | lr x1.000
step  23240 | loss 3.0243 | grad_norm 0.076 | lr x1.000
           val loss 3.3387
step  23260 | loss 3.0158 | grad_norm 0.079 | lr x1.000
step  23280 | loss 3.0207 | grad_norm 0.077 | lr x1.000
step  23300 | loss 3.0151 | grad_norm 0.084 | lr x1.000
step  23320 | loss 3.0378 | grad_norm 0.082 | lr x1.000
step  23340 | loss 3.0592 | grad_norm 0.076 | lr x1.000
step  23360 | loss 2.9867 | grad_norm 0.075 | lr x1.000
step  23380 | loss 2.9621 | grad_norm 0.079 | lr x1.000
step  23400 | loss 3.0683 | grad_norm 0.084 | lr x1.000
step  23420 | loss 3.0442 | grad_norm 0.077 | lr x1.000
step  23440 | loss 3.0194 | grad_norm 0.077 | lr x1.000
step  23460 | loss 2.9498 | grad_norm 0.079 | lr x1.000
step  23480 | loss 3.0365 | grad_norm 0.076 | lr x1.000
step  23500 | loss 3.0628 | grad_norm 0.077 | lr x1.000
           val loss 3.3241
step  23520 | loss 3.0771 | grad_norm 0.079 | lr x1.000
step  23540 | loss 2.9922 | grad_norm 0.073 | lr x1.000
step  23560 | loss 3.0227 | grad_norm 0.077 | lr x1.000
step  23580 | loss 3.0183 | grad_norm 0.078 | lr x1.000
step  23600 | loss 3.0444 | grad_norm 0.075 | lr x1.000
step  23620 | loss 3.0390 | grad_norm 0.081 | lr x1.000
step  23640 | loss 3.0474 | grad_norm 0.076 | lr x1.000
step  23660 | loss 3.0513 | grad_norm 0.075 | lr x1.000
step  23680 | loss 3.0075 | grad_norm 0.075 | lr x1.000
step  23700 | loss 3.0913 | grad_norm 0.074 | lr x1.000
step  23720 | loss 3.0325 | grad_norm 0.078 | lr x1.000
step  23740 | loss 2.9948 | grad_norm 0.078 | lr x1.000
           val loss 3.3052
step  23760 | loss 3.0501 | grad_norm 0.080 | lr x1.000
step  23780 | loss 3.0018 | grad_norm 0.077 | lr x1.000
step  23800 | loss 2.9867 | grad_norm 0.074 | lr x1.000
step  23820 | loss 3.0840 | grad_norm 0.077 | lr x1.000
step  23840 | loss 3.0114 | grad_norm 0.078 | lr x1.000
step  23860 | loss 3.0002 | grad_norm 0.076 | lr x1.000
step  23880 | loss 3.0102 | grad_norm 0.078 | lr x1.000
step  23900 | loss 3.0322 | grad_norm 0.075 | lr x1.000
step  23920 | loss 3.0052 | grad_norm 0.078 | lr x1.000
step  23940 | loss 3.0528 | grad_norm 0.074 | lr x1.000
step  23960 | loss 3.0195 | grad_norm 0.077 | lr x1.000
step  23980 | loss 2.9718 | grad_norm 0.074 | lr x1.000
step  24000 | loss 2.9917 | grad_norm 0.077 | lr x1.000
           val loss 3.3366
step  24020 | loss 2.9461 | grad_norm 0.076 | lr x1.000
step  24040 | loss 3.0782 | grad_norm 0.078 | lr x1.000
step  24060 | loss 3.0003 | grad_norm 0.076 | lr x1.000
step  24080 | loss 2.9708 | grad_norm 0.075 | lr x1.000
step  24100 | loss 3.0060 | grad_norm 0.076 | lr x1.000
step  24120 | loss 3.0398 | grad_norm 0.075 | lr x1.000
step  24140 | loss 2.9792 | grad_norm 0.075 | lr x1.000
step  24160 | loss 3.0252 | grad_norm 0.078 | lr x1.000
step  24180 | loss 2.9627 | grad_norm 0.077 | lr x1.000
step  24200 | loss 2.9786 | grad_norm 0.077 | lr x1.000
step  24220 | loss 3.0210 | grad_norm 0.081 | lr x1.000
step  24240 | loss 3.0207 | grad_norm 0.074 | lr x1.000
           val loss 3.3111
step  24260 | loss 2.9629 | grad_norm 0.077 | lr x1.000
step  24280 | loss 3.0280 | grad_norm 0.075 | lr x1.000
step  24300 | loss 3.0380 | grad_norm 0.076 | lr x1.000
step  24320 | loss 3.0242 | grad_norm 0.079 | lr x1.000
step  24340 | loss 3.0280 | grad_norm 0.079 | lr x1.000
step  24360 | loss 3.0067 | grad_norm 0.080 | lr x1.000
step  24380 | loss 3.0325 | grad_norm 0.075 | lr x1.000
step  24400 | loss 3.0173 | grad_norm 0.077 | lr x1.000
step  24420 | loss 2.9586 | grad_norm 0.076 | lr x1.000
step  24440 | loss 2.9891 | grad_norm 0.074 | lr x1.000
step  24460 | loss 2.9834 | grad_norm 0.078 | lr x1.000
step  24480 | loss 3.0414 | grad_norm 0.073 | lr x1.000
step  24500 | loss 3.0181 | grad_norm 0.075 | lr x1.000
           val loss 3.3093
step  24520 | loss 3.0070 | grad_norm 0.080 | lr x1.000
step  24540 | loss 3.0061 | grad_norm 0.075 | lr x1.000
step  24560 | loss 3.0889 | grad_norm 0.073 | lr x1.000
step  24580 | loss 3.0634 | grad_norm 0.075 | lr x1.000
step  24600 | loss 3.0144 | grad_norm 0.075 | lr x1.000
step  24620 | loss 3.0587 | grad_norm 0.075 | lr x1.000
step  24640 | loss 3.0064 | grad_norm 0.076 | lr x1.000
step  24660 | loss 3.0678 | grad_norm 0.082 | lr x1.000
step  24680 | loss 2.9432 | grad_norm 0.075 | lr x1.000
step  24700 | loss 3.0808 | grad_norm 0.080 | lr x1.000
step  24720 | loss 2.9314 | grad_norm 0.074 | lr x1.000
step  24740 | loss 2.9760 | grad_norm 0.076 | lr x1.000
           val loss 3.3218
step  24760 | loss 3.0439 | grad_norm 0.075 | lr x1.000
step  24780 | loss 3.0172 | grad_norm 0.074 | lr x1.000
step  24800 | loss 3.0116 | grad_norm 0.077 | lr x1.000
step  24820 | loss 3.0204 | grad_norm 0.074 | lr x1.000
step  24840 | loss 3.0045 | grad_norm 0.076 | lr x1.000
step  24860 | loss 3.0673 | grad_norm 0.074 | lr x1.000
step  24880 | loss 3.0942 | grad_norm 0.078 | lr x1.000
step  24900 | loss 2.9920 | grad_norm 0.075 | lr x1.000
step  24920 | loss 3.0670 | grad_norm 0.076 | lr x1.000
step  24940 | loss 3.0140 | grad_norm 0.076 | lr x1.000
step  24960 | loss 2.9900 | grad_norm 0.076 | lr x1.000
step  24980 | loss 3.0161 | grad_norm 0.075 | lr x1.000
step  25000 | loss 3.0774 | grad_norm 0.077 | lr x1.000
           val loss 3.3444
step  25020 | loss 2.9768 | grad_norm 0.072 | lr x1.000
step  25040 | loss 3.0153 | grad_norm 0.074 | lr x1.000
step  25060 | loss 2.9873 | grad_norm 0.074 | lr x1.000
step  25080 | loss 3.0039 | grad_norm 0.076 | lr x1.000
step  25100 | loss 3.0158 | grad_norm 0.077 | lr x1.000
step  25120 | loss 3.0537 | grad_norm 0.077 | lr x1.000
step  25140 | loss 3.0408 | grad_norm 0.078 | lr x1.000
step  25160 | loss 3.0095 | grad_norm 0.076 | lr x1.000
step  25180 | loss 3.0228 | grad_norm 0.078 | lr x1.000
step  25200 | loss 3.0204 | grad_norm 0.079 | lr x1.000
step  25220 | loss 2.9698 | grad_norm 0.075 | lr x1.000
step  25240 | loss 3.0094 | grad_norm 0.076 | lr x1.000
           val loss 3.2895
step  25260 | loss 3.0175 | grad_norm 0.076 | lr x1.000
step  25280 | loss 2.9753 | grad_norm 0.075 | lr x1.000
step  25300 | loss 3.0371 | grad_norm 0.079 | lr x1.000
step  25320 | loss 2.9499 | grad_norm 0.074 | lr x1.000
step  25340 | loss 2.9706 | grad_norm 0.076 | lr x1.000
step  25360 | loss 3.0012 | grad_norm 0.072 | lr x1.000
step  25380 | loss 2.9931 | grad_norm 0.072 | lr x1.000
step  25400 | loss 3.0057 | grad_norm 0.076 | lr x1.000
step  25420 | loss 2.9644 | grad_norm 0.075 | lr x1.000
step  25440 | loss 2.9723 | grad_norm 0.075 | lr x1.000
step  25460 | loss 2.9896 | grad_norm 0.077 | lr x1.000
step  25480 | loss 2.9946 | grad_norm 0.075 | lr x1.000
step  25500 | loss 3.0071 | grad_norm 0.080 | lr x1.000
           val loss 3.2958
step  25520 | loss 3.0867 | grad_norm 0.075 | lr x1.000
step  25540 | loss 2.9705 | grad_norm 0.074 | lr x1.000
step  25560 | loss 2.9744 | grad_norm 0.074 | lr x1.000
step  25580 | loss 2.9982 | grad_norm 0.074 | lr x1.000
step  25600 | loss 2.9458 | grad_norm 0.076 | lr x1.000
step  25620 | loss 3.0809 | grad_norm 0.076 | lr x1.000
step  25640 | loss 3.0064 | grad_norm 0.076 | lr x1.000
step  25660 | loss 3.0170 | grad_norm 0.077 | lr x1.000
step  25680 | loss 3.0894 | grad_norm 0.077 | lr x1.000
step  25700 | loss 3.0432 | grad_norm 0.077 | lr x1.000
step  25720 | loss 3.0262 | grad_norm 0.075 | lr x1.000
step  25740 | loss 2.9649 | grad_norm 0.078 | lr x1.000
           val loss 3.3184
step  25760 | loss 3.0005 | grad_norm 0.079 | lr x1.000
step  25780 | loss 3.0411 | grad_norm 0.076 | lr x1.000
step  25800 | loss 3.0544 | grad_norm 0.074 | lr x1.000
step  25820 | loss 3.0392 | grad_norm 0.079 | lr x1.000
step  25840 | loss 2.9485 | grad_norm 0.076 | lr x1.000
step  25860 | loss 3.0198 | grad_norm 0.074 | lr x1.000
step  25880 | loss 2.9587 | grad_norm 0.075 | lr x1.000
step  25900 | loss 3.0432 | grad_norm 0.076 | lr x1.000
step  25920 | loss 2.9388 | grad_norm 0.080 | lr x1.000
step  25940 | loss 2.9591 | grad_norm 0.075 | lr x1.000
step  25960 | loss 3.0153 | grad_norm 0.077 | lr x1.000
step  25980 | loss 3.0193 | grad_norm 0.076 | lr x1.000
step  26000 | loss 3.0087 | grad_norm 0.075 | lr x1.000
           val loss 3.3204
step  26020 | loss 2.9906 | grad_norm 0.073 | lr x1.000
step  26040 | loss 3.0149 | grad_norm 0.077 | lr x1.000
step  26060 | loss 3.0525 | grad_norm 0.076 | lr x1.000
step  26080 | loss 2.9301 | grad_norm 0.075 | lr x1.000
step  26100 | loss 2.9657 | grad_norm 0.073 | lr x1.000
step  26120 | loss 3.0347 | grad_norm 0.074 | lr x1.000
step  26140 | loss 3.0687 | grad_norm 0.075 | lr x1.000
step  26160 | loss 3.0268 | grad_norm 0.076 | lr x1.000
step  26180 | loss 2.9929 | grad_norm 0.076 | lr x1.000
step  26200 | loss 3.0223 | grad_norm 0.075 | lr x1.000
step  26220 | loss 2.9786 | grad_norm 0.073 | lr x1.000
step  26240 | loss 2.9676 | grad_norm 0.074 | lr x1.000
           val loss 3.3288
step  26260 | loss 3.0149 | grad_norm 0.074 | lr x1.000
step  26280 | loss 2.9989 | grad_norm 0.074 | lr x1.000
step  26300 | loss 3.0284 | grad_norm 0.074 | lr x1.000
step  26320 | loss 3.0110 | grad_norm 0.074 | lr x1.000
step  26340 | loss 2.9726 | grad_norm 0.074 | lr x1.000
step  26360 | loss 2.9613 | grad_norm 0.075 | lr x1.000
step  26380 | loss 2.9740 | grad_norm 0.074 | lr x1.000
step  26400 | loss 3.0646 | grad_norm 0.072 | lr x1.000
step  26420 | loss 2.9704 | grad_norm 0.076 | lr x1.000
step  26440 | loss 3.0295 | grad_norm 0.075 | lr x1.000
step  26460 | loss 3.0403 | grad_norm 0.077 | lr x1.000
step  26480 | loss 2.9657 | grad_norm 0.074 | lr x1.000
step  26500 | loss 2.9841 | grad_norm 0.077 | lr x1.000
           val loss 3.3171
step  26520 | loss 2.9870 | grad_norm 0.075 | lr x1.000
step  26540 | loss 3.0197 | grad_norm 0.077 | lr x1.000
step  26560 | loss 2.9197 | grad_norm 0.076 | lr x1.000
step  26580 | loss 2.9889 | grad_norm 0.077 | lr x1.000
step  26600 | loss 2.9868 | grad_norm 0.075 | lr x1.000
step  26620 | loss 2.9820 | grad_norm 0.075 | lr x1.000
step  26640 | loss 2.9906 | grad_norm 0.074 | lr x1.000
step  26660 | loss 3.0070 | grad_norm 0.075 | lr x1.000
step  26680 | loss 2.9976 | grad_norm 0.073 | lr x1.000
step  26700 | loss 3.0107 | grad_norm 0.074 | lr x1.000
step  26720 | loss 2.9906 | grad_norm 0.074 | lr x1.000
step  26740 | loss 2.9553 | grad_norm 0.073 | lr x1.000
           val loss 3.3356
step  26760 | loss 2.9934 | grad_norm 0.076 | lr x1.000
step  26780 | loss 3.0095 | grad_norm 0.074 | lr x1.000
step  26800 | loss 2.9963 | grad_norm 0.074 | lr x1.000
step  26820 | loss 2.9824 | grad_norm 0.074 | lr x1.000
step  26840 | loss 3.0450 | grad_norm 0.080 | lr x1.000
step  26860 | loss 3.0202 | grad_norm 0.080 | lr x1.000
step  26880 | loss 3.0217 | grad_norm 0.075 | lr x1.000
step  26900 | loss 2.9179 | grad_norm 0.077 | lr x1.000
step  26920 | loss 3.0235 | grad_norm 0.076 | lr x1.000
step  26940 | loss 2.9937 | grad_norm 0.074 | lr x1.000
step  26960 | loss 3.0028 | grad_norm 0.073 | lr x1.000
step  26980 | loss 2.9937 | grad_norm 0.076 | lr x1.000
step  27000 | loss 3.0290 | grad_norm 0.075 | lr x1.000
           val loss 3.3176
step  27020 | loss 3.0346 | grad_norm 0.072 | lr x1.000
step  27040 | loss 3.0372 | grad_norm 0.077 | lr x1.000
step  27060 | loss 3.0490 | grad_norm 0.075 | lr x1.000
step  27080 | loss 3.0268 | grad_norm 0.073 | lr x1.000
step  27100 | loss 3.0088 | grad_norm 0.073 | lr x1.000
step  27120 | loss 3.0156 | grad_norm 0.076 | lr x1.000
step  27140 | loss 3.0186 | grad_norm 0.073 | lr x1.000
step  27160 | loss 2.9700 | grad_norm 0.073 | lr x1.000
step  27180 | loss 2.9716 | grad_norm 0.076 | lr x1.000
step  27200 | loss 2.9397 | grad_norm 0.072 | lr x1.000
step  27220 | loss 3.0627 | grad_norm 0.073 | lr x1.000
step  27240 | loss 3.0334 | grad_norm 0.077 | lr x1.000
           val loss 3.3005
step  27260 | loss 2.9677 | grad_norm 0.073 | lr x1.000
step  27280 | loss 2.9979 | grad_norm 0.072 | lr x1.000
step  27300 | loss 3.0240 | grad_norm 0.072 | lr x1.000
step  27320 | loss 2.9643 | grad_norm 0.070 | lr x1.000
step  27340 | loss 3.0061 | grad_norm 0.075 | lr x1.000
step  27360 | loss 3.0586 | grad_norm 0.075 | lr x1.000
step  27380 | loss 2.9430 | grad_norm 0.074 | lr x1.000
step  27400 | loss 3.0481 | grad_norm 0.072 | lr x1.000
step  27420 | loss 2.9918 | grad_norm 0.073 | lr x1.000
step  27440 | loss 2.9693 | grad_norm 0.075 | lr x1.000
step  27460 | loss 2.9412 | grad_norm 0.075 | lr x1.000
step  27480 | loss 3.0581 | grad_norm 0.074 | lr x1.000
step  27500 | loss 2.9626 | grad_norm 0.072 | lr x1.000
           val loss 3.3096
step  27520 | loss 3.0453 | grad_norm 0.076 | lr x1.000
step  27540 | loss 2.9617 | grad_norm 0.077 | lr x1.000
step  27560 | loss 3.0996 | grad_norm 0.072 | lr x1.000
step  27580 | loss 2.9735 | grad_norm 0.073 | lr x1.000
step  27600 | loss 2.9731 | grad_norm 0.074 | lr x1.000
step  27620 | loss 3.0134 | grad_norm 0.073 | lr x1.000
step  27640 | loss 2.9724 | grad_norm 0.070 | lr x1.000
step  27660 | loss 2.9875 | grad_norm 0.075 | lr x1.000
step  27680 | loss 2.9977 | grad_norm 0.072 | lr x1.000
step  27700 | loss 2.9815 | grad_norm 0.073 | lr x1.000
step  27720 | loss 3.0000 | grad_norm 0.075 | lr x1.000
step  27740 | loss 3.0060 | grad_norm 0.077 | lr x1.000
           val loss 3.3028
step  27760 | loss 3.0311 | grad_norm 0.072 | lr x1.000
step  27780 | loss 2.9903 | grad_norm 0.073 | lr x1.000
step  27800 | loss 3.0060 | grad_norm 0.079 | lr x1.000
step  27820 | loss 3.0031 | grad_norm 0.075 | lr x1.000
step  27840 | loss 2.9566 | grad_norm 0.079 | lr x1.000
step  27860 | loss 3.0001 | grad_norm 0.071 | lr x1.000
step  27880 | loss 3.0003 | grad_norm 0.073 | lr x1.000
step  27900 | loss 3.0180 | grad_norm 0.074 | lr x1.000
step  27920 | loss 2.9290 | grad_norm 0.073 | lr x1.000
step  27940 | loss 2.9715 | grad_norm 0.075 | lr x1.000
step  27960 | loss 3.0507 | grad_norm 0.077 | lr x1.000
step  27980 | loss 2.9682 | grad_norm 0.070 | lr x1.000
step  28000 | loss 2.9918 | grad_norm 0.073 | lr x1.000
           val loss 3.2481
step  28020 | loss 2.9515 | grad_norm 0.073 | lr x1.000
step  28040 | loss 2.9704 | grad_norm 0.072 | lr x1.000
step  28060 | loss 2.9940 | grad_norm 0.072 | lr x1.000
step  28080 | loss 3.0833 | grad_norm 0.073 | lr x1.000
step  28100 | loss 2.9807 | grad_norm 0.072 | lr x1.000
step  28120 | loss 3.0576 | grad_norm 0.072 | lr x1.000
step  28140 | loss 3.0807 | grad_norm 0.073 | lr x1.000
step  28160 | loss 3.0177 | grad_norm 0.074 | lr x1.000
step  28180 | loss 2.9702 | grad_norm 0.076 | lr x1.000
step  28200 | loss 2.9716 | grad_norm 0.075 | lr x1.000
step  28220 | loss 3.0061 | grad_norm 0.074 | lr x1.000
step  28240 | loss 3.0439 | grad_norm 0.072 | lr x1.000
           val loss 3.2974
step  28260 | loss 2.9561 | grad_norm 0.072 | lr x1.000
step  28280 | loss 2.9795 | grad_norm 0.074 | lr x1.000
step  28300 | loss 2.9407 | grad_norm 0.071 | lr x1.000
step  28320 | loss 2.9627 | grad_norm 0.074 | lr x1.000
step  28340 | loss 3.0259 | grad_norm 0.074 | lr x1.000
step  28360 | loss 2.9727 | grad_norm 0.074 | lr x1.000
step  28380 | loss 2.9779 | grad_norm 0.071 | lr x1.000
step  28400 | loss 3.0174 | grad_norm 0.074 | lr x1.000
step  28420 | loss 3.0279 | grad_norm 0.071 | lr x1.000
step  28440 | loss 3.0226 | grad_norm 0.074 | lr x1.000
step  28460 | loss 2.9451 | grad_norm 0.071 | lr x1.000
step  28480 | loss 3.0420 | grad_norm 0.075 | lr x1.000
step  28500 | loss 3.0079 | grad_norm 0.074 | lr x1.000
           val loss 3.2902
step  28520 | loss 3.0544 | grad_norm 0.074 | lr x1.000
step  28540 | loss 2.9623 | grad_norm 0.072 | lr x1.000
step  28560 | loss 3.0258 | grad_norm 0.073 | lr x1.000
step  28580 | loss 3.0263 | grad_norm 0.071 | lr x1.000
step  28600 | loss 2.9520 | grad_norm 0.072 | lr x1.000
step  28620 | loss 2.9912 | grad_norm 0.076 | lr x1.000
step  28640 | loss 2.9991 | grad_norm 0.073 | lr x1.000
step  28660 | loss 2.9565 | grad_norm 0.077 | lr x1.000
step  28680 | loss 2.9439 | grad_norm 0.072 | lr x1.000
step  28700 | loss 3.0076 | grad_norm 0.073 | lr x1.000
step  28720 | loss 2.9610 | grad_norm 0.073 | lr x1.000
step  28740 | loss 2.9868 | grad_norm 0.075 | lr x1.000
           val loss 3.2866
step  28760 | loss 2.9465 | grad_norm 0.072 | lr x1.000
step  28780 | loss 3.0188 | grad_norm 0.076 | lr x1.000
step  28800 | loss 2.9965 | grad_norm 0.073 | lr x1.000
step  28820 | loss 2.9529 | grad_norm 0.074 | lr x1.000
step  28840 | loss 2.8840 | grad_norm 0.071 | lr x1.000
step  28860 | loss 2.9983 | grad_norm 0.073 | lr x1.000
step  28880 | loss 2.9979 | grad_norm 0.075 | lr x1.000
step  28900 | loss 2.9387 | grad_norm 0.071 | lr x1.000
step  28920 | loss 3.0230 | grad_norm 0.071 | lr x1.000
step  28940 | loss 3.0078 | grad_norm 0.073 | lr x1.000
step  28960 | loss 3.0679 | grad_norm 0.074 | lr x1.000
step  28980 | loss 2.9840 | grad_norm 0.072 | lr x1.000
step  29000 | loss 3.0122 | grad_norm 0.069 | lr x1.000
           val loss 3.3073
step  29020 | loss 3.0313 | grad_norm 0.071 | lr x1.000
step  29040 | loss 3.0149 | grad_norm 0.070 | lr x1.000
step  29060 | loss 3.0186 | grad_norm 0.073 | lr x1.000
step  29080 | loss 2.9682 | grad_norm 0.074 | lr x1.000
step  29100 | loss 2.9270 | grad_norm 0.073 | lr x1.000
step  29120 | loss 3.0040 | grad_norm 0.074 | lr x1.000
step  29140 | loss 2.9863 | grad_norm 0.074 | lr x1.000
step  29160 | loss 2.9972 | grad_norm 0.072 | lr x1.000
step  29180 | loss 2.9571 | grad_norm 0.070 | lr x1.000
step  29200 | loss 3.0271 | grad_norm 0.071 | lr x1.000
step  29220 | loss 2.9997 | grad_norm 0.075 | lr x1.000
step  29240 | loss 3.0068 | grad_norm 0.072 | lr x1.000
           val loss 3.2952
step  29260 | loss 3.0062 | grad_norm 0.074 | lr x1.000
step  29280 | loss 2.9783 | grad_norm 0.073 | lr x1.000
step  29300 | loss 2.9652 | grad_norm 0.071 | lr x1.000
step  29320 | loss 2.9737 | grad_norm 0.073 | lr x1.000
step  29340 | loss 2.9852 | grad_norm 0.071 | lr x1.000
step  29360 | loss 2.9238 | grad_norm 0.074 | lr x1.000
step  29380 | loss 3.0295 | grad_norm 0.073 | lr x1.000
step  29400 | loss 3.0371 | grad_norm 0.072 | lr x1.000
step  29420 | loss 2.9907 | grad_norm 0.072 | lr x1.000
step  29440 | loss 2.9740 | grad_norm 0.070 | lr x1.000
step  29460 | loss 2.9314 | grad_norm 0.076 | lr x1.000
step  29480 | loss 2.9691 | grad_norm 0.073 | lr x1.000
step  29500 | loss 3.0149 | grad_norm 0.072 | lr x1.000
           val loss 3.3231
step  29520 | loss 2.9578 | grad_norm 0.071 | lr x1.000
step  29540 | loss 3.0136 | grad_norm 0.073 | lr x1.000
step  29560 | loss 2.9612 | grad_norm 0.077 | lr x1.000
step  29580 | loss 3.0581 | grad_norm 0.073 | lr x1.000
step  29600 | loss 2.9889 | grad_norm 0.071 | lr x1.000
step  29620 | loss 3.0231 | grad_norm 0.072 | lr x1.000
step  29640 | loss 2.9776 | grad_norm 0.073 | lr x1.000
step  29660 | loss 2.9554 | grad_norm 0.071 | lr x1.000
step  29680 | loss 2.9454 | grad_norm 0.072 | lr x1.000
step  29700 | loss 2.9697 | grad_norm 0.070 | lr x1.000
step  29720 | loss 3.0267 | grad_norm 0.074 | lr x1.000
step  29740 | loss 2.9801 | grad_norm 0.080 | lr x1.000
           val loss 3.3194
step  29760 | loss 3.0251 | grad_norm 0.075 | lr x1.000
step  29780 | loss 2.9871 | grad_norm 0.073 | lr x1.000
step  29800 | loss 2.9895 | grad_norm 0.072 | lr x1.000
step  29820 | loss 2.9595 | grad_norm 0.071 | lr x1.000
step  29840 | loss 3.0088 | grad_norm 0.072 | lr x1.000
step  29860 | loss 3.0137 | grad_norm 0.074 | lr x1.000
step  29880 | loss 2.9831 | grad_norm 0.071 | lr x1.000
step  29900 | loss 3.0185 | grad_norm 0.074 | lr x1.000
step  29920 | loss 3.0146 | grad_norm 0.072 | lr x1.000
step  29940 | loss 2.9916 | grad_norm 0.072 | lr x1.000
step  29960 | loss 3.0428 | grad_norm 0.071 | lr x1.000
step  29980 | loss 2.9387 | grad_norm 0.071 | lr x1.000
step  30000 | loss 2.9753 | grad_norm 0.071 | lr x1.000
           val loss 3.2681
step  30020 | loss 2.9295 | grad_norm 0.069 | lr x1.000
step  30040 | loss 2.9715 | grad_norm 0.069 | lr x1.000
step  30060 | loss 3.0566 | grad_norm 0.070 | lr x1.000
step  30080 | loss 2.9538 | grad_norm 0.073 | lr x1.000
step  30100 | loss 3.0432 | grad_norm 0.074 | lr x1.000
step  30120 | loss 2.9716 | grad_norm 0.075 | lr x1.000
step  30140 | loss 2.9667 | grad_norm 0.069 | lr x1.000
step  30160 | loss 2.9938 | grad_norm 0.073 | lr x1.000
step  30180 | loss 2.9870 | grad_norm 0.072 | lr x1.000
step  30200 | loss 2.9761 | grad_norm 0.069 | lr x1.000
step  30220 | loss 3.0339 | grad_norm 0.070 | lr x1.000
step  30240 | loss 2.9869 | grad_norm 0.072 | lr x1.000
           val loss 3.3285
step  30260 | loss 3.0245 | grad_norm 0.074 | lr x1.000
step  30280 | loss 2.9367 | grad_norm 0.074 | lr x1.000
step  30300 | loss 2.9329 | grad_norm 0.076 | lr x1.000
step  30320 | loss 2.9511 | grad_norm 0.071 | lr x1.000
step  30340 | loss 2.9774 | grad_norm 0.075 | lr x1.000
step  30360 | loss 2.9661 | grad_norm 0.073 | lr x1.000
step  30380 | loss 2.9387 | grad_norm 0.075 | lr x1.000
step  30400 | loss 3.0077 | grad_norm 0.071 | lr x1.000
step  30420 | loss 2.9825 | grad_norm 0.070 | lr x1.000
step  30440 | loss 2.9757 | grad_norm 0.073 | lr x1.000
step  30460 | loss 2.9671 | grad_norm 0.073 | lr x1.000
step  30480 | loss 2.9793 | grad_norm 0.074 | lr x1.000
step  30500 | loss 3.0045 | grad_norm 0.074 | lr x1.000
           val loss 3.2853
step  30520 | loss 3.0052 | grad_norm 0.071 | lr x1.000
step  30540 | loss 3.0348 | grad_norm 0.077 | lr x1.000
step  30560 | loss 2.9187 | grad_norm 0.072 | lr x1.000
step  30580 | loss 2.9836 | grad_norm 0.076 | lr x1.000
step  30600 | loss 3.0112 | grad_norm 0.073 | lr x1.000
step  30620 | loss 3.0518 | grad_norm 0.076 | lr x1.000
step  30640 | loss 2.9610 | grad_norm 0.074 | lr x1.000
step  30660 | loss 2.9988 | grad_norm 0.073 | lr x1.000
step  30680 | loss 2.9555 | grad_norm 0.070 | lr x1.000
step  30700 | loss 3.0318 | grad_norm 0.076 | lr x1.000
step  30720 | loss 2.9288 | grad_norm 0.070 | lr x1.000
step  30740 | loss 3.0550 | grad_norm 0.073 | lr x1.000
           val loss 3.3040
step  30760 | loss 2.9777 | grad_norm 0.070 | lr x1.000
step  30780 | loss 2.9726 | grad_norm 0.075 | lr x1.000
step  30800 | loss 2.9460 | grad_norm 0.072 | lr x1.000
step  30820 | loss 3.0292 | grad_norm 0.073 | lr x1.000
step  30840 | loss 2.9079 | grad_norm 0.071 | lr x1.000
step  30860 | loss 2.9944 | grad_norm 0.075 | lr x1.000
step  30880 | loss 3.0088 | grad_norm 0.071 | lr x1.000
step  30900 | loss 3.0216 | grad_norm 0.071 | lr x1.000
step  30920 | loss 3.0541 | grad_norm 0.072 | lr x1.000
step  30940 | loss 2.9700 | grad_norm 0.071 | lr x1.000
step  30960 | loss 2.9064 | grad_norm 0.071 | lr x1.000
step  30980 | loss 3.0170 | grad_norm 0.070 | lr x1.000
step  31000 | loss 2.9624 | grad_norm 0.071 | lr x1.000
           val loss 3.2964
step  31020 | loss 2.9877 | grad_norm 0.071 | lr x1.000
step  31040 | loss 3.0113 | grad_norm 0.073 | lr x1.000
step  31060 | loss 2.9953 | grad_norm 0.069 | lr x1.000
step  31080 | loss 2.9905 | grad_norm 0.072 | lr x1.000
step  31100 | loss 3.0434 | grad_norm 0.070 | lr x1.000
step  31120 | loss 2.9219 | grad_norm 0.071 | lr x1.000
step  31140 | loss 2.9664 | grad_norm 0.074 | lr x1.000
step  31160 | loss 2.9525 | grad_norm 0.072 | lr x1.000
step  31180 | loss 2.9792 | grad_norm 0.069 | lr x1.000
step  31200 | loss 2.9586 | grad_norm 0.071 | lr x1.000
step  31220 | loss 2.9710 | grad_norm 0.073 | lr x1.000
step  31240 | loss 2.8965 | grad_norm 0.071 | lr x1.000
           val loss 3.2909
step  31260 | loss 2.9498 | grad_norm 0.070 | lr x1.000
step  31280 | loss 3.0010 | grad_norm 0.069 | lr x1.000
step  31300 | loss 2.9794 | grad_norm 0.068 | lr x1.000
step  31320 | loss 3.0098 | grad_norm 0.071 | lr x1.000
step  31340 | loss 2.9611 | grad_norm 0.078 | lr x1.000
step  31360 | loss 2.9691 | grad_norm 0.071 | lr x1.000
step  31380 | loss 2.9494 | grad_norm 0.071 | lr x1.000
step  31400 | loss 3.0118 | grad_norm 0.069 | lr x1.000
step  31420 | loss 2.9276 | grad_norm 0.070 | lr x1.000
step  31440 | loss 3.0033 | grad_norm 0.074 | lr x1.000
step  31460 | loss 2.9970 | grad_norm 0.072 | lr x1.000
step  31480 | loss 2.9936 | grad_norm 0.073 | lr x1.000
step  31500 | loss 3.0208 | grad_norm 0.069 | lr x1.000
           val loss 3.3267
step  31520 | loss 3.0641 | grad_norm 0.073 | lr x1.000
step  31540 | loss 3.0225 | grad_norm 0.072 | lr x1.000
step  31560 | loss 2.9536 | grad_norm 0.071 | lr x1.000
step  31580 | loss 2.9681 | grad_norm 0.069 | lr x1.000
step  31600 | loss 2.9787 | grad_norm 0.069 | lr x1.000
step  31620 | loss 2.9832 | grad_norm 0.070 | lr x1.000
step  31640 | loss 3.0015 | grad_norm 0.082 | lr x1.000
step  31660 | loss 3.0489 | grad_norm 0.073 | lr x1.000
step  31680 | loss 2.9471 | grad_norm 0.071 | lr x1.000
step  31700 | loss 3.0048 | grad_norm 0.074 | lr x1.000
step  31720 | loss 2.9561 | grad_norm 0.071 | lr x1.000
step  31740 | loss 3.0129 | grad_norm 0.069 | lr x1.000
           val loss 3.2968
step  31760 | loss 3.0144 | grad_norm 0.069 | lr x1.000
step  31780 | loss 2.9948 | grad_norm 0.076 | lr x1.000
step  31800 | loss 2.9064 | grad_norm 0.069 | lr x1.000
step  31820 | loss 2.9524 | grad_norm 0.069 | lr x1.000
step  31840 | loss 3.0071 | grad_norm 0.071 | lr x1.000
step  31860 | loss 2.9475 | grad_norm 0.071 | lr x1.000
step  31880 | loss 2.9788 | grad_norm 0.071 | lr x1.000
step  31900 | loss 2.9065 | grad_norm 0.074 | lr x1.000
step  31920 | loss 3.0127 | grad_norm 0.073 | lr x1.000
step  31940 | loss 2.9715 | grad_norm 0.073 | lr x1.000
step  31960 | loss 2.8865 | grad_norm 0.071 | lr x1.000
step  31980 | loss 3.0313 | grad_norm 0.071 | lr x1.000
step  32000 | loss 2.9511 | grad_norm 0.069 | lr x1.000
           val loss 3.2854
step  32020 | loss 2.9823 | grad_norm 0.069 | lr x1.000
step  32040 | loss 2.9642 | grad_norm 0.071 | lr x1.000
step  32060 | loss 2.9571 | grad_norm 0.072 | lr x1.000
step  32080 | loss 2.9516 | grad_norm 0.071 | lr x1.000
step  32100 | loss 2.9862 | grad_norm 0.069 | lr x1.000
step  32120 | loss 3.0164 | grad_norm 0.071 | lr x1.000
step  32140 | loss 3.0233 | grad_norm 0.073 | lr x1.000
step  32160 | loss 2.9569 | grad_norm 0.071 | lr x1.000
step  32180 | loss 2.9890 | grad_norm 0.074 | lr x1.000
step  32200 | loss 3.0053 | grad_norm 0.072 | lr x1.000
step  32220 | loss 3.0316 | grad_norm 0.071 | lr x1.000
step  32240 | loss 2.8995 | grad_norm 0.073 | lr x1.000
           val loss 3.2677
step  32260 | loss 2.9879 | grad_norm 0.069 | lr x1.000
step  32280 | loss 2.9386 | grad_norm 0.071 | lr x1.000
step  32300 | loss 2.9643 | grad_norm 0.075 | lr x1.000
step  32320 | loss 2.9891 | grad_norm 0.073 | lr x1.000
step  32340 | loss 2.9031 | grad_norm 0.076 | lr x1.000
step  32360 | loss 3.0047 | grad_norm 0.072 | lr x1.000
step  32380 | loss 3.0226 | grad_norm 0.072 | lr x1.000
step  32400 | loss 2.9351 | grad_norm 0.069 | lr x1.000
step  32420 | loss 3.0300 | grad_norm 0.072 | lr x1.000
step  32440 | loss 2.9983 | grad_norm 0.071 | lr x1.000
step  32460 | loss 2.9840 | grad_norm 0.070 | lr x1.000
step  32480 | loss 2.9739 | grad_norm 0.074 | lr x1.000
step  32500 | loss 2.9466 | grad_norm 0.071 | lr x1.000
           val loss 3.2507
step  32520 | loss 2.9973 | grad_norm 0.072 | lr x1.000
step  32540 | loss 2.9980 | grad_norm 0.071 | lr x1.000
step  32560 | loss 2.9461 | grad_norm 0.072 | lr x1.000
step  32580 | loss 2.9629 | grad_norm 0.071 | lr x1.000
step  32600 | loss 2.9748 | grad_norm 0.070 | lr x1.000
step  32620 | loss 2.9728 | grad_norm 0.070 | lr x1.000
step  32640 | loss 2.9663 | grad_norm 0.070 | lr x1.000
step  32660 | loss 2.9468 | grad_norm 0.070 | lr x1.000
step  32680 | loss 2.9732 | grad_norm 0.073 | lr x1.000
step  32700 | loss 2.9418 | grad_norm 0.071 | lr x1.000
step  32720 | loss 2.9758 | grad_norm 0.071 | lr x1.000
step  32740 | loss 2.9889 | grad_norm 0.069 | lr x1.000
           val loss 3.2813
step  32760 | loss 3.0035 | grad_norm 0.073 | lr x1.000
step  32780 | loss 3.0038 | grad_norm 0.071 | lr x1.000
step  32800 | loss 2.9576 | grad_norm 0.073 | lr x1.000
step  32820 | loss 2.9245 | grad_norm 0.069 | lr x1.000
step  32840 | loss 3.0588 | grad_norm 0.072 | lr x1.000
step  32860 | loss 2.9562 | grad_norm 0.072 | lr x1.000
step  32880 | loss 2.9805 | grad_norm 0.070 | lr x1.000
step  32900 | loss 2.9767 | grad_norm 0.072 | lr x1.000
step  32920 | loss 2.9595 | grad_norm 0.070 | lr x1.000
step  32940 | loss 2.9560 | grad_norm 0.074 | lr x1.000
step  32960 | loss 3.0138 | grad_norm 0.071 | lr x1.000
step  32980 | loss 2.9170 | grad_norm 0.072 | lr x1.000
step  33000 | loss 3.0000 | grad_norm 0.072 | lr x1.000
           val loss 3.2970
step  33020 | loss 2.9392 | grad_norm 0.069 | lr x1.000
step  33040 | loss 2.9252 | grad_norm 0.071 | lr x1.000
step  33060 | loss 2.9484 | grad_norm 0.068 | lr x1.000
step  33080 | loss 2.9305 | grad_norm 0.072 | lr x1.000
step  33100 | loss 3.0188 | grad_norm 0.070 | lr x1.000
step  33120 | loss 2.9735 | grad_norm 0.069 | lr x1.000
step  33140 | loss 3.0405 | grad_norm 0.070 | lr x1.000
step  33160 | loss 2.9758 | grad_norm 0.069 | lr x1.000
step  33180 | loss 2.9455 | grad_norm 0.072 | lr x1.000
step  33200 | loss 2.8865 | grad_norm 0.072 | lr x1.000
step  33220 | loss 2.9799 | grad_norm 0.070 | lr x1.000
step  33240 | loss 2.9769 | grad_norm 0.069 | lr x1.000
           val loss 3.2735
step  33260 | loss 2.9752 | grad_norm 0.075 | lr x1.000
step  33280 | loss 2.9619 | grad_norm 0.072 | lr x1.000
step  33300 | loss 3.0176 | grad_norm 0.071 | lr x1.000
step  33320 | loss 2.9845 | grad_norm 0.071 | lr x1.000
step  33340 | loss 2.9877 | grad_norm 0.069 | lr x1.000
step  33360 | loss 2.9975 | grad_norm 0.073 | lr x1.000
step  33380 | loss 2.9934 | grad_norm 0.070 | lr x1.000
step  33400 | loss 2.9578 | grad_norm 0.071 | lr x1.000
step  33420 | loss 2.9524 | grad_norm 0.068 | lr x1.000
step  33440 | loss 3.0225 | grad_norm 0.071 | lr x1.000
step  33460 | loss 3.0179 | grad_norm 0.074 | lr x1.000
step  33480 | loss 2.9347 | grad_norm 0.071 | lr x1.000
step  33500 | loss 2.9357 | grad_norm 0.072 | lr x1.000
           val loss 3.2546
step  33520 | loss 2.9195 | grad_norm 0.071 | lr x1.000
step  33540 | loss 2.9955 | grad_norm 0.071 | lr x1.000
step  33560 | loss 2.9946 | grad_norm 0.071 | lr x1.000
step  33580 | loss 2.9696 | grad_norm 0.068 | lr x1.000
step  33600 | loss 2.8984 | grad_norm 0.069 | lr x1.000
step  33620 | loss 2.9744 | grad_norm 0.068 | lr x1.000
step  33640 | loss 2.9943 | grad_norm 0.071 | lr x1.000
step  33660 | loss 2.9445 | grad_norm 0.074 | lr x1.000
step  33680 | loss 2.9962 | grad_norm 0.072 | lr x1.000
step  33700 | loss 2.9846 | grad_norm 0.070 | lr x1.000
step  33720 | loss 2.9948 | grad_norm 0.070 | lr x1.000
step  33740 | loss 3.0026 | grad_norm 0.068 | lr x1.000
           val loss 3.3048
step  33760 | loss 2.9765 | grad_norm 0.068 | lr x1.000
step  33780 | loss 2.9765 | grad_norm 0.070 | lr x1.000
step  33800 | loss 3.0083 | grad_norm 0.075 | lr x1.000
step  33820 | loss 2.9500 | grad_norm 0.069 | lr x1.000
step  33840 | loss 3.0423 | grad_norm 0.071 | lr x1.000
step  33860 | loss 2.9088 | grad_norm 0.069 | lr x1.000
step  33880 | loss 3.0394 | grad_norm 0.071 | lr x1.000
step  33900 | loss 2.9622 | grad_norm 0.069 | lr x1.000
step  33920 | loss 2.9289 | grad_norm 0.072 | lr x1.000
step  33940 | loss 3.0263 | grad_norm 0.070 | lr x1.000
step  33960 | loss 3.0268 | grad_norm 0.072 | lr x1.000
step  33980 | loss 2.9480 | grad_norm 0.073 | lr x1.000
step  34000 | loss 2.9922 | grad_norm 0.073 | lr x1.000
           val loss 3.3035
step  34020 | loss 2.9345 | grad_norm 0.068 | lr x1.000
step  34040 | loss 2.9507 | grad_norm 0.071 | lr x1.000
step  34060 | loss 2.9309 | grad_norm 0.071 | lr x1.000
step  34080 | loss 2.9205 | grad_norm 0.071 | lr x1.000
step  34100 | loss 2.9460 | grad_norm 0.068 | lr x1.000
step  34120 | loss 2.9591 | grad_norm 0.068 | lr x1.000
step  34140 | loss 3.0520 | grad_norm 0.071 | lr x1.000
step  34160 | loss 3.0338 | grad_norm 0.071 | lr x1.000
step  34180 | loss 2.9997 | grad_norm 0.069 | lr x1.000
step  34200 | loss 2.9995 | grad_norm 0.068 | lr x1.000
step  34220 | loss 2.9819 | grad_norm 0.070 | lr x1.000
step  34240 | loss 3.0137 | grad_norm 0.068 | lr x1.000
           val loss 3.2948
step  34260 | loss 2.8850 | grad_norm 0.073 | lr x1.000
step  34280 | loss 2.9402 | grad_norm 0.070 | lr x1.000
step  34300 | loss 2.9636 | grad_norm 0.070 | lr x1.000
step  34320 | loss 2.9762 | grad_norm 0.069 | lr x1.000
step  34340 | loss 3.0375 | grad_norm 0.069 | lr x1.000
step  34360 | loss 2.9470 | grad_norm 0.069 | lr x1.000
step  34380 | loss 2.9018 | grad_norm 0.070 | lr x1.000
step  34400 | loss 3.0142 | grad_norm 0.071 | lr x1.000
step  34420 | loss 2.9780 | grad_norm 0.073 | lr x1.000
step  34440 | loss 3.0293 | grad_norm 0.070 | lr x1.000
step  34460 | loss 2.9251 | grad_norm 0.071 | lr x1.000
step  34480 | loss 2.9960 | grad_norm 0.072 | lr x1.000
step  34500 | loss 3.0253 | grad_norm 0.071 | lr x1.000
           val loss 3.2869
step  34520 | loss 2.9710 | grad_norm 0.069 | lr x1.000
step  34540 | loss 2.9638 | grad_norm 0.070 | lr x1.000
step  34560 | loss 2.9801 | grad_norm 0.072 | lr x1.000
step  34580 | loss 2.9731 | grad_norm 0.071 | lr x1.000
step  34600 | loss 2.9930 | grad_norm 0.072 | lr x1.000
step  34620 | loss 2.9644 | grad_norm 0.070 | lr x1.000
step  34640 | loss 2.9816 | grad_norm 0.068 | lr x1.000
step  34660 | loss 2.9518 | grad_norm 0.072 | lr x1.000
step  34680 | loss 2.9596 | grad_norm 0.073 | lr x1.000
step  34700 | loss 2.9838 | grad_norm 0.070 | lr x1.000
step  34720 | loss 2.9615 | grad_norm 0.070 | lr x1.000
step  34740 | loss 3.0037 | grad_norm 0.073 | lr x1.000
           val loss 3.3022
step  34760 | loss 2.9320 | grad_norm 0.071 | lr x1.000
step  34780 | loss 3.0135 | grad_norm 0.071 | lr x1.000
step  34800 | loss 2.9729 | grad_norm 0.069 | lr x1.000
step  34820 | loss 2.9430 | grad_norm 0.070 | lr x1.000
step  34840 | loss 2.9712 | grad_norm 0.072 | lr x1.000
step  34860 | loss 2.9550 | grad_norm 0.069 | lr x1.000
step  34880 | loss 2.9725 | grad_norm 0.071 | lr x1.000
step  34900 | loss 2.9813 | grad_norm 0.069 | lr x1.000
step  34920 | loss 3.0127 | grad_norm 0.067 | lr x1.000
step  34940 | loss 3.0306 | grad_norm 0.067 | lr x1.000
step  34960 | loss 2.9841 | grad_norm 0.068 | lr x1.000
step  34980 | loss 2.9479 | grad_norm 0.072 | lr x1.000
step  35000 | loss 2.9172 | grad_norm 0.072 | lr x1.000
           val loss 3.3062
step  35020 | loss 2.9589 | grad_norm 0.068 | lr x1.000
step  35040 | loss 2.9837 | grad_norm 0.067 | lr x1.000
step  35060 | loss 2.9549 | grad_norm 0.073 | lr x1.000
step  35080 | loss 2.9926 | grad_norm 0.071 | lr x1.000
step  35100 | loss 2.9292 | grad_norm 0.070 | lr x1.000
step  35120 | loss 2.9332 | grad_norm 0.068 | lr x1.000
step  35140 | loss 3.0402 | grad_norm 0.070 | lr x1.000
step  35160 | loss 2.9809 | grad_norm 0.069 | lr x1.000
step  35180 | loss 2.9294 | grad_norm 0.069 | lr x1.000
step  35200 | loss 2.9703 | grad_norm 0.072 | lr x1.000
step  35220 | loss 2.9603 | grad_norm 0.070 | lr x1.000
step  35240 | loss 2.9603 | grad_norm 0.066 | lr x1.000
           val loss 3.2716
step  35260 | loss 2.9852 | grad_norm 0.069 | lr x1.000
step  35280 | loss 2.9868 | grad_norm 0.069 | lr x1.000
step  35300 | loss 2.9280 | grad_norm 0.071 | lr x1.000
step  35320 | loss 2.9933 | grad_norm 0.070 | lr x1.000
step  35340 | loss 2.9858 | grad_norm 0.071 | lr x1.000
step  35360 | loss 3.0316 | grad_norm 0.071 | lr x1.000
step  35380 | loss 2.9396 | grad_norm 0.070 | lr x1.000
step  35400 | loss 2.9813 | grad_norm 0.069 | lr x1.000
step  35420 | loss 2.9765 | grad_norm 0.068 | lr x1.000
step  35440 | loss 2.9994 | grad_norm 0.072 | lr x1.000
step  35460 | loss 2.9687 | grad_norm 0.069 | lr x1.000
step  35480 | loss 2.9321 | grad_norm 0.068 | lr x1.000
step  35500 | loss 2.9281 | grad_norm 0.067 | lr x1.000
           val loss 3.2940
step  35520 | loss 2.9617 | grad_norm 0.068 | lr x1.000
step  35540 | loss 3.0249 | grad_norm 0.069 | lr x1.000
step  35560 | loss 2.9728 | grad_norm 0.067 | lr x1.000
step  35580 | loss 2.9794 | grad_norm 0.071 | lr x1.000
step  35600 | loss 2.9796 | grad_norm 0.071 | lr x1.000
step  35620 | loss 2.9075 | grad_norm 0.070 | lr x1.000
step  35640 | loss 2.9484 | grad_norm 0.067 | lr x1.000
step  35660 | loss 2.9596 | grad_norm 0.069 | lr x1.000
step  35680 | loss 2.9795 | grad_norm 0.067 | lr x1.000
step  35700 | loss 3.0183 | grad_norm 0.071 | lr x1.000
step  35720 | loss 2.9476 | grad_norm 0.072 | lr x1.000
step  35740 | loss 2.9466 | grad_norm 0.067 | lr x1.000
           val loss 3.3005
step  35760 | loss 2.9683 | grad_norm 0.071 | lr x1.000
step  35780 | loss 2.9713 | grad_norm 0.068 | lr x1.000
step  35800 | loss 3.0006 | grad_norm 0.069 | lr x1.000
step  35820 | loss 2.9458 | grad_norm 0.072 | lr x1.000
step  35840 | loss 2.9550 | grad_norm 0.070 | lr x1.000
step  35860 | loss 3.0023 | grad_norm 0.073 | lr x1.000
step  35880 | loss 3.0073 | grad_norm 0.069 | lr x1.000
step  35900 | loss 3.0020 | grad_norm 0.068 | lr x1.000
step  35920 | loss 3.0270 | grad_norm 0.071 | lr x1.000
step  35940 | loss 2.9429 | grad_norm 0.068 | lr x1.000
step  35960 | loss 2.9797 | grad_norm 0.071 | lr x1.000
step  35980 | loss 3.0180 | grad_norm 0.069 | lr x1.000
step  36000 | loss 2.9267 | grad_norm 0.071 | lr x1.000
           val loss 3.2775
step  36020 | loss 2.9997 | grad_norm 0.070 | lr x1.000
step  36040 | loss 2.9657 | grad_norm 0.066 | lr x1.000
step  36060 | loss 3.0380 | grad_norm 0.071 | lr x1.000
step  36080 | loss 2.9811 | grad_norm 0.069 | lr x1.000
step  36100 | loss 2.9774 | grad_norm 0.069 | lr x1.000
step  36120 | loss 2.9128 | grad_norm 0.071 | lr x1.000
step  36140 | loss 3.0063 | grad_norm 0.073 | lr x1.000
step  36160 | loss 2.9427 | grad_norm 0.068 | lr x1.000
step  36180 | loss 2.9742 | grad_norm 0.067 | lr x1.000
step  36200 | loss 2.9218 | grad_norm 0.070 | lr x1.000
step  36220 | loss 2.9876 | grad_norm 0.070 | lr x1.000
step  36240 | loss 3.0373 | grad_norm 0.071 | lr x1.000
           val loss 3.2865
step  36260 | loss 3.0002 | grad_norm 0.070 | lr x1.000
step  36280 | loss 2.9188 | grad_norm 0.068 | lr x1.000
step  36300 | loss 2.9987 | grad_norm 0.070 | lr x1.000
step  36320 | loss 2.9811 | grad_norm 0.069 | lr x1.000
step  36340 | loss 3.0299 | grad_norm 0.068 | lr x1.000
step  36360 | loss 3.0250 | grad_norm 0.069 | lr x1.000
step  36380 | loss 2.9693 | grad_norm 0.067 | lr x1.000
step  36400 | loss 3.0484 | grad_norm 0.068 | lr x1.000
step  36420 | loss 3.0016 | grad_norm 0.068 | lr x1.000
step  36440 | loss 2.9374 | grad_norm 0.069 | lr x1.000
step  36460 | loss 2.9527 | grad_norm 0.071 | lr x1.000
step  36480 | loss 2.9707 | grad_norm 0.069 | lr x1.000
step  36500 | loss 2.9960 | grad_norm 0.069 | lr x1.000
           val loss 3.3346
step  36520 | loss 2.9661 | grad_norm 0.074 | lr x1.000
step  36540 | loss 2.9342 | grad_norm 0.070 | lr x1.000
step  36560 | loss 2.9163 | grad_norm 0.071 | lr x1.000
step  36580 | loss 2.9807 | grad_norm 0.068 | lr x1.000
step  36600 | loss 2.9623 | grad_norm 0.068 | lr x1.000
step  36620 | loss 2.9844 | grad_norm 0.070 | lr x1.000
step  36640 | loss 2.9910 | grad_norm 0.070 | lr x1.000
step  36660 | loss 2.9254 | grad_norm 0.069 | lr x1.000
step  36680 | loss 2.9584 | grad_norm 0.068 | lr x1.000
step  36700 | loss 2.9580 | grad_norm 0.069 | lr x1.000
step  36720 | loss 2.9390 | grad_norm 0.068 | lr x1.000
step  36740 | loss 3.0058 | grad_norm 0.069 | lr x1.000
           val loss 3.2753
step  36760 | loss 2.9367 | grad_norm 0.068 | lr x1.000
step  36780 | loss 2.9504 | grad_norm 0.067 | lr x1.000
step  36800 | loss 2.9974 | grad_norm 0.069 | lr x1.000
step  36820 | loss 2.9229 | grad_norm 0.069 | lr x1.000
step  36840 | loss 3.0110 | grad_norm 0.071 | lr x1.000
step  36860 | loss 2.9770 | grad_norm 0.069 | lr x1.000
step  36880 | loss 2.9748 | grad_norm 0.069 | lr x1.000
step  36900 | loss 2.9586 | grad_norm 0.067 | lr x1.000
step  36920 | loss 2.9692 | grad_norm 0.069 | lr x1.000
step  36940 | loss 2.9216 | grad_norm 0.068 | lr x1.000
step  36960 | loss 2.9587 | grad_norm 0.068 | lr x1.000
step  36980 | loss 2.9398 | grad_norm 0.071 | lr x1.000
step  37000 | loss 3.0295 | grad_norm 0.070 | lr x1.000
           val loss 3.2868
step  37020 | loss 2.9452 | grad_norm 0.067 | lr x1.000
step  37040 | loss 3.0156 | grad_norm 0.072 | lr x1.000
step  37060 | loss 2.9556 | grad_norm 0.077 | lr x1.000
step  37080 | loss 2.9371 | grad_norm 0.070 | lr x1.000
step  37100 | loss 2.9416 | grad_norm 0.068 | lr x1.000
step  37120 | loss 2.9537 | grad_norm 0.068 | lr x0.996
step  37140 | loss 2.9546 | grad_norm 0.070 | lr x0.992
step  37160 | loss 3.0386 | grad_norm 0.070 | lr x0.988
step  37180 | loss 3.0088 | grad_norm 0.066 | lr x0.983
step  37200 | loss 2.9622 | grad_norm 0.068 | lr x0.979
step  37220 | loss 3.0007 | grad_norm 0.068 | lr x0.974
step  37240 | loss 2.9691 | grad_norm 0.071 | lr x0.970
           val loss 3.3178
step  37260 | loss 2.9729 | grad_norm 0.069 | lr x0.966
step  37280 | loss 2.9559 | grad_norm 0.067 | lr x0.961
step  37300 | loss 3.0133 | grad_norm 0.069 | lr x0.957
step  37320 | loss 2.9409 | grad_norm 0.067 | lr x0.953
step  37340 | loss 2.9360 | grad_norm 0.072 | lr x0.948
step  37360 | loss 2.9883 | grad_norm 0.070 | lr x0.944
step  37380 | loss 2.9972 | grad_norm 0.067 | lr x0.940
step  37400 | loss 2.9801 | grad_norm 0.069 | lr x0.935
step  37420 | loss 2.9267 | grad_norm 0.068 | lr x0.931
step  37440 | loss 3.0110 | grad_norm 0.068 | lr x0.926
step  37460 | loss 3.0335 | grad_norm 0.069 | lr x0.922
step  37480 | loss 2.9713 | grad_norm 0.072 | lr x0.918
step  37500 | loss 2.9696 | grad_norm 0.068 | lr x0.913
           val loss 3.2833
step  37520 | loss 2.9660 | grad_norm 0.068 | lr x0.909
step  37540 | loss 3.0057 | grad_norm 0.067 | lr x0.905
step  37560 | loss 2.9223 | grad_norm 0.068 | lr x0.900
step  37580 | loss 2.9630 | grad_norm 0.068 | lr x0.896
step  37600 | loss 3.0141 | grad_norm 0.070 | lr x0.891
step  37620 | loss 2.9698 | grad_norm 0.067 | lr x0.887
step  37640 | loss 2.9866 | grad_norm 0.067 | lr x0.883
step  37660 | loss 3.0108 | grad_norm 0.067 | lr x0.878
step  37680 | loss 2.9748 | grad_norm 0.071 | lr x0.874
step  37700 | loss 2.8830 | grad_norm 0.065 | lr x0.870
step  37720 | loss 2.9882 | grad_norm 0.067 | lr x0.865
step  37740 | loss 2.9556 | grad_norm 0.067 | lr x0.861
           val loss 3.2808
step  37760 | loss 2.9635 | grad_norm 0.071 | lr x0.857
step  37780 | loss 2.9977 | grad_norm 0.067 | lr x0.852
step  37800 | loss 2.9923 | grad_norm 0.070 | lr x0.848
step  37820 | loss 2.9103 | grad_norm 0.065 | lr x0.843
step  37840 | loss 2.9705 | grad_norm 0.067 | lr x0.839
step  37860 | loss 2.9464 | grad_norm 0.067 | lr x0.835
step  37880 | loss 2.9697 | grad_norm 0.065 | lr x0.830
step  37900 | loss 2.9479 | grad_norm 0.069 | lr x0.826
step  37920 | loss 2.9451 | grad_norm 0.066 | lr x0.822
step  37940 | loss 2.9578 | grad_norm 0.069 | lr x0.817
step  37960 | loss 2.9493 | grad_norm 0.068 | lr x0.813
step  37980 | loss 2.9382 | grad_norm 0.071 | lr x0.809
step  38000 | loss 2.9764 | grad_norm 0.068 | lr x0.804
           val loss 3.2970
step  38020 | loss 2.9542 | grad_norm 0.066 | lr x0.800
step  38040 | loss 2.9470 | grad_norm 0.070 | lr x0.795
step  38060 | loss 2.9325 | grad_norm 0.067 | lr x0.791
step  38080 | loss 2.9773 | grad_norm 0.067 | lr x0.787
step  38100 | loss 2.9254 | grad_norm 0.065 | lr x0.782
step  38120 | loss 2.9958 | grad_norm 0.069 | lr x0.778
step  38140 | loss 2.9983 | grad_norm 0.067 | lr x0.774
step  38160 | loss 2.9089 | grad_norm 0.067 | lr x0.769
step  38180 | loss 2.9439 | grad_norm 0.069 | lr x0.765
step  38200 | loss 2.9315 | grad_norm 0.067 | lr x0.760
step  38220 | loss 3.0003 | grad_norm 0.068 | lr x0.756
step  38240 | loss 2.9222 | grad_norm 0.066 | lr x0.752
           val loss 3.2793
step  38260 | loss 2.9713 | grad_norm 0.067 | lr x0.747
step  38280 | loss 2.9361 | grad_norm 0.070 | lr x0.743
step  38300 | loss 2.9821 | grad_norm 0.070 | lr x0.739
step  38320 | loss 2.9471 | grad_norm 0.068 | lr x0.734
step  38340 | loss 2.9161 | grad_norm 0.068 | lr x0.730
step  38360 | loss 2.9618 | grad_norm 0.069 | lr x0.726
step  38380 | loss 2.9496 | grad_norm 0.067 | lr x0.721
step  38400 | loss 2.9547 | grad_norm 0.066 | lr x0.717
step  38420 | loss 2.9428 | grad_norm 0.068 | lr x0.712
step  38440 | loss 3.0095 | grad_norm 0.067 | lr x0.708
step  38460 | loss 2.9657 | grad_norm 0.067 | lr x0.704
step  38480 | loss 2.9653 | grad_norm 0.067 | lr x0.699
step  38500 | loss 2.9700 | grad_norm 0.069 | lr x0.695
           val loss 3.2838
step  38520 | loss 2.9264 | grad_norm 0.067 | lr x0.691
step  38540 | loss 2.9569 | grad_norm 0.069 | lr x0.686
step  38560 | loss 2.9825 | grad_norm 0.067 | lr x0.682
step  38580 | loss 2.9500 | grad_norm 0.068 | lr x0.678
step  38600 | loss 2.9150 | grad_norm 0.066 | lr x0.673
step  38620 | loss 2.9921 | grad_norm 0.069 | lr x0.669
step  38640 | loss 2.9583 | grad_norm 0.066 | lr x0.664
step  38660 | loss 2.9669 | grad_norm 0.069 | lr x0.660
step  38680 | loss 2.9610 | grad_norm 0.067 | lr x0.656
step  38700 | loss 2.9158 | grad_norm 0.068 | lr x0.651
step  38720 | loss 2.9423 | grad_norm 0.068 | lr x0.647
step  38740 | loss 2.9409 | grad_norm 0.068 | lr x0.643
           val loss 3.2491
step  38760 | loss 2.9566 | grad_norm 0.067 | lr x0.638
step  38780 | loss 2.9584 | grad_norm 0.066 | lr x0.634
step  38800 | loss 3.0083 | grad_norm 0.065 | lr x0.629
step  38820 | loss 2.9506 | grad_norm 0.066 | lr x0.625
step  38840 | loss 2.9170 | grad_norm 0.065 | lr x0.621
step  38860 | loss 2.9247 | grad_norm 0.068 | lr x0.616
step  38880 | loss 2.9068 | grad_norm 0.067 | lr x0.612
step  38900 | loss 2.9587 | grad_norm 0.067 | lr x0.608
step  38920 | loss 2.9807 | grad_norm 0.066 | lr x0.603
step  38940 | loss 2.9281 | grad_norm 0.066 | lr x0.599
step  38960 | loss 2.9591 | grad_norm 0.070 | lr x0.595
step  38980 | loss 2.9585 | grad_norm 0.066 | lr x0.590
step  39000 | loss 2.9580 | grad_norm 0.066 | lr x0.586
           val loss 3.2565
step  39020 | loss 2.9077 | grad_norm 0.066 | lr x0.581
step  39040 | loss 2.9313 | grad_norm 0.068 | lr x0.577
step  39060 | loss 2.9094 | grad_norm 0.073 | lr x0.573
step  39080 | loss 2.9422 | grad_norm 0.071 | lr x0.568
step  39100 | loss 2.9680 | grad_norm 0.066 | lr x0.564
step  39120 | loss 2.9219 | grad_norm 0.067 | lr x0.560
step  39140 | loss 2.9343 | grad_norm 0.067 | lr x0.555
step  39160 | loss 3.0219 | grad_norm 0.065 | lr x0.551
step  39180 | loss 2.8873 | grad_norm 0.067 | lr x0.547
step  39200 | loss 2.8953 | grad_norm 0.066 | lr x0.542
step  39220 | loss 2.9369 | grad_norm 0.066 | lr x0.538
step  39240 | loss 2.8933 | grad_norm 0.067 | lr x0.533
           val loss 3.3052
step  39260 | loss 2.9447 | grad_norm 0.065 | lr x0.529
step  39280 | loss 2.9722 | grad_norm 0.067 | lr x0.525
step  39300 | loss 2.9361 | grad_norm 0.068 | lr x0.520
step  39320 | loss 2.9246 | grad_norm 0.066 | lr x0.516
step  39340 | loss 2.9151 | grad_norm 0.067 | lr x0.512
step  39360 | loss 3.0055 | grad_norm 0.066 | lr x0.507
step  39380 | loss 2.9361 | grad_norm 0.067 | lr x0.503
step  39400 | loss 2.9140 | grad_norm 0.066 | lr x0.498
step  39420 | loss 2.9356 | grad_norm 0.067 | lr x0.494
step  39440 | loss 2.9675 | grad_norm 0.066 | lr x0.490
step  39460 | loss 2.9173 | grad_norm 0.066 | lr x0.485
step  39480 | loss 2.9112 | grad_norm 0.068 | lr x0.481
step  39500 | loss 3.0231 | grad_norm 0.067 | lr x0.477
           val loss 3.2656
step  39520 | loss 2.9618 | grad_norm 0.068 | lr x0.472
step  39540 | loss 2.9837 | grad_norm 0.066 | lr x0.468
step  39560 | loss 2.9737 | grad_norm 0.067 | lr x0.464
step  39580 | loss 2.9580 | grad_norm 0.067 | lr x0.459
step  39600 | loss 2.9288 | grad_norm 0.068 | lr x0.455
step  39620 | loss 2.8738 | grad_norm 0.064 | lr x0.450
step  39640 | loss 2.9272 | grad_norm 0.065 | lr x0.446
step  39660 | loss 2.8791 | grad_norm 0.065 | lr x0.442
step  39680 | loss 2.9882 | grad_norm 0.068 | lr x0.437
step  39700 | loss 2.8480 | grad_norm 0.069 | lr x0.433
step  39720 | loss 2.8788 | grad_norm 0.068 | lr x0.429
step  39740 | loss 2.8870 | grad_norm 0.065 | lr x0.424
           val loss 3.2566
step  39760 | loss 2.9545 | grad_norm 0.067 | lr x0.420
step  39780 | loss 2.9050 | grad_norm 0.068 | lr x0.416
step  39800 | loss 2.9318 | grad_norm 0.068 | lr x0.411
step  39820 | loss 2.8742 | grad_norm 0.067 | lr x0.407
step  39840 | loss 2.9505 | grad_norm 0.068 | lr x0.402
step  39860 | loss 2.9110 | grad_norm 0.066 | lr x0.398
step  39880 | loss 2.8838 | grad_norm 0.066 | lr x0.394
step  39900 | loss 2.9463 | grad_norm 0.067 | lr x0.389
step  39920 | loss 2.8692 | grad_norm 0.066 | lr x0.385
step  39940 | loss 2.9331 | grad_norm 0.065 | lr x0.381
step  39960 | loss 2.9317 | grad_norm 0.065 | lr x0.376
step  39980 | loss 2.8856 | grad_norm 0.067 | lr x0.372
step  40000 | loss 2.9195 | grad_norm 0.067 | lr x0.367
           val loss 3.2565
step  40020 | loss 2.9289 | grad_norm 0.067 | lr x0.363
step  40040 | loss 2.9260 | grad_norm 0.065 | lr x0.359
step  40060 | loss 2.9342 | grad_norm 0.067 | lr x0.354
step  40080 | loss 2.9327 | grad_norm 0.067 | lr x0.350
step  40100 | loss 2.9194 | grad_norm 0.066 | lr x0.346
step  40120 | loss 2.9246 | grad_norm 0.067 | lr x0.341
step  40140 | loss 2.9500 | grad_norm 0.066 | lr x0.337
step  40160 | loss 2.9235 | grad_norm 0.066 | lr x0.333
step  40180 | loss 2.9220 | grad_norm 0.066 | lr x0.328
step  40200 | loss 2.9291 | grad_norm 0.067 | lr x0.324
step  40220 | loss 2.8968 | grad_norm 0.066 | lr x0.319
step  40240 | loss 2.9501 | grad_norm 0.065 | lr x0.315
           val loss 3.2060
step  40260 | loss 2.9445 | grad_norm 0.067 | lr x0.311
step  40280 | loss 2.8987 | grad_norm 0.066 | lr x0.306
step  40300 | loss 2.8991 | grad_norm 0.066 | lr x0.302
step  40320 | loss 2.8727 | grad_norm 0.066 | lr x0.298
step  40340 | loss 2.9141 | grad_norm 0.066 | lr x0.293
step  40360 | loss 2.9144 | grad_norm 0.067 | lr x0.289
step  40380 | loss 2.9601 | grad_norm 0.068 | lr x0.284
step  40400 | loss 2.9527 | grad_norm 0.066 | lr x0.280
step  40420 | loss 2.9766 | grad_norm 0.065 | lr x0.276
step  40440 | loss 2.9451 | grad_norm 0.068 | lr x0.271
step  40460 | loss 2.8807 | grad_norm 0.067 | lr x0.267
step  40480 | loss 2.8991 | grad_norm 0.067 | lr x0.263
step  40500 | loss 2.8661 | grad_norm 0.067 | lr x0.258
           val loss 3.2179
step  40520 | loss 2.9079 | grad_norm 0.065 | lr x0.254
step  40540 | loss 2.8356 | grad_norm 0.066 | lr x0.250
step  40560 | loss 2.9548 | grad_norm 0.066 | lr x0.245
step  40580 | loss 2.8756 | grad_norm 0.065 | lr x0.241
step  40600 | loss 2.8651 | grad_norm 0.068 | lr x0.236
step  40620 | loss 2.8719 | grad_norm 0.065 | lr x0.232
step  40640 | loss 2.9281 | grad_norm 0.066 | lr x0.228
step  40660 | loss 2.8821 | grad_norm 0.066 | lr x0.223
step  40680 | loss 2.8898 | grad_norm 0.065 | lr x0.219
step  40700 | loss 2.9167 | grad_norm 0.065 | lr x0.215
step  40720 | loss 2.8850 | grad_norm 0.066 | lr x0.210
step  40740 | loss 2.9689 | grad_norm 0.066 | lr x0.206
           val loss 3.2616
step  40760 | loss 2.8695 | grad_norm 0.064 | lr x0.202
step  40780 | loss 2.9316 | grad_norm 0.067 | lr x0.197
step  40800 | loss 2.8736 | grad_norm 0.065 | lr x0.193
step  40820 | loss 2.9380 | grad_norm 0.067 | lr x0.188
step  40840 | loss 2.9254 | grad_norm 0.067 | lr x0.184
step  40860 | loss 2.9275 | grad_norm 0.065 | lr x0.180
step  40880 | loss 2.9193 | grad_norm 0.065 | lr x0.175
step  40900 | loss 2.9769 | grad_norm 0.067 | lr x0.171
step  40920 | loss 2.8647 | grad_norm 0.065 | lr x0.167
step  40940 | loss 2.9260 | grad_norm 0.066 | lr x0.162
step  40960 | loss 2.9064 | grad_norm 0.067 | lr x0.158
step  40980 | loss 2.8427 | grad_norm 0.066 | lr x0.153
step  41000 | loss 2.9043 | grad_norm 0.065 | lr x0.149
           val loss 3.2213
step  41020 | loss 2.8715 | grad_norm 0.065 | lr x0.145
step  41040 | loss 2.9289 | grad_norm 0.066 | lr x0.140
step  41060 | loss 2.8706 | grad_norm 0.066 | lr x0.136
step  41080 | loss 2.8826 | grad_norm 0.065 | lr x0.132
step  41100 | loss 2.8869 | grad_norm 0.065 | lr x0.127
step  41120 | loss 2.8894 | grad_norm 0.065 | lr x0.123
step  41140 | loss 2.9485 | grad_norm 0.066 | lr x0.119
step  41160 | loss 2.8864 | grad_norm 0.066 | lr x0.114
step  41180 | loss 2.8594 | grad_norm 0.065 | lr x0.110
step  41200 | loss 2.9203 | grad_norm 0.068 | lr x0.105
step  41220 | loss 2.9233 | grad_norm 0.065 | lr x0.101
Done.
[W728 23:05:41.223649000 AllocatorConfig.cpp:28] Warning: PYTORCH_CUDA_ALLOC_CONF is deprecated, use PYTORCH_ALLOC_CONF instead (function operator())
