step,tokens,elapsed_s,unix_ts,loss,grad_norm,lr_mult,tok_s
0,0,43.9,1785985377.1,9.1706,7.949,0.0003,0
20,5242880,113.3,1785985446.4,9.0578,8.103,0.0070,75627
40,10485760,159.9,1785985493.1,8.7755,6.463,0.0137,112364
60,15728640,206.8,1785985539.9,8.4236,4.160,0.0203,111964
80,20971520,253.7,1785985586.9,8.1210,2.041,0.0270,111662
100,26214400,300.7,1785985633.8,7.9028,1.175,0.0337,111675
120,31457280,347.6,1785985680.8,7.7204,1.064,0.0403,111588
140,36700160,394.6,1785985727.8,7.5284,1.654,0.0470,111628
160,41943040,441.7,1785985774.9,7.3172,2.344,0.0537,111258
180,47185920,488.8,1785985821.9,7.0824,3.134,0.0603,111462
200,52428800,535.9,1785985869.0,6.8349,2.680,0.0670,111311
220,57671680,583.0,1785985916.1,6.5941,3.325,0.0737,111307
240,62914560,629.9,1785985963.1,6.4145,3.056,0.0803,111623
260,68157440,683.2,1785986016.4,6.2644,3.354,0.0870,98361
280,73400320,730.2,1785986063.4,6.0790,4.053,0.0937,111604
300,78643200,777.3,1785986110.4,5.9116,4.154,0.1003,111421
320,83886080,824.3,1785986157.5,5.7732,3.874,0.1070,111434
340,89128960,871.4,1785986204.6,5.6809,5.115,0.1137,111284
360,94371840,918.6,1785986251.7,5.5442,4.960,0.1203,111259
380,99614720,965.6,1785986298.8,5.4423,5.526,0.1270,111413
400,104857600,1012.6,1785986345.8,5.2686,4.444,0.1337,111581
420,110100480,1059.6,1785986392.8,5.1782,4.452,0.1403,111580
440,115343360,1107.2,1785986440.3,5.0629,3.460,0.1470,110245
460,120586240,1154.1,1785986487.3,5.0273,3.693,0.1537,111588
480,125829120,1201.2,1785986534.3,4.9143,3.357,0.1603,111507
500,131072000,1248.3,1785986581.5,4.8617,3.029,0.1670,111250
520,136314880,1301.6,1785986634.8,4.8345,3.304,0.1737,98337
540,141557760,1348.6,1785986681.7,4.7564,2.610,0.1803,111648
560,146800640,1395.5,1785986728.6,4.6589,2.087,0.1870,111742
580,152043520,1442.5,1785986775.7,4.5770,2.288,0.1937,111472
600,157286400,1489.5,1785986822.7,4.5858,2.153,0.2003,111468
620,162529280,1536.5,1785986869.7,4.5024,1.784,0.2070,111602
640,167772160,1583.5,1785986916.7,4.4549,1.927,0.2137,111544
660,173015040,1630.6,1785986963.7,4.4738,1.619,0.2203,111457
680,178257920,1677.5,1785987010.7,4.4351,1.776,0.2270,111598
700,183500800,1724.5,1785987057.7,4.3624,1.405,0.2337,111558
720,188743680,1771.5,1785987104.6,4.3782,1.379,0.2403,111719
740,193986560,1818.5,1785987151.7,4.3522,1.449,0.2470,111518
760,199229440,1870.9,1785987204.1,4.3207,1.359,0.2537,100039
780,204472320,1917.9,1785987251.1,4.2486,1.254,0.2603,111442
800,209715200,1964.9,1785987298.1,4.1884,1.302,0.2670,111686
820,214958080,2011.8,1785987345.0,4.2992,1.076,0.2737,111763
840,220200960,2058.7,1785987391.9,4.2082,1.235,0.2803,111667
860,225443840,2105.9,1785987439.0,4.1949,1.010,0.2870,111237
880,230686720,2152.9,1785987486.1,4.1510,1.022,0.2937,111396
900,235929600,2200.0,1785987533.2,4.0903,0.911,0.3003,111405
920,241172480,2246.9,1785987580.1,4.1053,1.028,0.3070,111718
940,246415360,2293.9,1785987627.1,4.1036,0.961,0.3137,111623
960,251658240,2340.9,1785987674.1,4.0450,1.000,0.3203,111535
980,256901120,2387.8,1785987721.0,4.0472,0.774,0.3270,111693
1000,262144000,2434.8,1785987768.0,4.0031,0.804,0.3337,111703
1020,267386880,2487.6,1785987820.8,4.0405,0.843,0.3403,99290
1040,272629760,2534.6,1785987867.8,3.9907,0.800,0.3470,111427
1060,277872640,2581.7,1785987914.8,3.9522,0.678,0.3537,111504
1080,283115520,2628.7,1785987961.9,4.0063,0.738,0.3603,111455
1100,288358400,2675.7,1785988008.9,3.9932,0.680,0.3670,111485
1120,293601280,2722.8,1785988055.9,3.9083,0.709,0.3737,111446
1140,298844160,2769.8,1785988103.0,3.9616,0.679,0.3803,111514
1160,304087040,2816.8,1785988150.0,3.9069,0.612,0.3870,111457
1180,309329920,2863.9,1785988197.0,3.8647,0.630,0.3937,111479
1200,314572800,2910.8,1785988244.0,3.9225,0.574,0.4003,111603
1220,319815680,2957.9,1785988291.1,3.8346,0.601,0.4070,111358
1240,325058560,3005.0,1785988338.2,3.8859,0.599,0.4137,111356
1260,330301440,3058.5,1785988391.7,3.8551,0.586,0.4203,97910
1280,335544320,3105.7,1785988438.9,3.8442,0.539,0.4270,111225
1300,340787200,3152.7,1785988485.8,3.8241,0.523,0.4337,111594
1320,346030080,3199.7,1785988532.8,3.7888,0.514,0.4403,111529
1340,351272960,3246.7,1785988579.9,3.8014,0.458,0.4470,111416
1360,356515840,3293.7,1785988626.9,3.8155,0.487,0.4537,111537
1380,361758720,3340.8,1785988674.0,3.7903,0.447,0.4603,111405
1400,367001600,3387.9,1785988721.1,3.7354,0.456,0.4670,111314
1420,372244480,3434.9,1785988768.1,3.8029,0.479,0.4737,111493
1440,377487360,3482.0,1785988815.2,3.7725,0.477,0.4803,111380
1460,382730240,3529.0,1785988862.2,3.7938,0.442,0.4870,111565
1480,387973120,3576.0,1785988909.2,3.6717,0.384,0.4937,111413
1500,393216000,3623.1,1785988956.2,3.7021,0.428,0.5003,111531
1520,398458880,3676.6,1785989009.8,3.8034,0.383,0.5070,97878
1540,403701760,3723.6,1785989056.7,3.7431,0.467,0.5137,111656
1560,408944640,3770.5,1785989103.6,3.6770,0.430,0.5203,111815
1580,414187520,3817.4,1785989150.6,3.7369,0.391,0.5270,111657
1600,419430400,3864.4,1785989197.6,3.7289,0.353,0.5337,111550
1620,424673280,3911.4,1785989244.5,3.6655,0.387,0.5403,111705
1640,429916160,3958.4,1785989291.6,3.7570,0.355,0.5470,111447
1660,435159040,4005.3,1785989338.5,3.6448,0.378,0.5537,111695
1680,440401920,4052.3,1785989385.5,3.6921,0.371,0.5603,111658
1700,445644800,4099.5,1785989432.7,3.6563,0.360,0.5670,111058
1720,450887680,4146.5,1785989479.7,3.6930,0.357,0.5737,111564
1740,456130560,4193.5,1785989526.7,3.7167,0.345,0.5803,111544
1760,461373440,4246.0,1785989579.2,3.5978,0.307,0.5870,99816
1780,466616320,4293.0,1785989626.2,3.6549,0.351,0.5937,111595
1800,471859200,4340.1,1785989673.3,3.6584,0.348,0.6003,111284
1820,477102080,4387.2,1785989720.3,3.6037,0.309,0.6070,111449
1840,482344960,4434.2,1785989767.3,3.6322,0.361,0.6137,111528
1860,487587840,4481.2,1785989814.3,3.6440,0.289,0.6203,111580
1880,492830720,4528.1,1785989861.3,3.6410,0.371,0.6270,111673
1900,498073600,4575.1,1785989908.3,3.6390,0.311,0.6337,111452
1920,503316480,4622.1,1785989955.3,3.6181,0.282,0.6403,111642
1940,508559360,4669.2,1785990002.3,3.6078,0.295,0.6470,111410
1960,513802240,4716.2,1785990049.4,3.5814,0.290,0.6537,111518
1980,519045120,4763.2,1785990096.4,3.6007,0.297,0.6603,111436
2000,524288000,4810.3,1785990143.4,3.5770,0.304,0.6670,111441
2020,529530880,4863.7,1785990196.9,3.6100,0.308,0.6737,98142
2040,534773760,4910.7,1785990243.9,3.5744,0.266,0.6803,111573
2060,540016640,4957.7,1785990290.8,3.6081,0.269,0.6870,111614
2080,545259520,5004.6,1785990337.7,3.5982,0.247,0.6937,111788
2100,550502400,5051.5,1785990384.7,3.6386,0.286,0.7003,111622
2120,555745280,5098.7,1785990431.9,3.6208,0.266,0.7070,111041
2140,560988160,5145.8,1785990479.0,3.5547,0.270,0.7137,111456
2160,566231040,5192.9,1785990526.0,3.4850,0.275,0.7203,111371
2180,571473920,5240.0,1785990573.1,3.5968,0.234,0.7270,111337
2200,576716800,5287.0,1785990620.2,3.5664,0.274,0.7337,111388
2220,581959680,5334.2,1785990667.3,3.5819,0.253,0.7403,111199
2240,587202560,5381.3,1785990714.4,3.5683,0.265,0.7470,111333
2260,592445440,5434.5,1785990767.7,3.5335,0.256,0.7537,98433
2280,597688320,5481.6,1785990814.7,3.5268,0.245,0.7603,111439
2300,602931200,5528.7,1785990861.8,3.5912,0.246,0.7670,111297
2320,608174080,5575.8,1785990908.9,3.5361,0.234,0.7737,111354
2340,613416960,5622.8,1785990955.9,3.4991,0.242,0.7803,111529
2360,618659840,5669.8,1785991003.0,3.5536,0.230,0.7870,111499
2380,623902720,5716.8,1785991049.9,3.5530,0.261,0.7937,111606
2400,629145600,5763.8,1785991096.9,3.4778,0.226,0.8003,111554
2420,634388480,5810.9,1785991144.1,3.5171,0.217,0.8070,111266
2440,639631360,5857.9,1785991191.1,3.4896,0.222,0.8137,111412
2460,644874240,5905.1,1785991238.2,3.4986,0.226,0.8203,111281
2480,650117120,5952.1,1785991285.3,3.4940,0.207,0.8270,111448
2500,655360000,5999.2,1785991332.4,3.5677,0.207,0.8337,111228
2520,660602880,6052.2,1785991385.4,3.4911,0.217,0.8403,99020
2540,665845760,6099.3,1785991432.5,3.5662,0.198,0.8470,111231
2560,671088640,6146.5,1785991479.6,3.5140,0.249,0.8537,111202
2580,676331520,6193.6,1785991526.8,3.5064,0.672,0.8603,111156
2600,681574400,6240.7,1785991573.9,3.5206,0.234,0.8670,111375
2620,686817280,6287.8,1785991621.0,3.4336,0.210,0.8737,111309
2640,692060160,6334.9,1785991668.1,3.4790,0.206,0.8803,111303
2660,697303040,6382.1,1785991715.2,3.4718,0.211,0.8870,111220
2680,702545920,6429.2,1785991762.4,3.4454,0.217,0.8937,111224
2700,707788800,6476.4,1785991809.5,3.4641,0.210,0.9003,111130
2720,713031680,6523.4,1785991856.6,3.4567,0.229,0.9070,111380
2740,718274560,6570.6,1785991903.7,3.4036,0.187,0.9137,111306
2760,723517440,6623.1,1785991956.3,3.3910,0.200,0.9203,99735
2780,728760320,6670.2,1785992003.3,3.5074,0.182,0.9270,111414
2800,734003200,6717.2,1785992050.4,3.4699,0.191,0.9337,111438
2820,739246080,6764.3,1785992097.5,3.5231,0.188,0.9403,111334
2840,744488960,6811.3,1785992144.5,3.5367,0.175,0.9470,111529
2860,749731840,6858.5,1785992191.6,3.4561,0.201,0.9537,111251
2880,754974720,6905.7,1785992238.9,3.4526,0.194,0.9603,110924
2900,760217600,6952.8,1785992286.0,3.4279,0.209,0.9670,111281
2920,765460480,7000.0,1785992333.1,3.4761,0.184,0.9737,111238
2940,770703360,7047.4,1785992380.6,3.5236,0.195,0.9803,110499
2960,775946240,7094.5,1785992427.7,3.3922,0.188,0.9870,111265
2980,781189120,7141.6,1785992474.8,3.4361,0.181,0.9937,111384
3000,786432000,7188.7,1785992521.9,3.4324,0.176,1.0000,111260
3020,791674880,7242.1,1785992575.2,3.4171,0.158,1.0000,98262
3040,796917760,7289.2,1785992622.4,3.3961,0.188,1.0000,111257
3060,802160640,7336.4,1785992669.6,3.4133,0.181,1.0000,111080
3080,807403520,7383.5,1785992716.7,3.4239,0.182,1.0000,111223
3100,812646400,7430.7,1785992763.9,3.3976,0.179,1.0000,111062
3120,817889280,7477.9,1785992811.1,3.3956,0.160,1.0000,111128
3140,823132160,7525.1,1785992858.3,3.4175,0.169,1.0000,111140
3160,828375040,7572.2,1785992905.4,3.3616,0.166,1.0000,111252
3180,833617920,7619.4,1785992952.6,3.3845,0.182,1.0000,111062
3200,838860800,7666.6,1785992999.7,3.4109,0.159,1.0000,111215
3220,844103680,7713.7,1785993046.8,3.4357,0.171,1.0000,111348
3240,849346560,7760.9,1785993094.0,3.4246,0.151,1.0000,111091
3260,854589440,7814.2,1785993147.4,3.3761,0.163,1.0000,98318
3280,859832320,7861.3,1785993194.5,3.3953,0.162,1.0000,111313
3300,865075200,7908.4,1785993241.6,3.4012,0.161,1.0000,111162
3320,870318080,7955.6,1785993288.8,3.4125,0.163,1.0000,111107
3340,875560960,8002.8,1785993336.0,3.3915,0.168,1.0000,111147
3360,880803840,8050.2,1785993383.3,3.3654,0.154,1.0000,110691
3380,886046720,8097.3,1785993430.4,3.3804,0.169,1.0000,111292
3400,891289600,8144.4,1785993477.6,3.3612,0.150,1.0000,111209
3420,896532480,8191.7,1785993524.8,3.3978,0.154,1.0000,110999
3440,901775360,8238.8,1785993572.0,3.3704,0.159,1.0000,111192
3460,907018240,8285.9,1785993619.1,3.3539,0.159,1.0000,111351
3480,912261120,8333.0,1785993666.2,3.3994,0.149,1.0000,111237
3500,917504000,8380.1,1785993713.3,3.3965,0.143,1.0000,111266
3520,922746880,8433.0,1785993766.1,3.3657,0.141,1.0000,99235
3540,927989760,8480.2,1785993813.4,3.3759,0.152,1.0000,111037
3560,933232640,8527.3,1785993860.5,3.3871,0.142,1.0000,111298
3580,938475520,8574.4,1785993907.6,3.3887,0.152,1.0000,111242
3600,943718400,8621.7,1785993954.8,3.3251,0.146,1.0000,110996
3620,948961280,8668.9,1785994002.1,3.3415,0.146,1.0000,111012
3640,954204160,8716.1,1785994049.2,3.3552,0.144,1.0000,111116
3660,959447040,8763.3,1785994096.4,3.3225,0.140,1.0000,111100
3680,964689920,8810.4,1785994143.6,3.3979,0.144,1.0000,111139
3700,969932800,8857.6,1785994190.7,3.3235,0.149,1.0000,111237
3720,975175680,8904.7,1785994237.9,3.3742,0.143,1.0000,111152
3740,980418560,8952.0,1785994285.2,3.4447,0.144,1.0000,110988
3760,985661440,9005.1,1785994338.3,3.3908,0.140,1.0000,98642
3780,990904320,9052.6,1785994385.8,3.3020,0.134,1.0000,110426
3800,996147200,9099.8,1785994433.0,3.3591,0.136,1.0000,111045
3820,1001390080,9147.2,1785994480.3,3.3352,0.138,1.0000,110740
3840,1006632960,9194.4,1785994527.6,3.3677,0.134,1.0000,110960
3860,1011875840,9241.6,1785994574.8,3.3559,0.133,1.0000,111090
3880,1017118720,9288.8,1785994622.0,3.3425,0.143,1.0000,111131
3900,1022361600,9336.0,1785994669.1,3.3357,0.143,1.0000,111142
3920,1027604480,9383.1,1785994716.2,3.3260,0.141,1.0000,111289
3940,1032847360,9430.2,1785994763.4,3.3747,0.127,1.0000,111147
3960,1038090240,9477.5,1785994810.7,3.3306,0.137,1.0000,110994
3980,1043333120,9524.8,1785994858.0,3.3307,0.125,1.0000,110717
4000,1048576000,9572.2,1785994905.3,3.3069,0.141,1.0000,110809
4020,1053818880,9625.3,1785994958.4,3.4222,0.132,1.0000,98694
4040,1059061760,9672.6,1785995005.7,3.2980,0.137,1.0000,110874
4060,1064304640,9719.9,1785995053.0,3.2741,0.131,1.0000,110867
4080,1069547520,9767.0,1785995100.2,3.3491,0.135,1.0000,111175
4100,1074790400,9814.2,1785995147.4,3.3176,0.136,1.0000,111103
4120,1080033280,9861.4,1785995194.6,3.2921,0.128,1.0000,111096
4140,1085276160,9908.6,1785995241.7,3.3228,0.142,1.0000,111116
4160,1090519040,9955.8,1785995289.0,3.3353,0.123,1.0000,111028
4180,1095761920,10003.0,1785995336.2,3.3268,0.130,1.0000,111062
4200,1101004800,10050.4,1785995383.6,3.3026,0.130,1.0000,110633
4220,1106247680,10097.6,1785995430.7,3.3821,0.125,1.0000,111113
4240,1111490560,10144.8,1785995477.9,3.2380,0.130,1.0000,111135
4260,1116733440,10197.4,1785995530.6,3.2629,0.122,1.0000,99618
4280,1121976320,10244.5,1785995577.7,3.3018,0.125,1.0000,111269
4300,1127219200,10291.7,1785995624.8,3.3037,0.126,1.0000,111180
4320,1132462080,10338.7,1785995671.9,3.3334,0.133,1.0000,111397
4340,1137704960,10385.9,1785995719.0,3.2945,0.131,1.0000,111220
4360,1142947840,10433.0,1785995766.2,3.3297,0.124,1.0000,111154
4380,1148190720,10480.1,1785995813.3,3.2320,0.122,1.0000,111372
4400,1153433600,10527.2,1785995860.3,3.2796,0.137,1.0000,111413
4420,1158676480,10574.3,1785995907.5,3.3205,0.124,1.0000,111161
4440,1163919360,10621.4,1785995954.6,3.3280,0.126,1.0000,111365
4460,1169162240,10668.5,1785996001.6,3.3252,0.134,1.0000,111378
4480,1174405120,10715.6,1785996048.8,3.3297,0.120,1.0000,111178
4500,1179648000,10762.7,1785996095.9,3.3262,0.124,1.0000,111308
4520,1184890880,10816.1,1785996149.3,3.3714,0.115,1.0000,98164
4540,1190133760,10863.2,1785996196.4,3.2541,0.121,1.0000,111435
4560,1195376640,10910.2,1785996243.4,3.2692,0.126,1.0000,111499
4580,1200619520,10957.3,1785996290.4,3.2895,0.121,1.0000,111475
4600,1205862400,11004.3,1785996337.5,3.2806,0.123,1.0000,111385
4620,1211105280,11051.7,1785996384.9,3.2594,0.125,1.0000,110684
4640,1216348160,11098.8,1785996432.0,3.3323,0.133,1.0000,111269
4660,1221591040,11145.9,1785996479.1,3.2530,0.123,1.0000,111270
4680,1226833920,11192.9,1785996526.1,3.2565,0.122,1.0000,111498
4700,1232076800,11240.0,1785996573.2,3.2743,0.123,1.0000,111469
4720,1237319680,11287.0,1785996620.2,3.2544,0.114,1.0000,111409
4740,1242562560,11334.1,1785996667.3,3.3074,0.128,1.0000,111434
4760,1247805440,11387.6,1785996720.7,3.2833,0.123,1.0000,98057
4780,1253048320,11434.6,1785996767.8,3.2289,0.115,1.0000,111404
4800,1258291200,11481.6,1785996814.8,3.2592,0.120,1.0000,111502
4820,1263534080,11528.7,1785996861.8,3.3005,0.120,1.0000,111477
4840,1268776960,11575.8,1785996908.9,3.2395,0.126,1.0000,111344
4860,1274019840,11622.9,1785996956.0,3.1672,0.117,1.0000,111308
4880,1279262720,11670.0,1785997003.2,3.2645,0.120,1.0000,111217
4900,1284505600,11717.1,1785997050.3,3.2730,0.124,1.0000,111299
4920,1289748480,11764.2,1785997097.4,3.2916,0.127,1.0000,111323
4940,1294991360,11811.3,1785997144.4,3.2447,0.122,1.0000,111391
4960,1300234240,11858.3,1785997191.5,3.2907,0.115,1.0000,111387
4980,1305477120,11905.4,1785997238.6,3.2314,0.122,1.0000,111400
5000,1310720000,11952.5,1785997285.7,3.2402,0.116,1.0000,111311
5020,1315962880,12006.0,1785997339.1,3.2423,0.117,1.0000,98060
5040,1321205760,12053.3,1785997386.4,3.2595,0.127,1.0000,110846
5060,1326448640,12100.4,1785997433.6,3.2495,0.118,1.0000,111263
5080,1331691520,12147.7,1785997480.8,3.2558,0.121,1.0000,110914
5100,1336934400,12194.9,1785997528.1,3.2783,0.116,1.0000,110928
5120,1342177280,12242.1,1785997575.3,3.3186,0.114,1.0000,111046
5140,1347420160,12289.3,1785997622.5,3.2680,0.122,1.0000,111109
5160,1352663040,12336.6,1785997669.8,3.2611,0.127,1.0000,110923
5180,1357905920,12383.9,1785997717.1,3.2596,0.118,1.0000,110836
5200,1363148800,12431.1,1785997764.3,3.2849,0.118,1.0000,111060
5220,1368391680,12478.3,1785997811.4,3.2858,0.116,1.0000,111138
5240,1373634560,12525.4,1785997858.6,3.2269,0.120,1.0000,111245
5260,1378877440,12578.7,1785997911.8,3.2478,0.131,1.0000,98433
5280,1384120320,12625.7,1785997958.9,3.2186,0.120,1.0000,111444
5300,1389363200,12672.8,1785998006.0,3.2535,0.117,1.0000,111321
5320,1394606080,12719.9,1785998053.1,3.1251,0.116,1.0000,111233
5340,1399848960,12767.1,1785998100.3,3.2111,0.117,1.0000,111224
5360,1405091840,12814.2,1785998147.4,3.2767,0.117,1.0000,111174
5380,1410334720,12861.4,1785998194.6,3.2080,0.120,1.0000,111134
5400,1415577600,12908.6,1785998241.8,3.2528,0.115,1.0000,111112
5420,1420820480,12955.8,1785998289.0,3.1573,0.119,1.0000,111108
5440,1426063360,13002.9,1785998336.1,3.2292,0.117,1.0000,111244
5460,1431306240,13050.3,1785998383.4,3.2265,0.115,1.0000,110728
5480,1436549120,13097.4,1785998430.6,3.2832,0.112,1.0000,111254
5500,1441792000,13144.6,1785998477.7,3.2246,0.119,1.0000,111157
5520,1447034880,13201.8,1785998535.0,3.2548,0.121,1.0000,91618
5540,1452277760,13249.0,1785998582.2,3.2363,0.120,1.0000,110995
5560,1457520640,13296.2,1785998629.4,3.2980,0.112,1.0000,111173
5580,1462763520,13343.4,1785998676.5,3.2192,0.111,1.0000,111150
5600,1468006400,13390.5,1785998723.7,3.2540,0.116,1.0000,111212
5620,1473249280,13437.7,1785998770.9,3.2148,0.116,1.0000,111088
5640,1478492160,13484.9,1785998818.0,3.2503,0.117,1.0000,111126
5660,1483735040,13532.1,1785998865.2,3.3090,0.117,1.0000,111116
5680,1488977920,13579.3,1785998912.4,3.1784,0.116,1.0000,111076
5700,1494220800,13626.4,1785998959.6,3.2141,0.110,1.0000,111176
5720,1499463680,13673.6,1785999006.8,3.2135,0.110,1.0000,111095
5740,1504706560,13720.8,1785999053.9,3.1775,0.115,1.0000,111168
5760,1509949440,13774.6,1785999107.8,3.2507,0.115,1.0000,97342
5780,1515192320,13821.8,1785999155.0,3.2687,0.119,1.0000,111038
5800,1520435200,13868.9,1785999202.1,3.2664,0.123,1.0000,111385
5820,1525678080,13916.0,1785999249.2,3.1226,0.111,1.0000,111368
5840,1530920960,13963.1,1785999296.3,3.2263,0.112,1.0000,111320
5860,1536163840,14010.4,1785999343.6,3.2060,0.114,1.0000,110858
5880,1541406720,14057.5,1785999390.7,3.2397,0.113,1.0000,111240
5900,1546649600,14104.7,1785999437.8,3.2995,0.114,1.0000,111201
5920,1551892480,14151.9,1785999485.1,3.1798,0.113,1.0000,110995
5940,1557135360,14199.1,1785999532.3,3.1574,0.106,1.0000,111029
5960,1562378240,14246.3,1785999579.5,3.2050,0.113,1.0000,111020
5980,1567621120,14293.6,1785999626.8,3.2530,0.113,1.0000,110952
6000,1572864000,14340.8,1785999674.0,3.2217,0.120,1.0000,111045
6020,1578106880,14394.3,1785999727.4,3.1912,0.107,1.0000,98097
6040,1583349760,14441.3,1785999774.5,3.2016,0.109,1.0000,111469
6060,1588592640,14488.4,1785999821.6,3.2475,0.114,1.0000,111284
6080,1593835520,14535.6,1785999868.7,3.1328,0.117,1.0000,111206
6100,1599078400,14582.7,1785999915.9,3.2577,0.116,1.0000,111208
6120,1604321280,14629.9,1785999963.0,3.2149,0.113,1.0000,111166
6140,1609564160,14677.0,1786000010.2,3.1616,0.111,1.0000,111174
6160,1614807040,14724.2,1786000057.4,3.2115,0.113,1.0000,111077
6180,1620049920,14771.4,1786000104.6,3.2507,0.121,1.0000,111078
6200,1625292800,14818.6,1786000151.8,3.2257,0.106,1.0000,111110
6220,1630535680,14865.8,1786000198.9,3.1458,0.114,1.0000,111170
6240,1635778560,14912.9,1786000246.1,3.1690,0.109,1.0000,111195
6260,1641021440,14966.2,1786000299.4,3.2173,0.112,1.0000,98395
6280,1646264320,15013.6,1786000346.7,3.2278,0.115,1.0000,110656
6300,1651507200,15060.8,1786000393.9,3.2454,0.113,1.0000,111129
6320,1656750080,15107.9,1786000441.1,3.1849,0.112,1.0000,111155
6340,1661992960,15155.1,1786000488.2,3.2144,0.112,1.0000,111183
6360,1667235840,15202.2,1786000535.4,3.2151,0.115,1.0000,111243
6380,1672478720,15249.3,1786000582.5,3.1626,0.105,1.0000,111329
6400,1677721600,15296.4,1786000629.6,3.2401,0.107,1.0000,111215
6420,1682964480,15343.6,1786000676.8,3.2104,0.112,1.0000,111212
6440,1688207360,15390.8,1786000723.9,3.1758,0.108,1.0000,111132
6460,1693450240,15437.9,1786000771.1,3.2171,0.107,1.0000,111142
6480,1698693120,15485.1,1786000818.3,3.1718,0.115,1.0000,111171
6500,1703936000,15532.4,1786000865.6,3.2038,0.113,1.0000,110826
6520,1709178880,15585.3,1786000918.4,3.1532,0.109,1.0000,99195
6540,1714421760,15632.5,1786000965.7,3.1491,0.112,1.0000,110881
6560,1719664640,15679.8,1786001013.0,3.2049,0.115,1.0000,110982
6580,1724907520,15726.9,1786001060.1,3.1700,0.105,1.0000,111225
6600,1730150400,15774.1,1786001107.3,3.2527,0.113,1.0000,111065
6620,1735393280,15821.3,1786001154.5,3.2093,0.108,1.0000,111174
6640,1740636160,15868.4,1786001201.6,3.2298,0.107,1.0000,111202
6660,1745879040,15915.6,1786001248.8,3.1693,0.109,1.0000,111179
6680,1751121920,15962.8,1786001295.9,3.1471,0.107,1.0000,111156
6700,1756364800,16010.1,1786001343.2,3.1226,0.106,1.0000,110790
6720,1761607680,16057.2,1786001390.4,3.2180,0.108,1.0000,111242
6740,1766850560,16104.3,1786001437.5,3.2053,0.110,1.0000,111302
6760,1772093440,16157.9,1786001491.1,3.2107,0.105,1.0000,97847
6780,1777336320,16205.0,1786001538.2,3.1781,0.111,1.0000,111270
6800,1782579200,16252.1,1786001585.3,3.2915,0.114,1.0000,111262
6820,1787822080,16299.2,1786001632.4,3.1404,0.108,1.0000,111321
6840,1793064960,16346.4,1786001679.5,3.2618,0.113,1.0000,111258
6860,1798307840,16393.5,1786001726.7,3.1875,0.111,1.0000,111254
6880,1803550720,16440.7,1786001773.8,3.1505,0.109,1.0000,111147
6900,1808793600,16487.8,1786001820.9,3.1368,0.108,1.0000,111263
6920,1814036480,16534.9,1786001868.1,3.1973,0.105,1.0000,111191
6940,1819279360,16582.1,1786001915.2,3.2555,0.112,1.0000,111261
6960,1824522240,16629.1,1786001962.3,3.1951,0.108,1.0000,111420
6980,1829765120,16676.2,1786002009.3,3.1489,0.107,1.0000,111411
7000,1835008000,16723.3,1786002056.5,3.1735,0.115,1.0000,111194
7020,1840250880,16776.5,1786002109.7,3.2376,0.106,1.0000,98562
7040,1845493760,16823.7,1786002156.8,3.1342,0.113,1.0000,111168
7060,1850736640,16870.8,1786002204.0,3.1521,0.108,1.0000,111185
7080,1855979520,16918.0,1786002251.1,3.1448,0.105,1.0000,111192
7100,1861222400,16965.1,1786002298.3,3.0742,0.107,1.0000,111190
7120,1866465280,17012.3,1786002345.5,3.1730,0.110,1.0000,111183
7140,1871708160,17059.5,1786002392.7,3.2040,0.108,1.0000,110934
7160,1876951040,17106.6,1786002439.8,3.1714,0.108,1.0000,111335
7180,1882193920,17153.8,1786002486.9,3.2011,0.109,1.0000,111277
7200,1887436800,17200.9,1786002534.1,3.1083,0.106,1.0000,111228
7220,1892679680,17248.0,1786002581.1,3.1593,0.105,1.0000,111345
7240,1897922560,17295.0,1786002628.2,3.2028,0.104,1.0000,111404
7260,1903165440,17348.3,1786002681.5,3.1859,0.106,1.0000,98376
7280,1908408320,17395.4,1786002728.6,3.1682,0.106,1.0000,111404
7300,1913651200,17442.5,1786002775.7,3.1133,0.112,1.0000,111342
7320,1918894080,17489.6,1786002822.8,3.2032,0.101,1.0000,111258
7340,1924136960,17536.7,1786002869.9,3.2609,0.108,1.0000,111243
7360,1929379840,17583.9,1786002917.0,3.1247,0.107,1.0000,111259
7380,1934622720,17631.0,1786002964.2,3.2133,0.109,1.0000,111256
7400,1939865600,17678.1,1786003011.3,3.1169,0.100,1.0000,111178
7420,1945108480,17725.3,1786003058.5,3.2249,0.103,1.0000,111209
7440,1950351360,17772.4,1786003105.5,3.1306,0.107,1.0000,111358
7460,1955594240,17819.5,1786003152.6,3.1129,0.110,1.0000,111354
7480,1960837120,17866.6,1786003199.8,3.1843,0.110,1.0000,111146
7500,1966080000,17913.8,1786003246.9,3.1508,0.104,1.0000,111208
7520,1971322880,17967.5,1786003300.7,3.1629,0.103,1.0000,97497
7540,1976565760,18014.9,1786003348.0,3.1325,0.106,1.0000,110787
7560,1981808640,18062.4,1786003395.5,3.2131,0.106,1.0000,110352
7580,1987051520,18109.7,1786003442.8,3.1441,0.097,1.0000,110889
7600,1992294400,18156.9,1786003490.1,3.1241,0.103,1.0000,110905
7620,1997537280,18204.1,1786003537.2,3.2120,0.111,1.0000,111214
7640,2002780160,18251.2,1786003584.4,3.1720,0.112,1.0000,111174
7660,2008023040,18298.4,1786003631.6,3.1230,0.101,1.0000,111121
7680,2013265920,18345.6,1786003678.8,3.1151,0.109,1.0000,111082
7700,2018508800,18392.8,1786003726.0,3.2058,0.106,1.0000,111118
7720,2023751680,18439.9,1786003773.1,3.1623,0.098,1.0000,111262
7740,2028994560,18487.2,1786003820.3,3.1744,0.110,1.0000,110953
7760,2034237440,18540.7,1786003873.9,3.1318,0.099,1.0000,97929
7780,2039480320,18587.9,1786003921.1,3.1418,0.101,1.0000,111091
7800,2044723200,18635.1,1786003968.3,3.2234,0.102,1.0000,111029
7820,2049966080,18682.3,1786004015.5,3.2287,0.109,1.0000,111061
7840,2055208960,18729.6,1786004062.7,3.2185,0.106,1.0000,111020
7860,2060451840,18776.8,1786004109.9,3.1733,0.103,1.0000,111048
7880,2065694720,18824.0,1786004157.2,3.1374,0.102,1.0000,110988
7900,2070937600,18871.2,1786004204.4,3.1876,0.110,1.0000,111021
7920,2076180480,18918.5,1786004251.6,3.1503,0.105,1.0000,111026
7940,2081423360,18965.6,1786004298.8,3.1667,0.102,1.0000,111177
7960,2086666240,19012.9,1786004346.0,3.2107,0.102,1.0000,110943
7980,2091909120,19060.2,1786004393.4,3.1276,0.104,1.0000,110709
8000,2097152000,19107.4,1786004440.5,3.1075,0.098,1.0000,111187
8020,2102394880,19160.4,1786004493.6,3.1428,0.104,1.0000,98808
8040,2107637760,19207.6,1786004540.7,3.1536,0.104,1.0000,111288
8060,2112880640,19254.7,1786004587.9,3.2549,0.101,1.0000,111183
8080,2118123520,19301.9,1786004635.0,3.1197,0.106,1.0000,111180
8100,2123366400,19349.0,1786004682.2,3.1776,0.106,1.0000,111196
8120,2128609280,19396.1,1786004729.3,3.0506,0.098,1.0000,111374
8140,2133852160,19443.2,1786004776.4,3.1907,0.100,1.0000,111284
8160,2139095040,19490.3,1786004823.5,3.1374,0.101,1.0000,111265
8180,2144337920,19537.4,1786004870.6,3.1330,0.099,1.0000,111303
8200,2149580800,19584.5,1786004917.7,3.1629,0.103,1.0000,111271
8220,2154823680,19631.7,1786004964.9,3.1478,0.099,1.0000,111206
8240,2160066560,19678.8,1786005012.0,3.1641,0.105,1.0000,111260
8260,2165309440,19732.2,1786005065.4,3.1263,0.103,1.0000,98169
8280,2170552320,19779.2,1786005112.4,3.2054,0.100,1.0000,111496
8300,2175795200,19826.4,1786005159.6,3.1023,0.098,1.0000,111214
8320,2181038080,19873.6,1786005206.7,3.1634,0.106,1.0000,111135
8340,2186280960,19920.7,1786005253.9,3.0989,0.103,1.0000,111163
8360,2191523840,19967.8,1786005301.0,3.1526,0.100,1.0000,111263
8380,2196766720,20014.9,1786005348.1,3.1302,0.102,1.0000,111462
8400,2202009600,20062.2,1786005395.3,3.1473,0.101,1.0000,110916
8420,2207252480,20109.3,1786005442.5,3.1433,0.106,1.0000,111221
8440,2212495360,20156.4,1786005489.5,3.1410,0.104,1.0000,111409
8460,2217738240,20203.4,1786005536.6,3.0763,0.099,1.0000,111393
8480,2222981120,20250.5,1786005583.6,3.1239,0.101,1.0000,111401
8500,2228224000,20297.6,1786005630.8,3.1699,0.106,1.0000,111249
8520,2233466880,20351.0,1786005684.2,3.1515,0.102,1.0000,98175
8540,2238709760,20398.1,1786005731.3,3.1304,0.099,1.0000,111314
8560,2243952640,20445.2,1786005778.4,3.1168,0.107,1.0000,111296
8580,2249195520,20492.3,1786005825.5,3.1961,0.098,1.0000,111299
8600,2254438400,20539.4,1786005872.6,3.1195,0.096,1.0000,111317
8620,2259681280,20586.5,1786005919.7,3.1424,0.101,1.0000,111329
8640,2264924160,20633.6,1786005966.7,3.1481,0.108,1.0000,111450
8660,2270167040,20680.6,1786006013.8,3.1381,0.100,1.0000,111410
8680,2275409920,20727.7,1786006060.9,3.1272,0.094,1.0000,111268
8700,2280652800,20774.9,1786006108.1,3.1071,0.104,1.0000,111186
8720,2285895680,20822.0,1786006155.2,3.1668,0.103,1.0000,111195
8740,2291138560,20869.2,1786006202.4,3.1849,0.095,1.0000,111221
8760,2296381440,20923.0,1786006256.2,3.1629,0.102,1.0000,97397
8780,2301624320,20970.1,1786006303.3,3.1411,0.101,1.0000,111365
8800,2306867200,21017.1,1786006350.3,3.0825,0.104,1.0000,111421
8820,2312110080,21064.5,1786006397.6,3.1524,0.102,1.0000,110782
8840,2317352960,21111.5,1786006444.7,3.1101,0.099,1.0000,111418
8860,2322595840,21158.6,1786006491.8,3.1564,0.103,1.0000,111368
8880,2327838720,21205.8,1786006538.9,3.1969,0.102,1.0000,111197
8900,2333081600,21252.8,1786006586.0,3.1430,0.099,1.0000,111362
8920,2338324480,21300.0,1786006633.1,3.0802,0.103,1.0000,111212
8940,2343567360,21347.1,1786006680.3,3.1843,0.102,1.0000,111268
8960,2348810240,21394.2,1786006727.4,3.1032,0.100,1.0000,111271
8980,2354053120,21441.4,1786006774.5,3.1582,0.101,1.0000,111175
9000,2359296000,21488.5,1786006821.7,3.1037,0.103,1.0000,111136
9020,2364538880,21542.0,1786006875.2,3.1138,0.103,1.0000,98102
9040,2369781760,21589.1,1786006922.3,3.0975,0.098,1.0000,111309
9060,2375024640,21636.2,1786006969.4,3.1554,0.101,1.0000,111223
9080,2380267520,21683.4,1786007016.5,3.1346,0.100,1.0000,111227
9100,2385510400,21730.5,1786007063.7,3.1420,0.097,1.0000,111239
9120,2390753280,21777.7,1786007110.8,3.1775,0.102,1.0000,111159
9140,2395996160,21824.8,1786007158.0,3.0729,0.097,1.0000,111171
9160,2401239040,21872.0,1786007205.1,3.1742,0.099,1.0000,111215
9180,2406481920,21919.1,1786007252.2,3.0607,0.096,1.0000,111292
9200,2411724800,21966.2,1786007299.3,3.1357,0.099,1.0000,111344
9220,2416967680,22013.3,1786007346.4,3.1136,0.098,1.0000,111308
9240,2422210560,22060.5,1786007393.7,3.1107,0.098,1.0000,110896
9260,2427453440,22113.7,1786007446.8,3.1293,0.095,1.0000,98669
9280,2432696320,22160.8,1786007494.0,3.1537,0.100,1.0000,111271
9300,2437939200,22207.9,1786007541.1,3.0742,0.100,1.0000,111346
9320,2443182080,22255.0,1786007588.1,3.0976,0.094,1.0000,111393
9340,2448424960,22302.1,1786007635.3,3.0811,0.100,1.0000,111234
9360,2453667840,22349.3,1786007682.4,3.1090,0.107,1.0000,111104
9380,2458910720,22396.4,1786007729.6,3.1023,0.103,1.0000,111206
9400,2464153600,22443.5,1786007776.7,3.2136,0.101,1.0000,111319
9420,2469396480,22490.7,1786007823.9,3.1058,0.096,1.0000,111156
9440,2474639360,22537.8,1786007871.0,3.1323,0.102,1.0000,111296
9460,2479882240,22584.9,1786007918.1,3.0465,0.093,1.0000,111204
9480,2485125120,22632.1,1786007965.3,3.1886,0.099,1.0000,111182
9500,2490368000,22679.2,1786008012.4,3.2109,0.099,1.0000,111210
9520,2495610880,22732.5,1786008065.7,3.1116,0.094,1.0000,98440
9540,2500853760,22779.6,1786008112.7,3.0863,0.106,1.0000,111379
9560,2506096640,22826.7,1786008159.9,3.0745,0.097,1.0000,111249
9580,2511339520,22873.8,1786008207.0,3.1648,0.096,1.0000,111212
9600,2516582400,22921.0,1786008254.2,3.1010,0.098,1.0000,111152
9620,2521825280,22968.2,1786008301.3,3.1758,0.097,1.0000,111216
9640,2527068160,23015.3,1786008348.4,3.1681,0.106,1.0000,111276
9660,2532311040,23062.6,1786008395.8,3.1283,0.100,1.0000,110757
9680,2537553920,23109.7,1786008442.9,3.1375,0.097,1.0000,111274
9700,2542796800,23156.8,1786008490.0,3.0547,0.101,1.0000,111265
9720,2548039680,23203.9,1786008537.1,3.0893,0.098,1.0000,111338
9740,2553282560,23251.0,1786008584.2,3.1208,0.096,1.0000,111338
9760,2558525440,23304.8,1786008638.0,3.1024,0.098,1.0000,97413
9780,2563768320,23351.9,1786008685.1,3.1733,0.101,1.0000,111338
9800,2569011200,23399.1,1786008732.2,3.1153,0.101,1.0000,111243
9820,2574254080,23446.2,1786008779.4,3.2010,0.098,1.0000,111151
9840,2579496960,23493.4,1786008826.6,3.1042,0.102,1.0000,111130
9860,2584739840,23540.6,1786008873.8,3.1400,0.100,1.0000,111131
9880,2589982720,23587.7,1786008920.9,3.0510,0.093,1.0000,111213
9900,2595225600,23634.9,1786008968.1,3.0809,0.095,1.0000,111191
9920,2600468480,23682.0,1786009015.2,3.1531,0.096,1.0000,111162
9940,2605711360,23729.2,1786009062.4,3.0510,0.091,1.0000,111157
9960,2610954240,23776.4,1786009109.5,3.1052,0.098,1.0000,111182
9980,2616197120,23823.5,1786009156.7,3.1081,0.099,1.0000,111196
10000,2621440000,23870.7,1786009203.9,3.1741,0.101,1.0000,111131
10020,2626682880,23924.1,1786009257.3,3.0805,0.097,1.0000,98089
10040,2631925760,23971.2,1786009304.4,3.1249,0.095,1.0000,111385
10060,2637168640,24018.3,1786009351.5,3.1002,0.098,1.0000,111248
10080,2642411520,24065.7,1786009398.9,3.1153,0.096,1.0000,110644
10100,2647654400,24113.0,1786009446.1,3.1822,0.099,1.0000,110967
10120,2652897280,24160.3,1786009493.5,3.1764,0.099,1.0000,110777
10140,2658140160,24207.6,1786009540.8,3.1371,0.096,1.0000,110858
10160,2663383040,24254.9,1786009588.0,3.1121,0.101,1.0000,110938
10180,2668625920,24302.0,1786009635.1,3.1311,0.094,1.0000,111297
10200,2673868800,24349.2,1786009682.4,3.1084,0.095,1.0000,110984
10220,2679111680,24396.4,1786009729.6,3.1615,0.100,1.0000,111039
10240,2684354560,24443.6,1786009776.8,3.1673,0.096,1.0000,111167
10260,2689597440,24497.2,1786009830.4,3.0816,0.095,1.0000,97748
10280,2694840320,24544.3,1786009877.5,3.1277,0.103,1.0000,111246
10300,2700083200,24591.5,1786009924.7,3.1318,0.094,1.0000,111170
10320,2705326080,24638.7,1786009971.9,3.1273,0.101,1.0000,111041
10340,2710568960,24685.9,1786010019.1,3.0584,0.095,1.0000,111151
10360,2715811840,24733.0,1786010066.2,3.1393,0.098,1.0000,111187
10380,2721054720,24780.2,1786010113.4,3.1327,0.094,1.0000,111211
10400,2726297600,24827.4,1786010160.6,3.1013,0.097,1.0000,111058
10420,2731540480,24874.6,1786010207.8,3.0226,0.092,1.0000,111094
10440,2736783360,24921.8,1786010254.9,3.0830,0.094,1.0000,111143
10460,2742026240,24968.9,1786010302.0,3.0869,0.090,1.0000,111279
10480,2747269120,25016.1,1786010349.3,3.1231,0.095,1.0000,111037
10500,2752512000,25063.5,1786010396.7,3.1519,0.094,1.0000,110558
10520,2757754880,25116.7,1786010449.9,3.0444,0.092,1.0000,98574
10540,2762997760,25163.9,1786010497.1,3.1343,0.097,1.0000,110997
10560,2768240640,25211.3,1786010544.4,3.1349,0.098,1.0000,110762
10580,2773483520,25258.6,1786010591.8,3.0849,0.092,1.0000,110746
10600,2778726400,25305.8,1786010639.0,3.0797,0.094,1.0000,111027
10620,2783969280,25353.0,1786010686.1,3.1282,0.096,1.0000,111218
10640,2789212160,25400.2,1786010733.4,3.2027,0.101,1.0000,111003
10660,2794455040,25447.4,1786010780.6,3.1774,0.094,1.0000,111052
10680,2799697920,25494.6,1786010827.8,3.0786,0.092,1.0000,111083
10700,2804940800,25541.8,1786010875.0,3.0652,0.098,1.0000,111103
10720,2810183680,25588.9,1786010922.1,3.1202,0.092,1.0000,111270
10740,2815426560,25636.0,1786010969.2,3.1174,0.096,1.0000,111285
10760,2820669440,25689.3,1786011022.5,3.0386,0.092,1.0000,98439
10780,2825912320,25736.4,1786011069.6,3.1412,0.097,1.0000,111319
10800,2831155200,25783.5,1786011116.7,3.1419,0.093,1.0000,111212
10820,2836398080,25830.6,1786011163.8,3.0449,0.092,1.0000,111328
10840,2841640960,25877.8,1786011211.0,3.0722,0.095,1.0000,111197
10860,2846883840,25924.9,1786011258.1,3.0765,0.091,1.0000,111215
10880,2852126720,25972.1,1786011305.3,3.0847,0.093,1.0000,111171
10900,2857369600,26019.2,1786011352.4,3.0494,0.097,1.0000,111176
10920,2862612480,26066.6,1786011399.8,3.1053,0.093,1.0000,110736
10940,2867855360,26113.7,1786011446.9,3.0473,0.093,1.0000,111309
10960,2873098240,26160.8,1786011494.0,3.0785,0.093,1.0000,111308
10980,2878341120,26207.9,1786011541.1,3.0874,0.091,1.0000,111203
11000,2883584000,26255.1,1786011588.2,3.0556,0.096,1.0000,111263
11020,2888826880,26308.2,1786011641.4,3.1053,0.090,1.0000,98596
11040,2894069760,26355.3,1786011688.4,3.0536,0.094,1.0000,111483
11060,2899312640,26402.4,1786011735.5,3.0748,0.102,1.0000,111351
11080,2904555520,26449.4,1786011782.6,3.0726,0.091,1.0000,111342
11100,2909798400,26496.6,1786011829.7,3.0392,0.093,1.0000,111284
11120,2915041280,26543.8,1786011877.0,3.0971,0.093,1.0000,110860
11140,2920284160,26591.1,1786011924.3,3.0966,0.094,1.0000,110931
11160,2925527040,26638.3,1786011971.5,3.1453,0.095,1.0000,111009
11180,2930769920,26685.5,1786012018.7,3.1324,0.098,1.0000,111177
11200,2936012800,26732.6,1786012065.8,3.0947,0.091,1.0000,111346
11220,2941255680,26779.7,1786012112.8,3.1634,0.095,1.0000,111372
11240,2946498560,26826.7,1786012159.9,3.0706,0.094,1.0000,111374
11260,2951741440,26879.8,1786012212.9,3.1104,0.089,1.0000,98844
11280,2956984320,26926.8,1786012260.0,3.0489,0.090,1.0000,111410
11300,2962227200,26973.9,1786012307.0,3.0302,0.098,1.0000,111464
11320,2967470080,27020.9,1786012354.1,3.0949,0.090,1.0000,111469
11340,2972712960,27068.1,1786012401.3,3.1151,0.089,1.0000,111035
11360,2977955840,27115.2,1786012448.4,3.0565,0.100,1.0000,111358
11380,2983198720,27162.2,1786012495.4,3.0804,0.092,1.0000,111462
11400,2988441600,27209.3,1786012542.4,3.1268,0.091,1.0000,111509
11420,2993684480,27256.3,1786012589.5,3.0604,0.099,1.0000,111459
11440,2998927360,27303.3,1786012636.5,3.0773,0.095,1.0000,111441
11460,3004170240,27350.4,1786012683.6,3.0799,0.094,1.0000,111403
11480,3009413120,27397.5,1786012730.6,3.1000,0.092,1.0000,111416
11500,3014656000,27444.5,1786012777.6,3.1183,0.090,1.0000,111522
11520,3019898880,27497.6,1786012830.7,3.0904,0.091,1.0000,98763
11540,3025141760,27544.6,1786012877.8,3.1168,0.092,1.0000,111399
11560,3030384640,27591.6,1786012924.8,3.1334,0.090,1.0000,111507
11580,3035627520,27638.7,1786012971.9,3.0720,0.093,1.0000,111453
11600,3040870400,27685.7,1786013018.9,3.0564,0.097,1.0000,111489
11620,3046113280,27732.8,1786013065.9,3.0814,0.090,1.0000,111448
11640,3051356160,27779.8,1786013113.0,3.1222,0.089,1.0000,111422
11660,3056599040,27826.8,1786013160.0,3.0372,0.092,1.0000,111607
11680,3061841920,27873.8,1786013207.0,3.1256,0.095,1.0000,111448
11700,3067084800,27920.9,1786013254.0,3.1156,0.090,1.0000,111442
11720,3072327680,27967.9,1786013301.1,3.0539,0.091,1.0000,111454
11740,3077570560,28014.9,1786013348.1,3.0480,0.093,1.0000,111482
11760,3082813440,28068.4,1786013401.5,3.1286,0.094,1.0000,98158
11780,3088056320,28115.4,1786013448.6,3.0471,0.089,1.0000,111390
11800,3093299200,28162.5,1786013495.7,3.0701,0.089,1.0000,111295
11820,3098542080,28209.7,1786013542.8,3.0646,0.094,1.0000,111245
11840,3103784960,28256.8,1786013590.0,3.0684,0.088,1.0000,111193
11860,3109027840,28303.9,1786013637.1,3.0873,0.089,1.0000,111329
11880,3114270720,28351.0,1786013684.2,3.0218,0.095,1.0000,111338
11900,3119513600,28398.1,1786013731.3,3.0512,0.092,1.0000,111344
11920,3124756480,28445.1,1786013778.3,3.0849,0.092,1.0000,111428
11940,3129999360,28492.3,1786013825.4,3.0965,0.092,1.0000,111230
11960,3135242240,28539.4,1786013872.6,3.0562,0.092,1.0000,111154
11980,3140485120,28586.6,1786013919.8,3.0811,0.090,1.0000,111204
12000,3145728000,28633.7,1786013966.8,3.1079,0.090,1.0000,111387
12020,3150970880,28687.0,1786014020.1,3.1749,0.094,1.0000,98345
12040,3156213760,28734.1,1786014067.3,3.1459,0.093,1.0000,111249
12060,3161456640,28781.4,1786014114.5,3.0818,0.089,1.0000,110881
12080,3166699520,28828.6,1786014161.8,3.1016,0.091,1.0000,110942
12100,3171942400,28875.8,1786014209.0,3.0557,0.089,1.0000,111147
12120,3177185280,28922.9,1786014256.1,3.0830,0.094,1.0000,111240
12140,3182428160,28970.0,1786014303.2,3.1328,0.092,1.0000,111311
12160,3187671040,29017.3,1786014350.4,3.1183,0.093,1.0000,110975
12180,3192913920,29064.7,1786014397.9,3.0266,0.089,1.0000,110558
12200,3198156800,29111.8,1786014445.0,3.0487,0.091,1.0000,111292
12220,3203399680,29158.9,1786014492.1,3.0911,0.094,1.0000,111285
12240,3208642560,29206.1,1786014539.3,3.1259,0.095,1.0000,111043
12260,3213885440,29259.5,1786014592.7,3.0696,0.089,1.0000,98249
12280,3219128320,29306.7,1786014639.9,3.1501,0.092,1.0000,111087
12300,3224371200,29353.9,1786014687.1,3.1015,0.089,1.0000,110973
12320,3229614080,29401.3,1786014734.4,3.0804,0.091,1.0000,110812
12340,3234856960,29448.5,1786014781.6,3.0871,0.087,1.0000,111080
12360,3240099840,29495.7,1786014828.9,3.0746,0.092,1.0000,111017
12380,3245342720,29542.9,1786014876.1,3.1364,0.089,1.0000,111073
12400,3250585600,29590.1,1786014923.3,3.0502,0.090,1.0000,110990
12420,3255828480,29637.3,1786014970.5,3.0400,0.096,1.0000,111082
12440,3261071360,29684.4,1786015017.6,3.0669,0.095,1.0000,111283
12460,3266314240,29731.6,1786015064.8,3.1004,0.089,1.0000,111133
12480,3271557120,29778.8,1786015112.0,3.1219,0.093,1.0000,111131
12500,3276800000,29826.0,1786015159.1,3.1297,0.087,1.0000,111133
12520,3282042880,29879.3,1786015212.5,3.0554,0.089,1.0000,98221
12540,3287285760,29926.4,1786015259.6,3.1018,0.089,1.0000,111370
12560,3292528640,29973.6,1786015306.7,3.1091,0.090,1.0000,111205
12580,3297771520,30020.7,1786015353.9,3.0834,0.091,1.0000,111227
12600,3303014400,30068.0,1786015401.2,3.0987,0.090,1.0000,110766
12620,3308257280,30115.2,1786015448.4,3.0907,0.089,1.0000,111148
12640,3313500160,30162.3,1786015495.5,3.0497,0.099,1.0000,111226
12660,3318743040,30209.4,1786015542.6,3.0440,0.091,1.0000,111322
12680,3323985920,30256.5,1786015589.7,3.0732,0.091,1.0000,111383
12700,3329228800,30303.7,1786015636.8,3.1043,0.090,1.0000,111214
12720,3334471680,30350.8,1786015683.9,3.1039,0.096,1.0000,111251
12740,3339714560,30397.9,1786015731.1,3.0941,0.090,1.0000,111228
12760,3344957440,30450.6,1786015783.7,3.1241,0.093,1.0000,99588
12780,3350200320,30497.7,1786015830.9,3.0236,0.087,1.0000,111215
12800,3355443200,30544.8,1786015878.0,3.0614,0.088,1.0000,111224
12820,3360686080,30591.9,1786015925.1,3.0779,0.088,1.0000,111352
12840,3365928960,30639.0,1786015972.2,3.0408,0.091,1.0000,111366
12860,3371171840,30686.2,1786016019.4,3.0751,0.093,1.0000,111104
12880,3376414720,30733.3,1786016066.5,3.0460,0.090,1.0000,111177
12900,3381657600,30780.5,1786016113.7,3.0570,0.090,1.0000,111113
12920,3386900480,30827.6,1786016160.8,3.1339,0.096,1.0000,111323
12940,3392143360,30874.7,1786016207.9,3.0798,0.087,1.0000,111279
12960,3397386240,30921.9,1786016255.0,3.1431,0.090,1.0000,111263
12980,3402629120,30968.9,1786016302.1,3.0919,0.090,1.0000,111397
13000,3407872000,31016.1,1786016349.3,3.1302,0.092,1.0000,111191
13020,3413114880,31069.4,1786016402.6,3.1009,0.088,1.0000,98331
13040,3418357760,31116.6,1786016449.7,3.0327,0.089,1.0000,111197
13060,3423600640,31163.7,1786016496.9,3.0268,0.093,1.0000,111179
13080,3428843520,31210.9,1786016544.0,3.0398,0.091,1.0000,111143
13100,3434086400,31258.1,1786016591.2,3.0026,0.087,1.0000,111091
13120,3439329280,31305.2,1786016638.4,3.1196,0.090,1.0000,111253
13140,3444572160,31352.3,1786016685.5,3.1498,0.089,1.0000,111326
13160,3449815040,31399.4,1786016732.5,3.0940,0.090,1.0000,111375
13180,3455057920,31446.5,1786016779.6,3.0935,0.086,1.0000,111307
13200,3460300800,31493.5,1786016826.7,3.1264,0.095,1.0000,111375
13220,3465543680,31540.6,1786016873.8,3.0255,0.093,1.0000,111433
13240,3470786560,31587.7,1786016920.9,3.0137,0.089,1.0000,111333
13260,3476029440,31640.9,1786016974.1,3.1098,0.091,1.0000,98456
13280,3481272320,31688.1,1786017021.3,3.0702,0.093,1.0000,111169
13300,3486515200,31735.4,1786017068.5,3.0516,0.092,1.0000,110897
13320,3491758080,31782.5,1786017115.7,3.1103,0.092,1.0000,111142
13340,3497000960,31829.7,1786017162.9,3.1155,0.089,1.0000,111223
13360,3502243840,31876.8,1786017210.0,3.0899,0.088,1.0000,111218
13380,3507486720,31924.0,1786017257.1,3.0667,0.089,1.0000,111259
13400,3512729600,31971.1,1786017304.3,3.0892,0.089,1.0000,111124
13420,3517972480,32018.3,1786017351.5,3.1070,0.088,1.0000,111082
13440,3523215360,32065.7,1786017398.9,3.1240,0.090,1.0000,110600
13460,3528458240,32112.9,1786017446.1,3.1143,0.087,1.0000,111179
13480,3533701120,32160.1,1786017493.2,3.0696,0.088,1.0000,111103
13500,3538944000,32207.2,1786017540.4,3.1184,0.090,1.0000,111244
13520,3544186880,32260.7,1786017593.9,3.1332,0.088,1.0000,98000
13540,3549429760,32307.9,1786017641.1,3.0027,0.094,1.0000,111113
13560,3554672640,32355.1,1786017688.2,3.1211,0.091,1.0000,111164
13580,3559915520,32402.2,1786017735.3,3.0545,0.088,1.0000,111287
13600,3565158400,32449.3,1786017782.5,3.0150,0.090,1.0000,111187
13620,3570401280,32496.5,1786017829.7,3.0488,0.087,1.0000,111117
13640,3575644160,32543.7,1786017876.9,3.0672,0.085,1.0000,111108
13660,3580887040,32590.9,1786017924.1,3.0358,0.085,1.0000,111101
13680,3586129920,32638.1,1786017971.3,3.0957,0.088,1.0000,111071
13700,3591372800,32685.3,1786018018.4,3.0627,0.089,1.0000,111152
13720,3596615680,32732.5,1786018065.6,3.1607,0.091,1.0000,111071
13740,3601858560,32779.7,1786018112.8,3.1040,0.087,1.0000,111058
13760,3607101440,32832.8,1786018166.0,3.0322,0.087,1.0000,98607
13780,3612344320,32880.0,1786018213.2,3.1194,0.091,1.0000,111115
13800,3617587200,32927.2,1786018260.4,3.0845,0.087,1.0000,111087
13820,3622830080,32974.4,1786018307.6,3.0685,0.088,1.0000,111016
13840,3628072960,33021.6,1786018354.8,3.1119,0.092,1.0000,111069
13860,3633315840,33069.1,1786018402.3,3.1139,0.094,1.0000,110520
13880,3638558720,33116.3,1786018449.5,3.0604,0.086,1.0000,111031
13900,3643801600,33163.5,1786018496.7,3.0843,0.089,1.0000,111010
13920,3649044480,33210.8,1786018543.9,3.0188,0.087,1.0000,110989
13940,3654287360,33258.0,1786018591.2,3.0353,0.087,1.0000,110981
13960,3659530240,33305.3,1786018638.4,3.1262,0.087,1.0000,110981
13980,3664773120,33352.5,1786018685.6,3.0511,0.091,1.0000,111079
14000,3670016000,33399.6,1786018732.8,3.0231,0.088,1.0000,111150
14020,3675258880,33453.1,1786018786.2,3.0057,0.086,1.0000,98110
14040,3680501760,33500.2,1786018833.4,3.0805,0.089,1.0000,111147
14060,3685744640,33547.4,1786018880.6,3.0512,0.087,1.0000,111162
14080,3690987520,33594.5,1786018927.7,3.0831,0.089,1.0000,111209
14100,3696230400,33641.7,1786018974.9,3.0805,0.088,1.0000,111126
14120,3701473280,33688.9,1786019022.0,3.0502,0.085,1.0000,111213
14140,3706716160,33736.0,1786019069.2,3.0312,0.085,1.0000,111190
14160,3711959040,33783.2,1786019116.3,3.0402,0.086,1.0000,111215
14180,3717201920,33830.3,1786019163.5,3.0148,0.088,1.0000,111176
14200,3722444800,33877.5,1786019210.6,3.1667,0.086,1.0000,111172
14220,3727687680,33924.7,1786019257.8,3.0481,0.088,1.0000,111122
14240,3732930560,33971.8,1786019305.0,3.0277,0.088,1.0000,111201
14260,3738173440,34024.4,1786019357.6,3.0722,0.086,1.0000,99659
14280,3743416320,34071.8,1786019404.9,3.0810,0.089,1.0000,110692
14300,3748659200,34118.9,1786019452.1,3.0839,0.094,1.0000,111265
14320,3753902080,34166.0,1786019499.2,3.0337,0.091,1.0000,111251
14340,3759144960,34213.1,1786019546.3,3.0668,0.084,1.0000,111400
14360,3764387840,34260.2,1786019593.3,3.0603,0.089,1.0000,111338
14380,3769630720,34307.2,1786019640.4,3.0654,0.086,1.0000,111388
14400,3774873600,34354.3,1786019687.5,3.0184,0.090,1.0000,111359
14420,3780116480,34401.5,1786019734.7,3.1023,0.088,1.0000,111152
14440,3785359360,34448.7,1786019781.9,3.0564,0.088,1.0000,111049
14460,3790602240,34495.9,1786019829.1,3.0471,0.085,1.0000,111068
14480,3795845120,34543.1,1786019876.3,3.1548,0.088,1.0000,111076
14500,3801088000,34590.2,1786019923.4,3.1101,0.085,1.0000,111381
14520,3806330880,34643.7,1786019976.9,3.1035,0.085,1.0000,97950
14540,3811573760,34690.9,1786020024.1,3.0722,0.092,1.0000,111029
14560,3816816640,34738.0,1786020071.2,3.0563,0.088,1.0000,111394
14580,3822059520,34785.1,1786020118.3,3.0823,0.086,1.0000,111225
14600,3827302400,34832.3,1786020165.5,3.0263,0.089,1.0000,111178
14620,3832545280,34879.5,1786020212.6,3.0227,0.085,1.0000,111175
14640,3837788160,34926.8,1786020260.0,3.1338,0.090,1.0000,110741
14660,3843031040,34974.3,1786020307.4,3.0731,0.088,1.0000,110422
14680,3848273920,35021.7,1786020354.9,3.0356,0.090,1.0000,110502
14700,3853516800,35069.5,1786020402.7,3.0706,0.092,1.0000,109767
14720,3858759680,35117.0,1786020450.1,3.0630,0.085,1.0000,110397
14740,3864002560,35164.4,1786020497.6,3.0292,0.085,1.0000,110537
14760,3869245440,35216.9,1786020550.0,3.0288,0.086,1.0000,99934
14780,3874488320,35264.3,1786020597.5,3.0397,0.086,1.0000,110563
14800,3879731200,35311.7,1786020644.8,3.0510,0.090,1.0000,110650
14820,3884974080,35359.1,1786020692.3,3.0446,0.088,1.0000,110439
14840,3890216960,35406.6,1786020739.8,3.0453,0.094,1.0000,110522
14860,3895459840,35454.0,1786020787.2,3.0448,0.084,1.0000,110504
14880,3900702720,35501.4,1786020834.6,3.0548,0.086,1.0000,110566
14900,3905945600,35548.9,1786020882.0,3.0865,0.090,1.0000,110585
14920,3911188480,35596.2,1786020929.4,3.0790,0.086,1.0000,110683
14940,3916431360,35643.5,1786020976.7,3.0979,0.086,1.0000,110833
14960,3921674240,35690.9,1786021024.0,3.0656,0.085,1.0000,110745
14980,3926917120,35738.2,1786021071.3,3.0800,0.089,1.0000,110833
15000,3932160000,35785.5,1786021118.7,3.0623,0.086,1.0000,110832
15020,3937402880,35839.3,1786021172.4,3.0343,0.093,1.0000,97472
15040,3942645760,35886.5,1786021219.7,3.0465,0.086,1.0000,110992
15060,3947888640,35933.8,1786021266.9,3.1030,0.088,1.0000,110915
15080,3953131520,35981.9,1786021315.0,3.0324,0.090,1.0000,108995
15100,3958374400,36029.1,1786021362.3,3.0668,0.087,1.0000,110944
15120,3963617280,36076.6,1786021409.7,3.0419,0.086,1.0000,110577
15140,3968860160,36123.9,1786021457.0,3.0329,0.082,1.0000,110837
15160,3974103040,36171.1,1786021504.3,3.0915,0.085,1.0000,110914
15180,3979345920,36218.3,1786021551.5,3.1023,0.085,1.0000,111017
15200,3984588800,36265.5,1786021598.7,3.0725,0.084,1.0000,111178
15220,3989831680,36312.6,1786021645.8,3.0948,0.086,1.0000,111290
15240,3995074560,36359.7,1786021692.9,3.0201,0.083,1.0000,111298
15260,4000317440,36413.4,1786021746.6,3.1175,0.084,1.0000,97628
15280,4005560320,36460.5,1786021793.6,3.0411,0.085,1.0000,111431
15300,4010803200,36507.6,1786021840.7,3.0862,0.087,1.0000,111350
15320,4016046080,36554.7,1786021887.9,3.0396,0.085,1.0000,111244
15340,4021288960,36601.9,1786021935.0,3.0457,0.086,1.0000,111106
15360,4026531840,36649.0,1786021982.2,3.0551,0.088,1.0000,111236
15380,4031774720,36696.2,1786022029.3,3.0123,0.084,1.0000,111159
15400,4037017600,36743.3,1786022076.5,3.0448,0.083,1.0000,111205
15420,4042260480,36790.5,1786022123.7,3.0270,0.086,1.0000,111109
15440,4047503360,36837.7,1786022170.8,3.0649,0.089,1.0000,111168
15460,4052746240,36884.8,1786022218.0,3.0582,0.093,1.0000,111226
15480,4057989120,36932.1,1786022265.2,3.0598,0.085,1.0000,110968
15500,4063232000,36979.2,1786022312.3,3.1300,0.089,1.0000,111325
15520,4068474880,37032.6,1786022365.7,3.0557,0.087,1.0000,98174
15540,4073717760,37079.8,1786022413.0,3.0209,0.082,1.0000,110968
15560,4078960640,37126.9,1786022460.0,3.0392,0.083,1.0000,111388
15580,4084203520,37174.0,1786022507.1,3.0281,0.085,1.0000,111323
15600,4089446400,37221.0,1786022554.2,3.0324,0.085,1.0000,111443
15620,4094689280,37268.1,1786022601.2,3.1140,0.083,1.0000,111446
15640,4099932160,37315.3,1786022648.4,3.1322,0.086,1.0000,111051
15660,4105175040,37362.5,1786022695.7,3.0160,0.085,1.0000,110934
15680,4110417920,37409.7,1786022742.9,2.9963,0.084,1.0000,111065
15700,4115660800,37456.8,1786022789.9,3.0656,0.087,1.0000,111447
15720,4120903680,37504.2,1786022837.4,3.0638,0.085,1.0000,110554
15740,4126146560,37551.4,1786022884.6,2.9819,0.084,1.0000,111038
15760,4131389440,37604.5,1786022937.7,3.0052,0.084,1.0000,98777
15780,4136632320,37651.6,1786022984.7,3.0689,0.084,1.0000,111420
15800,4141875200,37698.8,1786023032.0,3.0769,0.082,1.0000,110979
15820,4147118080,37746.0,1786023079.2,3.0836,0.083,1.0000,111053
15840,4152360960,37793.1,1786023126.3,3.0656,0.085,1.0000,111216
15860,4157603840,37840.2,1786023173.4,3.0588,0.084,1.0000,111409
15880,4162846720,37887.4,1786023220.6,2.9975,0.081,1.0000,111070
15900,4168089600,37934.6,1786023267.8,3.0591,0.084,1.0000,111040
15920,4173332480,37981.9,1786023315.1,3.0613,0.084,1.0000,110930
15940,4178575360,38029.2,1786023362.3,3.0380,0.086,1.0000,110885
15960,4183818240,38076.6,1786023409.8,3.0165,0.086,1.0000,110504
15980,4189061120,38123.8,1786023457.0,3.0871,0.083,1.0000,111026
16000,4194304000,38170.9,1786023504.1,3.0447,0.085,1.0000,111329
16020,4199546880,38223.8,1786023557.0,3.0250,0.086,1.0000,99080
16040,4204789760,38271.0,1786023604.1,3.0436,0.084,1.0000,111282
16060,4210032640,38318.1,1786023651.3,3.0716,0.084,1.0000,111222
16080,4215275520,38365.3,1786023698.5,3.0199,0.088,1.0000,111042
16100,4220518400,38412.5,1786023745.7,3.0334,0.083,1.0000,111056
16120,4225761280,38459.7,1786023792.9,3.0219,0.083,1.0000,111152
16140,4231004160,38506.9,1786023840.1,3.0164,0.086,1.0000,111013
16160,4236247040,38554.2,1786023887.3,2.9245,0.087,1.0000,110978
16180,4241489920,38601.4,1786023934.6,3.1045,0.085,1.0000,110910
16200,4246732800,38648.6,1786023981.8,3.1280,0.084,1.0000,111041
16220,4251975680,38695.9,1786024029.1,3.0601,0.087,1.0000,110947
16240,4257218560,38743.1,1786024076.3,2.9918,0.083,1.0000,111120
16260,4262461440,38796.4,1786024129.5,3.0299,0.082,1.0000,98378
16280,4267704320,38843.6,1786024176.7,3.0201,0.084,1.0000,111082
16300,4272947200,38890.8,1786024224.0,3.0506,0.089,1.0000,110927
16320,4278190080,38938.0,1786024271.2,3.0178,0.084,1.0000,111098
16340,4283432960,38985.3,1786024318.5,3.0236,0.088,1.0000,110898
16360,4288675840,39032.7,1786024365.8,3.0749,0.082,1.0000,110745
16380,4293918720,39080.3,1786024413.4,3.0816,0.088,1.0000,110115
16400,4299161600,39127.6,1786024460.8,3.0258,0.086,1.0000,110798
16420,4304404480,39175.0,1786024508.1,3.0175,0.083,1.0000,110642
16440,4309647360,39222.1,1786024555.2,3.0398,0.084,1.0000,111324
16460,4314890240,39269.4,1786024602.6,3.0357,0.086,1.0000,110710
16480,4320133120,39316.7,1786024649.9,3.0301,0.082,1.0000,110881
16500,4325376000,39364.0,1786024697.1,3.0665,0.085,1.0000,110950
16520,4330618880,39417.5,1786024750.6,3.0387,0.087,1.0000,98017
16540,4335861760,39464.6,1786024797.7,2.9581,0.084,1.0000,111287
16560,4341104640,39511.8,1786024844.9,3.0356,0.082,1.0000,111060
16580,4346347520,39558.9,1786024892.1,2.9957,0.085,1.0000,111237
16600,4351590400,39606.1,1786024939.2,3.0787,0.085,1.0000,111157
16620,4356833280,39653.2,1786024986.4,3.0707,0.085,1.0000,111140
16640,4362076160,39700.4,1786025033.5,3.0672,0.081,1.0000,111279
16660,4367319040,39747.5,1786025080.6,3.0425,0.083,1.0000,111274
16680,4372561920,39794.6,1786025127.7,3.0755,0.088,1.0000,111299
16700,4377804800,39841.7,1786025174.8,3.0794,0.088,1.0000,111322
16720,4383047680,39888.8,1786025222.0,3.0863,0.085,1.0000,111302
16740,4388290560,39935.9,1786025269.1,3.0478,0.082,1.0000,111214
16760,4393533440,39989.2,1786025322.4,2.9667,0.083,1.0000,98353
16780,4398776320,40036.3,1786025369.5,3.0718,0.088,1.0000,111296
16800,4404019200,40083.7,1786025416.9,3.0714,0.082,1.0000,110625
16820,4409262080,40130.9,1786025464.1,2.9690,0.081,1.0000,111122
16840,4414504960,40178.2,1786025511.3,3.0439,0.082,1.0000,110981
16860,4419747840,40225.4,1786025558.5,3.0571,0.079,1.0000,111079
16880,4424990720,40272.4,1786025605.5,3.0576,0.089,1.0000,111498
16900,4430233600,40319.7,1786025652.9,3.0386,0.083,1.0000,110773
16920,4435476480,40366.9,1786025700.1,3.0529,0.083,1.0000,111064
16940,4440719360,40413.9,1786025747.1,3.0197,0.082,1.0000,111472
16960,4445962240,40461.0,1786025794.1,3.0589,0.083,1.0000,111536
16980,4451205120,40507.9,1786025841.1,3.0589,0.082,1.0000,111634
17000,4456448000,40554.9,1786025888.1,2.9773,0.081,1.0000,111567
17020,4461690880,40608.4,1786025941.5,3.0117,0.084,1.0000,98061
17040,4466933760,40655.4,1786025988.6,3.0950,0.082,1.0000,111515
17060,4472176640,40702.5,1786026035.6,3.0329,0.083,1.0000,111336
17080,4477419520,40749.7,1786026082.8,3.0888,0.085,1.0000,111092
17100,4482662400,40796.8,1786026130.0,2.9964,0.080,1.0000,111146
17120,4487905280,40843.9,1786026177.1,2.9862,0.083,1.0000,111307
17140,4493148160,40890.9,1786026224.1,3.0317,0.081,1.0000,111587
17160,4498391040,40937.9,1786026271.1,3.0239,0.082,1.0000,111529
17180,4503633920,40985.0,1786026318.2,3.1411,0.086,1.0000,111431
17200,4508876800,41032.0,1786026365.2,3.0696,0.082,1.0000,111552
17220,4514119680,41079.3,1786026412.4,3.0190,0.085,1.0000,110884
17240,4519362560,41126.5,1786026459.6,3.0187,0.082,1.0000,111117
17260,4524605440,41179.7,1786026512.9,3.0005,0.079,1.0000,98472
17280,4529848320,41226.7,1786026559.9,3.0218,0.081,1.0000,111558
17300,4535091200,41273.7,1786026606.9,3.0713,0.081,1.0000,111584
17320,4540334080,41320.7,1786026653.8,3.0939,0.086,1.0000,111601
17340,4545576960,41367.6,1786026700.8,3.0547,0.084,1.0000,111638
17360,4550819840,41414.6,1786026747.8,3.0734,0.088,1.0000,111498
17380,4556062720,41461.7,1786026794.9,3.0336,0.084,1.0000,111410
17400,4561305600,41508.8,1786026841.9,3.0385,0.083,1.0000,111394
17420,4566548480,41555.8,1786026889.0,3.0944,0.085,1.0000,111416
17440,4571791360,41602.9,1786026936.0,3.0713,0.083,1.0000,111465
17460,4577034240,41649.9,1786026983.1,3.1000,0.086,1.0000,111494
17480,4582277120,41696.9,1786027030.1,3.0129,0.083,1.0000,111503
17500,4587520000,41744.0,1786027077.1,3.0046,0.081,1.0000,111386
17520,4592762880,41796.9,1786027130.0,3.0599,0.083,1.0000,99131
17540,4598005760,41844.1,1786027177.3,3.0801,0.083,1.0000,110955
17560,4603248640,41891.1,1786027224.3,3.0229,0.081,1.0000,111600
17580,4608491520,41938.1,1786027271.3,3.0313,0.087,1.0000,111430
17600,4613734400,41985.2,1786027318.4,3.0023,0.080,1.0000,111438
17620,4618977280,42032.3,1786027365.5,2.9993,0.081,1.0000,111300
17640,4624220160,42079.6,1786027412.8,3.0067,0.082,1.0000,110865
17660,4629463040,42126.7,1786027459.9,3.0944,0.082,1.0000,111343
17680,4634705920,42173.9,1786027507.0,3.0325,0.081,1.0000,111149
17700,4639948800,42221.0,1786027554.1,3.0464,0.080,1.0000,111276
17720,4645191680,42268.1,1786027601.3,3.0464,0.084,1.0000,111152
17740,4650434560,42315.3,1786027648.5,3.0628,0.082,1.0000,111063
17760,4655677440,42368.4,1786027701.6,2.9366,0.078,1.0000,98777
17780,4660920320,42415.6,1786027748.7,3.0603,0.080,1.0000,111238
17800,4666163200,42462.7,1786027795.9,3.0454,0.085,1.0000,111236
17820,4671406080,42509.9,1786027843.1,3.0758,0.090,1.0000,111076
17840,4676648960,42557.0,1786027890.2,2.9976,0.084,1.0000,111255
17860,4681891840,42604.3,1786027937.5,3.0386,0.080,1.0000,110903
17880,4687134720,42651.7,1786027984.8,3.0069,0.082,1.0000,110679
17900,4692377600,42698.9,1786028032.1,3.0357,0.084,1.0000,110901
17920,4697620480,42746.1,1786028079.3,3.0304,0.082,1.0000,111144
17940,4702863360,42793.3,1786028126.4,3.0884,0.080,1.0000,111144
17960,4708106240,42840.5,1786028173.6,3.0485,0.084,1.0000,111080
17980,4713349120,42887.6,1786028220.8,3.0591,0.084,1.0000,111189
18000,4718592000,42934.8,1786028267.9,2.9595,0.081,1.0000,111202
18020,4723834880,42988.0,1786028321.2,3.0818,0.082,1.0000,98470
18040,4729077760,43035.3,1786028368.5,3.0363,0.081,1.0000,110843
18060,4734320640,43082.5,1786028415.7,3.0170,0.078,1.0000,111066
18080,4739563520,43129.6,1786028462.8,2.9991,0.083,1.0000,111271
18100,4744806400,43176.8,1786028509.9,2.9921,0.080,1.0000,111284
18120,4750049280,43224.0,1786028557.2,3.0826,0.084,1.0000,110856
18140,4755292160,43271.4,1786028604.6,3.0794,0.082,1.0000,110619
18160,4760535040,43318.8,1786028652.0,3.0673,0.082,1.0000,110751
18180,4765777920,43366.2,1786028699.4,3.0546,0.080,1.0000,110608
18200,4771020800,43413.4,1786028746.6,3.1137,0.087,1.0000,110929
18220,4776263680,43460.6,1786028793.8,3.0104,0.083,1.0000,111097
18240,4781506560,43507.8,1786028840.9,3.0259,0.080,1.0000,111227
18260,4786749440,43561.3,1786028894.5,3.1070,0.083,1.0000,97985
18280,4791992320,43608.4,1786028941.6,3.0669,0.081,1.0000,111255
18300,4797235200,43655.6,1786028988.7,3.0609,0.082,1.0000,111197
18320,4802478080,43702.8,1786029035.9,2.9690,0.080,1.0000,111090
18340,4807720960,43749.9,1786029083.1,3.0729,0.082,1.0000,111192
18360,4812963840,43797.0,1786029130.2,2.9976,0.082,1.0000,111234
18380,4818206720,43844.2,1786029177.3,3.0132,0.081,1.0000,111256
18400,4823449600,43891.3,1786029224.5,3.0861,0.083,1.0000,111156
18420,4828692480,43938.5,1786029271.6,3.0075,0.080,1.0000,111235
18440,4833935360,43985.6,1786029318.7,3.0383,0.079,1.0000,111280
18460,4839178240,44032.9,1786029366.0,3.0319,0.085,1.0000,110898
18480,4844421120,44080.0,1786029413.2,3.0097,0.083,1.0000,111244
18500,4849664000,44127.1,1786029460.2,3.0508,0.083,1.0000,111330
18520,4854906880,44180.5,1786029513.7,2.9949,0.085,1.0000,98161
18540,4860149760,44227.5,1786029560.7,3.0880,0.082,1.0000,111482
18560,4865392640,44274.6,1786029607.8,3.0370,0.081,1.0000,111350
18580,4870635520,44321.7,1786029654.9,2.9622,0.087,1.0000,111290
18600,4875878400,44368.8,1786029701.9,3.0383,0.081,1.0000,111400
18620,4881121280,44415.8,1786029748.9,3.0073,0.081,1.0000,111535
18640,4886364160,44462.8,1786029796.0,3.0754,0.082,1.0000,111483
18660,4891607040,44509.8,1786029843.0,3.0224,0.079,1.0000,111540
18680,4896849920,44556.8,1786029890.0,3.0185,0.086,1.0000,111504
18700,4902092800,44603.8,1786029937.0,3.0538,0.081,1.0000,111563
18720,4907335680,44650.8,1786029984.0,3.0552,0.084,1.0000,111590
18740,4912578560,44697.8,1786030031.0,3.0745,0.082,1.0000,111492
18760,4917821440,44751.2,1786030084.3,3.0073,0.077,1.0000,98328
18780,4923064320,44798.2,1786030131.4,3.0050,0.079,1.0000,111385
18800,4928307200,44845.4,1786030178.6,3.0004,0.081,1.0000,111141
18820,4933550080,44892.7,1786030225.8,3.0486,0.079,1.0000,110954
18840,4938792960,44939.8,1786030273.0,3.0133,0.079,1.0000,111224
18860,4944035840,44987.0,1786030320.2,3.0995,0.080,1.0000,111081
18880,4949278720,45034.4,1786030367.5,3.0269,0.083,1.0000,110701
18900,4954521600,45081.5,1786030414.6,3.0146,0.079,1.0000,111280
18920,4959764480,45128.6,1786030461.7,3.1018,0.084,1.0000,111280
18940,4965007360,45175.7,1786030508.8,3.0222,0.081,1.0000,111333
18960,4970250240,45222.8,1786030556.0,2.9909,0.079,1.0000,111159
18980,4975493120,45270.0,1786030603.2,3.0371,0.081,1.0000,111197
19000,4980736000,45317.2,1786030650.3,3.0292,0.083,1.0000,111125
19020,4985978880,45370.4,1786030703.6,3.0048,0.080,1.0000,98427
19040,4991221760,45417.6,1786030750.8,3.0068,0.081,1.0000,111172
19060,4996464640,45464.6,1786030797.8,3.0039,0.078,1.0000,111491
19080,5001707520,45511.7,1786030844.9,3.0161,0.080,1.0000,111360
19100,5006950400,45558.8,1786030892.0,3.0352,0.083,1.0000,111309
19120,5012193280,45606.0,1786030939.2,3.0315,0.079,1.0000,111087
19140,5017436160,45653.1,1786030986.3,2.9883,0.082,1.0000,111262
19160,5022679040,45700.2,1786031033.3,3.0562,0.082,1.0000,111448
19180,5027921920,45747.2,1786031080.4,3.0503,0.082,1.0000,111427
19200,5033164800,45794.3,1786031127.5,3.0001,0.080,1.0000,111291
19220,5038407680,45841.5,1786031174.7,2.9590,0.086,1.0000,111158
19240,5043650560,45888.5,1786031221.7,3.0044,0.079,1.0000,111459
19260,5048893440,45941.8,1786031275.0,3.0245,0.082,1.0000,98414
19280,5054136320,45988.8,1786031322.0,3.0004,0.079,1.0000,111540
19300,5059379200,46036.1,1786031369.2,3.0077,0.081,1.0000,110974
19320,5064622080,46083.1,1786031416.2,3.0830,0.078,1.0000,111494
19340,5069864960,46130.1,1786031463.3,3.0662,0.080,1.0000,111476
19360,5075107840,46177.1,1786031510.3,3.0578,0.082,1.0000,111580
19380,5080350720,46224.1,1786031557.2,3.0548,0.086,1.0000,111650
19400,5085593600,46271.2,1786031604.4,3.0356,0.080,1.0000,111152
19420,5090836480,46318.3,1786031651.5,3.0597,0.080,1.0000,111313
19440,5096079360,46365.4,1786031698.5,3.0778,0.081,1.0000,111468
19460,5101322240,46412.4,1786031745.6,3.0710,0.079,1.0000,111426
19480,5106565120,46459.5,1786031792.6,3.0565,0.080,1.0000,111415
19500,5111808000,46506.5,1786031839.7,3.0049,0.080,1.0000,111437
19520,5117050880,46559.9,1786031893.1,3.0415,0.083,1.0000,98210
19540,5122293760,46606.9,1786031940.1,2.9937,0.080,1.0000,111522
19560,5127536640,46653.9,1786031987.0,3.0391,0.080,1.0000,111626
19580,5132779520,46700.9,1786032034.0,3.0308,0.079,1.0000,111578
19600,5138022400,46747.8,1786032081.0,3.0669,0.082,1.0000,111683
19620,5143265280,46794.7,1786032127.9,2.9680,0.078,1.0000,111700
19640,5148508160,46841.7,1786032174.9,3.0236,0.080,1.0000,111560
19660,5153751040,46888.7,1786032221.9,2.9731,0.079,1.0000,111605
19680,5158993920,46935.7,1786032268.9,3.0134,0.081,1.0000,111497
19700,5164236800,46982.8,1786032316.0,3.0939,0.079,1.0000,111346
19720,5169479680,47030.1,1786032363.3,3.0753,0.082,1.0000,110912
19740,5174722560,47077.2,1786032410.4,3.0246,0.079,1.0000,111200
19760,5179965440,47130.7,1786032463.8,3.0542,0.080,1.0000,98157
19780,5185208320,47177.8,1786032511.0,3.0006,0.080,1.0000,111246
19800,5190451200,47224.9,1786032558.1,3.0129,0.077,1.0000,111291
19820,5195694080,47272.0,1786032605.2,3.0482,0.077,1.0000,111306
19840,5200936960,47319.1,1786032652.3,3.0594,0.080,1.0000,111261
19860,5206179840,47366.2,1786032699.4,2.9909,0.080,1.0000,111357
19880,5211422720,47413.3,1786032746.4,3.0297,0.081,1.0000,111389
19900,5216665600,47460.3,1786032793.5,3.0189,0.082,1.0000,111409
19920,5221908480,47507.4,1786032840.6,3.0218,0.083,1.0000,111349
19940,5227151360,47554.5,1786032887.7,3.0175,0.085,1.0000,111293
19960,5232394240,47601.7,1786032934.9,2.9774,0.077,1.0000,111111
19980,5237637120,47648.9,1786032982.0,3.0167,0.081,1.0000,111224
20000,5242880000,47695.9,1786033029.1,2.9501,0.077,1.0000,111397
20020,5248122880,47749.3,1786033082.5,3.0114,0.079,1.0000,98149
20040,5253365760,47796.4,1786033129.6,3.0248,0.079,1.0000,111401
20060,5258608640,47843.5,1786033176.6,3.0586,0.080,1.0000,111365
20080,5263851520,47890.5,1786033223.6,3.0452,0.079,1.0000,111588
20100,5269094400,47937.6,1786033270.8,3.0629,0.079,1.0000,111242
20120,5274337280,47984.6,1786033317.8,3.0055,0.077,1.0000,111513
20140,5279580160,48031.9,1786033365.1,3.0040,0.078,1.0000,110823
20160,5284823040,48079.0,1786033412.1,2.9899,0.078,1.0000,111407
20180,5290065920,48126.1,1786033459.2,3.0347,0.079,1.0000,111375
20200,5295308800,48173.1,1786033506.3,3.0428,0.083,1.0000,111369
20220,5300551680,48220.2,1786033553.3,2.9766,0.083,1.0000,111436
20240,5305794560,48267.3,1786033600.4,2.9694,0.078,1.0000,111373
20260,5311037440,48320.7,1786033653.9,2.9863,0.077,1.0000,98087
20280,5316280320,48367.8,1786033701.0,3.0612,0.078,1.0000,111326
20300,5321523200,48414.9,1786033748.1,2.9933,0.080,1.0000,111190
20320,5326766080,48462.1,1786033795.3,3.0124,0.079,1.0000,111233
20340,5332008960,48509.2,1786033842.4,3.0014,0.079,1.0000,111252
20360,5337251840,48556.3,1786033889.5,3.0312,0.080,1.0000,111245
20380,5342494720,48603.4,1786033936.6,3.0628,0.078,1.0000,111444
20400,5347737600,48650.5,1786033983.7,2.9723,0.080,1.0000,111237
20420,5352980480,48697.7,1786034030.8,3.0333,0.077,1.0000,111229
20440,5358223360,48744.7,1786034077.9,3.0653,0.081,1.0000,111402
20460,5363466240,48791.8,1786034125.0,3.0226,0.081,1.0000,111370
20480,5368709120,48838.8,1786034172.0,2.9751,0.079,1.0000,111415
20500,5373952000,48885.9,1786034219.1,2.9771,0.080,1.0000,111391
20520,5379194880,48939.0,1786034272.2,3.0330,0.077,1.0000,98690
20540,5384437760,48986.1,1786034319.2,3.0238,0.078,1.0000,111489
20560,5389680640,49033.3,1786034366.5,2.9836,0.079,1.0000,111020
20580,5394923520,49080.5,1786034413.7,3.0948,0.084,1.0000,111084
20600,5400166400,49127.5,1786034460.7,3.0531,0.079,1.0000,111471
20620,5405409280,49174.6,1786034507.8,2.9951,0.081,1.0000,111400
20640,5410652160,49221.6,1786034554.8,3.0392,0.075,1.0000,111403
20660,5415895040,49268.7,1786034601.9,2.9639,0.077,1.0000,111394
20680,5421137920,49315.8,1786034648.9,3.0517,0.079,1.0000,111455
20700,5426380800,49362.8,1786034696.0,3.0352,0.076,1.0000,111418
20720,5431623680,49409.9,1786034743.1,3.0073,0.079,1.0000,111260
20740,5436866560,49457.0,1786034790.2,2.9938,0.079,1.0000,111304
20760,5442109440,49510.2,1786034843.3,3.1275,0.080,1.0000,98706
20780,5447352320,49557.2,1786034890.4,3.0303,0.080,1.0000,111335
20800,5452595200,49604.3,1786034937.5,3.0290,0.079,1.0000,111390
20820,5457838080,49651.4,1786034984.6,3.0027,0.081,1.0000,111297
20840,5463080960,49698.5,1786035031.7,3.0713,0.085,1.0000,111286
20860,5468323840,49745.6,1786035078.8,3.0837,0.079,1.0000,111283
20880,5473566720,49792.7,1786035125.9,3.0460,0.079,1.0000,111458
20900,5478809600,49839.7,1786035172.9,2.9385,0.079,1.0000,111463
20920,5484052480,49886.8,1786035220.0,3.0161,0.078,1.0000,111366
20940,5489295360,49933.9,1786035267.1,3.0018,0.079,1.0000,111353
20960,5494538240,49981.0,1786035314.2,3.0192,0.079,1.0000,111295
20980,5499781120,50028.3,1786035361.5,3.0108,0.078,1.0000,110820
21000,5505024000,50075.4,1786035408.6,3.0477,0.078,1.0000,111357
21020,5510266880,50128.6,1786035461.7,3.0447,0.082,1.0000,98584
21040,5515509760,50175.7,1786035508.9,3.0181,0.077,1.0000,111166
21060,5520752640,50222.9,1786035556.0,3.0541,0.077,1.0000,111232
21080,5525995520,50270.0,1786035603.2,2.9431,0.078,1.0000,111169
21100,5531238400,50317.2,1786035650.3,3.0114,0.076,1.0000,111231
21120,5536481280,50364.3,1786035697.5,3.0053,0.077,1.0000,111176
21140,5541724160,50411.4,1786035744.6,3.0928,0.077,1.0000,111318
21160,5546967040,50458.5,1786035791.6,2.9919,0.076,1.0000,111449
21180,5552209920,50505.7,1786035838.8,2.9900,0.076,1.0000,111059
21200,5557452800,50552.8,1786035885.9,3.0367,0.082,1.0000,111343
21220,5562695680,50599.9,1786035933.1,3.0313,0.080,1.0000,111210
21240,5567938560,50647.0,1786035980.2,3.0575,0.077,1.0000,111344
21260,5573181440,50701.2,1786036034.4,2.9375,0.079,1.0000,96675
21280,5578424320,50748.4,1786036081.5,3.0756,0.076,1.0000,111185
21300,5583667200,50795.5,1786036128.7,2.9823,0.074,1.0000,111134
21320,5588910080,50842.7,1786036175.8,3.0018,0.078,1.0000,111236
21340,5594152960,50889.7,1786036222.9,2.9816,0.080,1.0000,111400
21360,5599395840,50936.8,1786036270.0,3.0215,0.080,1.0000,111337
21380,5604638720,50984.0,1786036317.2,2.9703,0.083,1.0000,111168
21400,5609881600,51031.3,1786036364.5,2.9993,0.080,1.0000,110725
21420,5615124480,51078.5,1786036411.6,3.0333,0.078,1.0000,111246
21440,5620367360,51125.6,1786036458.8,3.0166,0.082,1.0000,111267
21460,5625610240,51172.7,1786036505.9,2.9948,0.079,1.0000,111324
21480,5630853120,51219.8,1786036553.0,3.0020,0.077,1.0000,111316
21500,5636096000,51266.9,1786036600.0,2.9461,0.077,1.0000,111331
21520,5641338880,51320.6,1786036653.8,3.0361,0.077,1.0000,97588
21540,5646581760,51367.7,1786036700.9,3.0028,0.081,1.0000,111319
21560,5651824640,51414.7,1786036747.9,2.9996,0.078,1.0000,111447
21580,5657067520,51461.9,1786036795.1,3.0074,0.075,1.0000,111208
21600,5662310400,51509.1,1786036842.2,3.0825,0.081,1.0000,111118
21620,5667553280,51556.2,1786036889.3,3.0382,0.077,1.0000,111331
21640,5672796160,51603.4,1786036936.5,2.9939,0.076,1.0000,111103
21660,5678039040,51650.6,1786036983.8,3.0274,0.074,1.0000,110999
21680,5683281920,51697.9,1786037031.0,2.9633,0.076,1.0000,110929
21700,5688524800,51745.1,1786037078.3,2.9440,0.076,1.0000,110996
21720,5693767680,51792.3,1786037125.4,2.9773,0.076,1.0000,111152
21740,5699010560,51839.4,1786037172.6,2.9756,0.077,1.0000,111200
21760,5704253440,51892.6,1786037225.8,2.9942,0.075,1.0000,98589
21780,5709496320,51939.7,1786037272.8,3.0459,0.075,1.0000,111341
21800,5714739200,51986.8,1786037320.0,2.9766,0.078,1.0000,111147
21820,5719982080,52034.1,1786037367.3,2.9206,0.079,1.0000,110871
21840,5725224960,52081.3,1786037414.4,2.9284,0.079,1.0000,111229
21860,5730467840,52128.3,1786037461.5,3.0835,0.077,1.0000,111400
21880,5735710720,52175.5,1786037508.6,2.9670,0.076,1.0000,111200
21900,5740953600,52222.7,1786037555.9,3.0234,0.079,1.0000,111063
21920,5746196480,52270.1,1786037603.2,3.0458,0.077,1.0000,110692
21940,5751439360,52317.3,1786037650.5,2.9934,0.077,1.0000,110902
21960,5756682240,52364.5,1786037697.7,3.0094,0.080,1.0000,111158
21980,5761925120,52411.6,1786037744.8,3.0082,0.077,1.0000,111286
22000,5767168000,52458.7,1786037791.9,3.0455,0.077,1.0000,111361
22020,5772410880,52511.8,1786037845.0,2.9963,0.077,1.0000,98674
22040,5777653760,52558.9,1786037892.1,3.0059,0.078,1.0000,111247
22060,5782896640,52606.1,1786037939.3,2.9962,0.078,1.0000,111079
22080,5788139520,52653.3,1786037986.4,2.9797,0.078,1.0000,111286
22100,5793382400,52700.4,1786038033.6,3.0375,0.077,1.0000,111193
22120,5798625280,52747.6,1786038080.8,2.9888,0.080,1.0000,111107
22140,5803868160,52794.7,1786038127.9,2.9909,0.076,1.0000,111206
22160,5809111040,52841.9,1786038175.1,3.0146,0.077,1.0000,111140
22180,5814353920,52889.1,1786038222.3,3.0057,0.077,1.0000,111035
22200,5819596800,52936.4,1786038269.5,2.9898,0.075,1.0000,111016
22220,5824839680,52983.6,1786038316.8,2.9642,0.080,1.0000,110879
22240,5830082560,53031.1,1786038364.3,3.0368,0.077,1.0000,110373
22260,5835325440,53084.0,1786038417.2,3.0018,0.080,1.0000,99201
22280,5840568320,53131.3,1786038464.5,3.0040,0.075,1.0000,110860
22300,5845811200,53178.5,1786038511.7,2.9966,0.076,1.0000,110952
22320,5851054080,53225.7,1786038558.9,3.0496,0.074,1.0000,111083
22340,5856296960,53273.0,1786038606.2,2.9876,0.082,1.0000,110932
22360,5861539840,53320.1,1786038653.3,3.0369,0.080,1.0000,111339
22380,5866782720,53367.1,1786038700.3,3.0323,0.078,1.0000,111433
22400,5872025600,53414.3,1786038747.4,3.0080,0.078,1.0000,111290
22420,5877268480,53461.3,1786038794.5,2.9805,0.076,1.0000,111357
22440,5882511360,53508.4,1786038841.6,3.0294,0.075,1.0000,111360
22460,5887754240,53555.5,1786038888.7,2.9929,0.076,1.0000,111271
22480,5892997120,53602.6,1786038935.8,2.9865,0.076,1.0000,111319
22500,5898240000,53649.7,1786038982.9,2.9880,0.075,1.0000,111295
22520,5903482880,53702.5,1786039035.6,2.9832,0.076,1.0000,99451
22540,5908725760,53749.5,1786039082.7,3.0231,0.078,1.0000,111455
22560,5913968640,53796.5,1786039129.7,3.0031,0.076,1.0000,111507
22580,5919211520,53843.5,1786039176.7,3.0677,0.078,1.0000,111624
22600,5924454400,53890.5,1786039223.6,2.9833,0.075,1.0000,111603
22620,5929697280,53937.5,1786039270.6,2.9538,0.076,1.0000,111565
22640,5934940160,53984.5,1786039317.7,3.0482,0.080,1.0000,111407
22660,5940183040,54031.8,1786039364.9,3.0212,0.077,1.0000,110992
22680,5945425920,54078.8,1786039411.9,2.9805,0.076,1.0000,111552
22700,5950668800,54125.8,1786039458.9,2.9681,0.077,1.0000,111488
22720,5955911680,54172.9,1786039506.0,2.9873,0.074,1.0000,111314
22740,5961154560,54220.0,1786039553.1,2.9845,0.079,1.0000,111309
22760,5966397440,54273.3,1786039606.5,3.1045,0.076,1.0000,98338
22780,5971640320,54320.4,1786039653.5,3.0595,0.078,1.0000,111392
22800,5976883200,54367.4,1786039700.6,3.0076,0.075,1.0000,111377
22820,5982126080,54414.5,1786039747.7,3.0244,0.076,1.0000,111353
22840,5987368960,54461.6,1786039794.7,2.9305,0.077,1.0000,111407
22860,5992611840,54508.7,1786039841.8,3.0096,0.075,1.0000,111310
22880,5997854720,54555.8,1786039888.9,3.0075,0.077,1.0000,111369
22900,6003097600,54602.9,1786039936.0,2.9590,0.075,1.0000,111326
22920,6008340480,54649.9,1786039983.1,2.9841,0.078,1.0000,111371
22940,6013583360,54697.0,1786040030.2,3.0153,0.075,1.0000,111328
22960,6018826240,54744.1,1786040077.2,2.9974,0.073,1.0000,111482
22980,6024069120,54795.4,1786040128.5,3.0223,0.076,1.0000,102171
23000,6029312000,54842.4,1786040175.6,3.0021,0.073,1.0000,111426
23020,6034554880,54895.6,1786040228.8,2.9479,0.074,1.0000,98616
23040,6039797760,54942.6,1786040275.7,3.0114,0.077,1.0000,111618
23060,6045040640,54989.5,1786040322.7,3.0576,0.078,1.0000,111617
23080,6050283520,55036.7,1786040369.9,3.0038,0.078,1.0000,111089
23100,6055526400,55083.8,1786040416.9,3.0116,0.077,1.0000,111410
23120,6060769280,55130.9,1786040464.0,3.0216,0.074,1.0000,111384
23140,6066012160,55177.8,1786040511.0,2.9767,0.077,1.0000,111554
23160,6071255040,55224.9,1786040558.0,3.0104,0.074,1.0000,111534
23180,6076497920,55271.9,1786040605.1,2.9421,0.077,1.0000,111385
23200,6081740800,55319.0,1786040652.2,3.0066,0.077,1.0000,111364
23220,6086983680,55366.0,1786040699.2,2.9870,0.076,1.0000,111484
23240,6092226560,55413.1,1786040746.3,3.0505,0.078,1.0000,111345
23260,6097469440,55465.9,1786040799.1,3.0012,0.076,1.0000,99302
23280,6102712320,55512.9,1786040846.1,2.9632,0.073,1.0000,111505
23300,6107955200,55560.0,1786040893.2,3.0254,0.076,1.0000,111372
23320,6113198080,55607.1,1786040940.2,2.9666,0.075,1.0000,111425
23340,6118440960,55654.1,1786040987.2,3.0158,0.073,1.0000,111518
23360,6123683840,55701.1,1786041034.3,2.9944,0.074,1.0000,111475
23380,6128926720,55748.1,1786041081.3,3.0059,0.077,1.0000,111495
23400,6134169600,55795.2,1786041128.4,3.0063,0.076,1.0000,111427
23420,6139412480,55842.2,1786041175.4,2.9764,0.074,1.0000,111475
23440,6144655360,55889.2,1786041222.4,3.0328,0.077,1.0000,111478
23460,6149898240,55936.3,1786041269.5,3.0257,0.074,1.0000,111442
23480,6155141120,55983.4,1786041316.6,2.9810,0.081,1.0000,111315
23500,6160384000,56030.8,1786041364.0,2.9677,0.074,1.0000,110547
23520,6165626880,56083.9,1786041417.1,2.9677,0.075,1.0000,98778
23540,6170869760,56130.9,1786041464.1,2.9542,0.075,1.0000,111448
23560,6176112640,56178.0,1786041511.2,2.9637,0.076,1.0000,111391
23580,6181355520,56225.0,1786041558.2,3.0326,0.077,1.0000,111496
23600,6186598400,56272.1,1786041605.2,3.0251,0.075,1.0000,111450
23620,6191841280,56319.1,1786041652.3,3.0906,0.074,1.0000,111374
23640,6197084160,56366.2,1786041699.4,3.0495,0.074,1.0000,111414
23660,6202327040,56413.3,1786041746.4,3.0043,0.073,1.0000,111402
23680,6207569920,56460.3,1786041793.5,2.9842,0.075,1.0000,111396
23700,6212812800,56507.4,1786041840.5,3.0206,0.076,1.0000,111457
23720,6218055680,56554.4,1786041887.5,2.9811,0.076,1.0000,111580
23740,6223298560,56601.4,1786041934.5,3.0293,0.073,1.0000,111543
23760,6228541440,56654.6,1786041987.7,3.0182,0.078,1.0000,98531
23780,6233784320,56701.6,1786042034.8,2.9631,0.075,1.0000,111432
23800,6239027200,56748.6,1786042081.8,3.0348,0.073,1.0000,111643
23820,6244270080,56795.6,1786042128.8,2.9627,0.074,1.0000,111484
23840,6249512960,56842.7,1786042175.8,2.9337,0.073,1.0000,111460
23860,6254755840,56889.7,1786042222.9,3.0118,0.074,1.0000,111456
23880,6259998720,56936.7,1786042269.9,3.0313,0.077,1.0000,111544
23900,6265241600,56983.7,1786042316.8,2.9936,0.079,1.0000,111647
23920,6270484480,57030.9,1786042364.1,3.0769,0.078,1.0000,110926
23940,6275727360,57078.0,1786042411.2,2.9613,0.074,1.0000,111327
23960,6280970240,57125.1,1786042458.3,3.0757,0.077,1.0000,111281
23980,6286213120,57172.2,1786042505.4,2.9496,0.074,1.0000,111288
24000,6291456000,57219.3,1786042552.5,2.9352,0.079,1.0000,111354
24020,6296698880,57272.7,1786042605.9,2.9787,0.076,1.0000,98187
24040,6301941760,57319.8,1786042653.0,3.0717,0.074,1.0000,111340
24060,6307184640,57366.9,1786042700.0,3.0361,0.073,1.0000,111391
24080,6312427520,57413.9,1786042747.1,3.0201,0.072,1.0000,111509
24100,6317670400,57461.0,1786042794.1,3.0078,0.072,1.0000,111355
24120,6322913280,57508.1,1786042841.2,2.9586,0.077,1.0000,111367
24140,6328156160,57555.1,1786042888.3,2.9872,0.074,1.0000,111466
24160,6333399040,57602.1,1786042935.3,3.0325,0.075,1.0000,111543
24180,6338641920,57649.1,1786042982.2,3.0288,0.075,1.0000,111607
24200,6343884800,57696.1,1786043029.2,2.9981,0.075,1.0000,111588
24220,6349127680,57743.1,1786043076.2,2.9941,0.073,1.0000,111507
24240,6354370560,57790.2,1786043123.3,2.9394,0.073,1.0000,111328
24260,6359613440,57843.4,1786043176.6,2.8947,0.072,1.0000,98473
24280,6364856320,57890.5,1786043223.6,3.0273,0.076,1.0000,111380
24300,6370099200,57937.5,1786043270.7,3.0505,0.075,1.0000,111460
24320,6375342080,57984.6,1786043317.7,2.9786,0.075,1.0000,111420
24340,6380584960,58031.9,1786043365.0,3.0100,0.074,1.0000,110877
24360,6385827840,58078.9,1786043412.1,2.9793,0.074,1.0000,111482
24380,6391070720,58125.9,1786043459.1,3.0375,0.073,1.0000,111498
24400,6396313600,58173.0,1786043506.1,2.9438,0.073,1.0000,111410
24420,6401556480,58220.0,1786043553.1,2.9946,0.077,1.0000,111530
24440,6406799360,58267.1,1786043600.2,3.0326,0.076,1.0000,111311
24460,6412042240,58314.1,1786043647.3,2.9121,0.073,1.0000,111400
24480,6417285120,58361.2,1786043694.4,2.9780,0.074,1.0000,111398
24500,6422528000,58408.3,1786043741.5,2.9972,0.072,1.0000,111310
24520,6427770880,58461.1,1786043794.3,2.9908,0.075,1.0000,99337
24540,6433013760,58508.2,1786043841.3,3.0575,0.078,1.0000,111336
24560,6438256640,58555.2,1786043888.4,3.0342,0.076,1.0000,111389
24580,6443499520,58602.2,1786043935.4,2.9806,0.074,1.0000,111563
24600,6448742400,58649.3,1786043982.5,3.0187,0.075,1.0000,111452
24620,6453985280,58696.3,1786044029.5,2.9565,0.079,1.0000,111517
24640,6459228160,58743.3,1786044076.5,3.0020,0.079,1.0000,111451
24660,6464471040,58790.4,1786044123.5,2.9858,0.073,1.0000,111483
24680,6469713920,58837.3,1786044170.5,3.0158,0.077,1.0000,111683
24700,6474956800,58884.3,1786044217.4,2.9670,0.075,1.0000,111667
24720,6480199680,58931.3,1786044264.5,3.0483,0.074,1.0000,111486
24740,6485442560,58978.3,1786044311.5,3.0491,0.074,1.0000,111420
24760,6490685440,59031.9,1786044365.1,3.0098,0.074,1.0000,97864
24780,6495928320,59078.9,1786044412.1,2.9781,0.075,1.0000,111544
24800,6501171200,59125.9,1786044459.1,2.9630,0.073,1.0000,111502
24820,6506414080,59172.9,1786044506.1,3.0161,0.075,1.0000,111553
24840,6511656960,59220.0,1786044553.1,2.9893,0.077,1.0000,111522
24860,6516899840,59266.9,1786044600.1,3.0483,0.073,1.0000,111590
24880,6522142720,59314.0,1786044647.2,2.9535,0.071,1.0000,111360
24900,6527385600,59361.0,1786044694.2,2.9509,0.076,1.0000,111471
24920,6532628480,59408.1,1786044741.2,3.0482,0.075,1.0000,111496
24940,6537871360,59455.1,1786044788.3,3.0317,0.076,1.0000,111482
24960,6543114240,59502.1,1786044835.3,3.0073,0.073,1.0000,111465
24980,6548357120,59549.2,1786044882.3,2.9843,0.075,1.0000,111476
25000,6553600000,59596.2,1786044929.3,3.0115,0.075,1.0000,111538
25020,6558842880,59649.4,1786044982.6,2.9126,0.076,1.0000,98464
25040,6564085760,59696.4,1786045029.5,2.9960,0.074,1.0000,111668
25060,6569328640,59743.3,1786045076.5,3.0289,0.076,1.0000,111657
25080,6574571520,59790.3,1786045123.5,3.0083,0.077,1.0000,111621
25100,6579814400,59837.3,1786045170.4,2.9702,0.072,1.0000,111629
25120,6585057280,59884.2,1786045217.4,2.8880,0.072,1.0000,111651
25140,6590300160,59931.2,1786045264.4,2.9789,0.075,1.0000,111533
25160,6595543040,59978.3,1786045311.4,2.9737,0.072,1.0000,111502
25180,6600785920,60025.5,1786045358.7,3.0259,0.076,1.0000,110950
25200,6606028800,60072.6,1786045405.7,2.9771,0.077,1.0000,111373
25220,6611271680,60119.6,1786045452.8,3.0241,0.074,1.0000,111422
25240,6616514560,60166.7,1786045499.8,2.9758,0.074,1.0000,111482
25260,6621757440,60220.1,1786045553.2,3.0262,0.074,1.0000,98177
25280,6627000320,60267.0,1786045600.2,2.9954,0.075,1.0000,111710
25300,6632243200,60313.9,1786045647.1,3.0170,0.074,1.0000,111706
25320,6637486080,60360.9,1786045694.1,2.9162,0.075,1.0000,111606
25340,6642728960,60407.9,1786045741.1,2.9655,0.077,1.0000,111583
25360,6647971840,60454.9,1786045788.0,2.9226,0.072,1.0000,111632
25380,6653214720,60501.8,1786045835.0,2.9776,0.073,1.0000,111596
25400,6658457600,60548.9,1786045882.0,3.0058,0.074,1.0000,111511
25420,6663700480,60595.8,1786045929.0,2.9550,0.073,1.0000,111630
25440,6668943360,60642.9,1786045976.1,3.0180,0.073,1.0000,111358
25460,6674186240,60690.0,1786046023.2,2.9879,0.075,1.0000,111362
25480,6679429120,60737.1,1786046070.2,3.0446,0.075,1.0000,111394
25500,6684672000,60784.1,1786046117.3,2.9803,0.073,1.0000,111399
25520,6689914880,60842.1,1786046175.3,3.0070,0.076,1.0000,90403
25540,6695157760,60889.0,1786046222.2,3.0010,0.074,1.0000,111717
25560,6700400640,60936.1,1786046269.3,3.0140,0.074,1.0000,111418
25580,6705643520,60983.2,1786046316.4,2.9887,0.071,1.0000,111347
25600,6710886400,61030.5,1786046363.6,3.0057,0.074,1.0000,110886
25620,6716129280,61077.5,1786046410.7,2.9687,0.072,1.0000,111426
25640,6721372160,61124.5,1786046457.7,3.0759,0.076,1.0000,111514
25660,6726615040,61171.6,1786046504.7,3.0078,0.075,1.0000,111483
25680,6731857920,61218.6,1786046551.8,2.9964,0.076,1.0000,111472
25700,6737100800,61265.6,1786046598.8,2.9409,0.073,1.0000,111428
25720,6742343680,61312.7,1786046645.9,3.0015,0.077,1.0000,111425
25740,6747586560,61359.7,1786046692.9,2.9398,0.072,1.0000,111473
25760,6752829440,61412.3,1786046745.5,2.9761,0.072,1.0000,99745
25780,6758072320,61459.3,1786046792.5,3.0817,0.074,1.0000,111484
25800,6763315200,61506.3,1786046839.5,2.9793,0.074,1.0000,111544
25820,6768558080,61553.3,1786046886.5,2.9963,0.076,1.0000,111624
25840,6773800960,61600.2,1786046933.4,3.0223,0.075,1.0000,111695
25860,6779043840,61647.2,1786046980.3,2.9688,0.073,1.0000,111689
25880,6784286720,61694.2,1786047027.4,3.0026,0.073,1.0000,111527
25900,6789529600,61741.2,1786047074.4,2.9415,0.073,1.0000,111403
25920,6794772480,61788.3,1786047121.5,2.9918,0.075,1.0000,111335
25940,6800015360,61835.3,1786047168.4,2.9706,0.076,1.0000,111694
25960,6805258240,61882.3,1786047215.4,2.9515,0.072,1.0000,111562
25980,6810501120,61929.3,1786047262.5,3.0248,0.078,1.0000,111482
26000,6815744000,61976.3,1786047309.5,2.9944,0.074,1.0000,111463
26020,6820986880,62029.5,1786047362.7,2.9686,0.077,1.0000,98542
26040,6826229760,62076.5,1786047409.6,2.9620,0.072,1.0000,111741
26060,6831472640,62123.5,1786047456.6,3.0793,0.076,1.0000,111550
26080,6836715520,62170.5,1786047503.7,3.0048,0.072,1.0000,111470
26100,6841958400,62217.6,1786047550.8,3.0605,0.074,1.0000,111209
26120,6847201280,62264.8,1786047598.0,3.0091,0.072,1.0000,111133
26140,6852444160,62312.0,1786047645.1,2.9284,0.076,1.0000,111184
26160,6857687040,62359.2,1786047692.4,3.0139,0.072,1.0000,110985
26180,6862929920,62406.2,1786047739.4,2.9929,0.073,1.0000,111482
26200,6868172800,62453.2,1786047786.4,3.0008,0.075,1.0000,111596
26220,6873415680,62500.3,1786047833.4,2.9610,0.075,1.0000,111477
26240,6878658560,62547.3,1786047880.5,2.9837,0.074,1.0000,111349
26260,6883901440,62600.1,1786047933.3,2.9797,0.072,1.0000,99333
26280,6889144320,62647.1,1786047980.3,3.0136,0.076,1.0000,111528
26300,6894387200,62694.2,1786048027.3,2.9935,0.075,1.0000,111485
26320,6899630080,62741.1,1786048074.3,3.0270,0.073,1.0000,111633
26340,6904872960,62788.3,1786048121.5,2.9541,0.073,1.0000,111145
26360,6910115840,62835.3,1786048168.5,2.9771,0.073,1.0000,111446
26380,6915358720,62882.5,1786048215.7,2.9422,0.074,1.0000,111175
26400,6920601600,62929.7,1786048262.8,3.0037,0.072,1.0000,111167
26420,6925844480,62976.8,1786048310.0,3.0216,0.073,1.0000,111222
26440,6931087360,63024.1,1786048357.3,2.9280,0.072,1.0000,110724
26460,6936330240,63071.3,1786048404.5,2.9375,0.072,1.0000,111232
26480,6941573120,63118.6,1786048451.7,2.9874,0.071,1.0000,110892
26500,6946816000,63165.7,1786048498.9,2.9289,0.072,1.0000,111222
26520,6952058880,63219.1,1786048552.3,2.9507,0.073,1.0000,98202
26540,6957301760,63266.1,1786048599.3,2.9921,0.071,1.0000,111529
26560,6962544640,63313.2,1786048646.3,3.0100,0.078,1.0000,111387
26580,6967787520,63360.3,1786048693.5,3.0297,0.078,1.0000,111280
26600,6973030400,63407.4,1786048740.6,3.0001,0.074,1.0000,111279
26620,6978273280,63454.5,1786048787.6,3.0079,0.076,1.0000,111401
26640,6983516160,63501.6,1786048834.8,3.0011,0.073,1.0000,111221
26660,6988759040,63548.7,1786048881.9,3.0014,0.074,1.0000,111302
26680,6994001920,63595.8,1786048929.0,3.0272,0.073,1.0000,111288
26700,6999244800,63642.8,1786048976.0,2.9874,0.072,1.0000,111471
26720,7004487680,63689.8,1786049023.0,2.9991,0.072,1.0000,111681
26740,7009730560,63736.8,1786049070.0,2.9878,0.075,1.0000,111573
26760,7014973440,63789.5,1786049122.6,2.9901,0.071,1.0000,99495
26780,7020216320,63836.5,1786049169.6,2.9873,0.073,1.0000,111593
26800,7025459200,63883.5,1786049216.6,2.9673,0.071,1.0000,111544
26820,7030702080,63930.6,1786049263.7,2.9974,0.072,1.0000,111340
26840,7035944960,63977.7,1786049310.8,2.9399,0.071,1.0000,111276
26860,7041187840,64024.9,1786049358.0,2.9876,0.075,1.0000,111114
26880,7046430720,64071.9,1786049405.1,2.9500,0.072,1.0000,111434
26900,7051673600,64119.0,1786049452.1,3.0434,0.075,1.0000,111413
26920,7056916480,64166.1,1786049499.3,2.9991,0.072,1.0000,111168
26940,7062159360,64213.2,1786049546.4,3.0036,0.073,1.0000,111377
26960,7067402240,64260.3,1786049593.5,2.9493,0.071,1.0000,111323
26980,7072645120,64307.4,1786049640.6,3.0188,0.073,1.0000,111298
27000,7077888000,64354.6,1786049687.7,3.0540,0.073,1.0000,111130
27020,7083130880,64408.0,1786049741.2,3.0156,0.073,1.0000,98088
27040,7088373760,64455.1,1786049788.3,3.0706,0.071,1.0000,111339
27060,7093616640,64502.1,1786049835.3,2.9866,0.073,1.0000,111500
27080,7098859520,64549.2,1786049882.3,2.9798,0.073,1.0000,111463
27100,7104102400,64596.2,1786049929.4,2.9959,0.073,1.0000,111486
27120,7109345280,64643.2,1786049976.4,2.9208,0.070,1.0000,111453
27140,7114588160,64690.4,1786050023.5,3.0100,0.074,1.0000,111282
27160,7119831040,64737.5,1786050070.6,2.9913,0.076,1.0000,111313
27180,7125073920,64784.5,1786050117.7,2.9727,0.072,1.0000,111453
27200,7130316800,64831.6,1786050164.7,2.9432,0.072,1.0000,111407
27220,7135559680,64878.7,1786050211.8,2.9281,0.072,1.0000,111332
27240,7140802560,64925.7,1786050258.8,2.9303,0.072,1.0000,111526
27260,7146045440,64979.0,1786050312.1,3.0460,0.077,1.0000,98339
27280,7151288320,65026.2,1786050359.4,2.9658,0.071,1.0000,111010
27300,7156531200,65073.3,1786050406.4,2.9683,0.075,1.0000,111428
27320,7161774080,65120.3,1786050453.5,2.9673,0.073,1.0000,111341
27340,7167016960,65167.4,1786050500.5,3.0173,0.073,1.0000,111531
27360,7172259840,65214.4,1786050547.6,2.9509,0.075,1.0000,111454
27380,7177502720,65261.5,1786050594.6,2.9784,0.074,1.0000,111371
27400,7182745600,65308.6,1786050641.7,3.0669,0.073,1.0000,111326
27420,7187988480,65355.7,1786050688.8,2.9891,0.072,1.0000,111317
27440,7193231360,65402.8,1786050736.0,2.9500,0.071,1.0000,111268
27460,7198474240,65449.9,1786050783.1,2.9363,0.071,1.0000,111292
27480,7203717120,65497.0,1786050830.2,3.0015,0.075,1.0000,111293
27500,7208960000,65544.1,1786050877.3,2.9129,0.075,1.0000,111280
27520,7214202880,65597.5,1786050930.7,3.0024,0.072,1.0000,98182
27540,7219445760,65644.6,1786050977.8,3.0321,0.074,1.0000,111339
27560,7224688640,65691.7,1786051024.9,2.9739,0.078,1.0000,111237
27580,7229931520,65738.9,1786051072.0,2.9825,0.072,1.0000,111279
27600,7235174400,65786.0,1786051119.2,3.0564,0.073,1.0000,111244
27620,7240417280,65833.1,1786051166.3,2.9615,0.073,1.0000,111198
27640,7245660160,65880.3,1786051213.5,2.9392,0.072,1.0000,111169
27660,7250903040,65927.4,1786051260.6,2.9254,0.074,1.0000,111307
27680,7256145920,65974.5,1786051307.7,2.9550,0.073,1.0000,111343
27700,7261388800,66021.7,1786051354.9,2.9618,0.072,1.0000,111073
27720,7266631680,66068.7,1786051401.9,2.9743,0.072,1.0000,111442
27740,7271874560,66115.8,1786051449.0,2.9583,0.072,1.0000,111349
27760,7277117440,66169.1,1786051502.2,2.9620,0.073,1.0000,98442
27780,7282360320,66216.0,1786051549.2,2.9558,0.077,1.0000,111611
27800,7287603200,66263.1,1786051596.3,2.9827,0.073,1.0000,111411
27820,7292846080,66310.2,1786051643.4,2.9614,0.072,1.0000,111297
27840,7298088960,66357.2,1786051690.4,2.9884,0.073,1.0000,111546
27860,7303331840,66404.1,1786051737.3,2.9643,0.074,1.0000,111758
27880,7308574720,66451.2,1786051784.3,3.0008,0.072,1.0000,111503
27900,7313817600,66498.2,1786051831.3,2.9764,0.072,1.0000,111525
27920,7319060480,66545.1,1786051878.3,2.9383,0.074,1.0000,111668
27940,7324303360,66592.1,1786051925.2,3.0045,0.077,1.0000,111633
27960,7329546240,66639.0,1786051972.2,2.9765,0.071,1.0000,111711
27980,7334789120,66685.9,1786052019.1,3.0001,0.073,1.0000,111723
28000,7340032000,66732.9,1786052066.1,2.9819,0.074,1.0000,111568
28020,7345274880,66786.0,1786052119.2,2.9695,0.072,1.0000,98798
28040,7350517760,66833.0,1786052166.2,2.9877,0.069,1.0000,111580
28060,7355760640,66880.0,1786052213.1,2.9867,0.073,1.0000,111612
28080,7361003520,66927.0,1786052260.1,2.9842,0.076,1.0000,111548
28100,7366246400,66974.0,1786052307.1,2.9810,0.072,1.0000,111545
28120,7371489280,67021.1,1786052354.3,3.0198,0.073,1.0000,111108
28140,7376732160,67068.1,1786052401.3,3.0632,0.073,1.0000,111642
28160,7381975040,67115.1,1786052448.2,3.0134,0.069,1.0000,111630
28180,7387217920,67162.0,1786052495.2,3.0004,0.080,1.0000,111642
28200,7392460800,67209.0,1786052542.2,2.9431,0.072,1.0000,111615
28220,7397703680,67256.0,1786052589.2,2.9173,0.071,1.0000,111583
28240,7402946560,67303.0,1786052636.2,2.9572,0.074,1.0000,111566
28260,7408189440,67356.2,1786052689.4,2.9111,0.070,1.0000,98521
28280,7413432320,67403.3,1786052736.4,2.9518,0.072,1.0000,111435
28300,7418675200,67450.2,1786052783.4,2.9722,0.072,1.0000,111633
28320,7423918080,67497.2,1786052830.4,2.9294,0.071,1.0000,111599
28340,7429160960,67544.2,1786052877.3,3.0846,0.073,1.0000,111617
28360,7434403840,67591.2,1786052924.3,3.0033,0.074,1.0000,111531
28380,7439646720,67638.3,1786052971.4,3.0360,0.073,1.0000,111379
28400,7444889600,67685.3,1786053018.5,2.9773,0.070,1.0000,111453
28420,7450132480,67732.3,1786053065.5,2.9856,0.073,1.0000,111556
28440,7455375360,67779.3,1786053112.5,2.9892,0.075,1.0000,111546
28460,7460618240,67826.2,1786053159.4,3.0233,0.073,1.0000,111731
28480,7465861120,67873.2,1786053206.4,2.9640,0.072,1.0000,111610
28500,7471104000,67920.2,1786053253.4,2.9729,0.074,1.0000,111491
28520,7476346880,67973.4,1786053306.5,3.0099,0.071,1.0000,98641
28540,7481589760,68020.7,1786053353.9,3.0242,0.071,1.0000,110711
28560,7486832640,68067.7,1786053400.9,2.9901,0.073,1.0000,111541
28580,7492075520,68114.7,1786053447.9,2.9501,0.070,1.0000,111620
28600,7497318400,68161.7,1786053494.9,3.0321,0.073,1.0000,111573
28620,7502561280,68208.7,1786053541.8,2.9693,0.069,1.0000,111593
28640,7507804160,68255.6,1786053588.8,2.9414,0.072,1.0000,111762
28660,7513047040,68302.5,1786053635.7,3.0371,0.072,1.0000,111762
28680,7518289920,68349.4,1786053682.6,2.9641,0.072,1.0000,111726
28700,7523532800,68396.4,1786053729.6,3.0053,0.070,1.0000,111534
28720,7528775680,68443.4,1786053776.6,2.9984,0.075,1.0000,111584
28740,7534018560,68490.4,1786053823.6,3.0248,0.070,1.0000,111600
28760,7539261440,68543.4,1786053876.6,2.9538,0.070,1.0000,98918
28780,7544504320,68590.3,1786053923.5,2.9646,0.074,1.0000,111667
28800,7549747200,68637.3,1786053970.5,2.9872,0.074,1.0000,111583
28820,7554990080,68684.3,1786054017.5,3.0017,0.072,1.0000,111641
28840,7560232960,68731.3,1786054064.4,2.9972,0.073,1.0000,111627
28860,7565475840,68778.2,1786054111.4,3.0447,0.073,1.0000,111606
28880,7570718720,68825.3,1786054158.4,2.9777,0.073,1.0000,111525
28900,7575961600,68872.2,1786054205.4,2.9453,0.070,1.0000,111583
28920,7581204480,68919.2,1786054252.4,2.9714,0.075,1.0000,111555
28940,7586447360,68966.3,1786054299.4,2.9327,0.072,1.0000,111507
28960,7591690240,69013.4,1786054346.6,2.9602,0.070,1.0000,111122
28980,7596933120,69060.4,1786054393.6,3.0334,0.072,1.0000,111633
29000,7602176000,69107.4,1786054440.5,3.0063,0.071,1.0000,111614
29020,7607418880,69160.7,1786054493.9,3.0046,0.073,1.0000,98350
29040,7612661760,69207.7,1786054540.8,2.9102,0.073,1.0000,111582
29060,7617904640,69254.6,1786054587.8,3.0558,0.072,1.0000,111664
29080,7623147520,69301.5,1786054634.7,3.0347,0.071,1.0000,111797
29100,7628390400,69348.4,1786054681.6,2.9601,0.073,1.0000,111735
29120,7633633280,69395.3,1786054728.5,2.9708,0.077,1.0000,111848
29140,7638876160,69442.2,1786054775.4,2.9673,0.072,1.0000,111783
29160,7644119040,69489.2,1786054822.4,2.9467,0.074,1.0000,111596
29180,7649361920,69536.2,1786054869.4,2.9900,0.071,1.0000,111557
29200,7654604800,69583.1,1786054916.3,2.9864,0.071,1.0000,111687
29220,7659847680,69630.1,1786054963.3,3.0079,0.072,1.0000,111586
29240,7665090560,69677.1,1786055010.3,2.8876,0.071,1.0000,111550
29260,7670333440,69729.7,1786055062.8,2.9983,0.070,1.0000,99811
29280,7675576320,69776.5,1786055109.7,3.0020,0.072,1.0000,111945
29300,7680819200,69823.4,1786055156.6,3.0437,0.073,1.0000,111775
29320,7686062080,69870.3,1786055203.5,3.0048,0.069,1.0000,111783
29340,7691304960,69917.2,1786055250.4,2.9145,0.072,1.0000,111783
29360,7696547840,69964.1,1786055297.2,2.9473,0.070,1.0000,111833
29380,7701790720,70011.2,1786055344.4,2.9363,0.071,1.0000,111285
29400,7707033600,70058.1,1786055391.3,2.9475,0.072,1.0000,111746
29420,7712276480,70105.1,1786055438.3,2.8961,0.069,1.0000,111595
29440,7717519360,70152.1,1786055485.2,2.9600,0.072,1.0000,111604
29460,7722762240,70199.0,1786055532.2,2.9700,0.071,1.0000,111632
29480,7728005120,70246.0,1786055579.2,2.9573,0.072,1.0000,111615
29500,7733248000,70293.0,1786055626.2,2.9574,0.076,1.0000,111581
29520,7738490880,70346.3,1786055679.5,3.0214,0.075,1.0000,98276
29540,7743733760,70393.2,1786055726.4,2.9977,0.074,1.0000,111849
29560,7748976640,70440.1,1786055773.3,3.0327,0.072,1.0000,111715
29580,7754219520,70487.0,1786055820.2,2.9649,0.070,1.0000,111795
29600,7759462400,70533.9,1786055867.1,2.9967,0.079,1.0000,111879
29620,7764705280,70580.8,1786055914.0,2.9492,0.068,1.0000,111711
29640,7769948160,70627.8,1786055960.9,2.9884,0.072,1.0000,111702
29660,7775191040,70674.8,1786056007.9,3.0070,0.069,1.0000,111538
29680,7780433920,70721.8,1786056055.0,2.9454,0.070,1.0000,111478
29700,7785676800,70768.8,1786056102.0,2.9908,0.072,1.0000,111554
29720,7790919680,70815.8,1786056148.9,3.0078,0.073,1.0000,111670
29740,7796162560,70862.8,1786056195.9,2.9611,0.069,1.0000,111510
29760,7801405440,70915.8,1786056249.0,2.9776,0.070,1.0000,98796
29780,7806648320,70962.8,1786056295.9,2.9500,0.077,1.0000,111759
29800,7811891200,71009.8,1786056342.9,3.0267,0.073,1.0000,111557
29820,7817134080,71056.9,1786056390.1,2.9589,0.070,1.0000,111189
29840,7822376960,71103.9,1786056437.0,2.9505,0.070,1.0000,111661
29860,7827619840,71150.8,1786056484.0,2.9982,0.072,1.0000,111654
29880,7832862720,71197.8,1786056531.0,2.9775,0.069,1.0000,111599
29900,7838105600,71244.8,1786056578.0,2.9513,0.072,1.0000,111511
29920,7843348480,71291.8,1786056625.0,3.0028,0.070,1.0000,111593
29940,7848591360,71338.7,1786056671.9,2.9879,0.073,1.0000,111757
29960,7853834240,71385.6,1786056718.8,3.0133,0.070,1.0000,111703
29980,7859077120,71432.5,1786056765.7,2.9794,0.070,1.0000,111796
30000,7864320000,71479.5,1786056812.7,2.9509,0.071,1.0000,111681
30020,7869562880,71532.8,1786056866.0,3.0548,0.074,1.0000,98354
30040,7874805760,71579.7,1786056912.9,2.9485,0.071,1.0000,111698
30060,7880048640,71626.7,1786056959.8,2.9687,0.072,1.0000,111679
30080,7885291520,71673.6,1786057006.8,2.9643,0.072,1.0000,111620
30100,7890534400,71720.6,1786057053.8,2.9570,0.073,1.0000,111625
30120,7895777280,71767.6,1786057100.7,2.9724,0.069,1.0000,111675
30140,7901020160,71814.5,1786057147.7,2.9229,0.072,1.0000,111642
30160,7906263040,71861.5,1786057194.7,2.9335,0.071,1.0000,111596
30180,7911505920,71908.5,1786057241.7,2.9670,0.073,1.0000,111503
30200,7916748800,71955.5,1786057288.7,2.9311,0.068,1.0000,111649
30220,7921991680,72002.4,1786057335.6,2.9851,0.071,1.0000,111646
30240,7927234560,72049.6,1786057382.8,2.9810,0.069,1.0000,111115
30260,7932477440,72102.5,1786057435.7,2.8931,0.073,1.0000,99152
30280,7937720320,72149.4,1786057482.6,3.0229,0.071,1.0000,111710
30300,7942963200,72196.4,1786057529.5,2.9354,0.071,1.0000,111700
30320,7948206080,72243.3,1786057576.5,3.0125,0.072,1.0000,111656
30340,7953448960,72290.3,1786057623.5,2.9341,0.072,1.0000,111667
30360,7958691840,72337.2,1786057670.4,3.0936,0.073,1.0000,111661
30380,7963934720,72384.2,1786057717.4,2.9300,0.071,1.0000,111634
30400,7969177600,72431.2,1786057764.3,2.9734,0.070,1.0000,111656
30420,7974420480,72478.1,1786057811.3,2.9759,0.069,1.0000,111672
30440,7979663360,72525.1,1786057858.2,3.0026,0.071,1.0000,111655
30460,7984906240,72572.0,1786057905.2,2.9838,0.073,1.0000,111652
30480,7990149120,72618.9,1786057952.1,2.9442,0.070,1.0000,111747
30500,7995392000,72665.9,1786057999.0,2.9888,0.075,1.0000,111693
30520,8000634880,72719.1,1786058052.2,2.8732,0.069,1.0000,98577
30540,8005877760,72765.9,1786058099.1,2.9508,0.068,1.0000,111928
30560,8011120640,72812.7,1786058145.9,2.9658,0.070,1.0000,111979
30580,8016363520,72859.5,1786058192.7,2.9303,0.069,1.0000,111998
30600,8021606400,72906.4,1786058239.5,3.0374,0.071,1.0000,111988
30620,8026849280,72953.2,1786058286.3,3.0105,0.073,1.0000,111984
30640,8032092160,73000.0,1786058333.1,2.9521,0.073,1.0000,112023
30660,8037335040,73047.0,1786058380.1,2.9884,0.070,1.0000,111556
30680,8042577920,73093.8,1786058426.9,2.9282,0.071,1.0000,112023
30700,8047820800,73140.6,1786058473.8,2.8995,0.073,1.0000,112001
30720,8053063680,73187.4,1786058520.6,2.9561,0.070,1.0000,111997
30740,8058306560,73234.2,1786058567.4,2.9564,0.071,1.0000,111980
30760,8063549440,73287.9,1786058621.1,3.0322,0.071,1.0000,97636
30780,8068792320,73334.7,1786058667.9,2.9320,0.069,1.0000,111998
30800,8074035200,73381.6,1786058714.8,3.0116,0.070,1.0000,111798
30820,8079278080,73428.5,1786058761.7,3.0310,0.073,1.0000,111732
30840,8084520960,73475.4,1786058808.6,3.0240,0.071,1.0000,111854
30860,8089763840,73522.3,1786058855.5,3.0052,0.075,1.0000,111855
30880,8095006720,73569.2,1786058902.3,2.9671,0.072,1.0000,111843
30900,8100249600,73616.0,1786058949.2,2.9634,0.070,1.0000,111848
30920,8105492480,73662.8,1786058996.0,2.9744,0.072,1.0000,112021
30940,8110735360,73709.7,1786059042.8,2.9704,0.071,1.0000,111998
30960,8115978240,73756.5,1786059089.6,2.9771,0.069,1.0000,112004
30980,8121221120,73803.3,1786059136.4,2.9311,0.071,1.0000,112049
31000,8126464000,73850.1,1786059183.2,2.9425,0.072,1.0000,112022
31020,8131706880,73903.4,1786059236.6,3.0041,0.070,1.0000,98250
31040,8136949760,73950.2,1786059283.4,2.9616,0.072,1.0000,112021
31060,8142192640,73997.0,1786059330.2,2.8674,0.068,1.0000,111995
31080,8147435520,74044.0,1786059377.2,2.9389,0.070,1.0000,111561
31100,8152678400,74090.9,1786059424.0,2.9394,0.071,1.0000,111956
31120,8157921280,74137.7,1786059470.8,2.9563,0.070,1.0000,112018
31140,8163164160,74184.5,1786059517.7,2.9904,0.071,1.0000,111847
31160,8168407040,74231.4,1786059564.6,2.9306,0.070,1.0000,111797
31180,8173649920,74278.3,1786059611.5,2.9841,0.071,1.0000,111832
31200,8178892800,74325.1,1786059658.3,3.0551,0.072,1.0000,111984
31220,8184135680,74372.0,1786059705.2,2.9491,0.070,1.0000,111822
31240,8189378560,74418.9,1786059752.1,2.9642,0.070,1.0000,111763
31260,8194621440,74472.6,1786059805.7,2.9671,0.072,1.0000,97753
31280,8199864320,74519.4,1786059852.6,3.0400,0.070,1.0000,111958
31300,8205107200,74566.3,1786059899.5,2.9636,0.072,1.0000,111822
31320,8210350080,74613.2,1786059946.3,2.9617,0.071,1.0000,111836
31340,8215592960,74660.0,1786059993.2,3.0176,0.070,1.0000,111845
31360,8220835840,74706.9,1786060040.1,2.9829,0.072,1.0000,111792
31380,8226078720,74753.8,1786060086.9,2.9469,0.070,1.0000,111978
31400,8231321600,74800.6,1786060133.7,2.9942,0.070,1.0000,112038
31420,8236564480,74847.4,1786060180.6,2.9711,0.073,1.0000,111967
31440,8241807360,74894.2,1786060227.4,3.0047,0.069,1.0000,111993
31460,8247050240,74941.0,1786060274.2,3.0059,0.073,1.0000,112055
31480,8252293120,74987.8,1786060321.0,3.0149,0.071,1.0000,111880
31500,8257536000,75034.9,1786060368.1,2.9737,0.070,1.0000,111418
31520,8262778880,75088.6,1786060421.8,2.9599,0.070,1.0000,97648
31540,8268021760,75135.5,1786060468.6,2.9521,0.069,1.0000,111880
31560,8273264640,75182.3,1786060515.5,2.9523,0.072,1.0000,111890
31580,8278507520,75229.1,1786060562.3,3.0365,0.070,1.0000,112005
31600,8283750400,75275.9,1786060609.1,2.9844,0.070,1.0000,111983
31620,8288993280,75322.8,1786060656.0,2.9142,0.071,1.0000,111810
31640,8294236160,75369.7,1786060702.9,2.9931,0.072,1.0000,111844
31660,8299479040,75416.6,1786060749.7,2.9692,0.069,1.0000,111903
31680,8304721920,75463.4,1786060796.6,2.9756,0.070,1.0000,111844
31700,8309964800,75510.3,1786060843.5,2.9186,0.071,1.0000,111793
31720,8315207680,75557.2,1786060890.4,2.9634,0.069,1.0000,111834
31740,8320450560,75604.1,1786060937.3,2.9518,0.076,1.0000,111852
31760,8325693440,75657.4,1786060990.6,2.9496,0.071,1.0000,98341
31780,8330936320,75704.2,1786061037.4,2.9500,0.067,1.0000,111929
31800,8336179200,75751.1,1786061084.3,3.0421,0.070,1.0000,111895
31820,8341422080,75798.0,1786061131.1,2.9528,0.070,1.0000,111896
31840,8346664960,75844.8,1786061178.0,2.9577,0.070,1.0000,111850
31860,8351907840,75891.7,1786061224.8,2.9567,0.069,1.0000,111920
31880,8357150720,75938.5,1786061271.7,2.9513,0.073,1.0000,111903
31900,8362393600,75985.3,1786061318.5,2.9349,0.069,1.0000,112066
31920,8367636480,76032.3,1786061365.4,2.9570,0.072,1.0000,111633
31940,8372879360,76079.1,1786061412.2,2.9483,0.071,1.0000,112025
31960,8378122240,76125.9,1786061459.1,2.9605,0.068,1.0000,112008
31980,8383365120,76172.7,1786061505.8,2.9486,0.070,1.0000,112059
32000,8388608000,76219.5,1786061552.7,2.9503,0.069,1.0000,111963
32020,8393850880,76273.2,1786061606.4,2.9589,0.071,1.0000,97548
32040,8399093760,76320.1,1786061653.3,2.9653,0.072,1.0000,111854
32060,8404336640,76367.0,1786061700.1,2.9468,0.070,1.0000,111906
32080,8409579520,76413.8,1786061747.0,2.9756,0.074,1.0000,111904
32100,8414822400,76460.7,1786061793.9,2.9478,0.072,1.0000,111810
32120,8420065280,76507.6,1786061840.7,2.9623,0.071,1.0000,111876
32140,8425308160,76554.5,1786061887.6,2.9426,0.071,1.0000,111825
32160,8430551040,76601.3,1786061934.5,2.9942,0.074,1.0000,111911
32180,8435793920,76648.2,1786061981.3,2.9144,0.070,1.0000,111894
32200,8441036800,76695.0,1786062028.2,3.0265,0.070,1.0000,111901
32220,8446279680,76741.8,1786062075.0,2.9877,0.068,1.0000,112049
32240,8451522560,76788.6,1786062121.8,2.9604,0.073,1.0000,112038
32260,8456765440,76841.6,1786062174.8,3.0258,0.070,1.0000,98857
32280,8462008320,76888.5,1786062221.7,2.9273,0.072,1.0000,111870
32300,8467251200,76935.4,1786062268.6,2.9499,0.071,1.0000,111828
32320,8472494080,76982.3,1786062315.4,2.9361,0.069,1.0000,111823
32340,8477736960,77029.3,1786062362.5,2.9717,0.071,1.0000,111377
32360,8482979840,77076.2,1786062409.4,2.9658,0.071,1.0000,111860
32380,8488222720,77123.0,1786062456.2,2.9489,0.070,1.0000,112060
32400,8493465600,77169.8,1786062503.0,3.0209,0.068,1.0000,112039
32420,8498708480,77216.6,1786062549.8,2.9635,0.071,1.0000,111960
32440,8503951360,77263.5,1786062596.6,2.9978,0.069,1.0000,111915
32460,8509194240,77310.3,1786062643.5,2.9583,0.069,1.0000,111862
32480,8514437120,77357.2,1786062690.4,2.9583,0.072,1.0000,111925
32500,8519680000,77404.0,1786062737.2,2.9710,0.070,1.0000,111938
32520,8524922880,77457.7,1786062790.8,3.0152,0.072,1.0000,97719
32540,8530165760,77504.5,1786062837.7,2.9121,0.068,1.0000,111924
32560,8535408640,77551.4,1786062884.5,3.0029,0.067,1.0000,111938
32580,8540651520,77598.2,1786062931.4,2.9910,0.068,1.0000,111837
32600,8545894400,77645.1,1786062978.2,3.0007,0.068,1.0000,111961
32620,8551137280,77691.9,1786063025.1,2.9649,0.071,1.0000,111850
32640,8556380160,77738.8,1786063072.0,2.9909,0.068,1.0000,111915
32660,8561623040,77785.6,1786063118.8,2.9617,0.069,1.0000,111894
32680,8566865920,77832.4,1786063165.6,2.9589,0.070,1.0000,112053
32700,8572108800,77879.2,1786063212.4,3.0150,0.071,1.0000,112067
32720,8577351680,77926.0,1786063259.2,2.9495,0.071,1.0000,112032
32740,8582594560,77972.8,1786063306.0,2.9376,0.068,1.0000,112075
32760,8587837440,78026.6,1786063359.8,2.9861,0.073,1.0000,97451
32780,8593080320,78073.4,1786063406.6,2.9697,0.074,1.0000,111981
32800,8598323200,78120.3,1786063453.4,3.0312,0.072,1.0000,111871
32820,8603566080,78167.1,1786063500.3,2.9886,0.071,1.0000,111918
32840,8608808960,78214.0,1786063547.1,2.9903,0.071,1.0000,111930
32860,8614051840,78260.7,1786063593.9,2.9788,0.069,1.0000,112078
32880,8619294720,78307.5,1786063640.7,2.9590,0.070,1.0000,112173
32900,8624537600,78354.3,1786063687.4,2.9325,0.070,1.0000,112094
32920,8629780480,78401.0,1786063734.2,2.9501,0.069,1.0000,112108
32940,8635023360,78447.8,1786063781.0,2.9776,0.070,1.0000,112111
32960,8640266240,78494.6,1786063827.7,3.0179,0.069,1.0000,112099
32980,8645509120,78541.3,1786063874.5,2.9267,0.071,1.0000,112138
33000,8650752000,78588.1,1786063921.3,2.9717,0.068,1.0000,112024
33020,8655994880,78641.5,1786063974.7,2.9737,0.069,1.0000,98227
33040,8661237760,78688.3,1786064021.5,2.9930,0.071,1.0000,112019
33060,8666480640,78735.1,1786064068.2,3.0129,0.071,1.0000,112108
33080,8671723520,78781.8,1786064115.0,2.9204,0.068,1.0000,112064
33100,8676966400,78828.7,1786064161.9,2.9938,0.069,1.0000,111883
33120,8682209280,78875.5,1786064208.7,2.9228,0.069,1.0000,111915
33140,8687452160,78922.4,1786064255.6,2.9399,0.069,1.0000,111913
33160,8692695040,78969.3,1786064302.4,3.0056,0.070,1.0000,111864
33180,8697937920,79016.3,1786064349.5,3.0215,0.068,1.0000,111464
33200,8703180800,79063.2,1786064396.3,3.0062,0.066,1.0000,111905
33220,8708423680,79110.0,1786064443.2,2.9653,0.070,1.0000,111839
33240,8713666560,79156.9,1786064490.0,2.9532,0.070,1.0000,111949
33260,8718909440,79210.2,1786064543.4,3.0097,0.067,1.0000,98209
33280,8724152320,79257.1,1786064590.2,3.0196,0.071,1.0000,111986
33300,8729395200,79303.9,1786064637.1,2.9866,0.067,1.0000,111876
33320,8734638080,79350.8,1786064683.9,2.9761,0.070,1.0000,111910
33340,8739880960,79397.7,1786064730.9,2.9183,0.068,1.0000,111655
33360,8745123840,79444.8,1786064778.0,2.9630,0.070,1.0000,111411
33380,8750366720,79491.7,1786064824.8,2.9674,0.068,1.0000,111863
33400,8755609600,79538.5,1786064871.7,2.9583,0.070,1.0000,111947
33420,8760852480,79585.3,1786064918.5,2.9959,0.070,1.0000,111921
33440,8766095360,79632.2,1786064965.3,2.9704,0.069,1.0000,111930
33460,8771338240,79679.0,1786065012.2,2.9463,0.071,1.0000,111908
33480,8776581120,79725.9,1786065059.1,3.0283,0.072,1.0000,111898
33500,8781824000,79772.7,1786065105.9,3.0186,0.068,1.0000,111967
33520,8787066880,79826.3,1786065159.5,3.0230,0.068,1.0000,97844
33540,8792309760,79873.1,1786065206.3,2.9520,0.072,1.0000,111990
33560,8797552640,79919.9,1786065253.1,2.9465,0.068,1.0000,111962
33580,8802795520,79966.8,1786065299.9,2.9769,0.069,1.0000,111969
33600,8808038400,80013.8,1786065347.0,2.9430,0.068,1.0000,111430
33620,8813281280,80060.6,1786065393.8,2.9473,0.073,1.0000,111989
33640,8818524160,80107.5,1786065440.6,2.9555,0.071,1.0000,111939
33660,8823767040,80154.3,1786065487.5,2.9809,0.068,1.0000,111880
33680,8829009920,80201.2,1786065534.4,2.9771,0.069,1.0000,111878
33700,8834252800,80248.1,1786065581.2,2.9863,0.068,1.0000,111833
33720,8839495680,80294.9,1786065628.1,3.0522,0.077,1.0000,111942
33740,8844738560,80341.8,1786065674.9,2.9773,0.070,1.0000,111870
33760,8849981440,80395.2,1786065728.4,2.8949,0.073,1.0000,98136
33780,8855224320,80442.0,1786065775.1,2.9362,0.070,1.0000,112095
33800,8860467200,80488.8,1786065821.9,2.9237,0.071,1.0000,112021
33820,8865710080,80535.6,1786065868.8,2.9663,0.068,1.0000,111960
33840,8870952960,80582.4,1786065915.6,2.9623,0.069,1.0000,111929
33860,8876195840,80629.3,1786065962.4,2.8941,0.073,1.0000,111936
33880,8881438720,80676.1,1786066009.3,2.9282,0.071,1.0000,112011
33900,8886681600,80722.9,1786066056.1,2.9285,0.068,1.0000,111909
33920,8891924480,80769.8,1786066102.9,2.9964,0.070,1.0000,111946
33940,8897167360,80816.6,1786066149.8,2.9554,0.067,1.0000,111984
33960,8902410240,80863.4,1786066196.6,2.9299,0.066,1.0000,111932
33980,8907653120,80910.3,1786066243.4,2.9565,0.069,1.0000,111925
34000,8912896000,80957.1,1786066290.3,2.9821,0.070,1.0000,111905
34020,8918138880,81010.9,1786066344.1,3.0017,0.068,1.0000,97454
34040,8923381760,81057.8,1786066390.9,2.9362,0.069,1.0000,111921
34060,8928624640,81104.6,1786066437.8,2.9824,0.071,1.0000,111941
34080,8933867520,81151.5,1786066484.7,2.9712,0.068,1.0000,111798
34100,8939110400,81198.4,1786066531.6,2.9956,0.071,1.0000,111771
34120,8944353280,81245.3,1786066578.5,2.9422,0.069,1.0000,111785
34140,8949596160,81292.2,1786066625.4,2.9525,0.068,1.0000,111726
34160,8954839040,81339.1,1786066672.3,3.0011,0.069,1.0000,111752
34180,8960081920,81386.1,1786066719.2,2.9343,0.070,1.0000,111750
34200,8965324800,81433.0,1786066766.1,2.9506,0.067,1.0000,111781
34220,8970567680,81479.8,1786066813.0,2.9454,0.071,1.0000,111899
34240,8975810560,81526.8,1786066859.9,2.9802,0.069,1.0000,111713
34260,8981053440,81579.9,1786066913.1,2.9990,0.068,1.0000,98628
34280,8986296320,81626.8,1786066960.0,3.0564,0.074,1.0000,111814
34300,8991539200,81673.7,1786067006.9,2.9510,0.068,1.0000,111793
34320,8996782080,81720.6,1786067053.8,3.0276,0.069,1.0000,111816
34340,9002024960,81767.5,1786067100.6,2.9853,0.068,1.0000,111864
34360,9007267840,81814.3,1786067147.5,3.0260,0.069,1.0000,111949
34380,9012510720,81861.1,1786067194.3,2.9846,0.069,1.0000,111978
34400,9017753600,81907.9,1786067241.1,2.9719,0.069,1.0000,111978
34420,9022996480,81954.8,1786067288.0,2.9827,0.068,1.0000,111785
34440,9028239360,82001.9,1786067335.1,3.0030,0.071,1.0000,111275
34460,9033482240,82048.8,1786067382.0,2.9789,0.070,1.0000,111810
34480,9038725120,82095.8,1786067428.9,2.9814,0.070,1.0000,111702
34500,9043968000,82142.7,1786067475.9,2.9845,0.071,1.0000,111706
34520,9049210880,82196.3,1786067529.4,2.9521,0.071,1.0000,97866
34540,9054453760,82243.2,1786067576.3,2.9934,0.069,1.0000,111805
34560,9059696640,82290.1,1786067623.3,2.9347,0.073,1.0000,111734
34580,9064939520,82337.0,1786067670.2,2.9780,0.070,1.0000,111792
34600,9070182400,82383.9,1786067717.1,2.9955,0.068,1.0000,111810
34620,9075425280,82430.8,1786067764.0,3.0076,0.068,1.0000,111710
34640,9080668160,82477.7,1786067810.9,2.9956,0.070,1.0000,111849
34660,9085911040,82524.6,1786067857.8,2.9345,0.069,1.0000,111774
34680,9091153920,82571.5,1786067904.7,2.9638,0.070,1.0000,111735
34700,9096396800,82618.5,1786067951.6,3.0380,0.068,1.0000,111710
34720,9101639680,82665.4,1786067998.5,2.9218,0.068,1.0000,111750
34740,9106882560,82712.3,1786068045.5,2.9286,0.068,1.0000,111681
34760,9112125440,82765.8,1786068098.9,2.9430,0.069,1.0000,98066
34780,9117368320,82812.7,1786068145.8,3.0005,0.067,1.0000,111853
34800,9122611200,82859.5,1786068192.7,2.9349,0.066,1.0000,111800
34820,9127854080,82906.4,1786068239.6,2.9689,0.067,1.0000,111909
34840,9133096960,82953.3,1786068286.4,3.0185,0.069,1.0000,111870
34860,9138339840,83000.4,1786068333.5,2.9571,0.068,1.0000,111276
34880,9143582720,83047.3,1786068380.5,2.9601,0.070,1.0000,111780
34900,9148825600,83094.2,1786068427.3,2.9707,0.071,1.0000,111803
34920,9154068480,83141.1,1786068474.2,2.9078,0.069,1.0000,111846
34940,9159311360,83188.0,1786068521.1,2.9287,0.069,1.0000,111784
34960,9164554240,83234.8,1786068568.0,2.9337,0.070,1.0000,111911
34980,9169797120,83281.6,1786068614.8,2.8989,0.069,1.0000,111970
35000,9175040000,83328.5,1786068661.6,3.0316,0.072,1.0000,111901
35020,9180282880,83382.1,1786068715.3,2.8836,0.068,1.0000,97736
35040,9185525760,83429.0,1786068762.2,3.0189,0.069,1.0000,111877
35060,9190768640,83475.9,1786068809.1,3.0120,0.068,1.0000,111774
35080,9196011520,83522.8,1786068855.9,2.9626,0.067,1.0000,111843
35100,9201254400,83569.7,1786068902.8,2.8981,0.067,1.0000,111793
35120,9206497280,83616.6,1786068949.8,2.9725,0.068,1.0000,111696
35140,9211740160,83663.5,1786068996.7,2.9831,0.067,1.0000,111702
35160,9216983040,83710.4,1786069043.6,3.0561,0.068,1.0000,111797
35180,9222225920,83757.3,1786069090.5,2.9378,0.069,1.0000,111796
35200,9227468800,83804.2,1786069137.4,2.9610,0.069,1.0000,111811
35220,9232711680,83851.1,1786069184.3,2.9743,0.068,1.0000,111784
35240,9237954560,83898.1,1786069231.2,2.9539,0.067,1.0000,111715
35260,9243197440,83951.4,1786069284.6,2.9643,0.066,1.0000,98198
35280,9248440320,83998.4,1786069331.6,2.9625,0.068,1.0000,111562
35300,9253683200,84045.3,1786069378.4,3.0146,0.070,1.0000,111967
35320,9258926080,84092.2,1786069425.3,2.9436,0.068,1.0000,111770
35340,9264168960,84139.1,1786069472.2,3.0506,0.072,1.0000,111842
35360,9269411840,84186.0,1786069519.1,2.9776,0.069,1.0000,111737
35380,9274654720,84232.9,1786069566.0,3.0058,0.069,1.0000,111777
35400,9279897600,84279.8,1786069612.9,2.9798,0.070,1.0000,111815
35420,9285140480,84326.7,1786069659.8,2.8731,0.068,1.0000,111800
35440,9290383360,84373.6,1786069706.7,2.9535,0.069,1.0000,111821
35460,9295626240,84420.4,1786069753.5,2.9457,0.069,1.0000,111980
35480,9300869120,84467.3,1786069800.4,2.9675,0.071,1.0000,111766
35500,9306112000,84514.2,1786069847.3,3.0032,0.069,1.0000,111801
35520,9311354880,84567.7,1786069900.9,2.9829,0.068,1.0000,97944
35540,9316597760,84614.6,1786069947.7,2.9827,0.069,1.0000,111851
35560,9321840640,84661.5,1786069994.6,2.9749,0.069,1.0000,111795
35580,9327083520,84708.4,1786070041.6,3.0323,0.066,1.0000,111710
35600,9332326400,84755.3,1786070088.5,2.9863,0.070,1.0000,111760
35620,9337569280,84802.2,1786070135.4,3.0083,0.069,1.0000,111781
35640,9342812160,84849.1,1786070182.3,2.9806,0.070,1.0000,111762
35660,9348055040,84896.0,1786070229.2,2.9461,0.070,1.0000,111803
35680,9353297920,84943.1,1786070276.3,2.9103,0.069,1.0000,111310
35700,9358540800,84990.0,1786070323.2,3.0068,0.073,1.0000,111797
35720,9363783680,85036.9,1786070370.1,2.9820,0.069,1.0000,111784
35740,9369026560,85083.8,1786070417.0,2.9428,0.069,1.0000,111863
35760,9374269440,85137.1,1786070470.3,2.9584,0.070,1.0000,98393
35780,9379512320,85184.0,1786070517.1,2.9418,0.070,1.0000,111821
35800,9384755200,85230.8,1786070564.0,2.9360,0.069,1.0000,111862
35820,9389998080,85277.7,1786070610.9,2.9795,0.070,1.0000,111843
35840,9395240960,85324.6,1786070657.8,2.9995,0.067,1.0000,111764
35860,9400483840,85371.6,1786070704.7,3.0127,0.069,1.0000,111724
35880,9405726720,85418.5,1786070751.6,2.8889,0.069,1.0000,111798
35900,9410969600,85465.3,1786070798.5,2.9262,0.068,1.0000,111807
35920,9416212480,85512.2,1786070845.4,2.9991,0.071,1.0000,111800
35940,9421455360,85559.1,1786070892.3,2.9745,0.068,1.0000,111813
35960,9426698240,85606.0,1786070939.2,2.9545,0.067,1.0000,111847
35980,9431941120,85652.9,1786070986.1,2.9504,0.070,1.0000,111821
36000,9437184000,85699.7,1786071032.9,3.0132,0.068,1.0000,111915
36020,9442426880,85753.1,1786071086.3,2.9434,0.066,1.0000,98185
36040,9447669760,85800.0,1786071133.2,2.9831,0.068,1.0000,111813
36060,9452912640,85846.9,1786071180.1,2.9779,0.071,1.0000,111828
36080,9458155520,85893.8,1786071227.0,2.8676,0.066,1.0000,111752
36100,9463398400,85940.9,1786071274.1,2.9919,0.070,1.0000,111274
36120,9468641280,85987.8,1786071321.0,3.0034,0.069,1.0000,111792
36140,9473884160,86034.7,1786071367.9,3.0068,0.069,1.0000,111834
36160,9479127040,86081.6,1786071414.8,3.0030,0.067,1.0000,111758
36180,9484369920,86128.5,1786071461.7,3.0371,0.070,1.0000,111805
36200,9489612800,86175.4,1786071508.6,2.9302,0.067,1.0000,111777
36220,9494855680,86222.3,1786071555.5,3.0177,0.070,1.0000,111778
36240,9500098560,86269.2,1786071602.4,3.0162,0.068,1.0000,111796
36260,9505341440,86322.9,1786071656.1,2.9419,0.070,1.0000,97641
36280,9510584320,86369.8,1786071703.0,2.9004,0.066,1.0000,111834
36300,9515827200,86416.7,1786071749.9,2.9496,0.070,1.0000,111800
36320,9521070080,86463.6,1786071796.8,2.8963,0.068,1.0000,111772
36340,9526312960,86510.5,1786071843.7,2.9827,0.069,1.0000,111743
36360,9531555840,86557.4,1786071890.6,2.9398,0.067,1.0000,111793
36380,9536798720,86604.3,1786071937.5,3.0175,0.069,1.0000,111777
36400,9542041600,86651.2,1786071984.4,2.9404,0.069,1.0000,111808
36420,9547284480,86698.1,1786072031.3,3.0194,0.069,1.0000,111771
36440,9552527360,86745.0,1786072078.2,2.9438,0.067,1.0000,111901
36460,9557770240,86791.8,1786072125.0,2.9310,0.072,1.0000,111952
36480,9563013120,86838.6,1786072171.8,2.9330,0.067,1.0000,111968
36500,9568256000,86885.5,1786072218.6,2.9681,0.070,1.0000,111937
36520,9573498880,86938.5,1786072271.6,3.0206,0.067,1.0000,98962
36540,9578741760,86985.3,1786072318.5,3.0029,0.068,1.0000,111917
36560,9583984640,87032.2,1786072365.4,2.9255,0.068,1.0000,111705
36580,9589227520,87079.1,1786072412.3,2.9479,0.068,1.0000,111916
36600,9594470400,87125.9,1786072459.1,2.8912,0.069,1.0000,111929
36620,9599713280,87172.8,1786072506.0,2.9322,0.068,1.0000,111750
36640,9604956160,87219.7,1786072552.9,2.9714,0.067,1.0000,111780
36660,9610199040,87266.6,1786072599.8,2.9827,0.071,1.0000,111831
36680,9615441920,87313.5,1786072646.6,2.9020,0.070,1.0000,111928
36700,9620684800,87360.4,1786072693.6,2.9935,0.067,1.0000,111751
36720,9625927680,87407.3,1786072740.5,2.9925,0.068,1.0000,111742
36740,9631170560,87454.1,1786072787.3,2.9519,0.066,1.0000,111918
36760,9636413440,87507.7,1786072840.9,2.9661,0.066,1.0000,97846
36780,9641656320,87554.6,1786072887.8,2.9411,0.069,1.0000,111835
36800,9646899200,87601.5,1786072934.7,3.0276,0.068,1.0000,111754
36820,9652142080,87648.5,1786072981.6,2.9911,0.069,1.0000,111676
36840,9657384960,87695.4,1786073028.6,2.9130,0.070,1.0000,111706
36860,9662627840,87742.3,1786073075.5,2.8892,0.069,1.0000,111748
36880,9667870720,87789.2,1786073122.4,2.9223,0.067,1.0000,111828
36900,9673113600,87836.0,1786073169.2,2.9430,0.070,1.0000,111933
36920,9678356480,87882.9,1786073216.1,2.9577,0.065,1.0000,111821
36940,9683599360,87930.1,1786073263.2,3.0011,0.068,1.0000,111279
36960,9688842240,87977.0,1786073310.2,2.9497,0.067,1.0000,111700
36980,9694085120,88023.9,1786073357.1,2.9587,0.067,1.0000,111747
37000,9699328000,88070.8,1786073404.0,2.9172,0.065,1.0000,111715
37020,9704570880,88124.2,1786073457.4,2.8960,0.065,1.0000,98228
37040,9709813760,88171.1,1786073504.3,2.9446,0.069,1.0000,111815
37060,9715056640,88218.0,1786073551.2,3.0024,0.068,1.0000,111761
37080,9720299520,88264.9,1786073598.1,2.9351,0.067,1.0000,111773
37100,9725542400,88311.8,1786073645.0,2.8906,0.067,1.0000,111794
37120,9730785280,88358.7,1786073691.9,2.9759,0.067,1.0000,111782
37140,9736028160,88405.6,1786073738.8,2.9686,0.068,1.0000,111727
37160,9741271040,88452.5,1786073785.7,2.9747,0.069,1.0000,111877
37180,9746513920,88499.3,1786073832.5,2.9567,0.068,1.0000,111932
37200,9751756800,88546.2,1786073879.4,2.9717,0.069,1.0000,111884
37220,9756999680,88593.0,1786073926.2,2.8965,0.072,1.0000,111947
37240,9762242560,88639.9,1786073973.0,3.0005,0.069,1.0000,111971
37260,9767485440,88693.0,1786074026.2,2.9603,0.070,1.0000,98658
37280,9772728320,88739.9,1786074073.1,2.9678,0.070,1.0000,111745
37300,9777971200,88786.9,1786074120.0,2.9372,0.067,1.0000,111724
37320,9783214080,88833.7,1786074166.9,2.8868,0.068,1.0000,111829
37340,9788456960,88880.7,1786074213.8,2.9590,0.067,1.0000,111745
37360,9793699840,88927.8,1786074260.9,2.9626,0.069,1.0000,111295
37380,9798942720,88974.7,1786074307.8,2.9506,0.071,1.0000,111780
37400,9804185600,89021.6,1786074354.8,2.9326,0.068,1.0000,111719
37420,9809428480,89068.5,1786074401.6,2.9842,0.067,1.0000,111838
37440,9814671360,89115.4,1786074448.5,2.9625,0.066,1.0000,111837
37460,9819914240,89162.3,1786074495.4,2.9321,0.068,1.0000,111759
37480,9825157120,89209.2,1786074542.4,2.9873,0.069,1.0000,111714
37500,9830400000,89256.1,1786074589.3,2.9645,0.067,1.0000,111748
37520,9835642880,89309.2,1786074642.4,2.9803,0.068,1.0000,98677
37540,9840885760,89356.1,1786074689.3,2.8670,0.067,1.0000,111794
37560,9846128640,89403.1,1786074736.2,2.9116,0.067,1.0000,111731
37580,9851371520,89450.0,1786074783.1,2.9430,0.068,1.0000,111757
37600,9856614400,89496.9,1786074830.1,2.9889,0.066,1.0000,111728
37620,9861857280,89543.8,1786074877.0,2.9918,0.071,1.0000,111781
37640,9867100160,89590.7,1786074923.9,2.9740,0.065,1.0000,111737
37660,9872343040,89637.6,1786074970.8,2.8911,0.067,1.0000,111752
37680,9877585920,89684.6,1786075017.7,2.9540,0.070,1.0000,111730
37700,9882828800,89731.5,1786075064.7,2.9518,0.068,1.0000,111742
37720,9888071680,89778.4,1786075111.6,2.9636,0.068,1.0000,111746
37740,9893314560,89825.3,1786075158.5,2.9495,0.065,1.0000,111744
37760,9898557440,89878.4,1786075211.6,3.0101,0.069,1.0000,98691
37780,9903800320,89925.6,1786075258.7,2.9826,0.072,1.0000,111274
37800,9909043200,89972.5,1786075305.7,2.9022,0.069,1.0000,111737
37820,9914286080,90019.4,1786075352.6,2.8495,0.067,1.0000,111736
37840,9919528960,90066.3,1786075399.5,2.8996,0.066,1.0000,111695
37860,9924771840,90113.3,1786075446.5,2.9028,0.073,1.0000,111685
37880,9930014720,90160.2,1786075493.4,2.9384,0.069,1.0000,111770
37900,9935257600,90207.1,1786075540.3,2.9956,0.069,1.0000,111737
37920,9940500480,90254.1,1786075587.2,2.9175,0.069,1.0000,111661
37940,9945743360,90301.0,1786075634.2,2.9195,0.066,1.0000,111660
37960,9950986240,90348.0,1786075681.1,2.9560,0.065,1.0000,111719
37980,9956229120,90394.9,1786075728.0,2.9475,0.067,1.0000,111753
38000,9961472000,90441.8,1786075775.0,2.9170,0.068,1.0000,111730
38020,9966714880,90495.2,1786075828.4,2.9740,0.065,1.0000,98094
38040,9971957760,90542.2,1786075875.4,2.9345,0.067,1.0000,111668
38060,9977200640,90589.1,1786075922.3,2.9272,0.068,1.0000,111673
38080,9982443520,90636.1,1786075969.2,3.0095,0.068,1.0000,111725
38100,9987686400,90683.0,1786076016.2,3.0002,0.069,1.0000,111753
38120,9992929280,90729.9,1786076063.1,2.9113,0.068,1.0000,111712
38140,9998172160,90776.9,1786076110.1,3.0132,0.066,1.0000,111631
38160,10003415040,90823.8,1786076157.0,3.0097,0.073,1.0000,111679
38180,10008657920,90870.7,1786076203.9,3.0071,0.070,1.0000,111748
38200,10013900800,90917.9,1786076251.0,3.0102,0.066,1.0000,111252
38220,10019143680,90964.8,1786076298.0,2.9221,0.068,1.0000,111708
38240,10024386560,91011.7,1786076344.8,3.0072,0.068,1.0000,111909
38260,10029629440,91065.1,1786076398.3,2.9687,0.068,1.0000,98111
38280,10034872320,91111.9,1786076445.1,2.9846,0.066,1.0000,111939
38300,10040115200,91158.9,1786076492.0,2.9179,0.068,1.0000,111728
38320,10045358080,91205.8,1786076538.9,2.9926,0.067,1.0000,111764
38340,10050600960,91252.7,1786076585.8,2.9393,0.067,1.0000,111758
38360,10055843840,91299.6,1786076632.8,2.9727,0.066,1.0000,111783
38380,10061086720,91346.5,1786076679.7,2.9478,0.067,1.0000,111786
38400,10066329600,91393.4,1786076726.6,2.9608,0.067,1.0000,111781
38420,10071572480,91440.3,1786076773.5,3.0168,0.066,1.0000,111698
38440,10076815360,91487.3,1786076820.4,2.9409,0.065,1.0000,111716
38460,10082058240,91534.2,1786076867.3,2.9766,0.066,1.0000,111757
38480,10087301120,91581.1,1786076914.3,2.9597,0.066,1.0000,111730
38500,10092544000,91628.0,1786076961.2,2.9518,0.067,1.0000,111735
38520,10097786880,91681.4,1786077014.6,2.9136,0.066,1.0000,98131
38540,10103029760,91728.3,1786077061.5,2.9636,0.065,1.0000,111918
38560,10108272640,91775.1,1786077108.3,2.9717,0.072,1.0000,111921
38580,10113515520,91822.0,1786077155.1,2.9273,0.066,1.0000,111917
38600,10118758400,91868.8,1786077202.0,3.0077,0.067,1.0000,111899
38620,10124001280,91915.9,1786077249.0,2.9740,0.066,1.0000,111441
38640,10129244160,91962.7,1786077295.9,2.9368,0.067,1.0000,111915
38660,10134487040,92009.6,1786077342.8,2.9387,0.069,1.0000,111876
38680,10139729920,92056.5,1786077389.7,2.9079,0.068,1.0000,111729
38700,10144972800,92103.4,1786077436.6,2.9382,0.066,1.0000,111771
38720,10150215680,92150.3,1786077483.5,2.9396,0.068,1.0000,111736
38740,10155458560,92197.2,1786077530.4,2.9252,0.068,1.0000,111797
38760,10160701440,92250.4,1786077583.5,2.9835,0.066,1.0000,98693
38780,10165944320,92297.3,1786077630.4,2.9201,0.068,1.0000,111798
38800,10171187200,92344.1,1786077677.3,2.9401,0.070,1.0000,111856
38820,10176430080,92391.0,1786077724.2,2.9014,0.067,1.0000,111829
38840,10181672960,92437.9,1786077771.1,2.9515,0.067,1.0000,111802
38860,10186915840,92484.8,1786077818.0,2.9617,0.065,1.0000,111761
38880,10192158720,92531.7,1786077864.9,2.9905,0.072,1.0000,111739
38900,10197401600,92578.6,1786077911.8,2.9405,0.066,1.0000,111912
38920,10202644480,92625.4,1786077958.6,2.9417,0.068,1.0000,112006
38940,10207887360,92672.2,1786078005.4,2.9152,0.067,1.0000,112009
38960,10213130240,92719.0,1786078052.2,2.9568,0.066,1.0000,111984
38980,10218373120,92765.8,1786078099.0,2.9354,0.066,1.0000,111981
39000,10223616000,92812.7,1786078145.8,2.9754,0.067,1.0000,111987
39020,10228858880,92866.4,1786078199.5,2.9593,0.067,1.0000,97605
39040,10234101760,92913.4,1786078246.6,2.9230,0.068,1.0000,111384
39060,10239344640,92960.3,1786078293.5,2.9247,0.066,1.0000,111781
39080,10244587520,93007.3,1786078340.4,2.9552,0.069,1.0000,111764
39100,10249830400,93054.2,1786078387.3,2.8885,0.068,1.0000,111784
39120,10255073280,93101.0,1786078434.1,3.0307,0.067,1.0000,111999
39140,10260316160,93147.8,1786078481.0,2.9445,0.067,1.0000,111994
39160,10265559040,93194.6,1786078527.8,2.9786,0.065,1.0000,111961
39180,10270801920,93241.4,1786078574.6,2.9497,0.065,1.0000,111961
39200,10276044800,93288.3,1786078621.5,2.9048,0.069,1.0000,111774
39220,10281287680,93335.3,1786078668.4,2.9393,0.068,1.0000,111723
39240,10286530560,93382.2,1786078715.3,2.9417,0.068,1.0000,111833
39260,10291773440,93435.6,1786078768.8,2.9590,0.066,1.0000,98080
39280,10297016320,93482.5,1786078815.7,2.9163,0.067,1.0000,111857
39300,10302259200,93529.3,1786078862.5,2.9611,0.069,1.0000,111949
39320,10307502080,93576.2,1786078909.4,2.9870,0.068,1.0000,111869
39340,10312744960,93623.1,1786078956.2,2.9285,0.069,1.0000,111826
39360,10317987840,93670.0,1786079003.1,2.9049,0.068,1.0000,111816
39380,10323230720,93716.9,1786079050.0,2.9549,0.066,1.0000,111770
39400,10328473600,93763.8,1786079097.0,2.9644,0.067,1.0000,111713
39420,10333716480,93810.7,1786079143.9,3.0079,0.069,1.0000,111758
39440,10338959360,93857.6,1786079190.7,2.9269,0.068,1.0000,111912
39460,10344202240,93904.6,1786079237.8,2.9460,0.064,1.0000,111428
39480,10349445120,93951.4,1786079284.6,2.9849,0.067,1.0000,111937
39500,10354688000,93998.3,1786079331.4,2.9329,0.065,1.0000,111952
39520,10359930880,94051.2,1786079384.3,2.9038,0.065,1.0000,99133
39540,10365173760,94098.0,1786079431.2,2.8940,0.065,1.0000,111949
39560,10370416640,94144.9,1786079478.1,2.9849,0.069,1.0000,111810
39580,10375659520,94191.8,1786079525.0,2.9863,0.073,1.0000,111782
39600,10380902400,94238.7,1786079571.9,2.9083,0.069,1.0000,111801
39620,10386145280,94285.6,1786079618.8,2.9491,0.069,1.0000,111768
39640,10391388160,94332.5,1786079665.7,2.9679,0.066,1.0000,111750
39660,10396631040,94379.5,1786079712.7,2.9401,0.067,1.0000,111582
39680,10401873920,94426.4,1786079759.6,3.0181,0.067,1.0000,111789
39700,10407116800,94473.3,1786079806.5,2.9509,0.067,1.0000,111750
39720,10412359680,94520.2,1786079853.4,3.0505,0.068,1.0000,111771
39740,10417602560,94567.1,1786079900.3,2.9758,0.070,1.0000,111783
39760,10422845440,94620.7,1786079953.9,2.9597,0.066,1.0000,97784
39780,10428088320,94667.6,1786080000.7,2.9668,0.066,1.0000,111995
39800,10433331200,94714.4,1786080047.6,2.9795,0.068,1.0000,111950
39820,10438574080,94761.3,1786080094.4,3.0220,0.067,1.0000,111859
39840,10443816960,94808.1,1786080141.3,2.9476,0.065,1.0000,111836
39860,10449059840,94855.0,1786080188.2,2.9890,0.068,1.0000,111795
39880,10454302720,94902.1,1786080235.3,2.9489,0.068,1.0000,111307
39900,10459545600,94949.0,1786080282.2,2.8646,0.067,1.0000,111796
39920,10464788480,94996.0,1786080329.1,2.9671,0.067,1.0000,111718
39940,10470031360,95042.9,1786080376.1,2.9443,0.071,1.0000,111709
39960,10475274240,95089.8,1786080423.0,2.9797,0.067,1.0000,111687
39980,10480517120,95136.8,1786080469.9,2.9582,0.065,1.0000,111728
40000,10485760000,95183.7,1786080516.9,2.9418,0.065,1.0000,111687
40020,10491002880,95237.0,1786080570.2,3.0097,0.066,1.0000,98383
40040,10496245760,95283.9,1786080617.1,2.8993,0.077,1.0000,111715
40060,10501488640,95330.9,1786080664.0,2.9636,0.066,1.0000,111694
40080,10506731520,95377.8,1786080711.0,2.9926,0.067,1.0000,111747
40100,10511974400,95424.7,1786080757.9,2.9695,0.067,1.0000,111743
40120,10517217280,95471.6,1786080804.8,2.9491,0.067,1.0000,111734
40140,10522460160,95518.5,1786080851.7,2.9606,0.065,1.0000,111767
40160,10527703040,95565.4,1786080898.6,2.9167,0.066,1.0000,111773
40180,10532945920,95612.4,1786080945.5,3.0212,0.069,1.0000,111707
40200,10538188800,95659.3,1786080992.5,3.0116,0.067,1.0000,111766
40220,10543431680,95706.2,1786081039.4,2.9704,0.064,1.0000,111748
40240,10548674560,95753.1,1786081086.3,2.9508,0.066,1.0000,111709
40260,10553917440,95806.8,1786081140.0,2.9410,0.066,1.0000,97607
40280,10559160320,95853.7,1786081186.9,2.9317,0.068,1.0000,111863
40300,10564403200,95900.8,1786081234.0,2.9467,0.067,1.0000,111289
40320,10569646080,95947.7,1786081280.9,3.0451,0.066,1.0000,111769
40340,10574888960,95994.6,1786081327.8,2.9251,0.067,1.0000,111810
40360,10580131840,96041.6,1786081374.7,2.9567,0.068,1.0000,111715
40380,10585374720,96088.5,1786081421.6,2.8888,0.069,1.0000,111749
40400,10590617600,96135.4,1786081468.6,2.9779,0.067,1.0000,111742
40420,10595860480,96182.4,1786081515.5,2.9372,0.065,1.0000,111648
40440,10601103360,96229.3,1786081562.4,2.9361,0.065,1.0000,111745
40460,10606346240,96276.2,1786081609.3,2.9015,0.066,1.0000,111817
40480,10611589120,96323.1,1786081656.2,2.9233,0.069,1.0000,111786
40500,10616832000,96370.0,1786081703.1,2.9786,0.065,1.0000,111782
40520,10622074880,96423.6,1786081756.7,2.9965,0.071,1.0000,97808
40540,10627317760,96470.5,1786081803.7,2.9296,0.067,1.0000,111731
40560,10632560640,96517.4,1786081850.6,2.9097,0.065,1.0000,111798
40580,10637803520,96564.3,1786081897.4,2.9634,0.067,1.0000,111810
40600,10643046400,96611.2,1786081944.3,2.9122,0.067,1.0000,111801
40620,10648289280,96658.1,1786081991.2,2.9709,0.067,1.0000,111818
40640,10653532160,96705.0,1786082038.1,2.9896,0.066,1.0000,111750
40660,10658775040,96751.8,1786082085.0,2.9751,0.066,1.0000,111930
40680,10664017920,96798.6,1786082131.8,2.8993,0.066,1.0000,111961
40700,10669260800,96845.5,1786082178.6,2.9114,0.067,1.0000,111991
40720,10674503680,96892.5,1786082225.7,3.0041,0.067,1.0000,111469
40740,10679746560,96939.4,1786082272.5,2.9558,0.071,1.0000,111883
40760,10684989440,96992.8,1786082325.9,2.9354,0.071,1.0000,98150
40780,10690232320,97039.7,1786082372.8,2.9738,0.067,1.0000,111828
40800,10695475200,97086.6,1786082419.7,2.9227,0.066,1.0000,111785
40820,10700718080,97133.5,1786082466.6,2.9766,0.065,1.0000,111764
40840,10705960960,97180.4,1786082513.5,2.8710,0.071,1.0000,111793
40860,10711203840,97227.3,1786082560.4,2.9487,0.067,1.0000,111757
40880,10716446720,97274.2,1786082607.4,2.8986,0.067,1.0000,111763
40900,10721689600,97321.1,1786082654.2,2.9472,0.067,1.0000,111809
40920,10726932480,97368.0,1786082701.2,2.9450,0.065,1.0000,111776
40940,10732175360,97414.9,1786082748.0,2.9500,0.064,1.0000,111807
40960,10737418240,97461.8,1786082794.9,2.8920,0.065,1.0000,111787
40980,10742661120,97508.7,1786082841.9,2.9655,0.071,1.0000,111756
41000,10747904000,97555.6,1786082888.8,2.9407,0.071,1.0000,111677
41020,10753146880,97608.1,1786082941.3,2.9606,0.066,1.0000,99922
41040,10758389760,97655.0,1786082988.2,2.9420,0.067,1.0000,111800
41060,10763632640,97701.9,1786083035.1,2.9950,0.067,1.0000,111742
41080,10768875520,97748.8,1786083082.0,2.9471,0.069,1.0000,111830
41100,10774118400,97795.7,1786083128.9,3.0233,0.070,1.0000,111770
41120,10779361280,97842.6,1786083175.8,2.9524,0.067,1.0000,111808
41140,10784604160,97889.7,1786083222.9,2.9512,0.066,1.0000,111297
41160,10789847040,97936.6,1786083269.8,2.9536,0.070,1.0000,111778
41180,10795089920,97983.5,1786083316.7,2.9534,0.065,1.0000,111715
41200,10800332800,98030.4,1786083363.6,2.9861,0.067,1.0000,111938
41220,10805575680,98077.2,1786083410.4,2.9741,0.070,1.0000,111937
41240,10810818560,98124.1,1786083457.2,2.9573,0.069,1.0000,111905
41260,10816061440,98177.5,1786083510.7,2.9219,0.066,1.0000,98136
41280,10821304320,98224.3,1786083557.5,2.9269,0.066,1.0000,111994
41300,10826547200,98271.2,1786083604.3,2.9233,0.067,1.0000,111941
41320,10831790080,98318.1,1786083651.2,2.9422,0.064,1.0000,111774
41340,10837032960,98365.0,1786083698.1,2.9993,0.072,1.0000,111750
41360,10842275840,98411.9,1786083745.1,2.9242,0.067,1.0000,111759
41380,10847518720,98458.8,1786083792.0,2.9170,0.066,1.0000,111705
41400,10852761600,98505.8,1786083838.9,2.9753,0.071,1.0000,111687
41420,10858004480,98552.7,1786083885.9,2.9194,0.065,1.0000,111724
41440,10863247360,98599.6,1786083932.8,2.9128,0.067,1.0000,111675
41460,10868490240,98646.6,1786083979.7,2.9528,0.067,1.0000,111753
41480,10873733120,98693.4,1786084026.6,2.9635,0.066,1.0000,111883
41500,10878976000,98740.3,1786084073.4,2.9874,0.066,1.0000,111872
41520,10884218880,98793.3,1786084126.5,2.9385,0.069,1.0000,98816
41540,10889461760,98840.2,1786084173.4,2.9050,0.067,1.0000,111894
41560,10894704640,98887.3,1786084220.4,2.8673,0.065,1.0000,111362
41580,10899947520,98934.2,1786084267.3,3.0059,0.067,1.0000,111769
41600,10905190400,98981.1,1786084314.3,2.9663,0.065,1.0000,111701
41620,10910433280,99028.0,1786084361.2,2.9089,0.066,1.0000,111714
41640,10915676160,99074.9,1786084408.1,2.8899,0.065,1.0000,111929
41660,10920919040,99121.8,1786084454.9,3.0311,0.067,1.0000,111850
41680,10926161920,99168.7,1786084501.8,2.9500,0.067,1.0000,111771
41700,10931404800,99215.6,1786084548.8,2.9268,0.068,1.0000,111700
41720,10936647680,99262.5,1786084595.7,2.9419,0.065,1.0000,111705
41740,10941890560,99309.4,1786084642.6,2.9487,0.069,1.0000,111912
41760,10947133440,99362.7,1786084695.9,3.0085,0.065,1.0000,98284
41780,10952376320,99409.6,1786084742.8,2.9640,0.068,1.0000,111802
41800,10957619200,99456.5,1786084789.7,2.9107,0.065,1.0000,111791
41820,10962862080,99503.4,1786084836.6,2.9860,0.064,1.0000,111757
41840,10968104960,99550.4,1786084883.5,2.9354,0.068,1.0000,111760
41860,10973347840,99597.3,1786084930.4,2.9339,0.068,1.0000,111728
41880,10978590720,99644.2,1786084977.4,2.9375,0.067,1.0000,111699
41900,10983833600,99691.1,1786085024.3,2.9935,0.066,1.0000,111793
41920,10989076480,99738.0,1786085071.1,2.9932,0.068,1.0000,111880
41940,10994319360,99784.9,1786085118.0,2.9461,0.068,1.0000,111833
41960,10999562240,99831.7,1786085164.9,2.9394,0.070,1.0000,111820
41980,11004805120,99878.9,1786085212.1,2.9400,0.067,1.0000,111202
42000,11010048000,99925.8,1786085259.0,2.9504,0.067,1.0000,111687
42020,11015290880,99979.0,1786085312.1,2.9655,0.066,1.0000,98672
42040,11020533760,100025.9,1786085359.0,2.9955,0.067,1.0000,111804
42060,11025776640,100072.8,1786085406.0,2.9878,0.070,1.0000,111705
42080,11031019520,100119.7,1786085452.9,2.9941,0.066,1.0000,111720
42100,11036262400,100166.7,1786085499.8,2.9609,0.070,1.0000,111705
42120,11041505280,100213.6,1786085546.8,2.9774,0.072,1.0000,111697
42140,11046748160,100260.5,1786085593.7,3.0167,0.070,1.0000,111677
42160,11051991040,100307.5,1786085640.6,2.9133,0.065,1.0000,111716
42180,11057233920,100354.3,1786085687.5,2.9215,0.065,1.0000,111876
42200,11062476800,100401.2,1786085734.4,3.0031,0.063,1.0000,111894
42220,11067719680,100448.1,1786085781.2,2.9573,0.068,1.0000,111872
42240,11072962560,100494.9,1786085828.1,2.9356,0.069,1.0000,111891
42260,11078205440,100548.4,1786085881.6,2.9473,0.063,1.0000,98029
42280,11083448320,100595.3,1786085928.5,2.9256,0.067,1.0000,111777
42300,11088691200,100642.2,1786085975.4,2.8894,0.067,1.0000,111740
42320,11093934080,100689.2,1786086022.4,2.9069,0.067,1.0000,111629
42340,11099176960,100736.1,1786086069.3,2.8902,0.064,1.0000,111682
42360,11104419840,100783.1,1786086116.2,2.9419,0.069,1.0000,111723
42380,11109662720,100829.9,1786086163.1,2.9348,0.067,1.0000,111851
42400,11114905600,100877.0,1786086210.2,2.9782,0.070,1.0000,111340
42420,11120148480,100924.0,1786086257.1,2.9393,0.064,1.0000,111656
42440,11125391360,100970.9,1786086304.1,2.9613,0.067,1.0000,111677
42460,11130634240,101017.8,1786086351.0,2.9502,0.067,1.0000,111859
42480,11135877120,101064.7,1786086397.8,2.9546,0.067,1.0000,111831
42500,11141120000,101111.6,1786086444.8,2.9541,0.070,1.0000,111667
42520,11146362880,101165.3,1786086498.4,2.9400,0.063,1.0000,97778
42540,11151605760,101212.2,1786086545.4,2.9851,0.067,1.0000,111650
42560,11156848640,101259.2,1786086592.3,2.9590,0.065,1.0000,111657
42580,11162091520,101306.0,1786086639.2,2.9248,0.065,1.0000,111839
42600,11167334400,101352.9,1786086686.1,2.9758,0.065,1.0000,111901
42620,11172577280,101399.7,1786086732.9,2.9468,0.066,1.0000,111931
42640,11177820160,101446.7,1786086779.8,2.8864,0.065,1.0000,111745
42660,11183063040,101493.6,1786086826.7,2.9412,0.066,1.0000,111782
42680,11188305920,101540.4,1786086873.6,2.9769,0.068,1.0000,111846
42700,11193548800,101587.3,1786086920.5,2.8768,0.068,1.0000,111818
42720,11198791680,101634.2,1786086967.3,2.9329,0.064,1.0000,111899
42740,11204034560,101681.0,1786087014.2,2.9334,0.066,1.0000,111908
42760,11209277440,101734.0,1786087067.2,2.9818,0.064,1.0000,98906
42780,11214520320,101780.9,1786087114.0,2.9480,0.066,1.0000,111916
42800,11219763200,101827.7,1786087160.9,2.9464,0.064,1.0000,111865
42820,11225006080,101874.8,1786087208.0,2.9047,0.067,1.0000,111425
42840,11230248960,101921.7,1786087254.9,2.9560,0.071,1.0000,111750
42860,11235491840,101968.7,1786087301.8,2.9222,0.067,1.0000,111702
42880,11240734720,102015.6,1786087348.8,2.9406,0.068,1.0000,111685
42900,11245977600,102062.6,1786087395.7,3.0255,0.068,1.0000,111661
42920,11251220480,102109.5,1786087442.7,2.9514,0.069,1.0000,111660
42940,11256463360,102156.5,1786087489.6,2.9515,0.063,1.0000,111657
42960,11261706240,102203.4,1786087536.6,2.9537,0.068,1.0000,111658
42980,11266949120,102250.4,1786087583.5,2.9569,0.065,1.0000,111684
43000,11272192000,102297.3,1786087630.5,2.9451,0.065,1.0000,111667
43020,11277434880,102350.9,1786087684.0,3.0240,0.067,1.0000,97921
43040,11282677760,102397.8,1786087730.9,2.9326,0.069,1.0000,111772
43060,11287920640,102444.7,1786087777.9,2.8836,0.063,1.0000,111695
43080,11293163520,102491.7,1786087824.9,2.9490,0.066,1.0000,111590
43100,11298406400,102538.6,1786087871.8,2.9441,0.065,1.0000,111636
43120,11303649280,102585.6,1786087918.8,2.9010,0.064,1.0000,111624
43140,11308892160,102632.5,1786087965.7,2.9524,0.064,1.0000,111723
43160,11314135040,102679.5,1786088012.6,3.0129,0.066,1.0000,111732
43180,11319377920,102726.4,1786088059.6,2.8893,0.066,1.0000,111697
43200,11324620800,102773.3,1786088106.5,2.9293,0.067,1.0000,111739
43220,11329863680,102820.2,1786088153.4,2.9938,0.068,1.0000,111873
43240,11335106560,102867.3,1786088200.4,2.9554,0.063,1.0000,111357
43260,11340349440,102920.4,1786088253.6,2.9391,0.068,1.0000,98654
43280,11345592320,102967.3,1786088300.5,2.8945,0.065,1.0000,111788
43300,11350835200,103014.3,1786088347.4,2.9837,0.066,1.0000,111676
43320,11356078080,103061.2,1786088394.4,2.9487,0.066,1.0000,111690
43340,11361320960,103108.2,1786088441.3,2.8817,0.066,1.0000,111660
43360,11366563840,103155.1,1786088488.3,2.9297,0.066,1.0000,111678
43380,11371806720,103202.1,1786088535.2,2.9092,0.065,1.0000,111652
43400,11377049600,103249.0,1786088582.2,2.9041,0.065,1.0000,111658
43420,11382292480,103295.9,1786088629.1,2.9615,0.067,1.0000,111731
43440,11387535360,103342.9,1786088676.1,2.9436,0.066,1.0000,111665
43460,11392778240,103389.8,1786088723.0,2.8963,0.066,1.0000,111760
43480,11398021120,103436.7,1786088769.8,2.9425,0.067,1.0000,111852
43500,11403264000,103483.6,1786088816.7,3.0145,0.066,1.0000,111813
43520,11408506880,103537.1,1786088870.2,2.9743,0.071,1.0000,98007
43540,11413749760,103583.9,1786088917.1,2.9000,0.066,1.0000,111875
43560,11418992640,103630.8,1786088964.0,2.9381,0.067,1.0000,111850
43580,11424235520,103677.7,1786089010.8,2.9827,0.065,1.0000,111842
43600,11429478400,103724.6,1786089057.8,2.9225,0.066,1.0000,111757
43620,11434721280,103771.5,1786089104.7,2.9211,0.066,1.0000,111717
43640,11439964160,103818.4,1786089151.6,2.9650,0.066,1.0000,111742
43660,11445207040,103865.6,1786089198.7,2.8699,0.067,1.0000,111257
43680,11450449920,103912.5,1786089245.6,2.9336,0.072,1.0000,111783
43700,11455692800,103959.4,1786089292.6,2.9583,0.064,1.0000,111711
43720,11460935680,104006.3,1786089339.5,3.0245,0.066,1.0000,111722
43740,11466178560,104053.2,1786089386.4,2.8998,0.064,1.0000,111753
43760,11471421440,104106.6,1786089439.7,2.9749,0.066,1.0000,98345
43780,11476664320,104153.5,1786089486.6,2.9598,0.064,1.0000,111774
43800,11481907200,104200.4,1786089533.5,2.9523,0.063,1.0000,111771
43820,11487150080,104247.3,1786089580.4,2.9441,0.065,1.0000,111815
43840,11492392960,104294.2,1786089627.4,2.9170,0.068,1.0000,111632
43860,11497635840,104341.2,1786089674.3,2.9181,0.063,1.0000,111702
43880,11502878720,104388.1,1786089721.3,2.9926,0.069,1.0000,111645
43900,11508121600,104435.1,1786089768.2,2.9247,0.068,1.0000,111695
43920,11513364480,104482.0,1786089815.2,2.9238,0.067,1.0000,111663
43940,11518607360,104529.0,1786089862.1,2.9572,0.065,1.0000,111686
43960,11523850240,104575.9,1786089909.1,2.9730,0.066,1.0000,111684
43980,11529093120,104622.8,1786089956.0,2.9703,0.069,1.0000,111708
44000,11534336000,104669.8,1786090002.9,2.9350,0.066,1.0000,111732
44020,11539578880,104723.1,1786090056.2,2.9746,0.064,1.0000,98374
44040,11544821760,104770.0,1786090103.2,2.9030,0.064,1.0000,111691
44060,11550064640,104816.9,1786090150.1,2.9575,0.064,1.0000,111656
44080,11555307520,104864.1,1786090197.3,3.0053,0.068,1.0000,111205
44100,11560550400,104911.0,1786090244.2,2.9724,0.064,1.0000,111757
44120,11565793280,104957.9,1786090291.0,2.9392,0.066,1.0000,111851
44140,11571036160,105004.8,1786090337.9,2.8418,0.066,1.0000,111847
44160,11576279040,105051.6,1786090384.8,2.9096,0.065,1.0000,111896
44180,11581521920,105098.5,1786090431.7,2.9062,0.066,1.0000,111847
44200,11586764800,105145.4,1786090478.5,2.9644,0.067,1.0000,111868
44220,11592007680,105192.3,1786090525.5,2.8937,0.066,1.0000,111703
44240,11597250560,105239.2,1786090572.4,2.9719,0.065,1.0000,111731
44260,11602493440,105292.8,1786090626.0,2.9794,0.063,1.0000,97854
44280,11607736320,105339.6,1786090672.8,2.9620,0.064,1.0000,111948
44300,11612979200,105386.5,1786090719.7,2.8528,0.065,1.0000,111828
44320,11618222080,105433.4,1786090766.6,2.9407,0.067,1.0000,111837
44340,11623464960,105480.3,1786090813.4,3.0142,0.066,1.0000,111839
44360,11628707840,105527.1,1786090860.3,2.8861,0.067,1.0000,111836
44380,11633950720,105574.1,1786090907.3,2.9021,0.068,1.0000,111673
44400,11639193600,105621.1,1786090954.2,2.9688,0.065,1.0000,111653
44420,11644436480,105668.0,1786091001.2,2.9536,0.065,1.0000,111632
44440,11649679360,105715.0,1786091048.1,2.9380,0.066,1.0000,111670
44460,11654922240,105761.8,1786091095.0,2.9785,0.067,1.0000,111834
44480,11660165120,105808.7,1786091141.9,2.9579,0.064,1.0000,111842
44500,11665408000,105855.8,1786091189.0,2.8957,0.065,1.0000,111392
44520,11670650880,105908.7,1786091241.8,2.9391,0.065,1.0000,99139
44540,11675893760,105955.6,1786091288.7,2.8829,0.065,1.0000,111841
44560,11681136640,106002.4,1786091335.6,2.9142,0.065,1.0000,111893
44580,11686379520,106049.3,1786091382.5,2.9837,0.065,1.0000,111793
44600,11691622400,106096.3,1786091429.4,2.9904,0.067,1.0000,111677
44620,11696865280,106143.2,1786091476.4,2.9805,0.070,1.0000,111727
44640,11702108160,106190.1,1786091523.3,2.9542,0.067,1.0000,111698
44660,11707351040,106237.1,1786091570.2,2.8956,0.066,1.0000,111682
44680,11712593920,106284.0,1786091617.2,2.9354,0.068,1.0000,111723
44700,11717836800,106330.9,1786091664.1,3.0020,0.065,1.0000,111714
44720,11723079680,106377.9,1786091711.0,2.9201,0.066,1.0000,111666
44740,11728322560,106424.8,1786091758.0,2.9848,0.065,1.0000,111705
44760,11733565440,106478.5,1786091811.7,2.9140,0.066,1.0000,97661
44780,11738808320,106525.4,1786091858.6,2.9663,0.065,1.0000,111687
44800,11744051200,106572.4,1786091905.5,2.9384,0.065,1.0000,111752
44820,11749294080,106619.3,1786091952.4,2.9539,0.065,1.0000,111728
44840,11754536960,106666.2,1786091999.4,2.9668,0.065,1.0000,111701
44860,11759779840,106713.2,1786092046.3,2.9319,0.067,1.0000,111662
44880,11765022720,106760.1,1786092093.3,2.9046,0.066,1.0000,111701
44900,11770265600,106807.0,1786092140.2,2.9360,0.064,1.0000,111693
44920,11775508480,106854.2,1786092187.3,2.9214,0.066,1.0000,111240
44940,11780751360,106901.0,1786092234.2,2.8908,0.065,1.0000,111911
44960,11785994240,106948.0,1786092281.1,2.9361,0.065,1.0000,111728
44980,11791237120,106994.9,1786092328.1,2.9974,0.066,1.0000,111636
45000,11796480000,107041.8,1786092375.0,2.9547,0.064,1.0000,111761
45020,11801722880,107095.3,1786092428.4,2.9528,0.074,1.0000,98128
45040,11806965760,107142.2,1786092475.4,2.9853,0.067,1.0000,111716
45060,11812208640,107189.1,1786092522.3,2.9239,0.066,1.0000,111712
45080,11817451520,107236.1,1786092569.2,2.9841,0.066,1.0000,111683
45100,11822694400,107283.0,1786092616.2,2.9001,0.065,1.0000,111739
45120,11827937280,107329.9,1786092663.1,2.9568,0.071,1.0000,111746
45140,11833180160,107376.8,1786092710.0,2.9262,0.064,1.0000,111749
45160,11838423040,107423.7,1786092756.9,2.9299,0.065,1.0000,111732
45180,11843665920,107470.7,1786092803.8,2.8883,0.066,1.0000,111724
45200,11848908800,107517.6,1786092850.7,2.9383,0.063,1.0000,111807
45220,11854151680,107564.4,1786092897.6,2.9178,0.067,1.0000,111910
45240,11859394560,107611.3,1786092944.4,2.9447,0.063,1.0000,111900
45260,11864637440,107664.5,1786092997.6,2.9089,0.065,1.0000,98546
45280,11869880320,107711.3,1786093044.5,2.9533,0.064,1.0000,111938
45300,11875123200,107758.2,1786093091.3,2.9803,0.066,1.0000,111870
45320,11880366080,107805.1,1786093138.3,2.9448,0.067,1.0000,111661
45340,11885608960,107852.3,1786093185.4,2.9426,0.073,1.0000,111191
45360,11890851840,107899.2,1786093232.4,2.8899,0.067,1.0000,111715
45380,11896094720,107946.1,1786093279.3,2.9552,0.065,1.0000,111698
45400,11901337600,107993.1,1786093326.2,2.9394,0.065,1.0000,111707
45420,11906580480,108040.0,1786093373.2,2.9945,0.067,1.0000,111699
45440,11911823360,108087.0,1786093420.1,2.9322,0.065,1.0000,111665
45460,11917066240,108133.9,1786093467.1,2.9140,0.063,1.0000,111716
45480,11922309120,108180.8,1786093514.0,2.9130,0.066,1.0000,111716
45500,11927552000,108227.8,1786093560.9,2.9494,0.066,1.0000,111691
45520,11932794880,108280.8,1786093613.9,2.9673,0.067,1.0000,98920
45540,11938037760,108327.7,1786093660.8,2.9947,0.065,1.0000,111761
45560,11943280640,108374.6,1786093707.7,2.8992,0.064,1.0000,111796
45580,11948523520,108421.5,1786093754.7,2.8916,0.066,1.0000,111752
45600,11953766400,108468.4,1786093801.6,2.9228,0.065,1.0000,111681
45620,11959009280,108515.3,1786093848.5,2.9693,0.064,1.0000,111762
45640,11964252160,108562.3,1786093895.5,2.8969,0.066,1.0000,111707
45660,11969495040,108609.2,1786093942.4,3.0381,0.068,1.0000,111679
45680,11974737920,108656.2,1786093989.3,2.9508,0.065,1.0000,111716
45700,11979980800,108703.1,1786094036.2,2.9900,0.067,1.0000,111809
45720,11985223680,108750.0,1786094083.1,2.9545,0.062,1.0000,111734
45740,11990466560,108796.8,1786094130.0,2.9487,0.068,1.0000,111857
45760,11995709440,108850.5,1786094183.7,2.9178,0.065,1.0000,97650
45780,12000952320,108897.4,1786094230.5,2.9801,0.065,1.0000,111966
45800,12006195200,108944.2,1786094277.3,2.9527,0.068,1.0000,111982
45820,12011438080,108991.0,1786094324.2,2.9589,0.063,1.0000,111950
45840,12016680960,109037.9,1786094371.0,2.9788,0.066,1.0000,111881
45860,12021923840,109084.7,1786094417.9,2.9754,0.069,1.0000,111936
45880,12027166720,109131.6,1786094464.7,2.9392,0.065,1.0000,111882
45900,12032409600,109178.5,1786094511.7,2.9343,0.065,1.0000,111736
45920,12037652480,109225.4,1786094558.6,2.9256,0.066,1.0000,111762
45940,12042895360,109277.3,1786094610.4,2.9239,0.065,0.9991,101090
45960,12048138240,109324.1,1786094657.3,2.9593,0.067,0.9956,111902
45980,12053381120,109371.0,1786094704.2,2.9833,0.064,0.9921,111748
46000,12058624000,109418.0,1786094751.1,2.9535,0.066,0.9885,111756
46020,12063866880,109471.0,1786094804.2,2.9545,0.063,0.9850,98857
46040,12069109760,109517.9,1786094851.1,2.8828,0.063,0.9815,111759
46060,12074352640,109564.8,1786094898.0,2.8917,0.065,0.9780,111741
46080,12079595520,109611.7,1786094944.9,2.8798,0.064,0.9744,111833
46100,12084838400,109658.5,1786094991.7,2.9472,0.064,0.9709,111969
46120,12090081280,109705.4,1786095038.6,2.9101,0.066,0.9674,111747
46140,12095324160,109752.4,1786095085.5,2.9425,0.067,0.9638,111755
46160,12100567040,109799.3,1786095132.4,2.9576,0.065,0.9603,111745
46180,12105809920,109846.4,1786095179.6,2.9835,0.066,0.9568,111217
46200,12111052800,109893.3,1786095226.5,2.8829,0.064,0.9533,111764
46220,12116295680,109940.3,1786095273.4,2.9751,0.069,0.9497,111698
46240,12121538560,109987.2,1786095320.4,2.9513,0.063,0.9462,111709
46260,12126781440,110040.7,1786095373.9,3.0005,0.063,0.9427,98021
46280,12132024320,110087.6,1786095420.7,2.9289,0.075,0.9392,111804
46300,12137267200,110134.5,1786095467.7,2.9527,0.063,0.9356,111722
46320,12142510080,110181.4,1786095514.6,3.0235,0.066,0.9321,111740
46340,12147752960,110228.3,1786095561.5,2.9751,0.063,0.9286,111741
46360,12152995840,110275.3,1786095608.5,2.9592,0.064,0.9250,111677
46380,12158238720,110322.2,1786095655.4,3.0220,0.067,0.9215,111719
46400,12163481600,110369.1,1786095702.3,2.8817,0.066,0.9180,111749
46420,12168724480,110416.1,1786095749.2,2.9330,0.063,0.9145,111693
46440,12173967360,110463.0,1786095796.2,2.8715,0.064,0.9109,111717
46460,12179210240,110509.9,1786095843.1,2.9033,0.065,0.9074,111724
46480,12184453120,110556.9,1786095890.0,2.9262,0.065,0.9039,111693
46500,12189696000,110603.8,1786095937.0,2.9567,0.064,0.9004,111738
46520,12194938880,110657.2,1786095990.4,2.9377,0.063,0.8968,98095
46540,12200181760,110704.1,1786096037.2,2.9067,0.064,0.8933,111943
46560,12205424640,110751.0,1786096084.2,2.9558,0.064,0.8898,111729
46580,12210667520,110797.9,1786096131.1,2.9169,0.063,0.8862,111707
46600,12215910400,110845.1,1786096178.2,2.8997,0.062,0.8827,111267
46620,12221153280,110892.0,1786096225.2,2.9815,0.069,0.8792,111710
46640,12226396160,110938.9,1786096272.1,2.9108,0.063,0.8757,111739
46660,12231639040,110985.8,1786096319.0,2.9627,0.064,0.8721,111752
46680,12236881920,111032.7,1786096365.9,2.9557,0.065,0.8686,111742
46700,12242124800,111079.7,1786096412.8,2.9616,0.064,0.8651,111776
46720,12247367680,111126.6,1786096459.7,3.0080,0.066,0.8616,111759
46740,12252610560,111173.5,1786096506.6,2.8767,0.065,0.8580,111791
46760,12257853440,111226.4,1786096559.6,2.9730,0.063,0.8545,99076
46780,12263096320,111273.3,1786096606.5,2.9378,0.068,0.8510,111769
46800,12268339200,111320.2,1786096653.4,2.9702,0.066,0.8474,111762
46820,12273582080,111367.1,1786096700.3,2.9306,0.062,0.8439,111774
46840,12278824960,111414.0,1786096747.2,2.9693,0.065,0.8404,111794
46860,12284067840,111460.9,1786096794.1,2.9584,0.065,0.8369,111723
46880,12289310720,111507.9,1786096841.0,2.9277,0.064,0.8333,111737
46900,12294553600,111554.8,1786096887.9,2.8777,0.063,0.8298,111757
46920,12299796480,111601.7,1786096934.9,2.9691,0.067,0.8263,111720
46940,12305039360,111648.6,1786096981.8,2.9268,0.064,0.8228,111689
46960,12310282240,111695.6,1786097028.7,2.8963,0.065,0.8192,111733
46980,12315525120,111742.5,1786097075.6,2.8839,0.062,0.8157,111745
47000,12320768000,111789.4,1786097122.6,2.9555,0.065,0.8122,111719
47020,12326010880,111843.0,1786097176.2,2.9166,0.066,0.8086,97827
47040,12331253760,111889.9,1786097223.1,2.9594,0.064,0.8051,111773
47060,12336496640,111936.8,1786097270.0,2.9341,0.063,0.8016,111751
47080,12341739520,111983.7,1786097316.9,2.9726,0.067,0.7981,111760
47100,12346982400,112030.7,1786097363.8,2.8984,0.063,0.7945,111735
47120,12352225280,112077.6,1786097410.8,2.9173,0.067,0.7910,111687
47140,12357468160,112124.5,1786097457.7,2.9425,0.064,0.7875,111744
47160,12362711040,112171.4,1786097504.6,2.9103,0.073,0.7840,111757
47180,12367953920,112218.3,1786097551.5,2.9682,0.065,0.7804,111761
47200,12373196800,112265.3,1786097598.4,2.9271,0.063,0.7769,111749
47220,12378439680,112312.2,1786097645.4,2.9419,0.065,0.7734,111704
47240,12383682560,112359.1,1786097692.3,2.9696,0.062,0.7698,111709
47260,12388925440,112412.4,1786097745.5,2.8439,0.062,0.7663,98472
47280,12394168320,112459.3,1786097792.4,2.8974,0.063,0.7628,111776
47300,12399411200,112506.2,1786097839.4,2.9275,0.067,0.7593,111748
47320,12404654080,112553.1,1786097886.3,2.9017,0.063,0.7557,111676
47340,12409896960,112600.1,1786097933.2,2.9336,0.065,0.7522,111715
47360,12415139840,112647.0,1786097980.2,2.9227,0.063,0.7487,111707
47380,12420382720,112693.9,1786098027.1,2.8729,0.063,0.7451,111716
47400,12425625600,112740.9,1786098074.0,2.9395,0.067,0.7416,111709
47420,12430868480,112787.8,1786098121.0,2.8675,0.066,0.7381,111741
47440,12436111360,112834.9,1786098168.1,2.9208,0.062,0.7346,111208
47460,12441354240,112881.9,1786098215.0,2.9269,0.066,0.7310,111734
47480,12446597120,112928.8,1786098262.0,2.9151,0.064,0.7275,111679
47500,12451840000,112975.8,1786098308.9,2.9517,0.064,0.7240,111680
47520,12457082880,113029.2,1786098362.4,2.9355,0.061,0.7205,98016
47540,12462325760,113076.2,1786098409.3,2.9228,0.065,0.7169,111759
47560,12467568640,113123.1,1786098456.2,2.8911,0.068,0.7134,111756
47580,12472811520,113170.0,1786098503.1,2.8825,0.066,0.7099,111797
47600,12478054400,113216.9,1786098550.1,2.9553,0.067,0.7063,111736
47620,12483297280,113263.8,1786098597.0,2.9316,0.065,0.7028,111675
47640,12488540160,113310.8,1786098643.9,2.8990,0.066,0.6993,111716
47660,12493783040,113357.7,1786098690.9,2.9147,0.066,0.6958,111725
47680,12499025920,113404.6,1786098737.8,2.9633,0.062,0.6922,111661
47700,12504268800,113451.6,1786098784.7,2.8495,0.065,0.6887,111725
47720,12509511680,113498.4,1786098831.6,2.8790,0.065,0.6852,111841
47740,12514754560,113545.3,1786098878.5,2.9795,0.066,0.6817,111879
47760,12519997440,113599.1,1786098932.2,2.9196,0.064,0.6781,97548
47780,12525240320,113646.0,1786098979.1,2.8691,0.064,0.6746,111779
47800,12530483200,113692.8,1786099026.0,2.9407,0.063,0.6711,111821
47820,12535726080,113739.7,1786099072.9,2.8985,0.064,0.6675,111922
47840,12540968960,113786.6,1786099119.7,2.8955,0.065,0.6640,111882
47860,12546211840,113833.6,1786099166.8,2.8988,0.063,0.6605,111460
47880,12551454720,113880.4,1786099213.6,2.8615,0.063,0.6570,111890
47900,12556697600,113927.3,1786099260.5,2.9402,0.063,0.6534,111803
47920,12561940480,113974.3,1786099307.4,2.9317,0.063,0.6499,111747
47940,12567183360,114021.2,1786099354.4,2.9317,0.064,0.6464,111716
47960,12572426240,114068.1,1786099401.3,2.9089,0.062,0.6429,111728
47980,12577669120,114115.1,1786099448.2,2.9470,0.064,0.6393,111658
48000,12582912000,114162.0,1786099495.2,2.9057,0.062,0.6358,111704
48020,12588154880,114215.5,1786099548.7,2.9534,0.063,0.6323,97940
48040,12593397760,114262.4,1786099595.6,2.8452,0.063,0.6287,111909
48060,12598640640,114309.3,1786099642.4,2.9405,0.064,0.6252,111844
48080,12603883520,114356.2,1786099689.3,2.9426,0.064,0.6217,111793
48100,12609126400,114403.1,1786099736.2,2.8807,0.063,0.6182,111759
48120,12614369280,114450.0,1786099783.2,2.9214,0.064,0.6146,111746
48140,12619612160,114496.9,1786099830.1,2.8922,0.062,0.6111,111703
48160,12624855040,114543.9,1786099877.0,2.8953,0.063,0.6076,111705
48180,12630097920,114590.8,1786099924.0,2.8901,0.063,0.6041,111663
48200,12635340800,114637.8,1786099970.9,2.9343,0.063,0.6005,111696
48220,12640583680,114684.7,1786100017.9,2.8847,0.061,0.5970,111654
48240,12645826560,114731.7,1786100064.8,2.9731,0.064,0.5935,111659
48260,12651069440,114785.0,1786100118.1,2.8753,0.062,0.5899,98392
48280,12656312320,114832.1,1786100165.2,2.9598,0.064,0.5864,111274
48300,12661555200,114879.0,1786100212.2,2.9314,0.064,0.5829,111746
48320,12666798080,114925.9,1786100259.1,2.9638,0.063,0.5794,111723
48340,12672040960,114972.8,1786100306.0,2.8983,0.063,0.5758,111727
48360,12677283840,115019.8,1786100353.0,2.9489,0.067,0.5723,111681
48380,12682526720,115066.7,1786100399.9,2.9248,0.064,0.5688,111641
48400,12687769600,115113.7,1786100446.9,2.9228,0.064,0.5653,111675
48420,12693012480,115160.6,1786100493.8,2.8923,0.066,0.5617,111708
48440,12698255360,115207.6,1786100540.7,2.9000,0.065,0.5582,111666
48460,12703498240,115254.5,1786100587.7,2.9017,0.063,0.5547,111684
48480,12708741120,115301.5,1786100634.6,2.9114,0.066,0.5511,111671
48500,12713984000,115348.4,1786100681.6,2.8780,0.063,0.5476,111740
48520,12719226880,115401.9,1786100735.1,2.9448,0.064,0.5441,97949
48540,12724469760,115448.8,1786100781.9,2.8790,0.062,0.5406,111948
48560,12729712640,115495.7,1786100828.8,2.9106,0.065,0.5370,111740
48580,12734955520,115542.6,1786100875.7,2.8791,0.064,0.5335,111812
48600,12740198400,115589.4,1786100922.6,2.9630,0.063,0.5300,111928
48620,12745441280,115636.3,1786100969.5,2.9036,0.063,0.5265,111724
48640,12750684160,115683.3,1786101016.4,2.8953,0.065,0.5229,111713
48660,12755927040,115730.2,1786101063.3,2.8440,0.066,0.5194,111798
48680,12761169920,115777.0,1786101110.2,2.9314,0.063,0.5159,111924
48700,12766412800,115824.1,1786101157.3,2.8310,0.063,0.5123,111266
48720,12771655680,115871.0,1786101204.2,2.9246,0.064,0.5088,111748
48740,12776898560,115918.0,1786101251.1,2.8841,0.066,0.5053,111689
48760,12782141440,115971.1,1786101304.3,2.9023,0.064,0.5018,98614
48780,12787384320,116018.0,1786101351.2,2.8425,0.064,0.4982,111813
48800,12792627200,116065.0,1786101398.1,2.8928,0.062,0.4947,111724
48820,12797870080,116111.9,1786101445.1,2.9161,0.066,0.4912,111597
48840,12803112960,116159.1,1786101492.3,2.9491,0.065,0.4877,111151
48860,12808355840,116206.2,1786101539.4,2.9567,0.064,0.4841,111271
48880,12813598720,116253.2,1786101586.3,2.9173,0.062,0.4806,111676
48900,12818841600,116300.2,1786101633.3,2.8983,0.063,0.4771,111562
48920,12824084480,116347.1,1786101680.3,2.9333,0.063,0.4735,111629
48940,12829327360,116394.0,1786101727.2,2.8750,0.066,0.4700,111781
48960,12834570240,116441.0,1786101774.2,2.9117,0.063,0.4665,111684
48980,12839813120,116487.9,1786101821.1,2.9106,0.068,0.4630,111711
49000,12845056000,116534.9,1786101868.0,2.9733,0.064,0.4594,111678
49020,12850298880,116588.0,1786101921.1,2.8719,0.064,0.4559,98747
49040,12855541760,116635.0,1786101968.1,2.8734,0.062,0.4524,111505
49060,12860784640,116681.9,1786102015.1,2.9623,0.066,0.4489,111692
49080,12866027520,116728.9,1786102062.0,2.8913,0.065,0.4453,111653
49100,12871270400,116775.9,1786102109.1,2.9033,0.064,0.4418,111541
49120,12876513280,116823.0,1786102156.2,2.8803,0.063,0.4383,111178
49140,12881756160,116870.0,1786102203.2,2.8018,0.064,0.4347,111634
49160,12886999040,116917.1,1786102250.2,2.8603,0.063,0.4312,111424
49180,12892241920,116964.0,1786102297.2,2.8872,0.064,0.4277,111686
49200,12897484800,117010.9,1786102344.1,2.9091,0.063,0.4242,111696
49220,12902727680,117057.9,1786102391.1,2.9057,0.066,0.4206,111681
49240,12907970560,117104.8,1786102438.0,2.9472,0.062,0.4171,111757
49260,12913213440,117158.3,1786102491.4,2.8789,0.064,0.4136,98080
49280,12918456320,117205.2,1786102538.3,2.9496,0.064,0.4101,111727
49300,12923699200,117252.1,1786102585.3,2.9240,0.064,0.4065,111712
49320,12928942080,117299.0,1786102632.2,2.8674,0.064,0.4030,111741
49340,12934184960,117346.0,1786102679.1,2.8972,0.062,0.3995,111681
49360,12939427840,117392.9,1786102726.1,2.9183,0.063,0.3959,111738
49380,12944670720,117439.8,1786102773.0,2.8387,0.064,0.3924,111704
49400,12949913600,117486.8,1786102819.9,2.8415,0.063,0.3889,111700
49420,12955156480,117533.7,1786102866.9,2.8253,0.064,0.3854,111694
49440,12960399360,117580.7,1786102913.9,2.9473,0.063,0.3818,111582
49460,12965642240,117627.6,1786102960.8,2.8779,0.064,0.3783,111748
49480,12970885120,117674.4,1786103007.6,2.9388,0.063,0.3748,111948
49500,12976128000,117721.4,1786103054.5,2.9774,0.065,0.3713,111725
49520,12981370880,117774.7,1786103107.8,2.8618,0.062,0.3677,98377
49540,12986613760,117821.8,1786103155.0,2.8476,0.064,0.3642,111224
49560,12991856640,117868.7,1786103201.9,2.9199,0.063,0.3607,111762
49580,12997099520,117915.6,1786103248.8,2.9398,0.062,0.3571,111865
49600,13002342400,117962.4,1786103295.6,2.9360,0.066,0.3536,111872
49620,13007585280,118009.3,1786103342.5,2.8884,0.066,0.3501,111889
49640,13012828160,118056.2,1786103389.4,2.9255,0.062,0.3466,111730
49660,13018071040,118103.2,1786103436.3,2.9538,0.063,0.3430,111729
49680,13023313920,118150.1,1786103483.2,2.8245,0.064,0.3395,111763
49700,13028556800,118197.0,1786103530.2,2.8253,0.065,0.3360,111710
49720,13033799680,118243.9,1786103577.1,2.8613,0.063,0.3325,111706
49740,13039042560,118290.8,1786103624.0,2.9150,0.064,0.3289,111844
49760,13044285440,118343.9,1786103677.1,2.9015,0.064,0.3254,98723
49780,13049528320,118390.8,1786103724.0,2.9172,0.064,0.3219,111804
49800,13054771200,118437.9,1786103771.0,2.9208,0.064,0.3183,111388
49820,13060014080,118485.0,1786103818.2,2.8841,0.063,0.3148,111201
49840,13065256960,118532.2,1786103865.3,2.9027,0.065,0.3113,111259
49860,13070499840,118579.3,1786103912.4,2.9104,0.063,0.3078,111314
49880,13075742720,118626.3,1786103959.5,2.8677,0.064,0.3042,111377
49900,13080985600,118673.5,1786104006.6,2.9070,0.065,0.3007,111226
49920,13086228480,118720.6,1786104053.8,2.8438,0.066,0.2972,111256
49940,13091471360,118767.6,1786104100.8,2.9962,0.065,0.2937,111535
49960,13096714240,118814.8,1786104148.0,2.9028,0.063,0.2901,110994
49980,13101957120,118861.8,1786104194.9,2.8736,0.062,0.2866,111677
50000,13107200000,118908.8,1786104241.9,2.9689,0.063,0.2831,111550
50020,13112442880,118962.3,1786104295.4,2.9170,0.062,0.2795,98029
50040,13117685760,119009.4,1786104342.5,2.9371,0.068,0.2760,111319
50060,13122928640,119056.4,1786104389.6,2.9687,0.066,0.2725,111358
50080,13128171520,119103.5,1786104436.7,2.8489,0.064,0.2690,111355
50100,13133414400,119150.6,1786104483.8,2.8983,0.062,0.2654,111398
50120,13138657280,119197.7,1786104530.9,2.9029,0.063,0.2619,111290
50140,13143900160,119244.8,1786104577.9,2.9424,0.065,0.2584,111402
50160,13149143040,119291.9,1786104625.0,2.8992,0.063,0.2549,111277
50180,13154385920,119338.9,1786104672.1,2.8735,0.064,0.2513,111385
50200,13159628800,119386.1,1786104719.2,2.8922,0.061,0.2478,111235
50220,13164871680,119433.2,1786104766.4,2.9213,0.063,0.2443,111172
50240,13170114560,119480.4,1786104813.6,2.8839,0.062,0.2407,111184
50260,13175357440,119533.1,1786104866.2,2.8669,0.062,0.2372,99513
50280,13180600320,119580.2,1786104913.3,2.9354,0.065,0.2337,111319
50300,13185843200,119627.2,1786104960.4,2.7857,0.062,0.2302,111532
50320,13191086080,119674.3,1786105007.4,2.8840,0.062,0.2266,111353
50340,13196328960,119721.3,1786105054.5,2.8886,0.065,0.2231,111448
50360,13201571840,119768.4,1786105101.6,2.9049,0.062,0.2196,111288
50380,13206814720,119815.7,1786105148.9,2.8998,0.063,0.2160,110831
50400,13212057600,119862.9,1786105196.1,2.8925,0.066,0.2125,111120
50420,13217300480,119910.1,1786105243.3,2.8739,0.065,0.2090,111113
50440,13222543360,119957.3,1786105290.4,2.9381,0.064,0.2055,111167
50460,13227786240,120004.4,1786105337.5,2.9222,0.063,0.2019,111254
50480,13233029120,120051.5,1786105384.6,2.9051,0.062,0.1984,111351
50500,13238272000,120098.6,1786105431.8,2.8346,0.065,0.1949,111172
50520,13243514880,120151.5,1786105484.6,2.9057,0.065,0.1914,99237
50540,13248757760,120198.6,1786105531.7,2.8541,0.063,0.1878,111274
50560,13254000640,120245.7,1786105578.9,2.9220,0.064,0.1843,111146
50580,13259243520,120292.9,1786105626.1,2.8889,0.063,0.1808,111209
50600,13264486400,120340.0,1786105673.2,2.7917,0.062,0.1772,111184
50620,13269729280,120387.2,1786105720.4,2.9211,0.065,0.1737,111202
50640,13274972160,120434.3,1786105767.5,2.8603,0.064,0.1702,111185
50660,13280215040,120481.5,1786105814.7,2.8649,0.065,0.1667,111152
50680,13285457920,120528.7,1786105861.9,2.9034,0.062,0.1631,111147
50700,13290700800,120575.9,1786105909.0,2.8892,0.063,0.1596,111121
50720,13295943680,120623.1,1786105956.2,2.8951,0.063,0.1561,111090
50740,13301186560,120670.2,1786106003.3,2.8411,0.063,0.1526,111293
50760,13306429440,120723.5,1786106056.7,2.9143,0.062,0.1490,98296
50780,13311672320,120770.7,1786106103.8,2.9414,0.061,0.1455,111174
50800,13316915200,120817.9,1786106151.1,2.8351,0.064,0.1420,111016
50820,13322158080,120865.0,1786106198.2,2.8153,0.063,0.1384,111305
50840,13327400960,120912.2,1786106245.3,2.8857,0.063,0.1349,111176
50860,13332643840,120959.3,1786106292.5,2.8477,0.063,0.1314,111157
50880,13337886720,121006.4,1786106339.6,2.8844,0.063,0.1279,111293
50900,13343129600,121053.5,1786106386.7,2.8925,0.062,0.1243,111306
50920,13348372480,121100.7,1786106433.8,2.8964,0.062,0.1208,111269
50940,13353615360,121147.8,1786106480.9,2.8817,0.064,0.1173,111313
50960,13358858240,121194.8,1786106528.0,2.8364,0.063,0.1138,111383
50980,13364101120,121242.0,1786106575.2,2.9232,0.064,0.1102,111159
51000,13369344000,121289.1,1786106622.3,2.8413,0.062,0.1067,111206
51020,13374586880,121342.7,1786106675.8,2.8439,0.064,0.1032,97970
