Corpus: 5,402,429,161 tokens (54,024,291 val) | device: cuda | bf16 + FlashAttention
Model: 47.1M params | GQA 9q/3kv | Muon+AdamW
step      0 | loss 9.1161 | grad_norm 6.533 | lr x0.000
           val loss 9.1199
           VRAM: 23.3 GB used / 23.5 GB reserved
step     20 | loss 9.0343 | grad_norm 6.635 | lr x0.007
step     40 | loss 8.8135 | grad_norm 5.361 | lr x0.014
step     60 | loss 8.5292 | grad_norm 3.903 | lr x0.020
step     80 | loss 8.2818 | grad_norm 2.124 | lr x0.027
step    100 | loss 8.0804 | grad_norm 1.163 | lr x0.034
step    120 | loss 7.9438 | grad_norm 1.010 | lr x0.040
step    140 | loss 7.7711 | grad_norm 1.346 | lr x0.047
step    160 | loss 7.6466 | grad_norm 1.441 | lr x0.054
step    180 | loss 7.4338 | grad_norm 1.786 | lr x0.060
step    200 | loss 7.2319 | grad_norm 2.092 | lr x0.067
step    220 | loss 7.0346 | grad_norm 2.283 | lr x0.074
step    240 | loss 6.8286 | grad_norm 2.959 | lr x0.080
           val loss 6.8671
step    260 | loss 6.6952 | grad_norm 2.875 | lr x0.087
step    280 | loss 6.5351 | grad_norm 2.572 | lr x0.094
step    300 | loss 6.3533 | grad_norm 3.351 | lr x0.100
step    320 | loss 6.2776 | grad_norm 3.200 | lr x0.107
step    340 | loss 6.1055 | grad_norm 3.056 | lr x0.114
step    360 | loss 5.9408 | grad_norm 3.272 | lr x0.120
step    380 | loss 5.8508 | grad_norm 4.300 | lr x0.127
step    400 | loss 5.7062 | grad_norm 3.154 | lr x0.134
step    420 | loss 5.6012 | grad_norm 3.681 | lr x0.140
step    440 | loss 5.4968 | grad_norm 4.006 | lr x0.147
step    460 | loss 5.3362 | grad_norm 3.459 | lr x0.154
step    480 | loss 5.3214 | grad_norm 3.239 | lr x0.160
step    500 | loss 5.2421 | grad_norm 2.916 | lr x0.167
           val loss 5.4731
step    520 | loss 5.1832 | grad_norm 3.111 | lr x0.174
step    540 | loss 5.0413 | grad_norm 2.965 | lr x0.180
step    560 | loss 4.9841 | grad_norm 2.450 | lr x0.187
step    580 | loss 4.9574 | grad_norm 2.283 | lr x0.194
step    600 | loss 4.8929 | grad_norm 2.741 | lr x0.200
step    620 | loss 4.8896 | grad_norm 2.187 | lr x0.207
step    640 | loss 4.7952 | grad_norm 1.957 | lr x0.214
step    660 | loss 4.7556 | grad_norm 1.770 | lr x0.220
step    680 | loss 4.6630 | grad_norm 1.687 | lr x0.227
step    700 | loss 4.6870 | grad_norm 1.422 | lr x0.234
step    720 | loss 4.6319 | grad_norm 1.650 | lr x0.240
step    740 | loss 4.5700 | grad_norm 1.351 | lr x0.247
           val loss 4.8122
step    760 | loss 4.5597 | grad_norm 1.399 | lr x0.254
step    780 | loss 4.5229 | grad_norm 1.310 | lr x0.260
step    800 | loss 4.5180 | grad_norm 1.332 | lr x0.267
step    820 | loss 4.4322 | grad_norm 1.241 | lr x0.274
step    840 | loss 4.4300 | grad_norm 1.165 | lr x0.280
step    860 | loss 4.4315 | grad_norm 1.267 | lr x0.287
step    880 | loss 4.4117 | grad_norm 1.197 | lr x0.294
step    900 | loss 4.3561 | grad_norm 1.094 | lr x0.300
step    920 | loss 4.2744 | grad_norm 0.976 | lr x0.307
step    940 | loss 4.3062 | grad_norm 1.113 | lr x0.314
step    960 | loss 4.3535 | grad_norm 1.044 | lr x0.320
step    980 | loss 4.2452 | grad_norm 0.887 | lr x0.327
step   1000 | loss 4.2451 | grad_norm 0.805 | lr x0.334
           val loss 4.4383
step   1020 | loss 4.2383 | grad_norm 0.765 | lr x0.340
step   1040 | loss 4.2278 | grad_norm 0.859 | lr x0.347
step   1060 | loss 4.1692 | grad_norm 0.849 | lr x0.354
step   1080 | loss 4.1867 | grad_norm 0.748 | lr x0.360
step   1100 | loss 4.1461 | grad_norm 0.790 | lr x0.367
step   1120 | loss 4.1912 | grad_norm 0.768 | lr x0.374
step   1140 | loss 4.1499 | grad_norm 0.648 | lr x0.380
step   1160 | loss 4.1510 | grad_norm 0.612 | lr x0.387
step   1180 | loss 4.1039 | grad_norm 0.699 | lr x0.394
step   1200 | loss 4.1198 | grad_norm 0.654 | lr x0.400
step   1220 | loss 4.0944 | grad_norm 0.637 | lr x0.407
step   1240 | loss 4.0671 | grad_norm 0.661 | lr x0.414
           val loss 4.2730
step   1260 | loss 4.0207 | grad_norm 0.582 | lr x0.420
step   1280 | loss 4.0303 | grad_norm 0.589 | lr x0.427
step   1300 | loss 4.0190 | grad_norm 0.636 | lr x0.434
step   1320 | loss 4.0451 | grad_norm 0.552 | lr x0.440
step   1340 | loss 4.0703 | grad_norm 0.560 | lr x0.447
step   1360 | loss 4.0104 | grad_norm 0.559 | lr x0.454
step   1380 | loss 3.9642 | grad_norm 0.610 | lr x0.460
step   1400 | loss 3.9782 | grad_norm 0.482 | lr x0.467
step   1420 | loss 3.9807 | grad_norm 0.551 | lr x0.474
step   1440 | loss 4.0160 | grad_norm 0.444 | lr x0.480
step   1460 | loss 3.9514 | grad_norm 0.500 | lr x0.487
step   1480 | loss 3.9719 | grad_norm 0.516 | lr x0.494
step   1500 | loss 3.9453 | grad_norm 0.511 | lr x0.500
           val loss 4.1248
step   1520 | loss 3.9011 | grad_norm 0.506 | lr x0.507
step   1540 | loss 3.9100 | grad_norm 0.517 | lr x0.514
step   1560 | loss 3.8804 | grad_norm 0.483 | lr x0.520
step   1580 | loss 3.9180 | grad_norm 0.468 | lr x0.527
step   1600 | loss 3.9026 | grad_norm 0.481 | lr x0.534
step   1620 | loss 3.8895 | grad_norm 0.397 | lr x0.540
step   1640 | loss 3.8108 | grad_norm 0.450 | lr x0.547
step   1660 | loss 3.8850 | grad_norm 0.450 | lr x0.554
step   1680 | loss 3.9009 | grad_norm 0.437 | lr x0.560
step   1700 | loss 3.8710 | grad_norm 0.419 | lr x0.567
step   1720 | loss 3.7577 | grad_norm 0.377 | lr x0.574
step   1740 | loss 3.9009 | grad_norm 0.398 | lr x0.580
           val loss 4.0590
step   1760 | loss 3.8187 | grad_norm 0.383 | lr x0.587
step   1780 | loss 3.8095 | grad_norm 0.376 | lr x0.594
step   1800 | loss 3.8065 | grad_norm 0.365 | lr x0.600
step   1820 | loss 3.8500 | grad_norm 0.340 | lr x0.607
step   1840 | loss 3.8187 | grad_norm 0.381 | lr x0.614
step   1860 | loss 3.7122 | grad_norm 0.349 | lr x0.620
step   1880 | loss 3.8014 | grad_norm 0.361 | lr x0.627
step   1900 | loss 3.8105 | grad_norm 0.364 | lr x0.634
step   1920 | loss 3.7626 | grad_norm 0.341 | lr x0.640
step   1940 | loss 3.7235 | grad_norm 0.366 | lr x0.647
step   1960 | loss 3.7807 | grad_norm 0.356 | lr x0.654
step   1980 | loss 3.7928 | grad_norm 0.354 | lr x0.660
step   2000 | loss 3.7832 | grad_norm 0.353 | lr x0.667
           val loss 3.9929
step   2020 | loss 3.8107 | grad_norm 0.322 | lr x0.674
step   2040 | loss 3.7777 | grad_norm 0.337 | lr x0.680
step   2060 | loss 3.7476 | grad_norm 0.334 | lr x0.687
step   2080 | loss 3.7750 | grad_norm 0.320 | lr x0.694
step   2100 | loss 3.7747 | grad_norm 0.318 | lr x0.700
step   2120 | loss 3.7619 | grad_norm 0.323 | lr x0.707
step   2140 | loss 3.6989 | grad_norm 0.327 | lr x0.714
step   2160 | loss 3.7045 | grad_norm 0.279 | lr x0.720
step   2180 | loss 3.6690 | grad_norm 0.315 | lr x0.727
step   2200 | loss 3.7528 | grad_norm 0.336 | lr x0.734
step   2220 | loss 3.6937 | grad_norm 0.301 | lr x0.740
step   2240 | loss 3.7110 | grad_norm 0.291 | lr x0.747
           val loss 3.9734
step   2260 | loss 3.7515 | grad_norm 0.322 | lr x0.754
step   2280 | loss 3.7132 | grad_norm 0.278 | lr x0.760
step   2300 | loss 3.7080 | grad_norm 0.302 | lr x0.767
step   2320 | loss 3.7141 | grad_norm 0.287 | lr x0.774
step   2340 | loss 3.7061 | grad_norm 0.307 | lr x0.780
step   2360 | loss 3.6971 | grad_norm 0.263 | lr x0.787
step   2380 | loss 3.7095 | grad_norm 0.280 | lr x0.794
step   2400 | loss 3.7356 | grad_norm 0.299 | lr x0.800
step   2420 | loss 3.7266 | grad_norm 0.290 | lr x0.807
step   2440 | loss 3.6723 | grad_norm 0.275 | lr x0.814
step   2460 | loss 3.7348 | grad_norm 0.291 | lr x0.820
step   2480 | loss 3.6792 | grad_norm 0.272 | lr x0.827
step   2500 | loss 3.6630 | grad_norm 0.253 | lr x0.834
           val loss 3.8848
step   2520 | loss 3.6710 | grad_norm 0.264 | lr x0.840
step   2540 | loss 3.6895 | grad_norm 0.266 | lr x0.847
step   2560 | loss 3.7378 | grad_norm 0.269 | lr x0.854
step   2580 | loss 3.6611 | grad_norm 0.237 | lr x0.860
step   2600 | loss 3.6267 | grad_norm 0.265 | lr x0.867
step   2620 | loss 3.5999 | grad_norm 0.266 | lr x0.874
step   2640 | loss 3.7237 | grad_norm 0.259 | lr x0.880
step   2660 | loss 3.6926 | grad_norm 0.238 | lr x0.887
step   2680 | loss 3.6635 | grad_norm 0.254 | lr x0.894
step   2700 | loss 3.6916 | grad_norm 0.259 | lr x0.900
step   2720 | loss 3.6278 | grad_norm 0.262 | lr x0.907
step   2740 | loss 3.5991 | grad_norm 0.239 | lr x0.914
           val loss 3.9072
step   2760 | loss 3.6483 | grad_norm 0.231 | lr x0.920
step   2780 | loss 3.6296 | grad_norm 0.236 | lr x0.927
step   2800 | loss 3.6404 | grad_norm 0.254 | lr x0.934
step   2820 | loss 3.6336 | grad_norm 0.214 | lr x0.940
step   2840 | loss 3.6437 | grad_norm 0.251 | lr x0.947
step   2860 | loss 3.6456 | grad_norm 0.206 | lr x0.954
step   2880 | loss 3.6282 | grad_norm 0.233 | lr x0.960
step   2900 | loss 3.6770 | grad_norm 0.214 | lr x0.967
step   2920 | loss 3.5945 | grad_norm 0.230 | lr x0.974
step   2940 | loss 3.5668 | grad_norm 0.249 | lr x0.980
step   2960 | loss 3.6782 | grad_norm 0.241 | lr x0.987
step   2980 | loss 3.6414 | grad_norm 0.226 | lr x0.994
step   3000 | loss 3.5902 | grad_norm 0.244 | lr x1.000
           val loss 3.8690
step   3020 | loss 3.5720 | grad_norm 0.225 | lr x1.000
step   3040 | loss 3.6347 | grad_norm 0.211 | lr x1.000
step   3060 | loss 3.6338 | grad_norm 0.210 | lr x1.000
step   3080 | loss 3.6204 | grad_norm 0.214 | lr x1.000
step   3100 | loss 3.5935 | grad_norm 0.198 | lr x1.000
step   3120 | loss 3.5700 | grad_norm 0.214 | lr x1.000
step   3140 | loss 3.5726 | grad_norm 0.198 | lr x1.000
step   3160 | loss 3.5651 | grad_norm 0.207 | lr x1.000
step   3180 | loss 3.5929 | grad_norm 0.189 | lr x1.000
step   3200 | loss 3.5998 | grad_norm 0.196 | lr x1.000
step   3220 | loss 3.6324 | grad_norm 0.204 | lr x1.000
step   3240 | loss 3.6264 | grad_norm 0.187 | lr x1.000
           val loss 3.8222
step   3260 | loss 3.6029 | grad_norm 0.189 | lr x1.000
step   3280 | loss 3.5894 | grad_norm 0.192 | lr x1.000
step   3300 | loss 3.5527 | grad_norm 0.195 | lr x1.000
step   3320 | loss 3.5525 | grad_norm 0.186 | lr x1.000
step   3340 | loss 3.5708 | grad_norm 0.184 | lr x1.000
step   3360 | loss 3.5885 | grad_norm 0.190 | lr x1.000
step   3380 | loss 3.5924 | grad_norm 0.185 | lr x1.000
step   3400 | loss 3.5686 | grad_norm 0.192 | lr x1.000
step   3420 | loss 3.5317 | grad_norm 0.177 | lr x1.000
step   3440 | loss 3.5740 | grad_norm 0.186 | lr x1.000
step   3460 | loss 3.5432 | grad_norm 0.180 | lr x1.000
step   3480 | loss 3.5074 | grad_norm 0.181 | lr x1.000
step   3500 | loss 3.5044 | grad_norm 0.175 | lr x1.000
           val loss 3.7815
step   3520 | loss 3.5210 | grad_norm 0.184 | lr x1.000
step   3540 | loss 3.5841 | grad_norm 0.171 | lr x1.000
step   3560 | loss 3.5864 | grad_norm 0.187 | lr x1.000
step   3580 | loss 3.5299 | grad_norm 0.165 | lr x1.000
step   3600 | loss 3.4836 | grad_norm 0.175 | lr x1.000
step   3620 | loss 3.5482 | grad_norm 0.163 | lr x1.000
step   3640 | loss 3.4978 | grad_norm 0.170 | lr x1.000
step   3660 | loss 3.5336 | grad_norm 0.192 | lr x1.000
step   3680 | loss 3.5358 | grad_norm 0.179 | lr x1.000
step   3700 | loss 3.4679 | grad_norm 0.181 | lr x1.000
step   3720 | loss 3.5504 | grad_norm 0.181 | lr x1.000
step   3740 | loss 3.5120 | grad_norm 0.174 | lr x1.000
           val loss 3.7936
step   3760 | loss 3.5643 | grad_norm 0.157 | lr x1.000
step   3780 | loss 3.5373 | grad_norm 0.171 | lr x1.000
step   3800 | loss 3.5057 | grad_norm 0.170 | lr x1.000
step   3820 | loss 3.5158 | grad_norm 0.173 | lr x1.000
step   3840 | loss 3.5138 | grad_norm 0.170 | lr x1.000
step   3860 | loss 3.5511 | grad_norm 0.172 | lr x1.000
step   3880 | loss 3.4957 | grad_norm 0.158 | lr x1.000
step   3900 | loss 3.4863 | grad_norm 0.167 | lr x1.000
step   3920 | loss 3.5634 | grad_norm 0.165 | lr x1.000
step   3940 | loss 3.4931 | grad_norm 0.163 | lr x1.000
step   3960 | loss 3.5039 | grad_norm 0.172 | lr x1.000
step   3980 | loss 3.4619 | grad_norm 0.153 | lr x1.000
step   4000 | loss 3.4935 | grad_norm 0.154 | lr x1.000
           val loss 3.7525
step   4020 | loss 3.4506 | grad_norm 0.162 | lr x1.000
step   4040 | loss 3.5875 | grad_norm 0.161 | lr x1.000
step   4060 | loss 3.5613 | grad_norm 0.155 | lr x1.000
step   4080 | loss 3.5005 | grad_norm 0.157 | lr x1.000
step   4100 | loss 3.4244 | grad_norm 0.152 | lr x1.000
step   4120 | loss 3.5143 | grad_norm 0.153 | lr x1.000
step   4140 | loss 3.4824 | grad_norm 0.168 | lr x1.000
step   4160 | loss 3.5010 | grad_norm 0.154 | lr x1.000
step   4180 | loss 3.4680 | grad_norm 0.152 | lr x1.000
step   4200 | loss 3.5903 | grad_norm 0.155 | lr x1.000
step   4220 | loss 3.4469 | grad_norm 0.154 | lr x1.000
step   4240 | loss 3.4734 | grad_norm 0.145 | lr x1.000
           val loss 3.7430
step   4260 | loss 3.4322 | grad_norm 0.159 | lr x1.000
step   4280 | loss 3.5278 | grad_norm 0.154 | lr x1.000
step   4300 | loss 3.4809 | grad_norm 0.153 | lr x1.000
step   4320 | loss 3.4359 | grad_norm 0.153 | lr x1.000
step   4340 | loss 3.4973 | grad_norm 0.157 | lr x1.000
step   4360 | loss 3.4210 | grad_norm 0.150 | lr x1.000
step   4380 | loss 3.4949 | grad_norm 0.137 | lr x1.000
step   4400 | loss 3.3700 | grad_norm 0.156 | lr x1.000
step   4420 | loss 3.4515 | grad_norm 0.146 | lr x1.000
step   4440 | loss 3.4557 | grad_norm 0.160 | lr x1.000
step   4460 | loss 3.4858 | grad_norm 0.149 | lr x1.000
step   4480 | loss 3.4873 | grad_norm 0.142 | lr x1.000
step   4500 | loss 3.5159 | grad_norm 0.157 | lr x1.000
           val loss 3.7609
step   4520 | loss 3.4908 | grad_norm 0.145 | lr x1.000
step   4540 | loss 3.4516 | grad_norm 0.143 | lr x1.000
step   4560 | loss 3.4405 | grad_norm 0.130 | lr x1.000
step   4580 | loss 3.4868 | grad_norm 0.139 | lr x1.000
step   4600 | loss 3.4187 | grad_norm 0.153 | lr x1.000
step   4620 | loss 3.4835 | grad_norm 0.151 | lr x1.000
step   4640 | loss 3.4633 | grad_norm 0.136 | lr x1.000
step   4660 | loss 3.4055 | grad_norm 0.143 | lr x1.000
step   4680 | loss 3.4589 | grad_norm 0.157 | lr x1.000
step   4700 | loss 3.4577 | grad_norm 0.145 | lr x1.000
step   4720 | loss 3.4846 | grad_norm 0.141 | lr x1.000
step   4740 | loss 3.4828 | grad_norm 0.153 | lr x1.000
           val loss 3.7180
step   4760 | loss 3.3832 | grad_norm 0.133 | lr x1.000
step   4780 | loss 3.4067 | grad_norm 0.138 | lr x1.000
step   4800 | loss 3.4246 | grad_norm 0.138 | lr x1.000
step   4820 | loss 3.4208 | grad_norm 0.142 | lr x1.000
step   4840 | loss 3.4850 | grad_norm 0.139 | lr x1.000
step   4860 | loss 3.4630 | grad_norm 0.148 | lr x1.000
step   4880 | loss 3.4612 | grad_norm 0.135 | lr x1.000
step   4900 | loss 3.4276 | grad_norm 0.147 | lr x1.000
step   4920 | loss 3.4686 | grad_norm 0.138 | lr x1.000
step   4940 | loss 3.4756 | grad_norm 0.137 | lr x1.000
step   4960 | loss 3.4114 | grad_norm 0.144 | lr x1.000
step   4980 | loss 3.4486 | grad_norm 0.142 | lr x1.000
step   5000 | loss 3.5006 | grad_norm 0.140 | lr x1.000
           val loss 3.7041
step   5020 | loss 3.4055 | grad_norm 0.139 | lr x1.000
step   5040 | loss 3.4523 | grad_norm 0.130 | lr x1.000
step   5060 | loss 3.4516 | grad_norm 0.146 | lr x1.000
step   5080 | loss 3.4854 | grad_norm 0.144 | lr x1.000
step   5100 | loss 3.4293 | grad_norm 0.140 | lr x1.000
step   5120 | loss 3.4202 | grad_norm 0.148 | lr x1.000
step   5140 | loss 3.4566 | grad_norm 0.140 | lr x1.000
step   5160 | loss 3.4503 | grad_norm 0.141 | lr x1.000
step   5180 | loss 3.4085 | grad_norm 0.136 | lr x1.000
step   5200 | loss 3.4536 | grad_norm 0.131 | lr x1.000
step   5220 | loss 3.4040 | grad_norm 0.135 | lr x1.000
step   5240 | loss 3.4352 | grad_norm 0.140 | lr x1.000
           val loss 3.6965
step   5260 | loss 3.4277 | grad_norm 0.144 | lr x1.000
step   5280 | loss 3.3684 | grad_norm 0.140 | lr x1.000
step   5300 | loss 3.4606 | grad_norm 0.133 | lr x1.000
step   5320 | loss 3.4228 | grad_norm 0.135 | lr x1.000
step   5340 | loss 3.3702 | grad_norm 0.141 | lr x1.000
step   5360 | loss 3.3931 | grad_norm 0.132 | lr x1.000
step   5380 | loss 3.4482 | grad_norm 0.147 | lr x1.000
step   5400 | loss 3.4024 | grad_norm 0.131 | lr x1.000
step   5420 | loss 3.3704 | grad_norm 0.140 | lr x1.000
step   5440 | loss 3.4119 | grad_norm 0.131 | lr x1.000
step   5460 | loss 3.4052 | grad_norm 0.131 | lr x1.000
step   5480 | loss 3.4544 | grad_norm 0.125 | lr x1.000
step   5500 | loss 3.4437 | grad_norm 0.134 | lr x1.000
           val loss 3.6666
step   5520 | loss 3.3783 | grad_norm 0.134 | lr x1.000
step   5540 | loss 3.4319 | grad_norm 0.143 | lr x1.000
step   5560 | loss 3.3665 | grad_norm 0.130 | lr x1.000
step   5580 | loss 3.4024 | grad_norm 0.138 | lr x1.000
step   5600 | loss 3.3966 | grad_norm 0.141 | lr x1.000
step   5620 | loss 3.3672 | grad_norm 0.131 | lr x1.000
step   5640 | loss 3.4615 | grad_norm 0.135 | lr x1.000
step   5660 | loss 3.4431 | grad_norm 0.126 | lr x1.000
step   5680 | loss 3.3867 | grad_norm 0.134 | lr x1.000
step   5700 | loss 3.4059 | grad_norm 0.129 | lr x1.000
step   5720 | loss 3.3787 | grad_norm 0.129 | lr x1.000
step   5740 | loss 3.4720 | grad_norm 0.129 | lr x1.000
           val loss 3.6980
step   5760 | loss 3.3754 | grad_norm 0.128 | lr x1.000
step   5780 | loss 3.3629 | grad_norm 0.130 | lr x1.000
step   5800 | loss 3.4005 | grad_norm 0.132 | lr x1.000
step   5820 | loss 3.4089 | grad_norm 0.132 | lr x1.000
step   5840 | loss 3.3917 | grad_norm 0.136 | lr x1.000
step   5860 | loss 3.4587 | grad_norm 0.119 | lr x1.000
step   5880 | loss 3.4026 | grad_norm 0.130 | lr x1.000
step   5900 | loss 3.3328 | grad_norm 0.142 | lr x1.000
step   5920 | loss 3.4069 | grad_norm 0.137 | lr x1.000
step   5940 | loss 3.3752 | grad_norm 0.134 | lr x1.000
step   5960 | loss 3.4038 | grad_norm 0.132 | lr x1.000
step   5980 | loss 3.3948 | grad_norm 0.135 | lr x1.000
step   6000 | loss 3.3843 | grad_norm 0.131 | lr x1.000
           val loss 3.6626
step   6020 | loss 3.3694 | grad_norm 0.133 | lr x1.000
step   6040 | loss 3.3509 | grad_norm 0.126 | lr x1.000
step   6060 | loss 3.3791 | grad_norm 0.130 | lr x1.000
step   6080 | loss 3.3864 | grad_norm 0.139 | lr x1.000
step   6100 | loss 3.2810 | grad_norm 0.129 | lr x1.000
step   6120 | loss 3.3667 | grad_norm 0.136 | lr x1.000
step   6140 | loss 3.3850 | grad_norm 0.142 | lr x1.000
step   6160 | loss 3.3529 | grad_norm 0.122 | lr x1.000
step   6180 | loss 3.4033 | grad_norm 0.139 | lr x1.000
step   6200 | loss 3.3838 | grad_norm 0.130 | lr x1.000
step   6220 | loss 3.4389 | grad_norm 0.126 | lr x1.000
step   6240 | loss 3.4153 | grad_norm 0.141 | lr x1.000
           val loss 3.6607
step   6260 | loss 3.4379 | grad_norm 0.144 | lr x1.000
step   6280 | loss 3.3695 | grad_norm 0.124 | lr x1.000
step   6300 | loss 3.3334 | grad_norm 0.129 | lr x1.000
step   6320 | loss 3.3094 | grad_norm 0.124 | lr x1.000
step   6340 | loss 3.3733 | grad_norm 0.131 | lr x1.000
step   6360 | loss 3.4383 | grad_norm 0.139 | lr x1.000
step   6380 | loss 3.4058 | grad_norm 0.125 | lr x1.000
step   6400 | loss 3.4134 | grad_norm 0.126 | lr x1.000
step   6420 | loss 3.4335 | grad_norm 0.127 | lr x1.000
step   6440 | loss 3.4616 | grad_norm 0.126 | lr x1.000
step   6460 | loss 3.3995 | grad_norm 0.121 | lr x1.000
step   6480 | loss 3.4047 | grad_norm 0.129 | lr x1.000
step   6500 | loss 3.2680 | grad_norm 0.121 | lr x1.000
           val loss 3.6590
step   6520 | loss 3.3994 | grad_norm 0.123 | lr x1.000
step   6540 | loss 3.2923 | grad_norm 0.128 | lr x1.000
step   6560 | loss 3.3499 | grad_norm 0.132 | lr x1.000
step   6580 | loss 3.4083 | grad_norm 0.127 | lr x1.000
step   6600 | loss 3.3884 | grad_norm 0.130 | lr x1.000
step   6620 | loss 3.3494 | grad_norm 0.129 | lr x1.000
step   6640 | loss 3.3574 | grad_norm 0.118 | lr x1.000
step   6660 | loss 3.3972 | grad_norm 0.140 | lr x1.000
step   6680 | loss 3.3910 | grad_norm 0.118 | lr x1.000
step   6700 | loss 3.3256 | grad_norm 0.120 | lr x1.000
step   6720 | loss 3.4065 | grad_norm 0.125 | lr x1.000
step   6740 | loss 3.3419 | grad_norm 0.131 | lr x1.000
           val loss 3.6456
step   6760 | loss 3.3576 | grad_norm 0.125 | lr x1.000
step   6780 | loss 3.4322 | grad_norm 0.125 | lr x1.000
step   6800 | loss 3.3455 | grad_norm 0.121 | lr x1.000
step   6820 | loss 3.3748 | grad_norm 0.133 | lr x1.000
step   6840 | loss 3.3447 | grad_norm 0.126 | lr x1.000
step   6860 | loss 3.3851 | grad_norm 0.118 | lr x1.000
step   6880 | loss 3.3756 | grad_norm 0.124 | lr x1.000
step   6900 | loss 3.3239 | grad_norm 0.126 | lr x1.000
step   6920 | loss 3.3835 | grad_norm 0.135 | lr x1.000
step   6940 | loss 3.3720 | grad_norm 0.132 | lr x1.000
step   6960 | loss 3.3362 | grad_norm 0.121 | lr x1.000
step   6980 | loss 3.4113 | grad_norm 0.127 | lr x1.000
step   7000 | loss 3.3494 | grad_norm 0.118 | lr x1.000
           val loss 3.6455
step   7020 | loss 3.3465 | grad_norm 0.125 | lr x1.000
step   7040 | loss 3.3667 | grad_norm 0.130 | lr x1.000
step   7060 | loss 3.3740 | grad_norm 0.128 | lr x1.000
step   7080 | loss 3.4110 | grad_norm 0.122 | lr x1.000
step   7100 | loss 3.3585 | grad_norm 0.129 | lr x1.000
step   7120 | loss 3.3043 | grad_norm 0.125 | lr x1.000
step   7140 | loss 3.3421 | grad_norm 0.120 | lr x1.000
step   7160 | loss 3.3377 | grad_norm 0.129 | lr x1.000
step   7180 | loss 3.3845 | grad_norm 0.116 | lr x1.000
step   7200 | loss 3.3342 | grad_norm 0.123 | lr x1.000
step   7220 | loss 3.3728 | grad_norm 0.115 | lr x1.000
step   7240 | loss 3.3778 | grad_norm 0.122 | lr x1.000
           val loss 3.6533
step   7260 | loss 3.3752 | grad_norm 0.130 | lr x1.000
step   7280 | loss 3.3605 | grad_norm 0.118 | lr x1.000
step   7300 | loss 3.3141 | grad_norm 0.118 | lr x1.000
step   7320 | loss 3.3367 | grad_norm 0.118 | lr x1.000
step   7340 | loss 3.3743 | grad_norm 0.126 | lr x1.000
step   7360 | loss 3.3546 | grad_norm 0.128 | lr x1.000
step   7380 | loss 3.3137 | grad_norm 0.124 | lr x1.000
step   7400 | loss 3.3719 | grad_norm 0.118 | lr x1.000
step   7420 | loss 3.3319 | grad_norm 0.125 | lr x1.000
step   7440 | loss 3.3152 | grad_norm 0.120 | lr x1.000
step   7460 | loss 3.3987 | grad_norm 0.122 | lr x1.000
step   7480 | loss 3.3770 | grad_norm 0.126 | lr x1.000
step   7500 | loss 3.3849 | grad_norm 0.122 | lr x1.000
           val loss 3.6357
step   7520 | loss 3.3471 | grad_norm 0.125 | lr x1.000
step   7540 | loss 3.3404 | grad_norm 0.123 | lr x1.000
step   7560 | loss 3.3447 | grad_norm 0.127 | lr x1.000
step   7580 | loss 3.3339 | grad_norm 0.131 | lr x1.000
step   7600 | loss 3.3800 | grad_norm 0.118 | lr x1.000
step   7620 | loss 3.3866 | grad_norm 0.117 | lr x1.000
step   7640 | loss 3.3601 | grad_norm 0.125 | lr x1.000
step   7660 | loss 3.3077 | grad_norm 0.120 | lr x1.000
step   7680 | loss 3.3687 | grad_norm 0.117 | lr x1.000
step   7700 | loss 3.2710 | grad_norm 0.121 | lr x1.000
step   7720 | loss 3.3179 | grad_norm 0.125 | lr x1.000
step   7740 | loss 3.2974 | grad_norm 0.118 | lr x1.000
           val loss 3.6088
step   7760 | loss 3.3732 | grad_norm 0.119 | lr x1.000
step   7780 | loss 3.4172 | grad_norm 0.124 | lr x1.000
step   7800 | loss 3.2731 | grad_norm 0.128 | lr x1.000
step   7820 | loss 3.3421 | grad_norm 0.122 | lr x1.000
step   7840 | loss 3.3551 | grad_norm 0.128 | lr x1.000
step   7860 | loss 3.3324 | grad_norm 0.122 | lr x1.000
step   7880 | loss 3.3479 | grad_norm 0.125 | lr x1.000
step   7900 | loss 3.3362 | grad_norm 0.131 | lr x1.000
step   7920 | loss 3.3374 | grad_norm 0.124 | lr x1.000
step   7940 | loss 3.3748 | grad_norm 0.117 | lr x1.000
step   7960 | loss 3.3231 | grad_norm 0.112 | lr x1.000
step   7980 | loss 3.3377 | grad_norm 0.131 | lr x1.000
step   8000 | loss 3.2816 | grad_norm 0.117 | lr x1.000
           val loss 3.6199
step   8020 | loss 3.3131 | grad_norm 0.114 | lr x1.000
step   8040 | loss 3.3100 | grad_norm 0.120 | lr x1.000
step   8060 | loss 3.3281 | grad_norm 0.114 | lr x1.000
step   8080 | loss 3.2856 | grad_norm 0.119 | lr x1.000
step   8100 | loss 3.3463 | grad_norm 0.126 | lr x1.000
step   8120 | loss 3.2964 | grad_norm 0.118 | lr x1.000
step   8140 | loss 3.3347 | grad_norm 0.132 | lr x1.000
step   8160 | loss 3.3311 | grad_norm 0.121 | lr x1.000
step   8180 | loss 3.2735 | grad_norm 0.116 | lr x1.000
step   8200 | loss 3.3371 | grad_norm 0.124 | lr x1.000
step   8220 | loss 3.2765 | grad_norm 0.118 | lr x1.000
step   8240 | loss 3.2397 | grad_norm 0.124 | lr x1.000
           val loss 3.6012
step   8260 | loss 3.3640 | grad_norm 0.130 | lr x1.000
step   8280 | loss 3.3692 | grad_norm 0.118 | lr x1.000
step   8300 | loss 3.3025 | grad_norm 0.131 | lr x1.000
step   8320 | loss 3.2853 | grad_norm 0.125 | lr x1.000
step   8340 | loss 3.3044 | grad_norm 0.123 | lr x1.000
step   8360 | loss 3.3337 | grad_norm 0.117 | lr x1.000
step   8380 | loss 3.2990 | grad_norm 0.113 | lr x1.000
step   8400 | loss 3.3728 | grad_norm 0.125 | lr x1.000
step   8420 | loss 3.3344 | grad_norm 0.123 | lr x1.000
step   8440 | loss 3.3110 | grad_norm 0.116 | lr x1.000
step   8460 | loss 3.3346 | grad_norm 0.119 | lr x1.000
step   8480 | loss 3.2944 | grad_norm 0.121 | lr x1.000
step   8500 | loss 3.3485 | grad_norm 0.113 | lr x1.000
           val loss 3.5857
step   8520 | loss 3.3603 | grad_norm 0.124 | lr x1.000
step   8540 | loss 3.3611 | grad_norm 0.121 | lr x1.000
step   8560 | loss 3.3384 | grad_norm 0.121 | lr x1.000
step   8580 | loss 3.2973 | grad_norm 0.122 | lr x1.000
step   8600 | loss 3.3555 | grad_norm 0.113 | lr x1.000
step   8620 | loss 3.2853 | grad_norm 0.120 | lr x1.000
step   8640 | loss 3.2693 | grad_norm 0.115 | lr x1.000
step   8660 | loss 3.3007 | grad_norm 0.115 | lr x1.000
step   8680 | loss 3.3746 | grad_norm 0.121 | lr x1.000
step   8700 | loss 3.3407 | grad_norm 0.119 | lr x1.000
step   8720 | loss 3.3623 | grad_norm 0.112 | lr x1.000
step   8740 | loss 3.3193 | grad_norm 0.127 | lr x1.000
           val loss 3.6077
step   8760 | loss 3.3281 | grad_norm 0.133 | lr x1.000
step   8780 | loss 3.3201 | grad_norm 0.120 | lr x1.000
step   8800 | loss 3.3142 | grad_norm 0.109 | lr x1.000
step   8820 | loss 3.2628 | grad_norm 0.107 | lr x1.000
step   8840 | loss 3.3807 | grad_norm 0.117 | lr x1.000
step   8860 | loss 3.2946 | grad_norm 0.117 | lr x1.000
step   8880 | loss 3.3690 | grad_norm 0.125 | lr x1.000
step   8900 | loss 3.3452 | grad_norm 0.113 | lr x1.000
step   8920 | loss 3.3213 | grad_norm 0.121 | lr x1.000
step   8940 | loss 3.2954 | grad_norm 0.112 | lr x1.000
step   8960 | loss 3.3296 | grad_norm 0.119 | lr x1.000
step   8980 | loss 3.3254 | grad_norm 0.128 | lr x1.000
step   9000 | loss 3.3063 | grad_norm 0.121 | lr x1.000
           val loss 3.5900
step   9020 | loss 3.2986 | grad_norm 0.113 | lr x1.000
step   9040 | loss 3.3311 | grad_norm 0.112 | lr x1.000
step   9060 | loss 3.3284 | grad_norm 0.117 | lr x1.000
step   9080 | loss 3.3278 | grad_norm 0.119 | lr x1.000
step   9100 | loss 3.3244 | grad_norm 0.114 | lr x1.000
step   9120 | loss 3.2658 | grad_norm 0.119 | lr x1.000
step   9140 | loss 3.2889 | grad_norm 0.122 | lr x1.000
step   9160 | loss 3.3070 | grad_norm 0.121 | lr x1.000
step   9180 | loss 3.3384 | grad_norm 0.111 | lr x1.000
step   9200 | loss 3.2794 | grad_norm 0.124 | lr x1.000
step   9220 | loss 3.3323 | grad_norm 0.112 | lr x1.000
step   9240 | loss 3.3366 | grad_norm 0.110 | lr x1.000
           val loss 3.5955
step   9260 | loss 3.3650 | grad_norm 0.115 | lr x1.000
step   9280 | loss 3.2801 | grad_norm 0.113 | lr x1.000
step   9300 | loss 3.3559 | grad_norm 0.128 | lr x1.000
step   9320 | loss 3.3507 | grad_norm 0.112 | lr x1.000
step   9340 | loss 3.3614 | grad_norm 0.117 | lr x1.000
step   9360 | loss 3.3475 | grad_norm 0.113 | lr x1.000
step   9380 | loss 3.3580 | grad_norm 0.108 | lr x1.000
step   9400 | loss 3.2737 | grad_norm 0.110 | lr x1.000
step   9420 | loss 3.2484 | grad_norm 0.108 | lr x1.000
step   9440 | loss 3.3327 | grad_norm 0.113 | lr x1.000
step   9460 | loss 3.3156 | grad_norm 0.111 | lr x1.000
step   9480 | loss 3.2842 | grad_norm 0.113 | lr x1.000
step   9500 | loss 3.2746 | grad_norm 0.114 | lr x1.000
           val loss 3.5940
step   9520 | loss 3.2998 | grad_norm 0.118 | lr x1.000
step   9540 | loss 3.2740 | grad_norm 0.121 | lr x1.000
step   9560 | loss 3.3492 | grad_norm 0.116 | lr x1.000
step   9580 | loss 3.3911 | grad_norm 0.112 | lr x1.000
step   9600 | loss 3.2997 | grad_norm 0.117 | lr x1.000
step   9620 | loss 3.3563 | grad_norm 0.116 | lr x1.000
step   9640 | loss 3.3103 | grad_norm 0.106 | lr x1.000
step   9660 | loss 3.3144 | grad_norm 0.112 | lr x1.000
step   9680 | loss 3.3375 | grad_norm 0.110 | lr x1.000
step   9700 | loss 3.3019 | grad_norm 0.120 | lr x1.000
step   9720 | loss 3.3582 | grad_norm 0.111 | lr x1.000
step   9740 | loss 3.2380 | grad_norm 0.107 | lr x1.000
           val loss 3.5779
step   9760 | loss 3.3113 | grad_norm 0.120 | lr x1.000
step   9780 | loss 3.2721 | grad_norm 0.115 | lr x1.000
step   9800 | loss 3.3716 | grad_norm 0.116 | lr x1.000
step   9820 | loss 3.2871 | grad_norm 0.111 | lr x1.000
step   9840 | loss 3.2381 | grad_norm 0.114 | lr x1.000
step   9860 | loss 3.3113 | grad_norm 0.124 | lr x1.000
step   9880 | loss 3.3628 | grad_norm 0.116 | lr x1.000
step   9900 | loss 3.2399 | grad_norm 0.113 | lr x1.000
step   9920 | loss 3.2349 | grad_norm 0.108 | lr x1.000
step   9940 | loss 3.3035 | grad_norm 0.110 | lr x1.000
step   9960 | loss 3.3108 | grad_norm 0.109 | lr x1.000
step   9980 | loss 3.2913 | grad_norm 0.108 | lr x1.000
step  10000 | loss 3.3407 | grad_norm 0.120 | lr x1.000
           val loss 3.5772
step  10020 | loss 3.3834 | grad_norm 0.115 | lr x1.000
step  10040 | loss 3.2594 | grad_norm 0.115 | lr x1.000
step  10060 | loss 3.2935 | grad_norm 0.110 | lr x1.000
step  10080 | loss 3.1992 | grad_norm 0.111 | lr x1.000
step  10100 | loss 3.2059 | grad_norm 0.112 | lr x1.000
step  10120 | loss 3.3086 | grad_norm 0.112 | lr x1.000
step  10140 | loss 3.3438 | grad_norm 0.113 | lr x1.000
step  10160 | loss 3.2709 | grad_norm 0.116 | lr x1.000
step  10180 | loss 3.2913 | grad_norm 0.105 | lr x1.000
step  10200 | loss 3.2666 | grad_norm 0.109 | lr x1.000
step  10220 | loss 3.2677 | grad_norm 0.117 | lr x1.000
step  10240 | loss 3.2807 | grad_norm 0.109 | lr x1.000
           val loss 3.5768
step  10260 | loss 3.2508 | grad_norm 0.113 | lr x1.000
step  10280 | loss 3.3024 | grad_norm 0.114 | lr x1.000
step  10300 | loss 3.3321 | grad_norm 0.113 | lr x1.000
step  10320 | loss 3.2882 | grad_norm 0.113 | lr x1.000
step  10340 | loss 3.2928 | grad_norm 0.108 | lr x1.000
step  10360 | loss 3.3198 | grad_norm 0.115 | lr x1.000
step  10380 | loss 3.2601 | grad_norm 0.108 | lr x1.000
step  10400 | loss 3.2712 | grad_norm 0.111 | lr x1.000
step  10420 | loss 3.2984 | grad_norm 0.108 | lr x1.000
step  10440 | loss 3.2461 | grad_norm 0.107 | lr x1.000
step  10460 | loss 3.2814 | grad_norm 0.111 | lr x1.000
step  10480 | loss 3.3442 | grad_norm 0.115 | lr x1.000
step  10500 | loss 3.2982 | grad_norm 0.112 | lr x1.000
           val loss 3.5886
step  10520 | loss 3.2901 | grad_norm 0.114 | lr x1.000
step  10540 | loss 3.3630 | grad_norm 0.114 | lr x1.000
step  10560 | loss 3.2997 | grad_norm 0.107 | lr x1.000
step  10580 | loss 3.3279 | grad_norm 0.113 | lr x1.000
step  10600 | loss 3.2716 | grad_norm 0.104 | lr x1.000
step  10620 | loss 3.3458 | grad_norm 0.115 | lr x1.000
step  10640 | loss 3.3015 | grad_norm 0.113 | lr x1.000
step  10660 | loss 3.2844 | grad_norm 0.105 | lr x1.000
step  10680 | loss 3.2211 | grad_norm 0.116 | lr x1.000
step  10700 | loss 3.2432 | grad_norm 0.114 | lr x1.000
step  10720 | loss 3.2879 | grad_norm 0.103 | lr x1.000
step  10740 | loss 3.2132 | grad_norm 0.111 | lr x1.000
           val loss 3.5769
step  10760 | loss 3.2887 | grad_norm 0.121 | lr x1.000
step  10780 | loss 3.2812 | grad_norm 0.121 | lr x1.000
step  10800 | loss 3.2811 | grad_norm 0.114 | lr x1.000
step  10820 | loss 3.2987 | grad_norm 0.115 | lr x1.000
step  10840 | loss 3.2611 | grad_norm 0.109 | lr x1.000
step  10860 | loss 3.2993 | grad_norm 0.113 | lr x1.000
step  10880 | loss 3.2786 | grad_norm 0.109 | lr x1.000
step  10900 | loss 3.3428 | grad_norm 0.117 | lr x1.000
step  10920 | loss 3.3307 | grad_norm 0.108 | lr x1.000
step  10940 | loss 3.2437 | grad_norm 0.111 | lr x1.000
step  10960 | loss 3.2912 | grad_norm 0.115 | lr x1.000
step  10980 | loss 3.3084 | grad_norm 0.107 | lr x1.000
step  11000 | loss 3.3071 | grad_norm 0.105 | lr x1.000
           val loss 3.5635
step  11020 | loss 3.3871 | grad_norm 0.108 | lr x1.000
step  11040 | loss 3.2577 | grad_norm 0.111 | lr x1.000
step  11060 | loss 3.2689 | grad_norm 0.110 | lr x1.000
step  11080 | loss 3.2626 | grad_norm 0.103 | lr x1.000
step  11100 | loss 3.2527 | grad_norm 0.121 | lr x1.000
step  11120 | loss 3.2640 | grad_norm 0.106 | lr x1.000
step  11140 | loss 3.2433 | grad_norm 0.105 | lr x1.000
step  11160 | loss 3.3165 | grad_norm 0.106 | lr x1.000
step  11180 | loss 3.3091 | grad_norm 0.112 | lr x1.000
step  11200 | loss 3.3346 | grad_norm 0.102 | lr x1.000
step  11220 | loss 3.3017 | grad_norm 0.111 | lr x1.000
step  11240 | loss 3.3096 | grad_norm 0.108 | lr x1.000
           val loss 3.5928
step  11260 | loss 3.2799 | grad_norm 0.111 | lr x1.000
step  11280 | loss 3.3305 | grad_norm 0.107 | lr x1.000
step  11300 | loss 3.3294 | grad_norm 0.108 | lr x1.000
step  11320 | loss 3.2419 | grad_norm 0.111 | lr x1.000
step  11340 | loss 3.2925 | grad_norm 0.118 | lr x1.000
step  11360 | loss 3.2630 | grad_norm 0.104 | lr x1.000
step  11380 | loss 3.3338 | grad_norm 0.109 | lr x1.000
step  11400 | loss 3.2870 | grad_norm 0.109 | lr x1.000
step  11420 | loss 3.2449 | grad_norm 0.107 | lr x1.000
step  11440 | loss 3.2463 | grad_norm 0.110 | lr x1.000
step  11460 | loss 3.3461 | grad_norm 0.114 | lr x1.000
step  11480 | loss 3.2667 | grad_norm 0.107 | lr x1.000
step  11500 | loss 3.2657 | grad_norm 0.102 | lr x1.000
           val loss 3.5647
step  11520 | loss 3.3283 | grad_norm 0.114 | lr x1.000
step  11540 | loss 3.2938 | grad_norm 0.116 | lr x1.000
step  11560 | loss 3.2860 | grad_norm 0.107 | lr x1.000
step  11580 | loss 3.2917 | grad_norm 0.112 | lr x1.000
step  11600 | loss 3.3265 | grad_norm 0.112 | lr x1.000
step  11620 | loss 3.2965 | grad_norm 0.105 | lr x1.000
step  11640 | loss 3.2845 | grad_norm 0.107 | lr x1.000
step  11660 | loss 3.3097 | grad_norm 0.111 | lr x1.000
step  11680 | loss 3.3091 | grad_norm 0.109 | lr x1.000
step  11700 | loss 3.2854 | grad_norm 0.106 | lr x1.000
step  11720 | loss 3.2976 | grad_norm 0.111 | lr x1.000
step  11740 | loss 3.2574 | grad_norm 0.112 | lr x1.000
           val loss 3.5659
step  11760 | loss 3.3048 | grad_norm 0.110 | lr x1.000
step  11780 | loss 3.2833 | grad_norm 0.105 | lr x1.000
step  11800 | loss 3.3439 | grad_norm 0.112 | lr x1.000
step  11820 | loss 3.2842 | grad_norm 0.108 | lr x1.000
step  11840 | loss 3.2854 | grad_norm 0.107 | lr x1.000
step  11860 | loss 3.2760 | grad_norm 0.119 | lr x1.000
step  11880 | loss 3.2339 | grad_norm 0.110 | lr x1.000
step  11900 | loss 3.2782 | grad_norm 0.102 | lr x1.000
step  11920 | loss 3.2432 | grad_norm 0.104 | lr x1.000
step  11940 | loss 3.2770 | grad_norm 0.110 | lr x1.000
step  11960 | loss 3.2973 | grad_norm 0.115 | lr x1.000
step  11980 | loss 3.3021 | grad_norm 0.102 | lr x1.000
step  12000 | loss 3.3696 | grad_norm 0.106 | lr x1.000
           val loss 3.5909
step  12020 | loss 3.3317 | grad_norm 0.108 | lr x1.000
step  12040 | loss 3.2570 | grad_norm 0.109 | lr x1.000
step  12060 | loss 3.2885 | grad_norm 0.105 | lr x1.000
step  12080 | loss 3.2717 | grad_norm 0.102 | lr x1.000
step  12100 | loss 3.2633 | grad_norm 0.108 | lr x1.000
step  12120 | loss 3.2975 | grad_norm 0.103 | lr x1.000
step  12140 | loss 3.2658 | grad_norm 0.106 | lr x1.000
step  12160 | loss 3.2310 | grad_norm 0.109 | lr x1.000
step  12180 | loss 3.2419 | grad_norm 0.107 | lr x1.000
step  12200 | loss 3.3215 | grad_norm 0.108 | lr x1.000
step  12220 | loss 3.1560 | grad_norm 0.107 | lr x1.000
step  12240 | loss 3.2655 | grad_norm 0.109 | lr x1.000
           val loss 3.5649
step  12260 | loss 3.2724 | grad_norm 0.104 | lr x1.000
step  12280 | loss 3.2972 | grad_norm 0.112 | lr x1.000
step  12300 | loss 3.2623 | grad_norm 0.100 | lr x1.000
step  12320 | loss 3.2531 | grad_norm 0.106 | lr x1.000
step  12340 | loss 3.2545 | grad_norm 0.109 | lr x1.000
step  12360 | loss 3.1994 | grad_norm 0.103 | lr x1.000
step  12380 | loss 3.3042 | grad_norm 0.101 | lr x1.000
step  12400 | loss 3.3050 | grad_norm 0.111 | lr x1.000
step  12420 | loss 3.2668 | grad_norm 0.114 | lr x1.000
step  12440 | loss 3.3356 | grad_norm 0.104 | lr x1.000
step  12460 | loss 3.2775 | grad_norm 0.112 | lr x1.000
step  12480 | loss 3.2527 | grad_norm 0.117 | lr x1.000
step  12500 | loss 3.2721 | grad_norm 0.102 | lr x1.000
           val loss 3.5928
step  12520 | loss 3.2719 | grad_norm 0.104 | lr x1.000
step  12540 | loss 3.1970 | grad_norm 0.109 | lr x1.000
step  12560 | loss 3.2594 | grad_norm 0.110 | lr x1.000
step  12580 | loss 3.3437 | grad_norm 0.119 | lr x1.000
step  12600 | loss 3.2380 | grad_norm 0.102 | lr x1.000
step  12620 | loss 3.3043 | grad_norm 0.109 | lr x1.000
step  12640 | loss 3.2723 | grad_norm 0.102 | lr x1.000
step  12660 | loss 3.2809 | grad_norm 0.106 | lr x1.000
step  12680 | loss 3.2266 | grad_norm 0.106 | lr x1.000
step  12700 | loss 3.2907 | grad_norm 0.102 | lr x1.000
step  12720 | loss 3.2912 | grad_norm 0.106 | lr x1.000
step  12740 | loss 3.3159 | grad_norm 0.105 | lr x1.000
           val loss 3.5414
step  12760 | loss 3.2708 | grad_norm 0.107 | lr x1.000
step  12780 | loss 3.2745 | grad_norm 0.109 | lr x1.000
step  12800 | loss 3.3220 | grad_norm 0.107 | lr x1.000
step  12820 | loss 3.2583 | grad_norm 0.102 | lr x1.000
step  12840 | loss 3.3251 | grad_norm 0.107 | lr x1.000
step  12860 | loss 3.2646 | grad_norm 0.110 | lr x1.000
step  12880 | loss 3.2679 | grad_norm 0.105 | lr x1.000
step  12900 | loss 3.2925 | grad_norm 0.103 | lr x1.000
step  12920 | loss 3.2425 | grad_norm 0.103 | lr x1.000
step  12940 | loss 3.1859 | grad_norm 0.110 | lr x1.000
step  12960 | loss 3.2882 | grad_norm 0.101 | lr x1.000
step  12980 | loss 3.2656 | grad_norm 0.113 | lr x1.000
step  13000 | loss 3.2572 | grad_norm 0.105 | lr x1.000
           val loss 3.5470
step  13020 | loss 3.2544 | grad_norm 0.101 | lr x1.000
step  13040 | loss 3.2576 | grad_norm 0.103 | lr x1.000
step  13060 | loss 3.2887 | grad_norm 0.106 | lr x1.000
step  13080 | loss 3.3085 | grad_norm 0.101 | lr x1.000
step  13100 | loss 3.2268 | grad_norm 0.105 | lr x1.000
step  13120 | loss 3.2494 | grad_norm 0.103 | lr x1.000
step  13140 | loss 3.3101 | grad_norm 0.106 | lr x1.000
step  13160 | loss 3.2971 | grad_norm 0.106 | lr x1.000
step  13180 | loss 3.2712 | grad_norm 0.106 | lr x1.000
step  13200 | loss 3.2959 | grad_norm 0.100 | lr x1.000
step  13220 | loss 3.2259 | grad_norm 0.105 | lr x1.000
step  13240 | loss 3.3186 | grad_norm 0.104 | lr x1.000
           val loss 3.5593
step  13260 | loss 3.2082 | grad_norm 0.107 | lr x1.000
step  13280 | loss 3.2783 | grad_norm 0.108 | lr x1.000
step  13300 | loss 3.3020 | grad_norm 0.111 | lr x1.000
step  13320 | loss 3.2748 | grad_norm 0.111 | lr x1.000
step  13340 | loss 3.3031 | grad_norm 0.104 | lr x1.000
step  13360 | loss 3.3040 | grad_norm 0.108 | lr x1.000
step  13380 | loss 3.2853 | grad_norm 0.111 | lr x1.000
step  13400 | loss 3.2614 | grad_norm 0.103 | lr x1.000
step  13420 | loss 3.2518 | grad_norm 0.101 | lr x1.000
step  13440 | loss 3.2294 | grad_norm 0.107 | lr x1.000
step  13460 | loss 3.2821 | grad_norm 0.101 | lr x1.000
step  13480 | loss 3.2897 | grad_norm 0.098 | lr x1.000
step  13500 | loss 3.2423 | grad_norm 0.101 | lr x1.000
           val loss 3.5475
step  13520 | loss 3.2882 | grad_norm 0.100 | lr x1.000
step  13540 | loss 3.2242 | grad_norm 0.110 | lr x1.000
step  13560 | loss 3.2656 | grad_norm 0.101 | lr x1.000
step  13580 | loss 3.2830 | grad_norm 0.103 | lr x1.000
step  13600 | loss 3.2444 | grad_norm 0.103 | lr x1.000
step  13620 | loss 3.2831 | grad_norm 0.100 | lr x1.000
step  13640 | loss 3.2597 | grad_norm 0.109 | lr x1.000
step  13660 | loss 3.1825 | grad_norm 0.103 | lr x1.000
step  13680 | loss 3.2268 | grad_norm 0.100 | lr x1.000
step  13700 | loss 3.3115 | grad_norm 0.117 | lr x1.000
step  13720 | loss 3.2510 | grad_norm 0.113 | lr x1.000
step  13740 | loss 3.3208 | grad_norm 0.105 | lr x1.000
           val loss 3.5646
step  13760 | loss 3.2469 | grad_norm 0.104 | lr x1.000
step  13780 | loss 3.2758 | grad_norm 0.103 | lr x1.000
step  13800 | loss 3.2205 | grad_norm 0.101 | lr x1.000
step  13820 | loss 3.2729 | grad_norm 0.099 | lr x1.000
step  13840 | loss 3.3130 | grad_norm 0.104 | lr x1.000
step  13860 | loss 3.2840 | grad_norm 0.102 | lr x1.000
step  13880 | loss 3.2176 | grad_norm 0.102 | lr x1.000
step  13900 | loss 3.2670 | grad_norm 0.102 | lr x1.000
step  13920 | loss 3.2748 | grad_norm 0.105 | lr x1.000
step  13940 | loss 3.2800 | grad_norm 0.109 | lr x1.000
step  13960 | loss 3.2186 | grad_norm 0.103 | lr x1.000
step  13980 | loss 3.2884 | grad_norm 0.108 | lr x1.000
step  14000 | loss 3.3504 | grad_norm 0.100 | lr x1.000
           val loss 3.5336
step  14020 | loss 3.2633 | grad_norm 0.101 | lr x1.000
step  14040 | loss 3.2400 | grad_norm 0.106 | lr x1.000
step  14060 | loss 3.2732 | grad_norm 0.106 | lr x1.000
step  14080 | loss 3.2202 | grad_norm 0.101 | lr x1.000
step  14100 | loss 3.2679 | grad_norm 0.104 | lr x1.000
step  14120 | loss 3.2718 | grad_norm 0.103 | lr x1.000
step  14140 | loss 3.3426 | grad_norm 0.108 | lr x1.000
step  14160 | loss 3.2705 | grad_norm 0.100 | lr x1.000
step  14180 | loss 3.2779 | grad_norm 0.102 | lr x1.000
step  14200 | loss 3.2757 | grad_norm 0.097 | lr x1.000
step  14220 | loss 3.2441 | grad_norm 0.101 | lr x1.000
step  14240 | loss 3.2924 | grad_norm 0.102 | lr x1.000
           val loss 3.5495
step  14260 | loss 3.2043 | grad_norm 0.098 | lr x1.000
step  14280 | loss 3.2358 | grad_norm 0.103 | lr x1.000
step  14300 | loss 3.2259 | grad_norm 0.095 | lr x1.000
step  14320 | loss 3.2288 | grad_norm 0.103 | lr x1.000
step  14340 | loss 3.2391 | grad_norm 0.096 | lr x1.000
step  14360 | loss 3.2314 | grad_norm 0.103 | lr x1.000
step  14380 | loss 3.2275 | grad_norm 0.103 | lr x1.000
step  14400 | loss 3.2666 | grad_norm 0.101 | lr x1.000
step  14420 | loss 3.2475 | grad_norm 0.101 | lr x1.000
step  14440 | loss 3.2947 | grad_norm 0.104 | lr x1.000
step  14460 | loss 3.2671 | grad_norm 0.108 | lr x1.000
step  14480 | loss 3.2206 | grad_norm 0.098 | lr x1.000
step  14500 | loss 3.2771 | grad_norm 0.107 | lr x1.000
           val loss 3.5065
step  14520 | loss 3.1891 | grad_norm 0.097 | lr x1.000
step  14540 | loss 3.2023 | grad_norm 0.102 | lr x1.000
step  14560 | loss 3.3260 | grad_norm 0.101 | lr x1.000
step  14580 | loss 3.2084 | grad_norm 0.103 | lr x1.000
step  14600 | loss 3.2454 | grad_norm 0.103 | lr x1.000
step  14620 | loss 3.2417 | grad_norm 0.095 | lr x1.000
step  14640 | loss 3.2324 | grad_norm 0.100 | lr x1.000
step  14660 | loss 3.2765 | grad_norm 0.101 | lr x1.000
step  14680 | loss 3.2087 | grad_norm 0.101 | lr x1.000
step  14700 | loss 3.2571 | grad_norm 0.109 | lr x1.000
step  14720 | loss 3.2439 | grad_norm 0.100 | lr x1.000
step  14740 | loss 3.2576 | grad_norm 0.102 | lr x1.000
           val loss 3.5516
step  14760 | loss 3.2509 | grad_norm 0.102 | lr x1.000
step  14780 | loss 3.2482 | grad_norm 0.096 | lr x1.000
step  14800 | loss 3.3054 | grad_norm 0.104 | lr x1.000
step  14820 | loss 3.2869 | grad_norm 0.103 | lr x1.000
step  14840 | loss 3.2500 | grad_norm 0.099 | lr x1.000
step  14860 | loss 3.2416 | grad_norm 0.100 | lr x1.000
step  14880 | loss 3.2036 | grad_norm 0.097 | lr x1.000
step  14900 | loss 3.2778 | grad_norm 0.097 | lr x1.000
step  14920 | loss 3.2294 | grad_norm 0.096 | lr x1.000
step  14940 | loss 3.2114 | grad_norm 0.101 | lr x1.000
step  14960 | loss 3.2592 | grad_norm 0.095 | lr x1.000
step  14980 | loss 3.3240 | grad_norm 0.100 | lr x1.000
step  15000 | loss 3.2656 | grad_norm 0.095 | lr x1.000
           val loss 3.5629
step  15020 | loss 3.2047 | grad_norm 0.096 | lr x1.000
step  15040 | loss 3.2795 | grad_norm 0.105 | lr x1.000
step  15060 | loss 3.2914 | grad_norm 0.098 | lr x1.000
step  15080 | loss 3.2403 | grad_norm 0.105 | lr x1.000
step  15100 | loss 3.2011 | grad_norm 0.100 | lr x1.000
step  15120 | loss 3.2837 | grad_norm 0.106 | lr x1.000
step  15140 | loss 3.2695 | grad_norm 0.102 | lr x1.000
step  15160 | loss 3.2347 | grad_norm 0.100 | lr x1.000
step  15180 | loss 3.2540 | grad_norm 0.100 | lr x1.000
step  15200 | loss 3.2271 | grad_norm 0.102 | lr x1.000
step  15220 | loss 3.2503 | grad_norm 0.098 | lr x1.000
step  15240 | loss 3.2429 | grad_norm 0.106 | lr x1.000
           val loss 3.5586
step  15260 | loss 3.2066 | grad_norm 0.103 | lr x1.000
step  15280 | loss 3.2440 | grad_norm 0.109 | lr x1.000
step  15300 | loss 3.2735 | grad_norm 0.102 | lr x1.000
step  15320 | loss 3.2772 | grad_norm 0.095 | lr x1.000
step  15340 | loss 3.2288 | grad_norm 0.106 | lr x1.000
step  15360 | loss 3.2536 | grad_norm 0.095 | lr x1.000
step  15380 | loss 3.2573 | grad_norm 0.098 | lr x1.000
step  15400 | loss 3.2527 | grad_norm 0.097 | lr x1.000
step  15420 | loss 3.2065 | grad_norm 0.099 | lr x1.000
step  15440 | loss 3.2742 | grad_norm 0.100 | lr x1.000
step  15460 | loss 3.1902 | grad_norm 0.099 | lr x1.000
step  15480 | loss 3.2885 | grad_norm 0.099 | lr x1.000
step  15500 | loss 3.2844 | grad_norm 0.102 | lr x1.000
           val loss 3.5322
step  15520 | loss 3.2722 | grad_norm 0.100 | lr x1.000
step  15540 | loss 3.2309 | grad_norm 0.098 | lr x1.000
step  15560 | loss 3.2688 | grad_norm 0.097 | lr x1.000
step  15580 | loss 3.2892 | grad_norm 0.095 | lr x1.000
step  15600 | loss 3.2761 | grad_norm 0.100 | lr x1.000
step  15620 | loss 3.2528 | grad_norm 0.092 | lr x1.000
step  15640 | loss 3.2925 | grad_norm 0.104 | lr x1.000
step  15660 | loss 3.2454 | grad_norm 0.101 | lr x1.000
step  15680 | loss 3.2234 | grad_norm 0.109 | lr x1.000
step  15700 | loss 3.1884 | grad_norm 0.097 | lr x1.000
step  15720 | loss 3.2818 | grad_norm 0.097 | lr x1.000
step  15740 | loss 3.2467 | grad_norm 0.102 | lr x1.000
           val loss 3.5436
step  15760 | loss 3.2433 | grad_norm 0.098 | lr x1.000
step  15780 | loss 3.2070 | grad_norm 0.099 | lr x1.000
step  15800 | loss 3.2335 | grad_norm 0.098 | lr x1.000
step  15820 | loss 3.2673 | grad_norm 0.103 | lr x1.000
step  15840 | loss 3.2922 | grad_norm 0.097 | lr x1.000
step  15860 | loss 3.2252 | grad_norm 0.098 | lr x1.000
step  15880 | loss 3.1849 | grad_norm 0.099 | lr x1.000
step  15900 | loss 3.2574 | grad_norm 0.097 | lr x1.000
step  15920 | loss 3.2542 | grad_norm 0.095 | lr x1.000
step  15940 | loss 3.2739 | grad_norm 0.102 | lr x1.000
step  15960 | loss 3.1943 | grad_norm 0.095 | lr x1.000
step  15980 | loss 3.2223 | grad_norm 0.099 | lr x1.000
step  16000 | loss 3.1943 | grad_norm 0.100 | lr x1.000
           val loss 3.5139
step  16020 | loss 3.2734 | grad_norm 0.103 | lr x1.000
step  16040 | loss 3.3262 | grad_norm 0.098 | lr x1.000
step  16060 | loss 3.2249 | grad_norm 0.097 | lr x1.000
step  16080 | loss 3.2083 | grad_norm 0.097 | lr x1.000
step  16100 | loss 3.2093 | grad_norm 0.102 | lr x1.000
step  16120 | loss 3.1591 | grad_norm 0.103 | lr x1.000
step  16140 | loss 3.2882 | grad_norm 0.102 | lr x1.000
step  16160 | loss 3.2667 | grad_norm 0.093 | lr x1.000
step  16180 | loss 3.2845 | grad_norm 0.091 | lr x1.000
step  16200 | loss 3.2782 | grad_norm 0.097 | lr x1.000
step  16220 | loss 3.2311 | grad_norm 0.101 | lr x1.000
step  16240 | loss 3.2776 | grad_norm 0.097 | lr x1.000
           val loss 3.5503
step  16260 | loss 3.2671 | grad_norm 0.103 | lr x1.000
step  16280 | loss 3.2210 | grad_norm 0.094 | lr x1.000
step  16300 | loss 3.2638 | grad_norm 0.093 | lr x1.000
step  16320 | loss 3.2810 | grad_norm 0.096 | lr x1.000
step  16340 | loss 3.3375 | grad_norm 0.100 | lr x1.000
step  16360 | loss 3.2359 | grad_norm 0.097 | lr x1.000
step  16380 | loss 3.2238 | grad_norm 0.093 | lr x1.000
step  16400 | loss 3.2141 | grad_norm 0.104 | lr x1.000
step  16420 | loss 3.1800 | grad_norm 0.096 | lr x1.000
step  16440 | loss 3.2602 | grad_norm 0.096 | lr x1.000
step  16460 | loss 3.3206 | grad_norm 0.100 | lr x1.000
step  16480 | loss 3.2731 | grad_norm 0.098 | lr x1.000
step  16500 | loss 3.2816 | grad_norm 0.098 | lr x1.000
           val loss 3.5344
step  16520 | loss 3.2015 | grad_norm 0.096 | lr x1.000
step  16540 | loss 3.2729 | grad_norm 0.106 | lr x1.000
step  16560 | loss 3.2830 | grad_norm 0.098 | lr x1.000
step  16580 | loss 3.2618 | grad_norm 0.097 | lr x1.000
step  16600 | loss 3.2795 | grad_norm 0.103 | lr x1.000
step  16620 | loss 3.2880 | grad_norm 0.095 | lr x1.000
step  16640 | loss 3.2150 | grad_norm 0.101 | lr x1.000
step  16660 | loss 3.2793 | grad_norm 0.102 | lr x1.000
step  16680 | loss 3.2417 | grad_norm 0.100 | lr x1.000
step  16700 | loss 3.2319 | grad_norm 0.100 | lr x1.000
step  16720 | loss 3.2589 | grad_norm 0.098 | lr x1.000
step  16740 | loss 3.2866 | grad_norm 0.099 | lr x1.000
           val loss 3.5259
step  16760 | loss 3.3181 | grad_norm 0.095 | lr x1.000
step  16780 | loss 3.2697 | grad_norm 0.095 | lr x1.000
step  16800 | loss 3.1995 | grad_norm 0.098 | lr x1.000
step  16820 | loss 3.2468 | grad_norm 0.099 | lr x1.000
step  16840 | loss 3.2205 | grad_norm 0.098 | lr x1.000
step  16860 | loss 3.2178 | grad_norm 0.102 | lr x1.000
step  16880 | loss 3.2682 | grad_norm 0.093 | lr x1.000
step  16900 | loss 3.2549 | grad_norm 0.100 | lr x1.000
step  16920 | loss 3.2389 | grad_norm 0.097 | lr x1.000
step  16940 | loss 3.2568 | grad_norm 0.093 | lr x1.000
step  16960 | loss 3.2732 | grad_norm 0.091 | lr x1.000
step  16980 | loss 3.2652 | grad_norm 0.097 | lr x1.000
step  17000 | loss 3.2666 | grad_norm 0.096 | lr x1.000
           val loss 3.5572
step  17020 | loss 3.2551 | grad_norm 0.098 | lr x1.000
step  17040 | loss 3.2740 | grad_norm 0.102 | lr x1.000
step  17060 | loss 3.1813 | grad_norm 0.096 | lr x1.000
step  17080 | loss 3.2425 | grad_norm 0.099 | lr x1.000
step  17100 | loss 3.2723 | grad_norm 0.095 | lr x1.000
step  17120 | loss 3.2179 | grad_norm 0.098 | lr x1.000
step  17140 | loss 3.2608 | grad_norm 0.098 | lr x1.000
step  17160 | loss 3.2186 | grad_norm 0.095 | lr x1.000
step  17180 | loss 3.2483 | grad_norm 0.102 | lr x1.000
step  17200 | loss 3.2016 | grad_norm 0.095 | lr x1.000
step  17220 | loss 3.2478 | grad_norm 0.100 | lr x1.000
step  17240 | loss 3.2188 | grad_norm 0.100 | lr x1.000
           val loss 3.5065
step  17260 | loss 3.2497 | grad_norm 0.095 | lr x1.000
step  17280 | loss 3.2054 | grad_norm 0.095 | lr x1.000
step  17300 | loss 3.1954 | grad_norm 0.092 | lr x1.000
step  17320 | loss 3.2991 | grad_norm 0.101 | lr x1.000
step  17340 | loss 3.2949 | grad_norm 0.094 | lr x1.000
step  17360 | loss 3.1663 | grad_norm 0.097 | lr x1.000
step  17380 | loss 3.2606 | grad_norm 0.093 | lr x1.000
step  17400 | loss 3.2580 | grad_norm 0.094 | lr x1.000
step  17420 | loss 3.1901 | grad_norm 0.097 | lr x1.000
step  17440 | loss 3.2713 | grad_norm 0.099 | lr x1.000
step  17460 | loss 3.2569 | grad_norm 0.092 | lr x1.000
step  17480 | loss 3.2405 | grad_norm 0.094 | lr x1.000
step  17500 | loss 3.2565 | grad_norm 0.096 | lr x1.000
           val loss 3.5241
step  17520 | loss 3.2178 | grad_norm 0.097 | lr x1.000
step  17540 | loss 3.2536 | grad_norm 0.100 | lr x1.000
step  17560 | loss 3.2964 | grad_norm 0.092 | lr x1.000
step  17580 | loss 3.2214 | grad_norm 0.098 | lr x1.000
step  17600 | loss 3.2423 | grad_norm 0.099 | lr x1.000
step  17620 | loss 3.2889 | grad_norm 0.096 | lr x1.000
step  17640 | loss 3.2389 | grad_norm 0.094 | lr x1.000
step  17660 | loss 3.2956 | grad_norm 0.106 | lr x1.000
step  17680 | loss 3.1780 | grad_norm 0.096 | lr x1.000
step  17700 | loss 3.2141 | grad_norm 0.099 | lr x1.000
step  17720 | loss 3.2202 | grad_norm 0.096 | lr x1.000
step  17740 | loss 3.2361 | grad_norm 0.091 | lr x1.000
           val loss 3.5135
step  17760 | loss 3.2477 | grad_norm 0.094 | lr x1.000
step  17780 | loss 3.2855 | grad_norm 0.095 | lr x1.000
step  17800 | loss 3.2738 | grad_norm 0.092 | lr x1.000
step  17820 | loss 3.1615 | grad_norm 0.097 | lr x1.000
step  17840 | loss 3.2547 | grad_norm 0.093 | lr x1.000
step  17860 | loss 3.2334 | grad_norm 0.091 | lr x1.000
step  17880 | loss 3.3222 | grad_norm 0.100 | lr x1.000
step  17900 | loss 3.2042 | grad_norm 0.096 | lr x1.000
step  17920 | loss 3.2449 | grad_norm 0.093 | lr x1.000
step  17940 | loss 3.2147 | grad_norm 0.098 | lr x1.000
step  17960 | loss 3.2629 | grad_norm 0.097 | lr x1.000
step  17980 | loss 3.2022 | grad_norm 0.095 | lr x1.000
step  18000 | loss 3.2937 | grad_norm 0.101 | lr x1.000
           val loss 3.5277
step  18020 | loss 3.1463 | grad_norm 0.095 | lr x1.000
step  18040 | loss 3.1772 | grad_norm 0.096 | lr x1.000
step  18060 | loss 3.2543 | grad_norm 0.092 | lr x1.000
step  18080 | loss 3.2361 | grad_norm 0.092 | lr x1.000
step  18100 | loss 3.2516 | grad_norm 0.093 | lr x1.000
step  18120 | loss 3.2640 | grad_norm 0.094 | lr x1.000
step  18140 | loss 3.2535 | grad_norm 0.097 | lr x1.000
step  18160 | loss 3.2819 | grad_norm 0.096 | lr x1.000
step  18180 | loss 3.1752 | grad_norm 0.092 | lr x1.000
step  18200 | loss 3.2093 | grad_norm 0.097 | lr x1.000
step  18220 | loss 3.2456 | grad_norm 0.093 | lr x1.000
step  18240 | loss 3.2051 | grad_norm 0.096 | lr x1.000
           val loss 3.5223
step  18260 | loss 3.2396 | grad_norm 0.096 | lr x1.000
step  18280 | loss 3.1833 | grad_norm 0.098 | lr x1.000
step  18300 | loss 3.2313 | grad_norm 0.095 | lr x1.000
step  18320 | loss 3.2552 | grad_norm 0.092 | lr x1.000
step  18340 | loss 3.2305 | grad_norm 0.095 | lr x1.000
step  18360 | loss 3.1605 | grad_norm 0.100 | lr x1.000
step  18380 | loss 3.2250 | grad_norm 0.090 | lr x1.000
step  18400 | loss 3.2071 | grad_norm 0.095 | lr x1.000
step  18420 | loss 3.2193 | grad_norm 0.092 | lr x1.000
step  18440 | loss 3.2394 | grad_norm 0.092 | lr x1.000
step  18460 | loss 3.2245 | grad_norm 0.093 | lr x1.000
step  18480 | loss 3.2866 | grad_norm 0.089 | lr x1.000
step  18500 | loss 3.2390 | grad_norm 0.097 | lr x1.000
           val loss 3.5110
step  18520 | loss 3.2480 | grad_norm 0.093 | lr x1.000
step  18540 | loss 3.2275 | grad_norm 0.092 | lr x1.000
step  18560 | loss 3.2428 | grad_norm 0.096 | lr x1.000
step  18580 | loss 3.2335 | grad_norm 0.100 | lr x1.000
step  18600 | loss 3.2487 | grad_norm 0.095 | lr x1.000
step  18620 | loss 3.2137 | grad_norm 0.095 | lr x1.000
step  18640 | loss 3.2303 | grad_norm 0.096 | lr x1.000
step  18660 | loss 3.2110 | grad_norm 0.096 | lr x1.000
step  18680 | loss 3.1810 | grad_norm 0.095 | lr x1.000
step  18700 | loss 3.1646 | grad_norm 0.104 | lr x1.000
step  18720 | loss 3.1949 | grad_norm 0.099 | lr x1.000
step  18740 | loss 3.1941 | grad_norm 0.093 | lr x1.000
           val loss 3.5163
step  18760 | loss 3.2444 | grad_norm 0.093 | lr x1.000
step  18780 | loss 3.1457 | grad_norm 0.098 | lr x1.000
step  18800 | loss 3.2252 | grad_norm 0.092 | lr x1.000
step  18820 | loss 3.2099 | grad_norm 0.097 | lr x1.000
step  18840 | loss 3.2706 | grad_norm 0.098 | lr x1.000
step  18860 | loss 3.2572 | grad_norm 0.095 | lr x1.000
step  18880 | loss 3.2626 | grad_norm 0.099 | lr x1.000
step  18900 | loss 3.2453 | grad_norm 0.097 | lr x1.000
step  18920 | loss 3.2446 | grad_norm 0.090 | lr x1.000
step  18940 | loss 3.2549 | grad_norm 0.095 | lr x1.000
step  18960 | loss 3.2008 | grad_norm 0.099 | lr x1.000
step  18980 | loss 3.2736 | grad_norm 0.096 | lr x1.000
step  19000 | loss 3.2393 | grad_norm 0.097 | lr x1.000
           val loss 3.5347
step  19020 | loss 3.2569 | grad_norm 0.092 | lr x1.000
step  19040 | loss 3.2667 | grad_norm 0.097 | lr x1.000
step  19060 | loss 3.2389 | grad_norm 0.093 | lr x1.000
step  19080 | loss 3.3165 | grad_norm 0.092 | lr x1.000
step  19100 | loss 3.2365 | grad_norm 0.090 | lr x1.000
step  19120 | loss 3.2615 | grad_norm 0.096 | lr x1.000
step  19140 | loss 3.1837 | grad_norm 0.095 | lr x1.000
step  19160 | loss 3.2554 | grad_norm 0.094 | lr x1.000
step  19180 | loss 3.1605 | grad_norm 0.103 | lr x1.000
step  19200 | loss 3.1641 | grad_norm 0.094 | lr x1.000
step  19220 | loss 3.2142 | grad_norm 0.100 | lr x1.000
step  19240 | loss 3.2090 | grad_norm 0.096 | lr x1.000
           val loss 3.4946
step  19260 | loss 3.1996 | grad_norm 0.094 | lr x1.000
step  19280 | loss 3.2832 | grad_norm 0.092 | lr x1.000
step  19300 | loss 3.2040 | grad_norm 0.096 | lr x1.000
step  19320 | loss 3.2254 | grad_norm 0.098 | lr x1.000
step  19340 | loss 3.1405 | grad_norm 0.092 | lr x1.000
step  19360 | loss 3.2799 | grad_norm 0.096 | lr x1.000
step  19380 | loss 3.2943 | grad_norm 0.091 | lr x1.000
step  19400 | loss 3.2493 | grad_norm 0.092 | lr x1.000
step  19420 | loss 3.2082 | grad_norm 0.091 | lr x1.000
step  19440 | loss 3.2328 | grad_norm 0.087 | lr x1.000
step  19460 | loss 3.1811 | grad_norm 0.095 | lr x1.000
step  19480 | loss 3.2606 | grad_norm 0.094 | lr x1.000
step  19500 | loss 3.2532 | grad_norm 0.089 | lr x1.000
           val loss 3.5439
step  19520 | loss 3.2061 | grad_norm 0.091 | lr x1.000
step  19540 | loss 3.2249 | grad_norm 0.089 | lr x1.000
step  19560 | loss 3.2324 | grad_norm 0.087 | lr x1.000
step  19580 | loss 3.1810 | grad_norm 0.092 | lr x1.000
step  19600 | loss 3.2101 | grad_norm 0.097 | lr x1.000
step  19620 | loss 3.2376 | grad_norm 0.091 | lr x1.000
step  19640 | loss 3.2732 | grad_norm 0.090 | lr x1.000
step  19660 | loss 3.2313 | grad_norm 0.091 | lr x1.000
step  19680 | loss 3.1878 | grad_norm 0.095 | lr x1.000
step  19700 | loss 3.2407 | grad_norm 0.093 | lr x1.000
step  19720 | loss 3.2559 | grad_norm 0.094 | lr x1.000
step  19740 | loss 3.2241 | grad_norm 0.089 | lr x1.000
           val loss 3.5419
step  19760 | loss 3.1683 | grad_norm 0.087 | lr x1.000
step  19780 | loss 3.1922 | grad_norm 0.093 | lr x1.000
step  19800 | loss 3.1937 | grad_norm 0.089 | lr x1.000
step  19820 | loss 3.2836 | grad_norm 0.101 | lr x1.000
step  19840 | loss 3.2166 | grad_norm 0.096 | lr x1.000
step  19860 | loss 3.2085 | grad_norm 0.097 | lr x1.000
step  19880 | loss 3.1990 | grad_norm 0.094 | lr x1.000
step  19900 | loss 3.1772 | grad_norm 0.090 | lr x1.000
step  19920 | loss 3.2836 | grad_norm 0.092 | lr x1.000
step  19940 | loss 3.2279 | grad_norm 0.091 | lr x1.000
step  19960 | loss 3.2587 | grad_norm 0.090 | lr x1.000
step  19980 | loss 3.2285 | grad_norm 0.093 | lr x1.000
step  20000 | loss 3.1907 | grad_norm 0.093 | lr x1.000
           val loss 3.4931
step  20020 | loss 3.1984 | grad_norm 0.098 | lr x1.000
step  20040 | loss 3.1900 | grad_norm 0.090 | lr x1.000
step  20060 | loss 3.2666 | grad_norm 0.093 | lr x1.000
step  20080 | loss 3.2257 | grad_norm 0.090 | lr x1.000
step  20100 | loss 3.1749 | grad_norm 0.091 | lr x1.000
step  20120 | loss 3.1527 | grad_norm 0.091 | lr x1.000
step  20140 | loss 3.1390 | grad_norm 0.092 | lr x1.000
step  20160 | loss 3.2124 | grad_norm 0.089 | lr x1.000
step  20180 | loss 3.2352 | grad_norm 0.094 | lr x1.000
step  20200 | loss 3.1907 | grad_norm 0.089 | lr x1.000
step  20220 | loss 3.1918 | grad_norm 0.092 | lr x1.000
step  20240 | loss 3.2145 | grad_norm 0.099 | lr x1.000
           val loss 3.5012
step  20260 | loss 3.2303 | grad_norm 0.090 | lr x1.000
step  20280 | loss 3.2295 | grad_norm 0.090 | lr x1.000
step  20300 | loss 3.2772 | grad_norm 0.094 | lr x1.000
step  20320 | loss 3.2319 | grad_norm 0.098 | lr x1.000
step  20340 | loss 3.2294 | grad_norm 0.098 | lr x1.000
step  20360 | loss 3.2145 | grad_norm 0.089 | lr x1.000
step  20380 | loss 3.2695 | grad_norm 0.094 | lr x1.000
step  20400 | loss 3.2445 | grad_norm 0.089 | lr x1.000
step  20420 | loss 3.2288 | grad_norm 0.093 | lr x1.000
step  20440 | loss 3.2018 | grad_norm 0.091 | lr x1.000
step  20460 | loss 3.1469 | grad_norm 0.087 | lr x1.000
step  20480 | loss 3.2185 | grad_norm 0.093 | lr x1.000
step  20500 | loss 3.2072 | grad_norm 0.092 | lr x1.000
           val loss 3.5198
step  20520 | loss 3.1653 | grad_norm 0.089 | lr x1.000
step  20540 | loss 3.1512 | grad_norm 0.096 | lr x1.000
step  20560 | loss 3.2183 | grad_norm 0.088 | lr x1.000
step  20580 | loss 3.2188 | grad_norm 0.086 | lr x1.000
step  20600 | loss 3.2043 | grad_norm 0.093 | lr x1.000
step  20620 | loss 3.2426 | grad_norm 0.093 | lr x1.000
step  20640 | loss 3.1990 | grad_norm 0.090 | lr x1.000
step  20660 | loss 3.1796 | grad_norm 0.091 | lr x1.000
step  20680 | loss 3.2203 | grad_norm 0.093 | lr x1.000
step  20700 | loss 3.2127 | grad_norm 0.089 | lr x1.000
step  20720 | loss 3.1977 | grad_norm 0.094 | lr x1.000
step  20740 | loss 3.2047 | grad_norm 0.096 | lr x1.000
           val loss 3.5151
step  20760 | loss 3.2285 | grad_norm 0.089 | lr x1.000
step  20780 | loss 3.1732 | grad_norm 0.092 | lr x1.000
step  20800 | loss 3.1987 | grad_norm 0.090 | lr x1.000
step  20820 | loss 3.1573 | grad_norm 0.088 | lr x1.000
step  20840 | loss 3.2512 | grad_norm 0.088 | lr x1.000
step  20860 | loss 3.1816 | grad_norm 0.092 | lr x1.000
step  20880 | loss 3.1892 | grad_norm 0.089 | lr x1.000
step  20900 | loss 3.2433 | grad_norm 0.096 | lr x1.000
step  20920 | loss 3.2556 | grad_norm 0.093 | lr x1.000
step  20940 | loss 3.1652 | grad_norm 0.092 | lr x1.000
step  20960 | loss 3.2063 | grad_norm 0.091 | lr x1.000
step  20980 | loss 3.1611 | grad_norm 0.089 | lr x1.000
step  21000 | loss 3.2143 | grad_norm 0.088 | lr x1.000
           val loss 3.5128
step  21020 | loss 3.1660 | grad_norm 0.093 | lr x1.000
step  21040 | loss 3.2227 | grad_norm 0.094 | lr x1.000
step  21060 | loss 3.1721 | grad_norm 0.088 | lr x1.000
step  21080 | loss 3.2267 | grad_norm 0.089 | lr x1.000
step  21100 | loss 3.2696 | grad_norm 0.095 | lr x1.000
step  21120 | loss 3.1907 | grad_norm 0.093 | lr x1.000
step  21140 | loss 3.2183 | grad_norm 0.090 | lr x1.000
step  21160 | loss 3.2282 | grad_norm 0.086 | lr x1.000
step  21180 | loss 3.2102 | grad_norm 0.094 | lr x1.000
step  21200 | loss 3.1588 | grad_norm 0.093 | lr x1.000
step  21220 | loss 3.2313 | grad_norm 0.088 | lr x1.000
step  21240 | loss 3.1986 | grad_norm 0.093 | lr x1.000
           val loss 3.5134
step  21260 | loss 3.2457 | grad_norm 0.089 | lr x1.000
step  21280 | loss 3.1878 | grad_norm 0.093 | lr x1.000
step  21300 | loss 3.2633 | grad_norm 0.085 | lr x1.000
step  21320 | loss 3.2257 | grad_norm 0.093 | lr x1.000
step  21340 | loss 3.2186 | grad_norm 0.090 | lr x1.000
step  21360 | loss 3.2287 | grad_norm 0.089 | lr x1.000
step  21380 | loss 3.2142 | grad_norm 0.088 | lr x1.000
step  21400 | loss 3.1985 | grad_norm 0.093 | lr x1.000
step  21420 | loss 3.1754 | grad_norm 0.091 | lr x1.000
step  21440 | loss 3.2455 | grad_norm 0.095 | lr x1.000
step  21460 | loss 3.2074 | grad_norm 0.090 | lr x1.000
step  21480 | loss 3.2339 | grad_norm 0.090 | lr x1.000
step  21500 | loss 3.2583 | grad_norm 0.093 | lr x1.000
           val loss 3.5278
step  21520 | loss 3.2831 | grad_norm 0.092 | lr x1.000
step  21540 | loss 3.2032 | grad_norm 0.088 | lr x1.000
step  21560 | loss 3.2127 | grad_norm 0.095 | lr x1.000
step  21580 | loss 3.2644 | grad_norm 0.100 | lr x1.000
step  21600 | loss 3.2175 | grad_norm 0.089 | lr x1.000
step  21620 | loss 3.2338 | grad_norm 0.087 | lr x1.000
step  21640 | loss 3.1950 | grad_norm 0.094 | lr x1.000
step  21660 | loss 3.1337 | grad_norm 0.098 | lr x1.000
step  21680 | loss 3.2044 | grad_norm 0.089 | lr x1.000
step  21700 | loss 3.2290 | grad_norm 0.091 | lr x1.000
step  21720 | loss 3.1988 | grad_norm 0.089 | lr x1.000
step  21740 | loss 3.1925 | grad_norm 0.089 | lr x1.000
           val loss 3.5163
step  21760 | loss 3.1884 | grad_norm 0.097 | lr x1.000
step  21780 | loss 3.2316 | grad_norm 0.088 | lr x1.000
step  21800 | loss 3.1216 | grad_norm 0.088 | lr x1.000
step  21820 | loss 3.2926 | grad_norm 0.090 | lr x1.000
step  21840 | loss 3.2188 | grad_norm 0.093 | lr x1.000
step  21860 | loss 3.2382 | grad_norm 0.087 | lr x1.000
step  21880 | loss 3.2333 | grad_norm 0.095 | lr x1.000
step  21900 | loss 3.2089 | grad_norm 0.088 | lr x1.000
step  21920 | loss 3.2719 | grad_norm 0.088 | lr x1.000
step  21940 | loss 3.1743 | grad_norm 0.091 | lr x1.000
step  21960 | loss 3.2297 | grad_norm 0.086 | lr x1.000
step  21980 | loss 3.2066 | grad_norm 0.095 | lr x1.000
step  22000 | loss 3.1686 | grad_norm 0.089 | lr x1.000
           val loss 3.4913
step  22020 | loss 3.2196 | grad_norm 0.091 | lr x1.000
step  22040 | loss 3.2557 | grad_norm 0.087 | lr x1.000
step  22060 | loss 3.2298 | grad_norm 0.087 | lr x1.000
step  22080 | loss 3.2224 | grad_norm 0.092 | lr x1.000
step  22100 | loss 3.2282 | grad_norm 0.096 | lr x1.000
step  22120 | loss 3.2248 | grad_norm 0.087 | lr x1.000
step  22140 | loss 3.1856 | grad_norm 0.092 | lr x1.000
step  22160 | loss 3.2709 | grad_norm 0.092 | lr x1.000
step  22180 | loss 3.2360 | grad_norm 0.098 | lr x1.000
step  22200 | loss 3.2028 | grad_norm 0.085 | lr x1.000
step  22220 | loss 3.2658 | grad_norm 0.096 | lr x1.000
step  22240 | loss 3.1882 | grad_norm 0.091 | lr x1.000
           val loss 3.5048
step  22260 | loss 3.1860 | grad_norm 0.092 | lr x1.000
step  22280 | loss 3.1931 | grad_norm 0.100 | lr x1.000
step  22300 | loss 3.1523 | grad_norm 0.089 | lr x1.000
step  22320 | loss 3.1911 | grad_norm 0.085 | lr x1.000
step  22340 | loss 3.1663 | grad_norm 0.089 | lr x1.000
step  22360 | loss 3.2483 | grad_norm 0.092 | lr x1.000
step  22380 | loss 3.2632 | grad_norm 0.091 | lr x1.000
step  22400 | loss 3.2106 | grad_norm 0.090 | lr x1.000
step  22420 | loss 3.1804 | grad_norm 0.090 | lr x1.000
step  22440 | loss 3.1980 | grad_norm 0.097 | lr x1.000
step  22460 | loss 3.1972 | grad_norm 0.093 | lr x1.000
step  22480 | loss 3.2026 | grad_norm 0.086 | lr x1.000
step  22500 | loss 3.2402 | grad_norm 0.088 | lr x1.000
           val loss 3.4945
step  22520 | loss 3.1787 | grad_norm 0.085 | lr x1.000
step  22540 | loss 3.2170 | grad_norm 0.091 | lr x1.000
step  22560 | loss 3.2251 | grad_norm 0.088 | lr x1.000
step  22580 | loss 3.1937 | grad_norm 0.091 | lr x1.000
step  22600 | loss 3.2706 | grad_norm 0.090 | lr x1.000
step  22620 | loss 3.2035 | grad_norm 0.092 | lr x1.000
step  22640 | loss 3.1748 | grad_norm 0.087 | lr x1.000
step  22660 | loss 3.2528 | grad_norm 0.084 | lr x1.000
step  22680 | loss 3.2361 | grad_norm 0.088 | lr x1.000
step  22700 | loss 3.2040 | grad_norm 0.090 | lr x1.000
step  22720 | loss 3.1987 | grad_norm 0.089 | lr x1.000
step  22740 | loss 3.2909 | grad_norm 0.093 | lr x1.000
           val loss 3.5125
step  22760 | loss 3.1626 | grad_norm 0.092 | lr x1.000
step  22780 | loss 3.2427 | grad_norm 0.093 | lr x1.000
step  22800 | loss 3.2402 | grad_norm 0.087 | lr x1.000
step  22820 | loss 3.1870 | grad_norm 0.095 | lr x1.000
step  22840 | loss 3.2142 | grad_norm 0.089 | lr x1.000
step  22860 | loss 3.2332 | grad_norm 0.087 | lr x1.000
step  22880 | loss 3.2639 | grad_norm 0.091 | lr x1.000
step  22900 | loss 3.1483 | grad_norm 0.088 | lr x1.000
step  22920 | loss 3.2081 | grad_norm 0.088 | lr x1.000
step  22940 | loss 3.2301 | grad_norm 0.090 | lr x1.000
step  22960 | loss 3.1566 | grad_norm 0.087 | lr x1.000
step  22980 | loss 3.2013 | grad_norm 0.086 | lr x1.000
step  23000 | loss 3.1814 | grad_norm 0.094 | lr x1.000
           val loss 3.5095
step  23020 | loss 3.1832 | grad_norm 0.091 | lr x1.000
step  23040 | loss 3.2318 | grad_norm 0.092 | lr x1.000
step  23060 | loss 3.1765 | grad_norm 0.088 | lr x1.000
step  23080 | loss 3.2303 | grad_norm 0.086 | lr x1.000
step  23100 | loss 3.2287 | grad_norm 0.083 | lr x1.000
step  23120 | loss 3.2171 | grad_norm 0.087 | lr x1.000
step  23140 | loss 3.2195 | grad_norm 0.083 | lr x1.000
step  23160 | loss 3.2127 | grad_norm 0.087 | lr x1.000
step  23180 | loss 3.1394 | grad_norm 0.085 | lr x1.000
step  23200 | loss 3.2135 | grad_norm 0.093 | lr x1.000
step  23220 | loss 3.1941 | grad_norm 0.092 | lr x1.000
step  23240 | loss 3.2133 | grad_norm 0.089 | lr x1.000
           val loss 3.4959
step  23260 | loss 3.2405 | grad_norm 0.085 | lr x1.000
step  23280 | loss 3.2059 | grad_norm 0.088 | lr x1.000
step  23300 | loss 3.2234 | grad_norm 0.093 | lr x1.000
step  23320 | loss 3.1992 | grad_norm 0.088 | lr x1.000
step  23340 | loss 3.1489 | grad_norm 0.091 | lr x1.000
step  23360 | loss 3.1644 | grad_norm 0.089 | lr x1.000
step  23380 | loss 3.2081 | grad_norm 0.093 | lr x1.000
step  23400 | loss 3.1734 | grad_norm 0.088 | lr x1.000
step  23420 | loss 3.2116 | grad_norm 0.089 | lr x1.000
step  23440 | loss 3.2179 | grad_norm 0.091 | lr x1.000
step  23460 | loss 3.2011 | grad_norm 0.088 | lr x1.000
step  23480 | loss 3.2154 | grad_norm 0.091 | lr x1.000
step  23500 | loss 3.2478 | grad_norm 0.089 | lr x1.000
           val loss 3.4789
step  23520 | loss 3.2509 | grad_norm 0.086 | lr x1.000
step  23540 | loss 3.2362 | grad_norm 0.085 | lr x1.000
step  23560 | loss 3.1574 | grad_norm 0.089 | lr x1.000
step  23580 | loss 3.1752 | grad_norm 0.090 | lr x1.000
step  23600 | loss 3.2533 | grad_norm 0.087 | lr x1.000
step  23620 | loss 3.1419 | grad_norm 0.084 | lr x1.000
step  23640 | loss 3.2132 | grad_norm 0.087 | lr x1.000
step  23660 | loss 3.2084 | grad_norm 0.087 | lr x1.000
step  23680 | loss 3.2669 | grad_norm 0.087 | lr x1.000
step  23700 | loss 3.2178 | grad_norm 0.086 | lr x1.000
step  23720 | loss 3.2418 | grad_norm 0.088 | lr x1.000
step  23740 | loss 3.1652 | grad_norm 0.087 | lr x1.000
           val loss 3.5234
step  23760 | loss 3.2100 | grad_norm 0.089 | lr x1.000
step  23780 | loss 3.2018 | grad_norm 0.086 | lr x1.000
step  23800 | loss 3.2104 | grad_norm 0.090 | lr x1.000
step  23820 | loss 3.2104 | grad_norm 0.089 | lr x1.000
step  23840 | loss 3.2056 | grad_norm 0.090 | lr x1.000
step  23860 | loss 3.1767 | grad_norm 0.087 | lr x1.000
step  23880 | loss 3.1553 | grad_norm 0.088 | lr x1.000
step  23900 | loss 3.2196 | grad_norm 0.093 | lr x1.000
step  23920 | loss 3.2202 | grad_norm 0.092 | lr x1.000
step  23940 | loss 3.1861 | grad_norm 0.091 | lr x1.000
step  23960 | loss 3.2209 | grad_norm 0.088 | lr x1.000
step  23980 | loss 3.2216 | grad_norm 0.087 | lr x1.000
step  24000 | loss 3.2446 | grad_norm 0.086 | lr x1.000
           val loss 3.5152
step  24020 | loss 3.2129 | grad_norm 0.088 | lr x1.000
step  24040 | loss 3.1951 | grad_norm 0.090 | lr x1.000
step  24060 | loss 3.2150 | grad_norm 0.082 | lr x1.000
step  24080 | loss 3.2296 | grad_norm 0.092 | lr x1.000
step  24100 | loss 3.1693 | grad_norm 0.089 | lr x1.000
step  24120 | loss 3.2526 | grad_norm 0.085 | lr x1.000
step  24140 | loss 3.2858 | grad_norm 0.087 | lr x1.000
step  24160 | loss 3.2016 | grad_norm 0.093 | lr x1.000
step  24180 | loss 3.2354 | grad_norm 0.090 | lr x1.000
step  24200 | loss 3.1433 | grad_norm 0.085 | lr x1.000
step  24220 | loss 3.2308 | grad_norm 0.088 | lr x1.000
step  24240 | loss 3.2315 | grad_norm 0.085 | lr x1.000
           val loss 3.5110
step  24260 | loss 3.2348 | grad_norm 0.083 | lr x1.000
step  24280 | loss 3.1893 | grad_norm 0.084 | lr x1.000
step  24300 | loss 3.1825 | grad_norm 0.087 | lr x1.000
step  24320 | loss 3.2839 | grad_norm 0.092 | lr x1.000
step  24340 | loss 3.2306 | grad_norm 0.090 | lr x1.000
step  24360 | loss 3.1928 | grad_norm 0.089 | lr x1.000
step  24380 | loss 3.2011 | grad_norm 0.083 | lr x1.000
step  24400 | loss 3.1955 | grad_norm 0.084 | lr x1.000
step  24420 | loss 3.1164 | grad_norm 0.086 | lr x1.000
step  24440 | loss 3.1910 | grad_norm 0.085 | lr x1.000
step  24460 | loss 3.2191 | grad_norm 0.089 | lr x1.000
step  24480 | loss 3.1665 | grad_norm 0.084 | lr x1.000
step  24500 | loss 3.2635 | grad_norm 0.093 | lr x1.000
           val loss 3.4876
step  24520 | loss 3.2046 | grad_norm 0.085 | lr x1.000
step  24540 | loss 3.2285 | grad_norm 0.081 | lr x1.000
step  24560 | loss 3.1713 | grad_norm 0.088 | lr x1.000
step  24580 | loss 3.1660 | grad_norm 0.085 | lr x1.000
step  24600 | loss 3.1881 | grad_norm 0.084 | lr x1.000
step  24620 | loss 3.1992 | grad_norm 0.087 | lr x1.000
step  24640 | loss 3.2159 | grad_norm 0.090 | lr x1.000
step  24660 | loss 3.1090 | grad_norm 0.088 | lr x1.000
step  24680 | loss 3.2493 | grad_norm 0.087 | lr x1.000
step  24700 | loss 3.1809 | grad_norm 0.090 | lr x1.000
step  24720 | loss 3.1653 | grad_norm 0.084 | lr x1.000
step  24740 | loss 3.1999 | grad_norm 0.084 | lr x1.000
           val loss 3.4724
step  24760 | loss 3.2306 | grad_norm 0.087 | lr x1.000
step  24780 | loss 3.2379 | grad_norm 0.088 | lr x1.000
step  24800 | loss 3.1910 | grad_norm 0.095 | lr x1.000
step  24820 | loss 3.1743 | grad_norm 0.085 | lr x1.000
step  24840 | loss 3.1942 | grad_norm 0.083 | lr x1.000
step  24860 | loss 3.1729 | grad_norm 0.083 | lr x1.000
step  24880 | loss 3.1780 | grad_norm 0.094 | lr x1.000
step  24900 | loss 3.2113 | grad_norm 0.085 | lr x1.000
step  24920 | loss 3.2037 | grad_norm 0.087 | lr x1.000
step  24940 | loss 3.2366 | grad_norm 0.088 | lr x1.000
step  24960 | loss 3.2100 | grad_norm 0.086 | lr x1.000
step  24980 | loss 3.1980 | grad_norm 0.086 | lr x1.000
step  25000 | loss 3.1084 | grad_norm 0.090 | lr x1.000
           val loss 3.5163
step  25020 | loss 3.1933 | grad_norm 0.086 | lr x1.000
step  25040 | loss 3.2344 | grad_norm 0.088 | lr x1.000
step  25060 | loss 3.2168 | grad_norm 0.089 | lr x1.000
step  25080 | loss 3.1827 | grad_norm 0.091 | lr x1.000
step  25100 | loss 3.2924 | grad_norm 0.085 | lr x1.000
step  25120 | loss 3.2207 | grad_norm 0.085 | lr x1.000
step  25140 | loss 3.1526 | grad_norm 0.084 | lr x1.000
step  25160 | loss 3.1738 | grad_norm 0.090 | lr x1.000
step  25180 | loss 3.1927 | grad_norm 0.082 | lr x1.000
step  25200 | loss 3.1857 | grad_norm 0.085 | lr x1.000
step  25220 | loss 3.1990 | grad_norm 0.087 | lr x1.000
step  25240 | loss 3.2118 | grad_norm 0.084 | lr x1.000
           val loss 3.4832
step  25260 | loss 3.2069 | grad_norm 0.087 | lr x1.000
step  25280 | loss 3.1988 | grad_norm 0.087 | lr x1.000
step  25300 | loss 3.1851 | grad_norm 0.087 | lr x1.000
step  25320 | loss 3.1986 | grad_norm 0.085 | lr x1.000
step  25340 | loss 3.3133 | grad_norm 0.083 | lr x1.000
step  25360 | loss 3.1415 | grad_norm 0.083 | lr x1.000
step  25380 | loss 3.1807 | grad_norm 0.093 | lr x1.000
step  25400 | loss 3.2294 | grad_norm 0.081 | lr x1.000
step  25420 | loss 3.1576 | grad_norm 0.087 | lr x1.000
step  25440 | loss 3.2288 | grad_norm 0.087 | lr x1.000
step  25460 | loss 3.2602 | grad_norm 0.086 | lr x1.000
step  25480 | loss 3.1928 | grad_norm 0.089 | lr x1.000
step  25500 | loss 3.2724 | grad_norm 0.086 | lr x1.000
           val loss 3.4864
step  25520 | loss 3.2130 | grad_norm 0.088 | lr x1.000
step  25540 | loss 3.1938 | grad_norm 0.086 | lr x1.000
step  25560 | loss 3.1889 | grad_norm 0.085 | lr x1.000
step  25580 | loss 3.2404 | grad_norm 0.089 | lr x1.000
step  25600 | loss 3.2000 | grad_norm 0.080 | lr x1.000
step  25620 | loss 3.1429 | grad_norm 0.084 | lr x1.000
step  25640 | loss 3.1924 | grad_norm 0.084 | lr x1.000
step  25660 | loss 3.1965 | grad_norm 0.085 | lr x1.000
step  25680 | loss 3.2323 | grad_norm 0.081 | lr x1.000
step  25700 | loss 3.1647 | grad_norm 0.082 | lr x1.000
step  25720 | loss 3.2244 | grad_norm 0.086 | lr x1.000
step  25740 | loss 3.1888 | grad_norm 0.084 | lr x1.000
           val loss 3.4949
step  25760 | loss 3.2593 | grad_norm 0.084 | lr x1.000
step  25780 | loss 3.1490 | grad_norm 0.085 | lr x1.000
step  25800 | loss 3.1306 | grad_norm 0.083 | lr x1.000
step  25820 | loss 3.1551 | grad_norm 0.088 | lr x1.000
step  25840 | loss 3.1884 | grad_norm 0.088 | lr x1.000
step  25860 | loss 3.2270 | grad_norm 0.083 | lr x1.000
step  25880 | loss 3.1736 | grad_norm 0.088 | lr x1.000
step  25900 | loss 3.0932 | grad_norm 0.085 | lr x1.000
step  25920 | loss 3.2097 | grad_norm 0.084 | lr x1.000
step  25940 | loss 3.2259 | grad_norm 0.087 | lr x1.000
step  25960 | loss 3.2173 | grad_norm 0.083 | lr x1.000
step  25980 | loss 3.1851 | grad_norm 0.083 | lr x1.000
step  26000 | loss 3.2136 | grad_norm 0.086 | lr x1.000
           val loss 3.5073
step  26020 | loss 3.1556 | grad_norm 0.089 | lr x1.000
step  26040 | loss 3.1919 | grad_norm 0.079 | lr x1.000
step  26060 | loss 3.1547 | grad_norm 0.086 | lr x1.000
step  26080 | loss 3.2010 | grad_norm 0.091 | lr x1.000
step  26100 | loss 3.2460 | grad_norm 0.086 | lr x1.000
step  26120 | loss 3.2303 | grad_norm 0.086 | lr x1.000
step  26140 | loss 3.1895 | grad_norm 0.091 | lr x1.000
step  26160 | loss 3.2003 | grad_norm 0.089 | lr x1.000
step  26180 | loss 3.2119 | grad_norm 0.078 | lr x1.000
step  26200 | loss 3.1930 | grad_norm 0.081 | lr x1.000
step  26220 | loss 3.1902 | grad_norm 0.081 | lr x1.000
step  26240 | loss 3.1810 | grad_norm 0.085 | lr x1.000
           val loss 3.4973
step  26260 | loss 3.2266 | grad_norm 0.093 | lr x1.000
step  26280 | loss 3.2227 | grad_norm 0.085 | lr x1.000
step  26300 | loss 3.1525 | grad_norm 0.084 | lr x1.000
step  26320 | loss 3.2337 | grad_norm 0.088 | lr x1.000
step  26340 | loss 3.1520 | grad_norm 0.084 | lr x1.000
step  26360 | loss 3.1593 | grad_norm 0.086 | lr x1.000
step  26380 | loss 3.1294 | grad_norm 0.081 | lr x1.000
step  26400 | loss 3.1629 | grad_norm 0.089 | lr x1.000
step  26420 | loss 3.2371 | grad_norm 0.083 | lr x1.000
step  26440 | loss 3.1824 | grad_norm 0.081 | lr x1.000
step  26460 | loss 3.2663 | grad_norm 0.088 | lr x1.000
step  26480 | loss 3.1739 | grad_norm 0.083 | lr x1.000
step  26500 | loss 3.2006 | grad_norm 0.083 | lr x1.000
           val loss 3.4966
step  26520 | loss 3.2205 | grad_norm 0.082 | lr x1.000
step  26540 | loss 3.1793 | grad_norm 0.086 | lr x1.000
step  26560 | loss 3.2010 | grad_norm 0.083 | lr x1.000
step  26580 | loss 3.2360 | grad_norm 0.093 | lr x1.000
step  26600 | loss 3.1964 | grad_norm 0.085 | lr x1.000
step  26620 | loss 3.2177 | grad_norm 0.083 | lr x1.000
step  26640 | loss 3.2394 | grad_norm 0.087 | lr x1.000
step  26660 | loss 3.1932 | grad_norm 0.083 | lr x1.000
step  26680 | loss 3.1219 | grad_norm 0.086 | lr x1.000
step  26700 | loss 3.2441 | grad_norm 0.086 | lr x1.000
step  26720 | loss 3.1936 | grad_norm 0.088 | lr x1.000
step  26740 | loss 3.1886 | grad_norm 0.087 | lr x1.000
           val loss 3.4881
step  26760 | loss 3.1811 | grad_norm 0.086 | lr x1.000
step  26780 | loss 3.1526 | grad_norm 0.084 | lr x1.000
step  26800 | loss 3.1889 | grad_norm 0.086 | lr x1.000
step  26820 | loss 3.1730 | grad_norm 0.087 | lr x1.000
step  26840 | loss 3.1971 | grad_norm 0.085 | lr x1.000
step  26860 | loss 3.2310 | grad_norm 0.086 | lr x1.000
step  26880 | loss 3.1801 | grad_norm 0.087 | lr x1.000
step  26900 | loss 3.1966 | grad_norm 0.085 | lr x1.000
step  26920 | loss 3.1743 | grad_norm 0.085 | lr x1.000
step  26940 | loss 3.2246 | grad_norm 0.085 | lr x1.000
step  26960 | loss 3.1481 | grad_norm 0.082 | lr x1.000
step  26980 | loss 3.2024 | grad_norm 0.088 | lr x1.000
step  27000 | loss 3.2837 | grad_norm 0.086 | lr x1.000
           val loss 3.4896
step  27020 | loss 3.2088 | grad_norm 0.089 | lr x1.000
step  27040 | loss 3.1927 | grad_norm 0.080 | lr x1.000
step  27060 | loss 3.2257 | grad_norm 0.085 | lr x1.000
step  27080 | loss 3.1759 | grad_norm 0.085 | lr x1.000
step  27100 | loss 3.1359 | grad_norm 0.085 | lr x1.000
step  27120 | loss 3.1290 | grad_norm 0.084 | lr x1.000
step  27140 | loss 3.1543 | grad_norm 0.083 | lr x1.000
step  27160 | loss 3.1919 | grad_norm 0.083 | lr x1.000
step  27180 | loss 3.2385 | grad_norm 0.087 | lr x1.000
step  27200 | loss 3.1603 | grad_norm 0.083 | lr x1.000
step  27220 | loss 3.1874 | grad_norm 0.087 | lr x1.000
step  27240 | loss 3.2250 | grad_norm 0.083 | lr x1.000
           val loss 3.4766
step  27260 | loss 3.2535 | grad_norm 0.080 | lr x1.000
step  27280 | loss 3.2077 | grad_norm 0.084 | lr x1.000
step  27300 | loss 3.1977 | grad_norm 0.082 | lr x1.000
step  27320 | loss 3.1579 | grad_norm 0.085 | lr x1.000
step  27340 | loss 3.2110 | grad_norm 0.086 | lr x1.000
step  27360 | loss 3.2166 | grad_norm 0.086 | lr x1.000
step  27380 | loss 3.2107 | grad_norm 0.087 | lr x1.000
step  27400 | loss 3.1781 | grad_norm 0.084 | lr x1.000
step  27420 | loss 3.1890 | grad_norm 0.082 | lr x1.000
step  27440 | loss 3.1332 | grad_norm 0.081 | lr x1.000
step  27460 | loss 3.1890 | grad_norm 0.082 | lr x1.000
step  27480 | loss 3.1790 | grad_norm 0.085 | lr x1.000
step  27500 | loss 3.2069 | grad_norm 0.085 | lr x1.000
           val loss 3.5002
step  27520 | loss 3.1830 | grad_norm 0.084 | lr x1.000
step  27540 | loss 3.2055 | grad_norm 0.088 | lr x1.000
step  27560 | loss 3.2287 | grad_norm 0.087 | lr x1.000
step  27580 | loss 3.1991 | grad_norm 0.084 | lr x1.000
step  27600 | loss 3.1989 | grad_norm 0.083 | lr x1.000
step  27620 | loss 3.1558 | grad_norm 0.082 | lr x1.000
step  27640 | loss 3.1973 | grad_norm 0.085 | lr x1.000
step  27660 | loss 3.1349 | grad_norm 0.087 | lr x1.000
step  27680 | loss 3.1925 | grad_norm 0.081 | lr x1.000
step  27700 | loss 3.1386 | grad_norm 0.086 | lr x1.000
step  27720 | loss 3.1755 | grad_norm 0.084 | lr x1.000
step  27740 | loss 3.2271 | grad_norm 0.085 | lr x1.000
           val loss 3.4874
step  27760 | loss 3.1947 | grad_norm 0.082 | lr x1.000
step  27780 | loss 3.1753 | grad_norm 0.083 | lr x1.000
step  27800 | loss 3.2227 | grad_norm 0.083 | lr x1.000
step  27820 | loss 3.1837 | grad_norm 0.083 | lr x1.000
step  27840 | loss 3.2189 | grad_norm 0.085 | lr x1.000
step  27860 | loss 3.1828 | grad_norm 0.084 | lr x1.000
step  27880 | loss 3.1997 | grad_norm 0.080 | lr x1.000
step  27900 | loss 3.1610 | grad_norm 0.085 | lr x1.000
step  27920 | loss 3.2123 | grad_norm 0.084 | lr x1.000
step  27940 | loss 3.1556 | grad_norm 0.081 | lr x1.000
step  27960 | loss 3.2236 | grad_norm 0.090 | lr x1.000
step  27980 | loss 3.2224 | grad_norm 0.084 | lr x1.000
step  28000 | loss 3.1838 | grad_norm 0.083 | lr x1.000
           val loss 3.5269
step  28020 | loss 3.1933 | grad_norm 0.089 | lr x1.000
step  28040 | loss 3.1905 | grad_norm 0.088 | lr x1.000
step  28060 | loss 3.2025 | grad_norm 0.093 | lr x1.000
step  28080 | loss 3.2261 | grad_norm 0.084 | lr x1.000
step  28100 | loss 3.2424 | grad_norm 0.080 | lr x1.000
step  28120 | loss 3.2381 | grad_norm 0.083 | lr x1.000
step  28140 | loss 3.1474 | grad_norm 0.084 | lr x1.000
step  28160 | loss 3.2372 | grad_norm 0.085 | lr x1.000
step  28180 | loss 3.1789 | grad_norm 0.082 | lr x1.000
step  28200 | loss 3.1576 | grad_norm 0.083 | lr x1.000
step  28220 | loss 3.1374 | grad_norm 0.086 | lr x1.000
step  28240 | loss 3.1729 | grad_norm 0.084 | lr x1.000
           val loss 3.5052
step  28260 | loss 3.2440 | grad_norm 0.085 | lr x1.000
step  28280 | loss 3.1886 | grad_norm 0.081 | lr x1.000
step  28300 | loss 3.1606 | grad_norm 0.080 | lr x1.000
step  28320 | loss 3.1279 | grad_norm 0.083 | lr x1.000
step  28340 | loss 3.1337 | grad_norm 0.084 | lr x1.000
step  28360 | loss 3.1870 | grad_norm 0.088 | lr x1.000
step  28380 | loss 3.1993 | grad_norm 0.083 | lr x1.000
step  28400 | loss 3.1600 | grad_norm 0.083 | lr x1.000
step  28420 | loss 3.1555 | grad_norm 0.085 | lr x1.000
step  28440 | loss 3.1225 | grad_norm 0.078 | lr x1.000
step  28460 | loss 3.1906 | grad_norm 0.086 | lr x1.000
step  28480 | loss 3.2343 | grad_norm 0.083 | lr x1.000
step  28500 | loss 3.1706 | grad_norm 0.085 | lr x1.000
           val loss 3.4943
step  28520 | loss 3.2222 | grad_norm 0.083 | lr x1.000
step  28540 | loss 3.1630 | grad_norm 0.087 | lr x1.000
step  28560 | loss 3.1581 | grad_norm 0.082 | lr x1.000
step  28580 | loss 3.2198 | grad_norm 0.087 | lr x1.000
step  28600 | loss 3.1487 | grad_norm 0.078 | lr x1.000
step  28620 | loss 3.2026 | grad_norm 0.081 | lr x1.000
step  28640 | loss 3.2135 | grad_norm 0.082 | lr x1.000
step  28660 | loss 3.1709 | grad_norm 0.085 | lr x1.000
step  28680 | loss 3.1514 | grad_norm 0.082 | lr x1.000
step  28700 | loss 3.1563 | grad_norm 0.088 | lr x1.000
step  28720 | loss 3.2041 | grad_norm 0.084 | lr x1.000
step  28740 | loss 3.2110 | grad_norm 0.084 | lr x1.000
           val loss 3.5019
step  28760 | loss 3.1469 | grad_norm 0.087 | lr x1.000
step  28780 | loss 3.1716 | grad_norm 0.082 | lr x1.000
step  28800 | loss 3.2205 | grad_norm 0.083 | lr x1.000
step  28820 | loss 3.1416 | grad_norm 0.082 | lr x1.000
step  28840 | loss 3.1867 | grad_norm 0.081 | lr x1.000
step  28860 | loss 3.2320 | grad_norm 0.081 | lr x1.000
step  28880 | loss 3.1592 | grad_norm 0.083 | lr x1.000
step  28900 | loss 3.1431 | grad_norm 0.082 | lr x1.000
step  28920 | loss 3.2289 | grad_norm 0.080 | lr x1.000
step  28940 | loss 3.1388 | grad_norm 0.085 | lr x1.000
step  28960 | loss 3.1733 | grad_norm 0.087 | lr x1.000
step  28980 | loss 3.1360 | grad_norm 0.084 | lr x1.000
step  29000 | loss 3.2126 | grad_norm 0.081 | lr x1.000
           val loss 3.4855
step  29020 | loss 3.1734 | grad_norm 0.082 | lr x1.000
step  29040 | loss 3.1561 | grad_norm 0.087 | lr x1.000
step  29060 | loss 3.1757 | grad_norm 0.081 | lr x1.000
step  29080 | loss 3.1620 | grad_norm 0.082 | lr x1.000
step  29100 | loss 3.1242 | grad_norm 0.090 | lr x1.000
step  29120 | loss 3.2329 | grad_norm 0.080 | lr x1.000
step  29140 | loss 3.1699 | grad_norm 0.082 | lr x1.000
step  29160 | loss 3.1507 | grad_norm 0.081 | lr x1.000
step  29180 | loss 3.1642 | grad_norm 0.086 | lr x1.000
step  29200 | loss 3.2141 | grad_norm 0.082 | lr x1.000
step  29220 | loss 3.1609 | grad_norm 0.082 | lr x1.000
step  29240 | loss 3.1466 | grad_norm 0.090 | lr x1.000
           val loss 3.4865
step  29260 | loss 3.1852 | grad_norm 0.086 | lr x1.000
step  29280 | loss 3.1920 | grad_norm 0.083 | lr x1.000
step  29300 | loss 3.2374 | grad_norm 0.081 | lr x1.000
step  29320 | loss 3.1634 | grad_norm 0.082 | lr x1.000
step  29340 | loss 3.1829 | grad_norm 0.079 | lr x1.000
step  29360 | loss 3.2386 | grad_norm 0.084 | lr x1.000
step  29380 | loss 3.2155 | grad_norm 0.083 | lr x1.000
step  29400 | loss 3.2031 | grad_norm 0.082 | lr x1.000
step  29420 | loss 3.1849 | grad_norm 0.081 | lr x1.000
step  29440 | loss 3.1225 | grad_norm 0.081 | lr x1.000
step  29460 | loss 3.1546 | grad_norm 0.083 | lr x1.000
step  29480 | loss 3.1482 | grad_norm 0.084 | lr x1.000
step  29500 | loss 3.2512 | grad_norm 0.081 | lr x1.000
           val loss 3.4853
step  29520 | loss 3.1675 | grad_norm 0.083 | lr x1.000
step  29540 | loss 3.1971 | grad_norm 0.081 | lr x1.000
step  29560 | loss 3.1620 | grad_norm 0.085 | lr x1.000
step  29580 | loss 3.2384 | grad_norm 0.085 | lr x1.000
step  29600 | loss 3.1998 | grad_norm 0.084 | lr x1.000
step  29620 | loss 3.2105 | grad_norm 0.087 | lr x1.000
step  29640 | loss 3.1821 | grad_norm 0.083 | lr x1.000
step  29660 | loss 3.1912 | grad_norm 0.080 | lr x1.000
step  29680 | loss 3.1963 | grad_norm 0.084 | lr x1.000
step  29700 | loss 3.1796 | grad_norm 0.080 | lr x1.000
step  29720 | loss 3.2456 | grad_norm 0.089 | lr x1.000
step  29740 | loss 3.2139 | grad_norm 0.080 | lr x1.000
           val loss 3.4644
step  29760 | loss 3.2079 | grad_norm 0.083 | lr x1.000
step  29780 | loss 3.1757 | grad_norm 0.087 | lr x1.000
step  29800 | loss 3.1979 | grad_norm 0.085 | lr x1.000
step  29820 | loss 3.1845 | grad_norm 0.078 | lr x1.000
step  29840 | loss 3.1936 | grad_norm 0.080 | lr x1.000
step  29860 | loss 3.1448 | grad_norm 0.080 | lr x1.000
step  29880 | loss 3.1233 | grad_norm 0.082 | lr x1.000
step  29900 | loss 3.2131 | grad_norm 0.084 | lr x1.000
step  29920 | loss 3.1896 | grad_norm 0.085 | lr x1.000
step  29940 | loss 3.1468 | grad_norm 0.085 | lr x1.000
step  29960 | loss 3.0971 | grad_norm 0.082 | lr x1.000
step  29980 | loss 3.1678 | grad_norm 0.084 | lr x1.000
step  30000 | loss 3.1891 | grad_norm 0.080 | lr x1.000
           val loss 3.4726
step  30020 | loss 3.1183 | grad_norm 0.082 | lr x1.000
step  30040 | loss 3.1651 | grad_norm 0.085 | lr x1.000
step  30060 | loss 3.2003 | grad_norm 0.083 | lr x1.000
step  30080 | loss 3.1763 | grad_norm 0.083 | lr x1.000
step  30100 | loss 3.2108 | grad_norm 0.081 | lr x1.000
step  30120 | loss 3.0962 | grad_norm 0.080 | lr x1.000
step  30140 | loss 3.1322 | grad_norm 0.083 | lr x1.000
step  30160 | loss 3.1195 | grad_norm 0.085 | lr x1.000
step  30180 | loss 3.2525 | grad_norm 0.082 | lr x1.000
step  30200 | loss 3.1781 | grad_norm 0.085 | lr x1.000
step  30220 | loss 3.2061 | grad_norm 0.084 | lr x1.000
step  30240 | loss 3.1558 | grad_norm 0.088 | lr x1.000
           val loss 3.4881
step  30260 | loss 3.2202 | grad_norm 0.082 | lr x1.000
step  30280 | loss 3.2137 | grad_norm 0.082 | lr x1.000
step  30300 | loss 3.2252 | grad_norm 0.083 | lr x1.000
step  30320 | loss 3.1537 | grad_norm 0.080 | lr x1.000
step  30340 | loss 3.1635 | grad_norm 0.081 | lr x1.000
step  30360 | loss 3.2053 | grad_norm 0.083 | lr x1.000
step  30380 | loss 3.1662 | grad_norm 0.083 | lr x1.000
step  30400 | loss 3.1931 | grad_norm 0.080 | lr x1.000
step  30420 | loss 3.1895 | grad_norm 0.083 | lr x1.000
step  30440 | loss 3.2019 | grad_norm 0.082 | lr x1.000
step  30460 | loss 3.2653 | grad_norm 0.081 | lr x1.000
step  30480 | loss 3.1753 | grad_norm 0.083 | lr x1.000
step  30500 | loss 3.2044 | grad_norm 0.091 | lr x1.000
           val loss 3.4708
step  30520 | loss 3.2571 | grad_norm 0.078 | lr x1.000
step  30540 | loss 3.1725 | grad_norm 0.078 | lr x1.000
step  30560 | loss 3.2283 | grad_norm 0.082 | lr x1.000
step  30580 | loss 3.2182 | grad_norm 0.081 | lr x1.000
step  30600 | loss 3.1885 | grad_norm 0.083 | lr x1.000
step  30620 | loss 3.1392 | grad_norm 0.085 | lr x1.000
step  30640 | loss 3.1642 | grad_norm 0.082 | lr x1.000
step  30660 | loss 3.2009 | grad_norm 0.080 | lr x1.000
step  30680 | loss 3.2763 | grad_norm 0.082 | lr x1.000
step  30700 | loss 3.1720 | grad_norm 0.081 | lr x1.000
step  30720 | loss 3.1735 | grad_norm 0.079 | lr x1.000
step  30740 | loss 3.1794 | grad_norm 0.082 | lr x1.000
           val loss 3.4783
step  30760 | loss 3.1766 | grad_norm 0.084 | lr x1.000
step  30780 | loss 3.2153 | grad_norm 0.082 | lr x1.000
step  30800 | loss 3.1190 | grad_norm 0.080 | lr x1.000
step  30820 | loss 3.1208 | grad_norm 0.085 | lr x1.000
step  30840 | loss 3.1599 | grad_norm 0.081 | lr x1.000
step  30860 | loss 3.1867 | grad_norm 0.082 | lr x1.000
step  30880 | loss 3.1995 | grad_norm 0.081 | lr x1.000
step  30900 | loss 3.1549 | grad_norm 0.085 | lr x1.000
step  30920 | loss 3.1623 | grad_norm 0.083 | lr x1.000
step  30940 | loss 3.2041 | grad_norm 0.084 | lr x1.000
step  30960 | loss 3.1964 | grad_norm 0.077 | lr x1.000
step  30980 | loss 3.2431 | grad_norm 0.078 | lr x1.000
step  31000 | loss 3.1680 | grad_norm 0.080 | lr x1.000
           val loss 3.4736
step  31020 | loss 3.2041 | grad_norm 0.090 | lr x1.000
step  31040 | loss 3.1976 | grad_norm 0.085 | lr x1.000
step  31060 | loss 3.1912 | grad_norm 0.080 | lr x1.000
step  31080 | loss 3.1372 | grad_norm 0.085 | lr x1.000
step  31100 | loss 3.1475 | grad_norm 0.080 | lr x1.000
step  31120 | loss 3.1770 | grad_norm 0.078 | lr x1.000
step  31140 | loss 3.2401 | grad_norm 0.083 | lr x1.000
step  31160 | loss 3.1560 | grad_norm 0.079 | lr x1.000
step  31180 | loss 3.2567 | grad_norm 0.082 | lr x1.000
step  31200 | loss 3.0907 | grad_norm 0.084 | lr x1.000
step  31220 | loss 3.1276 | grad_norm 0.081 | lr x1.000
step  31240 | loss 3.2029 | grad_norm 0.080 | lr x1.000
           val loss 3.4720
step  31260 | loss 3.2276 | grad_norm 0.083 | lr x1.000
step  31280 | loss 3.1838 | grad_norm 0.080 | lr x1.000
step  31300 | loss 3.2444 | grad_norm 0.082 | lr x1.000
step  31320 | loss 3.2223 | grad_norm 0.082 | lr x1.000
step  31340 | loss 3.1653 | grad_norm 0.079 | lr x1.000
step  31360 | loss 3.1272 | grad_norm 0.078 | lr x1.000
step  31380 | loss 3.2822 | grad_norm 0.085 | lr x1.000
step  31400 | loss 3.1471 | grad_norm 0.079 | lr x1.000
step  31420 | loss 3.1659 | grad_norm 0.079 | lr x1.000
step  31440 | loss 3.1879 | grad_norm 0.087 | lr x1.000
step  31460 | loss 3.1101 | grad_norm 0.084 | lr x1.000
step  31480 | loss 3.2033 | grad_norm 0.079 | lr x1.000
step  31500 | loss 3.1285 | grad_norm 0.078 | lr x1.000
           val loss 3.4630
step  31520 | loss 3.1885 | grad_norm 0.083 | lr x1.000
step  31540 | loss 3.1884 | grad_norm 0.082 | lr x1.000
step  31560 | loss 3.1607 | grad_norm 0.081 | lr x1.000
step  31580 | loss 3.1824 | grad_norm 0.079 | lr x1.000
step  31600 | loss 3.1675 | grad_norm 0.081 | lr x1.000
step  31620 | loss 3.1638 | grad_norm 0.079 | lr x1.000
step  31640 | loss 3.2075 | grad_norm 0.080 | lr x1.000
step  31660 | loss 3.2066 | grad_norm 0.076 | lr x1.000
step  31680 | loss 3.2196 | grad_norm 0.085 | lr x1.000
step  31700 | loss 3.1844 | grad_norm 0.083 | lr x1.000
step  31720 | loss 3.1841 | grad_norm 0.085 | lr x1.000
step  31740 | loss 3.1703 | grad_norm 0.081 | lr x1.000
           val loss 3.4846
step  31760 | loss 3.1798 | grad_norm 0.081 | lr x1.000
step  31780 | loss 3.1389 | grad_norm 0.077 | lr x1.000
step  31800 | loss 3.1671 | grad_norm 0.078 | lr x1.000
step  31820 | loss 3.1706 | grad_norm 0.079 | lr x1.000
step  31840 | loss 3.1960 | grad_norm 0.081 | lr x1.000
step  31860 | loss 3.1457 | grad_norm 0.079 | lr x1.000
step  31880 | loss 3.1671 | grad_norm 0.078 | lr x1.000
step  31900 | loss 3.2229 | grad_norm 0.082 | lr x1.000
step  31920 | loss 3.1726 | grad_norm 0.079 | lr x1.000
step  31940 | loss 3.1890 | grad_norm 0.080 | lr x1.000
step  31960 | loss 3.2264 | grad_norm 0.083 | lr x1.000
step  31980 | loss 3.1050 | grad_norm 0.081 | lr x1.000
step  32000 | loss 3.2172 | grad_norm 0.079 | lr x1.000
           val loss 3.4721
step  32020 | loss 3.1585 | grad_norm 0.079 | lr x1.000
step  32040 | loss 3.1917 | grad_norm 0.081 | lr x1.000
step  32060 | loss 3.0844 | grad_norm 0.078 | lr x1.000
step  32080 | loss 3.2137 | grad_norm 0.083 | lr x1.000
step  32100 | loss 3.1885 | grad_norm 0.082 | lr x1.000
step  32120 | loss 3.2005 | grad_norm 0.082 | lr x1.000
step  32140 | loss 3.1597 | grad_norm 0.088 | lr x1.000
step  32160 | loss 3.1695 | grad_norm 0.077 | lr x1.000
step  32180 | loss 3.1390 | grad_norm 0.081 | lr x1.000
step  32200 | loss 3.2120 | grad_norm 0.080 | lr x1.000
step  32220 | loss 3.2701 | grad_norm 0.084 | lr x1.000
step  32240 | loss 3.1617 | grad_norm 0.079 | lr x1.000
           val loss 3.5037
step  32260 | loss 3.1939 | grad_norm 0.082 | lr x1.000
step  32280 | loss 3.1269 | grad_norm 0.081 | lr x1.000
step  32300 | loss 3.1591 | grad_norm 0.083 | lr x1.000
step  32320 | loss 3.1757 | grad_norm 0.083 | lr x1.000
step  32340 | loss 3.1900 | grad_norm 0.077 | lr x1.000
step  32360 | loss 3.2088 | grad_norm 0.079 | lr x1.000
step  32380 | loss 3.1193 | grad_norm 0.083 | lr x1.000
step  32400 | loss 3.1800 | grad_norm 0.079 | lr x1.000
step  32420 | loss 3.2130 | grad_norm 0.075 | lr x1.000
step  32440 | loss 3.2033 | grad_norm 0.079 | lr x1.000
step  32460 | loss 3.1171 | grad_norm 0.085 | lr x1.000
step  32480 | loss 3.1714 | grad_norm 0.080 | lr x1.000
step  32500 | loss 3.2158 | grad_norm 0.081 | lr x1.000
           val loss 3.4846
step  32520 | loss 3.1800 | grad_norm 0.082 | lr x1.000
step  32540 | loss 3.1472 | grad_norm 0.084 | lr x1.000
step  32560 | loss 3.1683 | grad_norm 0.081 | lr x1.000
step  32580 | loss 3.1344 | grad_norm 0.079 | lr x1.000
step  32600 | loss 3.2015 | grad_norm 0.084 | lr x1.000
step  32620 | loss 3.2290 | grad_norm 0.079 | lr x1.000
step  32640 | loss 3.1272 | grad_norm 0.078 | lr x1.000
step  32660 | loss 3.1674 | grad_norm 0.080 | lr x1.000
step  32680 | loss 3.1546 | grad_norm 0.083 | lr x1.000
step  32700 | loss 3.1857 | grad_norm 0.080 | lr x1.000
step  32720 | loss 3.1563 | grad_norm 0.078 | lr x1.000
step  32740 | loss 3.1150 | grad_norm 0.085 | lr x1.000
           val loss 3.4968
step  32760 | loss 3.1637 | grad_norm 0.084 | lr x1.000
step  32780 | loss 3.2383 | grad_norm 0.081 | lr x1.000
step  32800 | loss 3.1777 | grad_norm 0.081 | lr x1.000
step  32820 | loss 3.1206 | grad_norm 0.081 | lr x1.000
step  32840 | loss 3.1495 | grad_norm 0.080 | lr x1.000
step  32860 | loss 3.1978 | grad_norm 0.081 | lr x1.000
step  32880 | loss 3.1885 | grad_norm 0.077 | lr x1.000
step  32900 | loss 3.2214 | grad_norm 0.079 | lr x1.000
step  32920 | loss 3.2483 | grad_norm 0.077 | lr x1.000
step  32940 | loss 3.1685 | grad_norm 0.077 | lr x1.000
step  32960 | loss 3.1746 | grad_norm 0.080 | lr x1.000
step  32980 | loss 3.1920 | grad_norm 0.079 | lr x1.000
step  33000 | loss 3.1900 | grad_norm 0.081 | lr x1.000
           val loss 3.4890
step  33020 | loss 3.1714 | grad_norm 0.083 | lr x1.000
step  33040 | loss 3.1310 | grad_norm 0.082 | lr x1.000
step  33060 | loss 3.2220 | grad_norm 0.080 | lr x1.000
step  33080 | loss 3.1991 | grad_norm 0.080 | lr x1.000
step  33100 | loss 3.1131 | grad_norm 0.082 | lr x1.000
step  33120 | loss 3.2299 | grad_norm 0.077 | lr x1.000
step  33140 | loss 3.2271 | grad_norm 0.078 | lr x1.000
step  33160 | loss 3.2096 | grad_norm 0.078 | lr x1.000
step  33180 | loss 3.1635 | grad_norm 0.081 | lr x1.000
step  33200 | loss 3.2297 | grad_norm 0.078 | lr x1.000
step  33220 | loss 3.1918 | grad_norm 0.080 | lr x1.000
step  33240 | loss 3.2047 | grad_norm 0.081 | lr x1.000
           val loss 3.4900
step  33260 | loss 3.2280 | grad_norm 0.083 | lr x1.000
step  33280 | loss 3.1285 | grad_norm 0.077 | lr x1.000
step  33300 | loss 3.1291 | grad_norm 0.079 | lr x1.000
step  33320 | loss 3.2569 | grad_norm 0.080 | lr x1.000
step  33340 | loss 3.1388 | grad_norm 0.080 | lr x1.000
step  33360 | loss 3.1020 | grad_norm 0.083 | lr x1.000
step  33380 | loss 3.1316 | grad_norm 0.083 | lr x1.000
step  33400 | loss 3.1274 | grad_norm 0.079 | lr x1.000
step  33420 | loss 3.1606 | grad_norm 0.077 | lr x1.000
step  33440 | loss 3.1825 | grad_norm 0.077 | lr x1.000
step  33460 | loss 3.2152 | grad_norm 0.079 | lr x1.000
step  33480 | loss 3.2053 | grad_norm 0.081 | lr x1.000
step  33500 | loss 3.2024 | grad_norm 0.080 | lr x1.000
           val loss 3.4980
step  33520 | loss 3.1864 | grad_norm 0.080 | lr x1.000
step  33540 | loss 3.1807 | grad_norm 0.077 | lr x1.000
step  33560 | loss 3.2385 | grad_norm 0.080 | lr x1.000
step  33580 | loss 3.2058 | grad_norm 0.084 | lr x1.000
step  33600 | loss 3.1902 | grad_norm 0.078 | lr x1.000
step  33620 | loss 3.1036 | grad_norm 0.077 | lr x1.000
step  33640 | loss 3.2016 | grad_norm 0.082 | lr x1.000
step  33660 | loss 3.1919 | grad_norm 0.077 | lr x1.000
step  33680 | loss 3.1864 | grad_norm 0.079 | lr x1.000
step  33700 | loss 3.2449 | grad_norm 0.083 | lr x1.000
step  33720 | loss 3.1409 | grad_norm 0.076 | lr x1.000
step  33740 | loss 3.1395 | grad_norm 0.080 | lr x1.000
           val loss 3.4816
step  33760 | loss 3.1176 | grad_norm 0.076 | lr x1.000
step  33780 | loss 3.1378 | grad_norm 0.082 | lr x1.000
step  33800 | loss 3.2076 | grad_norm 0.079 | lr x1.000
step  33820 | loss 3.1306 | grad_norm 0.080 | lr x1.000
step  33840 | loss 3.1609 | grad_norm 0.077 | lr x1.000
step  33860 | loss 3.1597 | grad_norm 0.080 | lr x1.000
step  33880 | loss 3.1300 | grad_norm 0.081 | lr x1.000
step  33900 | loss 3.1583 | grad_norm 0.080 | lr x1.000
step  33920 | loss 3.1240 | grad_norm 0.079 | lr x1.000
step  33940 | loss 3.2572 | grad_norm 0.084 | lr x1.000
step  33960 | loss 3.2025 | grad_norm 0.079 | lr x1.000
step  33980 | loss 3.1890 | grad_norm 0.078 | lr x1.000
step  34000 | loss 3.1636 | grad_norm 0.081 | lr x1.000
           val loss 3.5001
step  34020 | loss 3.1962 | grad_norm 0.079 | lr x1.000
step  34040 | loss 3.1440 | grad_norm 0.080 | lr x1.000
step  34060 | loss 3.1686 | grad_norm 0.077 | lr x1.000
step  34080 | loss 3.2081 | grad_norm 0.076 | lr x1.000
step  34100 | loss 3.1737 | grad_norm 0.079 | lr x1.000
step  34120 | loss 3.1049 | grad_norm 0.078 | lr x1.000
step  34140 | loss 3.1046 | grad_norm 0.079 | lr x1.000
step  34160 | loss 3.2099 | grad_norm 0.083 | lr x1.000
step  34180 | loss 3.2457 | grad_norm 0.078 | lr x1.000
step  34200 | loss 3.1845 | grad_norm 0.077 | lr x1.000
step  34220 | loss 3.2098 | grad_norm 0.079 | lr x1.000
step  34240 | loss 3.1341 | grad_norm 0.078 | lr x1.000
           val loss 3.4743
step  34260 | loss 3.1836 | grad_norm 0.083 | lr x1.000
step  34280 | loss 3.1750 | grad_norm 0.078 | lr x1.000
step  34300 | loss 3.1879 | grad_norm 0.081 | lr x1.000
step  34320 | loss 3.1759 | grad_norm 0.079 | lr x1.000
step  34340 | loss 3.1717 | grad_norm 0.082 | lr x1.000
step  34360 | loss 3.1876 | grad_norm 0.081 | lr x1.000
step  34380 | loss 3.2109 | grad_norm 0.082 | lr x1.000
step  34400 | loss 3.2012 | grad_norm 0.079 | lr x1.000
step  34420 | loss 3.1772 | grad_norm 0.080 | lr x1.000
step  34440 | loss 3.2174 | grad_norm 0.079 | lr x1.000
step  34460 | loss 3.1360 | grad_norm 0.080 | lr x1.000
step  34480 | loss 3.1254 | grad_norm 0.081 | lr x1.000
step  34500 | loss 3.2223 | grad_norm 0.079 | lr x1.000
           val loss 3.4889
step  34520 | loss 3.1444 | grad_norm 0.083 | lr x1.000
step  34540 | loss 3.2092 | grad_norm 0.076 | lr x1.000
step  34560 | loss 3.1269 | grad_norm 0.075 | lr x1.000
step  34580 | loss 3.1741 | grad_norm 0.080 | lr x1.000
step  34600 | loss 3.1838 | grad_norm 0.082 | lr x1.000
step  34620 | loss 3.2180 | grad_norm 0.078 | lr x1.000
step  34640 | loss 3.2054 | grad_norm 0.079 | lr x1.000
step  34660 | loss 3.1413 | grad_norm 0.081 | lr x1.000
step  34680 | loss 3.1737 | grad_norm 0.086 | lr x1.000
step  34700 | loss 3.2084 | grad_norm 0.079 | lr x1.000
step  34720 | loss 3.1922 | grad_norm 0.079 | lr x1.000
step  34740 | loss 3.1482 | grad_norm 0.077 | lr x1.000
           val loss 3.4707
step  34760 | loss 3.1726 | grad_norm 0.077 | lr x1.000
step  34780 | loss 3.1718 | grad_norm 0.082 | lr x1.000
step  34800 | loss 3.1474 | grad_norm 0.078 | lr x1.000
step  34820 | loss 3.1867 | grad_norm 0.078 | lr x1.000
step  34840 | loss 3.1239 | grad_norm 0.077 | lr x1.000
step  34860 | loss 3.2090 | grad_norm 0.079 | lr x1.000
step  34880 | loss 3.1539 | grad_norm 0.083 | lr x1.000
step  34900 | loss 3.1165 | grad_norm 0.078 | lr x1.000
step  34920 | loss 3.1541 | grad_norm 0.079 | lr x1.000
step  34940 | loss 3.1363 | grad_norm 0.078 | lr x1.000
step  34960 | loss 3.1699 | grad_norm 0.079 | lr x1.000
step  34980 | loss 3.1544 | grad_norm 0.075 | lr x1.000
step  35000 | loss 3.1885 | grad_norm 0.077 | lr x1.000
           val loss 3.4759
step  35020 | loss 3.1877 | grad_norm 0.076 | lr x1.000
step  35040 | loss 3.1752 | grad_norm 0.080 | lr x1.000
step  35060 | loss 3.0957 | grad_norm 0.083 | lr x1.000
step  35080 | loss 3.1719 | grad_norm 0.081 | lr x1.000
step  35100 | loss 3.1232 | grad_norm 0.079 | lr x1.000
step  35120 | loss 3.0977 | grad_norm 0.081 | lr x1.000
step  35140 | loss 3.1508 | grad_norm 0.078 | lr x1.000
step  35160 | loss 3.0991 | grad_norm 0.079 | lr x1.000
step  35180 | loss 3.2000 | grad_norm 0.080 | lr x1.000
step  35200 | loss 3.1394 | grad_norm 0.081 | lr x1.000
step  35220 | loss 3.1414 | grad_norm 0.080 | lr x1.000
step  35240 | loss 3.2257 | grad_norm 0.080 | lr x1.000
           val loss 3.4650
step  35260 | loss 3.1982 | grad_norm 0.078 | lr x1.000
step  35280 | loss 3.1554 | grad_norm 0.078 | lr x1.000
step  35300 | loss 3.2099 | grad_norm 0.084 | lr x1.000
step  35320 | loss 3.1328 | grad_norm 0.077 | lr x1.000
step  35340 | loss 3.1408 | grad_norm 0.077 | lr x1.000
step  35360 | loss 3.1638 | grad_norm 0.077 | lr x1.000
step  35380 | loss 3.1182 | grad_norm 0.078 | lr x1.000
step  35400 | loss 3.1688 | grad_norm 0.078 | lr x1.000
step  35420 | loss 3.1604 | grad_norm 0.081 | lr x1.000
step  35440 | loss 3.1581 | grad_norm 0.077 | lr x1.000
step  35460 | loss 3.1906 | grad_norm 0.080 | lr x1.000
step  35480 | loss 3.2258 | grad_norm 0.077 | lr x1.000
step  35500 | loss 3.1606 | grad_norm 0.079 | lr x1.000
           val loss 3.4465
step  35520 | loss 3.1761 | grad_norm 0.081 | lr x1.000
step  35540 | loss 3.2004 | grad_norm 0.076 | lr x1.000
step  35560 | loss 3.1447 | grad_norm 0.080 | lr x1.000
step  35580 | loss 3.1837 | grad_norm 0.076 | lr x1.000
step  35600 | loss 3.1926 | grad_norm 0.079 | lr x1.000
step  35620 | loss 3.1948 | grad_norm 0.080 | lr x1.000
step  35640 | loss 3.2143 | grad_norm 0.079 | lr x1.000
step  35660 | loss 3.1952 | grad_norm 0.077 | lr x1.000
step  35680 | loss 3.1447 | grad_norm 0.079 | lr x1.000
step  35700 | loss 3.1242 | grad_norm 0.083 | lr x1.000
step  35720 | loss 3.1908 | grad_norm 0.080 | lr x1.000
step  35740 | loss 3.2170 | grad_norm 0.080 | lr x1.000
           val loss 3.4845
step  35760 | loss 3.1780 | grad_norm 0.080 | lr x1.000
step  35780 | loss 3.1358 | grad_norm 0.079 | lr x1.000
step  35800 | loss 3.2256 | grad_norm 0.075 | lr x1.000
step  35820 | loss 3.1639 | grad_norm 0.081 | lr x1.000
step  35840 | loss 3.2282 | grad_norm 0.075 | lr x1.000
step  35860 | loss 3.1711 | grad_norm 0.078 | lr x1.000
step  35880 | loss 3.1855 | grad_norm 0.079 | lr x1.000
step  35900 | loss 3.1937 | grad_norm 0.077 | lr x1.000
step  35920 | loss 3.1687 | grad_norm 0.074 | lr x1.000
step  35940 | loss 3.1325 | grad_norm 0.079 | lr x1.000
step  35960 | loss 3.2313 | grad_norm 0.076 | lr x1.000
step  35980 | loss 3.1092 | grad_norm 0.078 | lr x1.000
step  36000 | loss 3.2078 | grad_norm 0.079 | lr x1.000
           val loss 3.4728
step  36020 | loss 3.1390 | grad_norm 0.080 | lr x1.000
step  36040 | loss 3.1096 | grad_norm 0.076 | lr x1.000
step  36060 | loss 3.2244 | grad_norm 0.078 | lr x1.000
step  36080 | loss 3.1681 | grad_norm 0.080 | lr x1.000
step  36100 | loss 3.1361 | grad_norm 0.079 | lr x1.000
step  36120 | loss 3.1635 | grad_norm 0.080 | lr x1.000
step  36140 | loss 3.1403 | grad_norm 0.078 | lr x1.000
step  36160 | loss 3.1966 | grad_norm 0.079 | lr x1.000
step  36180 | loss 3.1152 | grad_norm 0.081 | lr x1.000
step  36200 | loss 3.2097 | grad_norm 0.080 | lr x1.000
step  36220 | loss 3.0901 | grad_norm 0.079 | lr x1.000
step  36240 | loss 3.2030 | grad_norm 0.078 | lr x1.000
           val loss 3.4545
step  36260 | loss 3.2223 | grad_norm 0.079 | lr x1.000
step  36280 | loss 3.1879 | grad_norm 0.082 | lr x1.000
step  36300 | loss 3.1445 | grad_norm 0.079 | lr x1.000
step  36320 | loss 3.1103 | grad_norm 0.080 | lr x1.000
step  36340 | loss 3.2149 | grad_norm 0.078 | lr x1.000
step  36360 | loss 3.1553 | grad_norm 0.077 | lr x1.000
step  36380 | loss 3.2318 | grad_norm 0.078 | lr x1.000
step  36400 | loss 3.1766 | grad_norm 0.077 | lr x1.000
step  36420 | loss 3.1563 | grad_norm 0.075 | lr x1.000
step  36440 | loss 3.1831 | grad_norm 0.082 | lr x1.000
step  36460 | loss 3.1158 | grad_norm 0.076 | lr x1.000
step  36480 | loss 3.2693 | grad_norm 0.077 | lr x1.000
step  36500 | loss 3.2036 | grad_norm 0.079 | lr x1.000
           val loss 3.4652
step  36520 | loss 3.1826 | grad_norm 0.078 | lr x1.000
step  36540 | loss 3.1872 | grad_norm 0.086 | lr x1.000
step  36560 | loss 3.1503 | grad_norm 0.079 | lr x1.000
step  36580 | loss 3.1790 | grad_norm 0.077 | lr x1.000
step  36600 | loss 3.1645 | grad_norm 0.080 | lr x1.000
step  36620 | loss 3.1696 | grad_norm 0.077 | lr x1.000
step  36640 | loss 3.1600 | grad_norm 0.075 | lr x1.000
step  36660 | loss 3.1999 | grad_norm 0.079 | lr x1.000
step  36680 | loss 3.2349 | grad_norm 0.078 | lr x1.000
step  36700 | loss 3.1235 | grad_norm 0.077 | lr x1.000
step  36720 | loss 3.1408 | grad_norm 0.075 | lr x1.000
step  36740 | loss 3.2118 | grad_norm 0.075 | lr x1.000
           val loss 3.4850
step  36760 | loss 3.2117 | grad_norm 0.075 | lr x1.000
step  36780 | loss 3.2023 | grad_norm 0.080 | lr x1.000
step  36800 | loss 3.1549 | grad_norm 0.075 | lr x1.000
step  36820 | loss 3.2326 | grad_norm 0.077 | lr x1.000
step  36840 | loss 3.1648 | grad_norm 0.073 | lr x1.000
step  36860 | loss 3.1601 | grad_norm 0.078 | lr x1.000
step  36880 | loss 3.2360 | grad_norm 0.081 | lr x1.000
step  36900 | loss 3.1092 | grad_norm 0.081 | lr x1.000
step  36920 | loss 3.1339 | grad_norm 0.083 | lr x1.000
step  36940 | loss 3.2154 | grad_norm 0.077 | lr x1.000
step  36960 | loss 3.1469 | grad_norm 0.078 | lr x1.000
step  36980 | loss 3.1648 | grad_norm 0.079 | lr x1.000
step  37000 | loss 3.2049 | grad_norm 0.078 | lr x1.000
           val loss 3.4402
step  37020 | loss 3.1827 | grad_norm 0.079 | lr x1.000
step  37040 | loss 3.1932 | grad_norm 0.074 | lr x1.000
step  37060 | loss 3.1858 | grad_norm 0.079 | lr x1.000
step  37080 | loss 3.1721 | grad_norm 0.080 | lr x1.000
step  37100 | loss 3.1992 | grad_norm 0.076 | lr x1.000
step  37120 | loss 3.1543 | grad_norm 0.079 | lr x0.996
step  37140 | loss 3.1723 | grad_norm 0.076 | lr x0.992
step  37160 | loss 3.1023 | grad_norm 0.079 | lr x0.988
step  37180 | loss 3.1534 | grad_norm 0.077 | lr x0.983
step  37200 | loss 3.1683 | grad_norm 0.074 | lr x0.979
step  37220 | loss 3.1344 | grad_norm 0.077 | lr x0.974
step  37240 | loss 3.2150 | grad_norm 0.078 | lr x0.970
           val loss 3.4687
step  37260 | loss 3.1885 | grad_norm 0.076 | lr x0.966
step  37280 | loss 3.1702 | grad_norm 0.077 | lr x0.961
step  37300 | loss 3.1528 | grad_norm 0.078 | lr x0.957
step  37320 | loss 3.1737 | grad_norm 0.081 | lr x0.953
step  37340 | loss 3.1592 | grad_norm 0.075 | lr x0.948
step  37360 | loss 3.1954 | grad_norm 0.074 | lr x0.944
step  37380 | loss 3.1667 | grad_norm 0.076 | lr x0.940
step  37400 | loss 3.1924 | grad_norm 0.075 | lr x0.935
step  37420 | loss 3.2002 | grad_norm 0.075 | lr x0.931
step  37440 | loss 3.1496 | grad_norm 0.077 | lr x0.926
step  37460 | loss 3.1715 | grad_norm 0.076 | lr x0.922
step  37480 | loss 3.1370 | grad_norm 0.076 | lr x0.918
step  37500 | loss 3.1520 | grad_norm 0.074 | lr x0.913
           val loss 3.4689
step  37520 | loss 3.1950 | grad_norm 0.077 | lr x0.909
step  37540 | loss 3.2060 | grad_norm 0.080 | lr x0.905
step  37560 | loss 3.1695 | grad_norm 0.075 | lr x0.900
step  37580 | loss 3.1697 | grad_norm 0.074 | lr x0.896
step  37600 | loss 3.1213 | grad_norm 0.079 | lr x0.891
step  37620 | loss 3.2179 | grad_norm 0.075 | lr x0.887
step  37640 | loss 3.1443 | grad_norm 0.076 | lr x0.883
step  37660 | loss 3.1291 | grad_norm 0.076 | lr x0.878
step  37680 | loss 3.1346 | grad_norm 0.077 | lr x0.874
step  37700 | loss 3.1340 | grad_norm 0.078 | lr x0.870
step  37720 | loss 3.1558 | grad_norm 0.075 | lr x0.865
step  37740 | loss 3.1646 | grad_norm 0.078 | lr x0.861
           val loss 3.4322
step  37760 | loss 3.1344 | grad_norm 0.076 | lr x0.857
step  37780 | loss 3.1422 | grad_norm 0.076 | lr x0.852
step  37800 | loss 3.1449 | grad_norm 0.076 | lr x0.848
step  37820 | loss 3.1746 | grad_norm 0.074 | lr x0.843
step  37840 | loss 3.0868 | grad_norm 0.074 | lr x0.839
step  37860 | loss 3.1274 | grad_norm 0.076 | lr x0.835
step  37880 | loss 3.1391 | grad_norm 0.074 | lr x0.830
step  37900 | loss 3.1477 | grad_norm 0.077 | lr x0.826
step  37920 | loss 3.1005 | grad_norm 0.075 | lr x0.822
step  37940 | loss 3.1908 | grad_norm 0.074 | lr x0.817
step  37960 | loss 3.2298 | grad_norm 0.075 | lr x0.813
step  37980 | loss 3.2502 | grad_norm 0.077 | lr x0.809
step  38000 | loss 3.1595 | grad_norm 0.076 | lr x0.804
           val loss 3.4718
step  38020 | loss 3.2189 | grad_norm 0.078 | lr x0.800
step  38040 | loss 3.1408 | grad_norm 0.077 | lr x0.795
step  38060 | loss 3.1212 | grad_norm 0.077 | lr x0.791
step  38080 | loss 3.1940 | grad_norm 0.076 | lr x0.787
step  38100 | loss 3.1683 | grad_norm 0.075 | lr x0.782
step  38120 | loss 3.1587 | grad_norm 0.078 | lr x0.778
step  38140 | loss 3.1638 | grad_norm 0.078 | lr x0.774
step  38160 | loss 3.1435 | grad_norm 0.076 | lr x0.769
step  38180 | loss 3.1970 | grad_norm 0.073 | lr x0.765
step  38200 | loss 3.1488 | grad_norm 0.074 | lr x0.760
step  38220 | loss 3.1004 | grad_norm 0.077 | lr x0.756
step  38240 | loss 3.1009 | grad_norm 0.074 | lr x0.752
           val loss 3.4702
step  38260 | loss 3.1759 | grad_norm 0.075 | lr x0.747
step  38280 | loss 3.1414 | grad_norm 0.074 | lr x0.743
step  38300 | loss 3.1417 | grad_norm 0.077 | lr x0.739
step  38320 | loss 3.1702 | grad_norm 0.074 | lr x0.734
step  38340 | loss 3.1064 | grad_norm 0.076 | lr x0.730
step  38360 | loss 3.1226 | grad_norm 0.076 | lr x0.726
step  38380 | loss 3.1626 | grad_norm 0.076 | lr x0.721
step  38400 | loss 3.1365 | grad_norm 0.074 | lr x0.717
step  38420 | loss 3.1024 | grad_norm 0.075 | lr x0.712
step  38440 | loss 3.1265 | grad_norm 0.074 | lr x0.708
step  38460 | loss 3.1170 | grad_norm 0.074 | lr x0.704
step  38480 | loss 3.2076 | grad_norm 0.078 | lr x0.699
step  38500 | loss 3.2243 | grad_norm 0.075 | lr x0.695
           val loss 3.4578
step  38520 | loss 3.1341 | grad_norm 0.074 | lr x0.691
step  38540 | loss 3.1800 | grad_norm 0.074 | lr x0.686
step  38560 | loss 3.1247 | grad_norm 0.075 | lr x0.682
step  38580 | loss 3.1303 | grad_norm 0.074 | lr x0.678
step  38600 | loss 3.1672 | grad_norm 0.073 | lr x0.673
step  38620 | loss 3.1714 | grad_norm 0.076 | lr x0.669
step  38640 | loss 3.1682 | grad_norm 0.074 | lr x0.664
step  38660 | loss 3.1493 | grad_norm 0.074 | lr x0.660
step  38680 | loss 3.0919 | grad_norm 0.074 | lr x0.656
step  38700 | loss 3.1259 | grad_norm 0.076 | lr x0.651
step  38720 | loss 3.1524 | grad_norm 0.075 | lr x0.647
step  38740 | loss 3.0714 | grad_norm 0.076 | lr x0.643
           val loss 3.4604
step  38760 | loss 3.1576 | grad_norm 0.076 | lr x0.638
step  38780 | loss 3.1440 | grad_norm 0.073 | lr x0.634
step  38800 | loss 3.1719 | grad_norm 0.075 | lr x0.629
step  38820 | loss 3.1058 | grad_norm 0.075 | lr x0.625
step  38840 | loss 3.1699 | grad_norm 0.076 | lr x0.621
step  38860 | loss 3.1040 | grad_norm 0.074 | lr x0.616
step  38880 | loss 3.1221 | grad_norm 0.073 | lr x0.612
step  38900 | loss 3.2120 | grad_norm 0.075 | lr x0.608
step  38920 | loss 3.0840 | grad_norm 0.073 | lr x0.603
step  38940 | loss 3.1136 | grad_norm 0.073 | lr x0.599
step  38960 | loss 3.1310 | grad_norm 0.073 | lr x0.595
step  38980 | loss 3.1128 | grad_norm 0.075 | lr x0.590
step  39000 | loss 3.1526 | grad_norm 0.075 | lr x0.586
           val loss 3.4461
step  39020 | loss 3.1617 | grad_norm 0.076 | lr x0.581
step  39040 | loss 3.1774 | grad_norm 0.075 | lr x0.577
step  39060 | loss 3.1764 | grad_norm 0.076 | lr x0.573
step  39080 | loss 3.1280 | grad_norm 0.072 | lr x0.568
step  39100 | loss 3.1820 | grad_norm 0.072 | lr x0.564
step  39120 | loss 3.2168 | grad_norm 0.075 | lr x0.560
step  39140 | loss 3.1686 | grad_norm 0.074 | lr x0.555
step  39160 | loss 3.1678 | grad_norm 0.076 | lr x0.551
step  39180 | loss 3.1486 | grad_norm 0.075 | lr x0.547
step  39200 | loss 3.1769 | grad_norm 0.076 | lr x0.542
step  39220 | loss 3.0991 | grad_norm 0.073 | lr x0.538
step  39240 | loss 3.1124 | grad_norm 0.075 | lr x0.533
           val loss 3.4414
step  39260 | loss 3.1228 | grad_norm 0.074 | lr x0.529
step  39280 | loss 3.0966 | grad_norm 0.074 | lr x0.525
step  39300 | loss 3.1445 | grad_norm 0.075 | lr x0.520
step  39320 | loss 3.1180 | grad_norm 0.075 | lr x0.516
step  39340 | loss 3.1199 | grad_norm 0.075 | lr x0.512
step  39360 | loss 3.1298 | grad_norm 0.074 | lr x0.507
step  39380 | loss 3.0949 | grad_norm 0.073 | lr x0.503
step  39400 | loss 3.1162 | grad_norm 0.073 | lr x0.498
step  39420 | loss 3.1520 | grad_norm 0.075 | lr x0.494
step  39440 | loss 3.1603 | grad_norm 0.078 | lr x0.490
step  39460 | loss 3.1124 | grad_norm 0.073 | lr x0.485
step  39480 | loss 3.1464 | grad_norm 0.075 | lr x0.481
step  39500 | loss 3.1317 | grad_norm 0.075 | lr x0.477
           val loss 3.4619
step  39520 | loss 3.1195 | grad_norm 0.074 | lr x0.472
step  39540 | loss 3.1962 | grad_norm 0.073 | lr x0.468
step  39560 | loss 3.1014 | grad_norm 0.075 | lr x0.464
step  39580 | loss 3.1786 | grad_norm 0.075 | lr x0.459
step  39600 | loss 3.0953 | grad_norm 0.073 | lr x0.455
step  39620 | loss 3.1177 | grad_norm 0.074 | lr x0.450
step  39640 | loss 3.1463 | grad_norm 0.073 | lr x0.446
step  39660 | loss 3.1609 | grad_norm 0.074 | lr x0.442
step  39680 | loss 3.1822 | grad_norm 0.075 | lr x0.437
step  39700 | loss 3.1621 | grad_norm 0.074 | lr x0.433
step  39720 | loss 3.1075 | grad_norm 0.077 | lr x0.429
step  39740 | loss 3.1322 | grad_norm 0.073 | lr x0.424
           val loss 3.4615
step  39760 | loss 3.1023 | grad_norm 0.075 | lr x0.420
step  39780 | loss 3.2140 | grad_norm 0.075 | lr x0.416
step  39800 | loss 3.1722 | grad_norm 0.075 | lr x0.411
step  39820 | loss 3.1582 | grad_norm 0.074 | lr x0.407
step  39840 | loss 3.1369 | grad_norm 0.076 | lr x0.402
step  39860 | loss 3.1145 | grad_norm 0.075 | lr x0.398
step  39880 | loss 3.0994 | grad_norm 0.077 | lr x0.394
step  39900 | loss 3.1742 | grad_norm 0.074 | lr x0.389
step  39920 | loss 3.1215 | grad_norm 0.074 | lr x0.385
step  39940 | loss 3.1658 | grad_norm 0.072 | lr x0.381
step  39960 | loss 3.1368 | grad_norm 0.075 | lr x0.376
step  39980 | loss 3.0928 | grad_norm 0.076 | lr x0.372
step  40000 | loss 3.1592 | grad_norm 0.074 | lr x0.367
           val loss 3.4388
step  40020 | loss 3.1319 | grad_norm 0.072 | lr x0.363
step  40040 | loss 3.1377 | grad_norm 0.075 | lr x0.359
step  40060 | loss 3.1421 | grad_norm 0.074 | lr x0.354
step  40080 | loss 3.1375 | grad_norm 0.072 | lr x0.350
step  40100 | loss 3.1104 | grad_norm 0.074 | lr x0.346
step  40120 | loss 3.1226 | grad_norm 0.074 | lr x0.341
step  40140 | loss 3.0904 | grad_norm 0.074 | lr x0.337
step  40160 | loss 3.1349 | grad_norm 0.072 | lr x0.333
step  40180 | loss 3.1231 | grad_norm 0.077 | lr x0.328
step  40200 | loss 3.0733 | grad_norm 0.074 | lr x0.324
step  40220 | loss 3.0678 | grad_norm 0.073 | lr x0.319
step  40240 | loss 3.1420 | grad_norm 0.073 | lr x0.315
           val loss 3.4365
step  40260 | loss 3.1452 | grad_norm 0.076 | lr x0.311
step  40280 | loss 3.1292 | grad_norm 0.073 | lr x0.306
step  40300 | loss 3.0885 | grad_norm 0.073 | lr x0.302
step  40320 | loss 3.1467 | grad_norm 0.073 | lr x0.298
step  40340 | loss 3.1973 | grad_norm 0.075 | lr x0.293
step  40360 | loss 3.1011 | grad_norm 0.075 | lr x0.289
step  40380 | loss 3.1494 | grad_norm 0.075 | lr x0.284
step  40400 | loss 3.1670 | grad_norm 0.073 | lr x0.280
step  40420 | loss 3.0834 | grad_norm 0.073 | lr x0.276
step  40440 | loss 3.1495 | grad_norm 0.073 | lr x0.271
step  40460 | loss 3.1624 | grad_norm 0.073 | lr x0.267
step  40480 | loss 3.1270 | grad_norm 0.073 | lr x0.263
step  40500 | loss 3.2022 | grad_norm 0.074 | lr x0.258
           val loss 3.4441
step  40520 | loss 3.0573 | grad_norm 0.074 | lr x0.254
step  40540 | loss 3.0766 | grad_norm 0.073 | lr x0.250
step  40560 | loss 3.1230 | grad_norm 0.076 | lr x0.245
step  40580 | loss 3.1275 | grad_norm 0.073 | lr x0.241
step  40600 | loss 3.1059 | grad_norm 0.075 | lr x0.236
step  40620 | loss 3.0431 | grad_norm 0.072 | lr x0.232
step  40640 | loss 3.1370 | grad_norm 0.076 | lr x0.228
step  40660 | loss 3.1451 | grad_norm 0.073 | lr x0.223
step  40680 | loss 3.2501 | grad_norm 0.076 | lr x0.219
step  40700 | loss 3.1525 | grad_norm 0.074 | lr x0.215
step  40720 | loss 3.1479 | grad_norm 0.073 | lr x0.210
step  40740 | loss 3.1140 | grad_norm 0.073 | lr x0.206
           val loss 3.4423
step  40760 | loss 3.1136 | grad_norm 0.073 | lr x0.202
step  40780 | loss 3.1745 | grad_norm 0.071 | lr x0.197
step  40800 | loss 3.0764 | grad_norm 0.072 | lr x0.193
step  40820 | loss 3.0983 | grad_norm 0.074 | lr x0.188
step  40840 | loss 3.1465 | grad_norm 0.072 | lr x0.184
step  40860 | loss 3.1236 | grad_norm 0.073 | lr x0.180
step  40880 | loss 3.1424 | grad_norm 0.074 | lr x0.175
step  40900 | loss 3.1276 | grad_norm 0.073 | lr x0.171
step  40920 | loss 3.1671 | grad_norm 0.073 | lr x0.167
step  40940 | loss 3.0652 | grad_norm 0.071 | lr x0.162
step  40960 | loss 3.1108 | grad_norm 0.072 | lr x0.158
step  40980 | loss 3.1278 | grad_norm 0.072 | lr x0.153
step  41000 | loss 3.0959 | grad_norm 0.071 | lr x0.149
           val loss 3.4268
step  41020 | loss 3.1513 | grad_norm 0.072 | lr x0.145
step  41040 | loss 3.1923 | grad_norm 0.071 | lr x0.140
step  41060 | loss 3.0717 | grad_norm 0.072 | lr x0.136
step  41080 | loss 3.2094 | grad_norm 0.070 | lr x0.132
step  41100 | loss 3.1541 | grad_norm 0.074 | lr x0.127
step  41120 | loss 3.1887 | grad_norm 0.072 | lr x0.123
step  41140 | loss 3.0870 | grad_norm 0.072 | lr x0.119
step  41160 | loss 3.1151 | grad_norm 0.070 | lr x0.114
step  41180 | loss 3.1668 | grad_norm 0.074 | lr x0.110
step  41200 | loss 3.0754 | grad_norm 0.072 | lr x0.105
step  41220 | loss 3.1030 | grad_norm 0.071 | lr x0.101
Done.
[W728 02:28:26.531539711 AllocatorConfig.cpp:28] Warning: PYTORCH_CUDA_ALLOC_CONF is deprecated, use PYTORCH_ALLOC_CONF instead (function operator())
